"","","Channel","Watch time","Stream time","Peak viewers","Average viewers","Followers","Followers gained","Views gained","Partnered","Mature","Language",""
"https://static-cdn.jtvnw.net/jtv_user_pictures/a5870b84-45e2-4b8e-8430-5fa03aa11696-profile_image-150x150.jpg?imenable=1&impolicy=user-profile-picture&imwidth=100","54501","crxrudy","0","15","0","0","1142","0","0","false","true","English","crxrudy"
"https://static-cdn.jtvnw.net/jtv_user_pictures/5abf1319-442e-4ca1-9449-0115b584db46-profile_image-150x150.png?imenable=1&impolicy=user-profile-picture&imwidth=100","54502","elKeko","210","105","3","1","1142","1","37","false","false","Spanish","elKeko"
"https://static-cdn.jtvnw.net/jtv_user_pictures/18211a0a-d927-4b99-a190-d9aeb15dd59b-profile_image-150x150.png?imenable=1&impolicy=user-profile-picture&imwidth=100","54503","cyaaan_","6450","2520","12","2","1142","26","463","false","false","Portuguese","cyaaan_"
"https://static-cdn.jtvnw.net/jtv_user_pictures/bba03793-13de-4874-8666-a53c200044e1-profile_image-150x150.jpeg?imenable=1&impolicy=user-profile-picture&imwidth=100","54504","blackwai","1005","2640","3","0","1142","5","81","false","false","Chinese","blackwai"
"https://static-cdn.jtvnw.net/jtv_user_pictures/ade3645e-c7f6-4145-a928-64ace2d98446-profile_image-150x150.png?imenable=1&impolicy=user-profile-picture&imwidth=100","54505","YanoNick","990","345","5","2","1142","2","2","false","false","English","YanoNick"
"https://static-cdn.jtvnw.net/jtv_user_pictures/f765a2f6-40b2-425c-b043-438744dde055-profile_image-150x150.png?imenable=1&impolicy=user-profile-picture&imwidth=100","54506","Teutron","34650","945","66","36","1142","260","610","false","false","English","Teutron"
"https://static-cdn.jtvnw.net/jtv_user_pictures/10d95f05-bdea-43fe-af03-0b2b94c2c71e-profile_image-150x150.jpg?imenable=1&impolicy=user-profile-picture&imwidth=100","54507","DragoPrime","60180","12240","14","4","1142","82","1507","false","true","Portuguese","DragoPrime"
"https://static-cdn.jtvnw.net/jtv_user_pictures/theakum-profile_image-fa86d87bd01c3f4f-150x150.jpeg?imenable=1&impolicy=user-profile-picture&imwidth=100","54508","theakum","45","105","1","0","1142","0","0","false","false","French","theakum"
"https://static-cdn.jtvnw.net/jtv_user_pictures/cs_kak_tak_go-profile_image-0c7e293a82cf2bc8-150x150.jpeg?imenable=1&impolicy=user-profile-picture&imwidth=100","54509","cs_kak_tak_go","91410","2955","1686","30","1142","272","1047","false","false","","cs_kak_tak_go"
"https://static-cdn.jtvnw.net/jtv_user_pictures/c0001f6a-4b54-44f8-aabb-891c79464f0b-profile_image-150x150.png?imenable=1&impolicy=user-profile-picture&imwidth=100","54510","DionTwitch","1575","915","3","1","1142","0","3","false","true","English","DionTwitch"
"https://static-cdn.jtvnw.net/jtv_user_pictures/tonyjaabreaker-profile_image-a88f5a618c20931e-150x150.png?imenable=1&impolicy=user-profile-picture&imwidth=100","54511","Tonyjaabreaker","1665","330","9","4","1142","10","12","false","false","English","Tonyjaabreaker"
"https://static-cdn.jtvnw.net/jtv_user_pictures/bf691141-83fc-4f2f-a6c0-9af62b00a463-profile_image-150x150.png?imenable=1&impolicy=user-profile-picture&imwidth=100","54512","Junglist_v","75","75","1","1","1142","0","0","false","false","Portuguese","Junglist_v"
"https://static-cdn.jtvnw.net/jtv_user_pictures/0e9f76f2-f5df-4f24-b141-254cf1ff059d-profile_image-150x150.png?imenable=1&impolicy=user-profile-picture&imwidth=100","54513","UnstoppableBoss","14085","4650","17","2","1142","51","281","false","false","English","UnstoppableBoss"
"https://static-cdn.jtvnw.net/jtv_user_pictures/arkvash-profile_image-0a2fb6e2e83ae6b6-150x150.jpeg?imenable=1&impolicy=user-profile-picture&imwidth=100","54514","Arkvash","222825","8790","199","24","1142","189","658","false","false","English","Arkvash"
"https://static-cdn.jtvnw.net/jtv_user_pictures/ketracelttv-profile_image-f115ff8e76192957-150x150.jpeg?imenable=1&impolicy=user-profile-picture&imwidth=100","54515","ketracelttv","30","15","2","2","1142","0","0","false","true","English","ketracelttv"
"https://static-cdn.jtvnw.net/jtv_user_pictures/638a5cdb-7d62-4dd6-bc50-2747d69198a4-profile_image-150x150.jpeg?imenable=1&impolicy=user-profile-picture&imwidth=100","54516","GreaterThanGames","14640","150","111","97","1142","8","100","false","false","English","GreaterThanGames"
"https://static-cdn.jtvnw.net/jtv_user_pictures/b68e89220e8ca95f-profile_image-150x150.png?imenable=1&impolicy=user-profile-picture&imwidth=100","54517","captainmoregame","330","210","3","1","1142","-9","0","false","true","English","captainmoregame"
"https://static-cdn.jtvnw.net/jtv_user_pictures/0bea2651-19b3-48d4-af28-1d61ab8757a6-profile_image-150x150.png?imenable=1&impolicy=user-profile-picture&imwidth=100","54518","Getz31","5130","1620","19","2","1142","5","84","false","true","French","Getz31"
"https://static-cdn.jtvnw.net/jtv_user_pictures/180c5d2b-698b-4668-b00a-553de8617350-profile_image-150x150.png?imenable=1&impolicy=user-profile-picture&imwidth=100","54519","illydexx","1560","2010","3","0","1142","10","71","false","true","English","illydexx"
"https://static-cdn.jtvnw.net/jtv_user_pictures/banankossan-profile_image-382ae0ed53ad8f6f-150x150.png?imenable=1&impolicy=user-profile-picture&imwidth=100","54520","Banankossan","8925","585","54","14","1142","22","129","false","true","Swedish","Banankossan"
"https://static-cdn.jtvnw.net/jtv_user_pictures/4140e491-59fd-4dbb-b94e-75f1f9dad5ff-profile_image-150x150.jpg?imenable=1&impolicy=user-profile-picture&imwidth=100","54521","Samman009","2625","990","7","2","1142","0","8","false","true","English","Samman009"
"https://static-cdn.jtvnw.net/jtv_user_pictures/lordulricgaming-profile_image-d6f3307cc93309f0-150x150.jpeg?imenable=1&impolicy=user-profile-picture&imwidth=100","54522","LordUlricGaming","26205","9855","49","2","1142","51","1132","false","false","English","LordUlricGaming"
"https://static-cdn.jtvnw.net/jtv_user_pictures/hiddenleafhero-profile_image-81e7620e0f709212-150x150.jpeg?imenable=1&impolicy=user-profile-picture&imwidth=100","54523","HiddenLeafHero","105","315","3","0","1142","1","0","false","false","English","HiddenLeafHero"
"https://static-cdn.jtvnw.net/jtv_user_pictures/nkr101-profile_image-05fcad245e08ff00-150x150.png?imenable=1&impolicy=user-profile-picture&imwidth=100","54524","nkr101","1110","510","6","1","1142","-13","37","false","false","English","nkr101"
"https://static-cdn.jtvnw.net/jtv_user_pictures/337c41266f52b706-profile_image-150x150.png?imenable=1&impolicy=user-profile-picture&imwidth=100","54525","Zeitfresser","3945","870","12","4","1142","-9","96","false","true","German","Zeitfresser"
"https://static-cdn.jtvnw.net/jtv_user_pictures/74c046ac-e485-493d-abb3-3af7b2b8828c-profile_image-150x150.png?imenable=1&impolicy=user-profile-picture&imwidth=100","54526","ProfaneArtillery","17145","4740","11","3","1142","8","182","false","true","English","ProfaneArtillery"
"https://static-cdn.jtvnw.net/jtv_user_pictures/135eec9f-9ece-4ec2-9911-a94579d86c83-profile_image-150x150.png?imenable=1&impolicy=user-profile-picture&imwidth=100","54527","ANONYMOUSXXL","80490","8505","33","8","1142","87","1131","false","true","German","ANONYMOUSXXL"
"https://static-cdn.jtvnw.net/jtv_user_pictures/62af4813ab4d87ee-profile_image-150x150.png?imenable=1&impolicy=user-profile-picture&imwidth=100","54528","Ekliptor129","2415","930","8","2","1142","5","64","false","false","French","Ekliptor129"
"https://static-cdn.jtvnw.net/jtv_user_pictures/harvester-profile_image-982b1ce7a5526ce8-150x150.jpeg?imenable=1&impolicy=user-profile-picture&imwidth=100","54529","Harvester","31875","1365","63","22","1142","10","277","false","true","English","Harvester"
"https://static-cdn.jtvnw.net/jtv_user_pictures/0eef1c5b-7746-4680-970a-3c5a1f5e83dc-profile_image-150x150.png?imenable=1&impolicy=user-profile-picture&imwidth=100","54530","TM1NUS","12810","2880","74","4","1142","26","70","false","true","English","TM1NUS"
"https://static-cdn.jtvnw.net/jtv_user_pictures/0c37489d-a7fc-4741-9d27-6e29c39da504-profile_image-150x150.png?imenable=1&impolicy=user-profile-picture&imwidth=100","54531","TheNumbLock","8205","3810","8","1","1142","-2","64","false","true","English","TheNumbLock"
"https://static-cdn.jtvnw.net/jtv_user_pictures/0c74fff3-085e-4ed4-84b3-df2170857f83-profile_image-150x150.png?imenable=1&impolicy=user-profile-picture&imwidth=100","54532","C0NNY","121995","7560","45","15","1142","161","526","false","true","English","C0NNY"
"https://static-cdn.jtvnw.net/user-default-pictures/b83b1794-7df9-4878-916c-88c2ad2e4f9f-profile_image-150x150.jpg?imenable=1&impolicy=user-profile-picture&imwidth=100","54533","WristFlicks","0","15","0","0","1141","0","0","false","false","English","WristFlicks"
"https://static-cdn.jtvnw.net/jtv_user_pictures/86cafe71-9acd-4c5b-98a7-5eda9ecee1cf-profile_image-150x150.png?imenable=1&impolicy=user-profile-picture&imwidth=100","54534","Meeanmachiine","0","15","0","0","1141","0","0","false","true","German","Meeanmachiine"
"https://static-cdn.jtvnw.net/jtv_user_pictures/3e241011-c630-4a3b-99df-ebdc60272069-profile_image-150x150.png?imenable=1&impolicy=user-profile-picture&imwidth=100","54535","ShootaFenger","1800","405","10","3","1141","23","8","false","false","Danish","ShootaFenger"
"https://static-cdn.jtvnw.net/jtv_user_pictures/6fb87eef-6e1b-4813-abca-49ace4e19c6d-profile_image-150x150.png?imenable=1&impolicy=user-profile-picture&imwidth=100","54536","JonnyOThan","2235","1470","5","1","1141","5","48","false","false","English","JonnyOThan"
"https://static-cdn.jtvnw.net/user-default-pictures/27103734-3cda-44d6-a384-f2ab71e4bb85-profile_image-150x150.jpg?imenable=1&impolicy=user-profile-picture&imwidth=100","54537","Aztemp","285","555","3","0","1141","11","2","false","false","English","Aztemp"
"https://static-cdn.jtvnw.net/jtv_user_pictures/e1af320c-4dea-4684-bc4d-f3eefc1d7c7f-profile_image-150x150.png?imenable=1&impolicy=user-profile-picture&imwidth=100","54538","cmogrind313","21720","11190","33","1","1141","73","81","false","true","English","cmogrind313"
"https://static-cdn.jtvnw.net/jtv_user_pictures/snaketw-profile_image-e82ce1bd879939b0-150x150.jpeg?imenable=1&impolicy=user-profile-picture&imwidth=100","54539","Snaketw","17805","990","26","17","1141","-6","102","false","false","Chinese","Snaketw"
"https://static-cdn.jtvnw.net/jtv_user_pictures/c08296ee-084c-44de-b255-055367b6f9dc-profile_image-150x150.png?imenable=1&impolicy=user-profile-picture&imwidth=100","54540","VexXGaming","45","15","3","3","1141","0","0","true","true","English","VexXGaming"
"https://static-cdn.jtvnw.net/jtv_user_pictures/70aa661e-6f97-47ce-acc6-b11be1234b41-profile_image-150x150.png?imenable=1&impolicy=user-profile-picture&imwidth=100","54541","TeamJugs","390","510","2","0","1141","4","42","false","true","English","TeamJugs"
"https://static-cdn.jtvnw.net/jtv_user_pictures/timnuramspielen-profile_image-67e5f6b92f59aafe-150x150.png?imenable=1&impolicy=user-profile-picture&imwidth=100","54542","Timnuramspielen","105","90","3","0","1141","0","2","false","false","German","Timnuramspielen"
"https://static-cdn.jtvnw.net/user-default-pictures-uv/dbdc9198-def8-11e9-8681-784f43822e80-profile_image-150x150.png?imenable=1&impolicy=user-profile-picture&imwidth=100","54543","xXDennis010Xx","180","75","4","2","1141","-2","3","false","false","Dutch","xXDennis010Xx"
"https://static-cdn.jtvnw.net/jtv_user_pictures/0ff34311-3c1f-4d35-a845-1b2d165ca996-profile_image-150x150.png?imenable=1&impolicy=user-profile-picture&imwidth=100","54544","it8j18","171465","18045","107","8","1141","234","1697","false","true","French","it8j18"
"https://static-cdn.jtvnw.net/jtv_user_pictures/heskox1-profile_image-1c6e8e36ac32a2c0-150x150.jpeg?imenable=1&impolicy=user-profile-picture&imwidth=100","54545","Heskox1","195","30","9","6","1141","3","11","false","true","English","Heskox1"
"https://static-cdn.jtvnw.net/jtv_user_pictures/d13a96586d45530c-profile_image-150x150.jpeg?imenable=1&impolicy=user-profile-picture&imwidth=100","54546","CarusAustralis","7725","1920","12","3","1141","27","29","false","true","English","CarusAustralis"
"https://static-cdn.jtvnw.net/jtv_user_pictures/00bd28dc-94ad-4b2d-99e1-4f6fdd57a488-profile_image-150x150.png?imenable=1&impolicy=user-profile-picture&imwidth=100","54547","istrategicc","5715","2445","13","1","1141","15","84","false","true","English","istrategicc"
"https://static-cdn.jtvnw.net/jtv_user_pictures/7b9355ac-809a-44b5-8d4f-05b8d827913b-profile_image-150x150.jpg?imenable=1&impolicy=user-profile-picture&imwidth=100","54548","sewart","45","15","3","3","1141","0","0","false","true","English","sewart"
"https://static-cdn.jtvnw.net/jtv_user_pictures/cd5c9b1d-fba6-4bbb-9159-45146dfd2dae-profile_image-150x150.png?imenable=1&impolicy=user-profile-picture&imwidth=100","54549","rynku","18285","1785","61","9","1141","17","123","false","true","English","rynku"
"https://static-cdn.jtvnw.net/jtv_user_pictures/akiteru-profile_image-4505b5698f7c5d3f-150x150.png?imenable=1&impolicy=user-profile-picture&imwidth=100","54550","Akiteru","1155","300","9","3","1141","4","29","false","true","English","Akiteru"
"https://static-cdn.jtvnw.net/jtv_user_pictures/moxillaq-profile_image-5fa425bbe68fb9f8-150x150.jpeg?imenable=1&impolicy=user-profile-picture&imwidth=100","54551","moxillaq","37290","1815","44","19","1141","58","352","false","false","English","moxillaq"
"https://static-cdn.jtvnw.net/jtv_user_pictures/flynn123_-profile_image-76aed6cf70bee011-150x150.jpeg?imenable=1&impolicy=user-profile-picture&imwidth=100","54552","Flynn123_","24900","990","52","25","1141","23","154","false","true","English","Flynn123_"
"https://static-cdn.jtvnw.net/jtv_user_pictures/delphi-profile_image-4dad92f7594f3700-150x150.jpeg?imenable=1&impolicy=user-profile-picture&imwidth=100","54553","delphi","3405","465","13","6","1141","3","15","false","true","English","delphi"
"https://static-cdn.jtvnw.net/jtv_user_pictures/blackshadow89-profile_image-c6c5ae75078a168a-150x150.jpeg?imenable=1&impolicy=user-profile-picture&imwidth=100","54554","BlackShadow89","76800","13785","61","5","1141","12","1110","false","true","German","BlackShadow89"
"https://static-cdn.jtvnw.net/jtv_user_pictures/7dbb16dc7a0fbed5-profile_image-150x150.jpeg?imenable=1&impolicy=user-profile-picture&imwidth=100","54555","StriHiryu","64095","5880","21","10","1141","22","381","false","false","English","StriHiryu"
"https://static-cdn.jtvnw.net/jtv_user_pictures/ea79b7a0-95ee-435a-b577-e3a7b9679624-profile_image-150x150.png?imenable=1&impolicy=user-profile-picture&imwidth=100","54556","GamersPlatform","9480","4290","8","1","1141","14","79","false","true","English","GamersPlatform"
"https://static-cdn.jtvnw.net/jtv_user_pictures/adkgamers-profile_image-71d8cad191676be0-150x150.png?imenable=1&impolicy=user-profile-picture&imwidth=100","54557","ADKGamers","1695","630","5","2","1141","9","66","false","true","English","ADKGamers"
"https://static-cdn.jtvnw.net/jtv_user_pictures/b95ed221-bd86-426b-a6a9-fc11edccc1e2-profile_image-150x150.png?imenable=1&impolicy=user-profile-picture&imwidth=100","54558","THEVANGERS","5145","1065","19","4","1141","1","150","false","false","French","THEVANGERS"
"https://static-cdn.jtvnw.net/jtv_user_pictures/tempfail-profile_image-7eb61a5fb6a1e78e-150x150.jpeg?imenable=1&impolicy=user-profile-picture&imwidth=100","54559","tempfail","22650","10155","10","1","1141","21","201","false","false","English","tempfail"
"https://static-cdn.jtvnw.net/jtv_user_pictures/d2a8e1d6-e2b3-4e12-bac4-63c77747e5af-profile_image-150x150.png?imenable=1&impolicy=user-profile-picture&imwidth=100","54560","KloudEnigma","22320","8730","8","2","1141","13","130","false","true","English","KloudEnigma"
"https://static-cdn.jtvnw.net/jtv_user_pictures/atertv-profile_image-58b2176f0199ff90-150x150.png?imenable=1&impolicy=user-profile-picture&imwidth=100","54561","AterTV","5835","870","26","6","1141","5","138","false","false","English","AterTV"
"https://static-cdn.jtvnw.net/jtv_user_pictures/theshredzus-profile_image-eb53a65d4e1bd3e8-150x150.jpeg?imenable=1&impolicy=user-profile-picture&imwidth=100","54562","TheShredzUs","26280","615","86","42","1140","68","18","false","false","","TheShredzUs"
"https://static-cdn.jtvnw.net/jtv_user_pictures/jackban69-profile_image-5f582a9d019ba66e-150x150.png?imenable=1&impolicy=user-profile-picture&imwidth=100","54563","JackBan69","60","30","3","2","1140","0","0","false","true","Russian","JackBan69"
"https://static-cdn.jtvnw.net/jtv_user_pictures/eb223150-045c-4758-8679-e87674285e45-profile_image-150x150.png?imenable=1&impolicy=user-profile-picture&imwidth=100","54564","wrnkk","0","15","0","0","1140","0","0","false","true","Italian","wrnkk"
"https://static-cdn.jtvnw.net/jtv_user_pictures/60776c63-7766-486c-8871-e931bbb45156-profile_image-150x150.png?imenable=1&impolicy=user-profile-picture&imwidth=100","54565","Dragolina","330","120","4","2","1140","0","2","false","false","German","Dragolina"
"https://static-cdn.jtvnw.net/jtv_user_pictures/849afc71-3824-410b-acf6-35b44bf2d490-profile_image-150x150.jpg?imenable=1&impolicy=user-profile-picture&imwidth=100","54566","googlemyfears","8670","165","99","52","1140","10","2","false","false","English","googlemyfears"
"https://static-cdn.jtvnw.net/jtv_user_pictures/67088eec-b1b0-4302-a837-74b981680cbd-profile_image-150x150.png?imenable=1&impolicy=user-profile-picture&imwidth=100","54567","Melisserr","1800","615","9","2","1140","18","17","false","true","English","Melisserr"
"https://static-cdn.jtvnw.net/jtv_user_pictures/2081fd31-7a77-4ca2-a26f-bef26877e88e-profile_image-150x150.png?imenable=1&impolicy=user-profile-picture&imwidth=100","54568","ROFL_JACKO","570","300","8","1","1140","0","0","false","true","English","ROFL_JACKO"
"https://static-cdn.jtvnw.net/jtv_user_pictures/rbecca-profile_image-283f0abbe58b3c86-150x150.jpeg?imenable=1&impolicy=user-profile-picture&imwidth=100","54569","Rbecca","840","120","9","7","1140","1","38","false","true","Swedish","Rbecca"
"https://static-cdn.jtvnw.net/jtv_user_pictures/e25a48b0-0c4c-4e52-a41d-0521d0a194a0-profile_image-150x150.png?imenable=1&impolicy=user-profile-picture&imwidth=100","54570","3feetfrompeace","9405","5490","7","1","1140","29","72","false","true","English","3feetfrompeace"
"https://static-cdn.jtvnw.net/jtv_user_pictures/jimk4-profile_image-095b7e366c6263dc-150x150.png?imenable=1&impolicy=user-profile-picture&imwidth=100","54571","Jimk4","67620","4380","119","14","1140","346","2053","false","false","","Jimk4"
"https://static-cdn.jtvnw.net/jtv_user_pictures/a8a9e731-d68a-4dac-92f7-2571c5aa4a97-profile_image-150x150.png?imenable=1&impolicy=user-profile-picture&imwidth=100","54572","shiatsu1","31185","4335","23","6","1140","85","835","false","false","German","shiatsu1"
"https://static-cdn.jtvnw.net/jtv_user_pictures/8c417eec-f637-4b37-9077-00302fdb0fb5-profile_image-150x150.png?imenable=1&impolicy=user-profile-picture&imwidth=100","54573","Dorkasauras","3030","765","8","3","1140","6","71","false","true","English","Dorkasauras"
"https://static-cdn.jtvnw.net/jtv_user_pictures/esl_letscast-profile_image-b3779a563ff281a0-150x150.jpeg?imenable=1&impolicy=user-profile-picture&imwidth=100","54574","ESL_LetsCast","13260","255","75","52","1140","-141","185","true","false","German","ESL_LetsCast"
"https://static-cdn.jtvnw.net/jtv_user_pictures/dr_systemerror-profile_image-ba58bd86a5f9d643-150x150.jpeg?imenable=1&impolicy=user-profile-picture&imwidth=100","54575","Dr_Systemerror","1110","525","10","1","1140","3","6","false","true","German","Dr_Systemerror"
"https://static-cdn.jtvnw.net/jtv_user_pictures/8d4269913e3c9944-profile_image-150x150.jpeg?imenable=1&impolicy=user-profile-picture&imwidth=100","54576","koste971","255","180","4","1","1140","-1","0","false","false","French","koste971"
"https://static-cdn.jtvnw.net/jtv_user_pictures/67670a41-508f-4a3d-99b1-144eb8758176-profile_image-150x150.png?imenable=1&impolicy=user-profile-picture&imwidth=100","54577","krisnah","90","30","4","3","1140","0","0","false","false","English","krisnah"
"https://static-cdn.jtvnw.net/jtv_user_pictures/5a9fb170-7fd3-4bc9-815c-369282f7a05e-profile_image-150x150.png?imenable=1&impolicy=user-profile-picture&imwidth=100","54578","gr3gg3r","1020","1020","5","0","1140","7","8","false","false","English","gr3gg3r"
"https://static-cdn.jtvnw.net/jtv_user_pictures/ca43c525-6c4d-408a-a1bc-f267765f6f53-profile_image-150x150.png?imenable=1&impolicy=user-profile-picture&imwidth=100","54579","LxthalStix","4245","4005","9","0","1140","5","4","false","false","English","LxthalStix"
"https://static-cdn.jtvnw.net/jtv_user_pictures/62872d53-9284-4daf-b347-0e018dfdd586-profile_image-150x150.png?imenable=1&impolicy=user-profile-picture&imwidth=100","54580","SenseTV","990","585","4","1","1140","2","74","false","true","Portuguese","SenseTV"
"https://static-cdn.jtvnw.net/jtv_user_pictures/thejokerswrath-profile_image-6674580958f5f04c-150x150.jpeg?imenable=1&impolicy=user-profile-picture&imwidth=100","54581","TheJokersWrath","315","150","4","2","1140","0","10","false","false","English","TheJokersWrath"
"https://static-cdn.jtvnw.net/jtv_user_pictures/breeziestbrian-profile_image-3862b2dab62d61c5-150x150.jpeg?imenable=1&impolicy=user-profile-picture&imwidth=100","54582","Breeziestbrian","2115","2130","5","0","1140","8","43","false","true","English","Breeziestbrian"
"https://static-cdn.jtvnw.net/jtv_user_pictures/9a5b687a-6065-4dc4-8a45-6a80b57b5594-profile_image-150x150.jpeg?imenable=1&impolicy=user-profile-picture&imwidth=100","54583","itscainx","78090","1200","98","64","1140","164","704","false","true","English","itscainx"
"https://static-cdn.jtvnw.net/jtv_user_pictures/ccad7c755eccb772-profile_image-150x150.png?imenable=1&impolicy=user-profile-picture&imwidth=100","54584","ChamberlainGaming","1320","840","3","1","1140","2","5","false","true","English","ChamberlainGaming"
"https://static-cdn.jtvnw.net/jtv_user_pictures/68002c4f-4062-4007-aaf9-34a86ff580ad-profile_image-150x150.png?imenable=1&impolicy=user-profile-picture&imwidth=100","54585","Brick_Man","6300","510","21","11","1140","3","81","true","true","Russian","Brick_Man"
"https://static-cdn.jtvnw.net/jtv_user_pictures/narkoozz-profile_image-658328e03d482f43-150x150.png?imenable=1&impolicy=user-profile-picture&imwidth=100","54586","NarkoozZ","60","30","2","2","1140","0","0","false","false","Russian","NarkoozZ"
"https://static-cdn.jtvnw.net/jtv_user_pictures/b9ce52b6-763b-489d-b8bf-5c6679c5f640-profile_image-150x150.png?imenable=1&impolicy=user-profile-picture&imwidth=100","54587","Frankenstein_Gaming","3075","1845","8","1","1140","9","25","false","true","English","Frankenstein_Gaming"
"https://static-cdn.jtvnw.net/jtv_user_pictures/llessurx-profile_image-dcb32e199ca2440d-150x150.png?imenable=1&impolicy=user-profile-picture&imwidth=100","54588","LLessuRx","120","60","4","2","1140","0","2","false","true","English","LLessuRx"
"https://static-cdn.jtvnw.net/jtv_user_pictures/f5369c33-280f-4957-8c60-531f59dd6384-profile_image-150x150.png?imenable=1&impolicy=user-profile-picture&imwidth=100","54589","Jisu1551","22005","8280","20","2","1140","38","630","false","false","Korean","Jisu1551"
"https://static-cdn.jtvnw.net/jtv_user_pictures/c59fad98-ca1e-4736-83c0-6a8b65df02fc-profile_image-150x150.png?imenable=1&impolicy=user-profile-picture&imwidth=100","54590","babyjplays","10305","2700","12","3","1140","0","11","false","true","English","babyjplays"
"https://static-cdn.jtvnw.net/jtv_user_pictures/igroprom-profile_image-8b404ce08b690cf6-150x150.png?imenable=1&impolicy=user-profile-picture&imwidth=100","54591","Igroprom","39240","2115","45","18","1140","150","1928","false","true","Russian","Igroprom"
"https://static-cdn.jtvnw.net/jtv_user_pictures/1349980a-6197-4ffb-aeb5-321c6bf4bc21-profile_image-150x150.png?imenable=1&impolicy=user-profile-picture&imwidth=100","54592","EvenSevenLoL","10605","3915","50","2","1140","-22","163","false","false","English","EvenSevenLoL"
"https://static-cdn.jtvnw.net/jtv_user_pictures/retrosweee-profile_image-1bdded263821fdc2-150x150.png?imenable=1&impolicy=user-profile-picture&imwidth=100","54593","RetrosWeee","8850","600","43","14","1140","26","74","false","true","English","RetrosWeee"
"https://static-cdn.jtvnw.net/jtv_user_pictures/dd8ab635-4729-417c-bffa-d3b8bd42d3c8-profile_image-150x150.png?imenable=1&impolicy=user-profile-picture&imwidth=100","54594","Airon1423","16965","3495","12","4","1140","16","62","false","false","English","Airon1423"
"https://static-cdn.jtvnw.net/jtv_user_pictures/f3472593-c637-4ca4-a5c3-8aca525cc75c-profile_image-150x150.png?imenable=1&impolicy=user-profile-picture&imwidth=100","54595","VipersStrike21","67245","7695","41","8","1140","78","928","false","true","German","VipersStrike21"
"https://static-cdn.jtvnw.net/jtv_user_pictures/d30f02b9-31eb-4ed9-bcd7-bca49df2fd1a-profile_image-150x150.png?imenable=1&impolicy=user-profile-picture&imwidth=100","54596","yooleemusic","25950","8220","42","2","1140","65","219","false","false","English","yooleemusic"
"https://static-cdn.jtvnw.net/jtv_user_pictures/sgtrocker11-profile_image-dc606f293ee3dea4-150x150.png?imenable=1&impolicy=user-profile-picture&imwidth=100","54597","SgtRocker11","18450","6720","14","2","1140","5","98","false","false","English","SgtRocker11"
"https://static-cdn.jtvnw.net/jtv_user_pictures/783132e4-64e3-4ce9-bc0d-3f6c663b2bd6-profile_image-150x150.png?imenable=1&impolicy=user-profile-picture&imwidth=100","54598","floyddx","0","1755","0","0","1139","0","0","false","false","Russian","floyddx"
"https://static-cdn.jtvnw.net/jtv_user_pictures/fceac600-cf52-4e47-8cb3-2e39dc4c9b9d-profile_image-150x150.png?imenable=1&impolicy=user-profile-picture&imwidth=100","54599","dre1nGod","45","120","4","0","1139","0","1","false","false","Russian","dre1nGod"
"https://static-cdn.jtvnw.net/jtv_user_pictures/06bb1d54-274a-4147-91e8-a040f3a95ece-profile_image-150x150.png?imenable=1&impolicy=user-profile-picture&imwidth=100","54600","Virdison","6450","2145","11","2","1139","31","108","false","true","English","Virdison"