"","","Channel","Watch time","Stream time","Peak viewers","Average viewers","Followers","Followers gained","Views gained","Partnered","Mature","Language",""
"https://static-cdn.jtvnw.net/jtv_user_pictures/378b3998-4b2c-462e-9777-52b84058e5ed-profile_image-150x150.png?imenable=1&impolicy=user-profile-picture&imwidth=100","62501","Ceeb__","65865","5085","219","12","929","34","295","false","true","English","Ceeb__"
"https://static-cdn.jtvnw.net/jtv_user_pictures/796f2f99-40b4-4e86-8b6d-d47d055f0a05-profile_image-150x150.png?imenable=1&impolicy=user-profile-picture&imwidth=100","62502","Cortez","14130","510","49","27","929","137","324","true","false","English","Cortez"
"https://static-cdn.jtvnw.net/jtv_user_pictures/dozentv-profile_image-2670d9b074a1efc8-150x150.jpeg?imenable=1&impolicy=user-profile-picture&imwidth=100","62503","dozentv","700965","2625","437","266","929","709","812","false","false","Russian","dozentv"
"https://static-cdn.jtvnw.net/jtv_user_pictures/fzfrost-profile_image-d0ae7504f2a6037a-150x150.jpeg?imenable=1&impolicy=user-profile-picture&imwidth=100","62504","FzFrost","30","30","2","1","929","0","0","false","false","English","FzFrost"
"https://static-cdn.jtvnw.net/jtv_user_pictures/05ad264d-a186-402c-8341-d2af279b0f85-profile_image-150x150.png?imenable=1&impolicy=user-profile-picture&imwidth=100","62505","The_Starbuxchic","60","45","2","1","929","0","0","false","true","English","The_Starbuxchic"
"https://static-cdn.jtvnw.net/jtv_user_pictures/joghurtbubi-profile_image-e357a1f3de00dea4-150x150.png?imenable=1&impolicy=user-profile-picture&imwidth=100","62506","Joghurtbubi","1365","495","8","2","929","8","82","false","false","German","Joghurtbubi"
"https://static-cdn.jtvnw.net/jtv_user_pictures/neodraoturtle-profile_image-bdd6181d54708e7b-150x150.jpeg?imenable=1&impolicy=user-profile-picture&imwidth=100","62507","neodraoturtle","0","45","0","0","929","0","0","false","true","English","neodraoturtle"
"https://static-cdn.jtvnw.net/jtv_user_pictures/ryogavee-profile_image-c4b88af37572fc46-150x150.jpeg?imenable=1&impolicy=user-profile-picture&imwidth=100","62508","RyogaVee","2250","1170","9","1","929","3","55","false","false","English","RyogaVee"
"https://static-cdn.jtvnw.net/jtv_user_pictures/ogrecasttv-profile_image-b252a0ade5c77f1c-150x150.png?imenable=1&impolicy=user-profile-picture&imwidth=100","62509","OgreCasttv","37140","270","218","137","929","19","408","false","false","Bulgarian","OgreCasttv"
"https://static-cdn.jtvnw.net/jtv_user_pictures/7c07ae58-fcfd-40ef-b993-4ac11aa8c63d-profile_image-150x150.png?imenable=1&impolicy=user-profile-picture&imwidth=100","62510","freddanHS","17565","6705","9","2","929","54","146","false","true","Norwegian","freddanHS"
"https://static-cdn.jtvnw.net/jtv_user_pictures/actual_kyle-profile_image-b2de3061116f95ea-150x150.jpeg?imenable=1&impolicy=user-profile-picture&imwidth=100","62511","Actual_Kyle","4800","1845","9","2","929","-9","87","false","true","English","Actual_Kyle"
"https://static-cdn.jtvnw.net/jtv_user_pictures/nimbus9k-profile_image-01befb8726a105d5-150x150.jpeg?imenable=1&impolicy=user-profile-picture&imwidth=100","62512","nimbus9k","1320","480","8","2","929","-1","12","false","false","English","nimbus9k"
"https://static-cdn.jtvnw.net/jtv_user_pictures/powerful_adrenaline-profile_image-3393a90515b3f5b0-150x150.png?imenable=1&impolicy=user-profile-picture&imwidth=100","62513","Powerful_Adrenaline","3435","1080","21","2","929","6","41","false","true","English","Powerful_Adrenaline"
"https://static-cdn.jtvnw.net/jtv_user_pictures/1ec027b0-fbf8-40dd-8eef-ddabdf1227b6-profile_image-150x150.png?imenable=1&impolicy=user-profile-picture&imwidth=100","62514","cOnOcA520520","10320","1980","21","4","929","-4","371","false","true","Chinese","cOnOcA520520"
"https://static-cdn.jtvnw.net/jtv_user_pictures/snickxtv-profile_image-4e7809623d43dbc4-150x150.jpeg?imenable=1&impolicy=user-profile-picture&imwidth=100","62515","SnickXTV","14580","1575","25","8","929","148","336","false","false","Polish","SnickXTV"
"https://static-cdn.jtvnw.net/jtv_user_pictures/01468478-ae6a-4d6d-a8ff-e97fd2c2ab69-profile_image-150x150.png?imenable=1&impolicy=user-profile-picture&imwidth=100","62516","墨拉丁 (peter306)","28740","10005","10","2","929","14","918","false","false","Chinese","墨拉丁 (peter306)"
"https://static-cdn.jtvnw.net/jtv_user_pictures/c3c23561584cf1e6-profile_image-150x150.jpeg?imenable=1&impolicy=user-profile-picture&imwidth=100","62517","千石 (kkkarthur)","107520","4770","55","22","929","38","1673","false","false","Chinese","千石 (kkkarthur)"
"https://static-cdn.jtvnw.net/jtv_user_pictures/efluxz-profile_image-ddb6770cc3e504af-150x150.png?imenable=1&impolicy=user-profile-picture&imwidth=100","62518","Efluxz","1050","180","9","5","929","-1","2","false","true","English","Efluxz"
"https://static-cdn.jtvnw.net/jtv_user_pictures/brandoaus-profile_image-30ad005c815cc84b-150x150.jpeg?imenable=1&impolicy=user-profile-picture&imwidth=100","62519","BrandoAus","78060","6210","41","12","929","63","561","false","true","English","BrandoAus"
"https://static-cdn.jtvnw.net/jtv_user_pictures/a9a71e43be866107-profile_image-150x150.jpeg?imenable=1&impolicy=user-profile-picture&imwidth=100","62520","Nemesisprime2014","7530","4575","8","1","929","1","12","false","true","English","Nemesisprime2014"
"https://static-cdn.jtvnw.net/jtv_user_pictures/akerholten-profile_image-9d967060c8fb258f-150x150.png?imenable=1&impolicy=user-profile-picture&imwidth=100","62521","akerholten","45","30","3","1","929","0","0","false","false","Norwegian","akerholten"
"https://static-cdn.jtvnw.net/jtv_user_pictures/chibikuma-profile_image-5ad175d9cce4d3b1-150x150.jpeg?imenable=1&impolicy=user-profile-picture&imwidth=100","62522","Chibikuma","1620","315","9","4","929","-1","14","false","true","English","Chibikuma"
"https://static-cdn.jtvnw.net/jtv_user_pictures/111cd10c-bb05-4f58-8497-5ba29caa5eca-profile_image-150x150.png?imenable=1&impolicy=user-profile-picture&imwidth=100","62523","PwTPredator","22995","2280","30","9","929","17","805","false","true","Portuguese","PwTPredator"
"https://static-cdn.jtvnw.net/jtv_user_pictures/gangstagabe916-profile_image-68c41dc2f5e8b44f-150x150.jpeg?imenable=1&impolicy=user-profile-picture&imwidth=100","62524","gangstagabe916","47880","10665","14","4","929","3","217","false","false","English","gangstagabe916"
"https://static-cdn.jtvnw.net/jtv_user_pictures/4b417904-29a1-4372-aa05-661a6a3514e6-profile_image-150x150.png?imenable=1&impolicy=user-profile-picture&imwidth=100","62525","MehmetF","1275","150","16","8","929","10","131","false","false","Turkish","MehmetF"
"https://static-cdn.jtvnw.net/jtv_user_pictures/orangeace36-profile_image-61815f04592060c6-150x150.png?imenable=1&impolicy=user-profile-picture&imwidth=100","62526","OrangeAce36","13845","3780","8","3","929","13","63","false","true","English","OrangeAce36"
"https://static-cdn.jtvnw.net/jtv_user_pictures/046fad77-5140-4b14-9ac3-29653e1de977-profile_image-150x150.png?imenable=1&impolicy=user-profile-picture&imwidth=100","62527","tsuna00027","45","30","3","1","929","-1","4","false","false","English","tsuna00027"
"https://static-cdn.jtvnw.net/jtv_user_pictures/grek_7-profile_image-d64ab935dcb347be-150x150.png?imenable=1&impolicy=user-profile-picture&imwidth=100","62528","Grek_7","34560","5505","36","5","929","45","532","false","false","Russian","Grek_7"
"https://static-cdn.jtvnw.net/jtv_user_pictures/556dcc61-e4df-4fe9-a4d0-23653dc8717b-profile_image-150x150.jpg?imenable=1&impolicy=user-profile-picture&imwidth=100","62529","BalooGamesTV","510","180","7","2","928","0","3","false","false","French","BalooGamesTV"
"https://static-cdn.jtvnw.net/jtv_user_pictures/9adfba19-f39a-42a1-bbd7-7d84412762bf-profile_image-150x150.png?imenable=1&impolicy=user-profile-picture&imwidth=100","62530","blubets","6330","510","27","11","928","153","134","false","true","English","blubets"
"https://static-cdn.jtvnw.net/jtv_user_pictures/eef3dcfd-e6a5-40f7-a1b3-c027e9ea95cb-profile_image-150x150.png?imenable=1&impolicy=user-profile-picture&imwidth=100","62531","Spooki__Tanooki","0","150","0","0","928","0","0","false","true","English","Spooki__Tanooki"
"https://static-cdn.jtvnw.net/jtv_user_pictures/ragamodz-profile_image-e15fffbbb02a4a1f-150x150.png?imenable=1&impolicy=user-profile-picture&imwidth=100","62532","ragamodz","0","105","1","0","928","0","0","false","false","French","ragamodz"
"https://static-cdn.jtvnw.net/jtv_user_pictures/i_alnt_human-profile_image-8521b17a2c570e23-150x150.png?imenable=1&impolicy=user-profile-picture&imwidth=100","62533","I_Alnt_Human","0","90","0","0","928","0","0","false","true","English","I_Alnt_Human"
"https://static-cdn.jtvnw.net/jtv_user_pictures/1a4e6f59-dbbd-40ae-a9a8-ff57252f82bf-profile_image-150x150.png?imenable=1&impolicy=user-profile-picture&imwidth=100","62534","QuattroKimchice","75","15","5","5","928","0","0","false","true","Korean","QuattroKimchice"
"https://static-cdn.jtvnw.net/jtv_user_pictures/34cddec0-c7bc-451b-994b-4bbbb48835b4-profile_image-150x150.png?imenable=1&impolicy=user-profile-picture&imwidth=100","62535","3aMyTuM_TV","570","150","8","3","928","0","9","false","false","Russian","3aMyTuM_TV"
"https://static-cdn.jtvnw.net/jtv_user_pictures/54859f38-d01b-4846-80c8-7caea7d238d0-profile_image-150x150.png?imenable=1&impolicy=user-profile-picture&imwidth=100","62536","2bit","870","300","23","2","928","2","2","false","true","English","2bit"
"https://static-cdn.jtvnw.net/jtv_user_pictures/6075bb76-271d-40e2-99e6-c28079c910fa-profile_image-150x150.png?imenable=1&impolicy=user-profile-picture&imwidth=100","62537","Gerovez","660","240","6","2","928","6","23","false","false","Russian","Gerovez"
"https://static-cdn.jtvnw.net/jtv_user_pictures/3ec8a813-cf34-42d1-a01f-d3f6f418f315-profile_image-150x150.png?imenable=1&impolicy=user-profile-picture&imwidth=100","62538","GlitterBerries","4935","2460","15","1","928","659","28","false","true","English","GlitterBerries"
"https://static-cdn.jtvnw.net/user-default-pictures/27103734-3cda-44d6-a384-f2ab71e4bb85-profile_image-150x150.jpg?imenable=1&impolicy=user-profile-picture&imwidth=100","62539","HaBoClanLivestream","615","75","10","8","928","0","0","false","false","German","HaBoClanLivestream"
"https://static-cdn.jtvnw.net/jtv_user_pictures/f2825d4d-4ccd-4b98-9d96-08e6f8844c3f-profile_image-150x150.png?imenable=1&impolicy=user-profile-picture&imwidth=100","62540","Ownage_tv313","4650","1665","9","2","928","110","64","false","true","English","Ownage_tv313"
"https://static-cdn.jtvnw.net/jtv_user_pictures/lordcorporal-profile_image-0d22c59fbe646a95-150x150.png?imenable=1&impolicy=user-profile-picture&imwidth=100","62541","LordCorporal","113610","11295","25","9","928","237","540","false","true","English","LordCorporal"
"https://static-cdn.jtvnw.net/jtv_user_pictures/177457f5-6b7e-4df5-9ea4-7668289651ca-profile_image-150x150.jpg?imenable=1&impolicy=user-profile-picture&imwidth=100","62542","TheCrafter220","13905","5280","26","2","928","21","115","false","true","English","TheCrafter220"
"https://static-cdn.jtvnw.net/jtv_user_pictures/f5c85526-cb77-45b2-9e08-da2dee25f847-profile_image-150x150.png?imenable=1&impolicy=user-profile-picture&imwidth=100","62543","maverickhd93","9930","1590","16","5","928","67","31","false","false","English","maverickhd93"
"https://static-cdn.jtvnw.net/jtv_user_pictures/micaxarcade-profile_image-1c1c106e0d53022f-150x150.jpeg?imenable=1&impolicy=user-profile-picture&imwidth=100","62544","MicaxArcade","720","60","16","12","928","0","-42","false","false","Spanish","MicaxArcade"
"https://static-cdn.jtvnw.net/jtv_user_pictures/f0cus05-profile_image-f987b76b24fdfa80-150x150.jpeg?imenable=1&impolicy=user-profile-picture&imwidth=100","62545","f0cus05","37230","5220","572","6","928","45","565","false","false","Russian","f0cus05"
"https://static-cdn.jtvnw.net/jtv_user_pictures/453ac2e2-6fc7-4b2f-90d7-a348fbaae546-profile_image-150x150.jpeg?imenable=1&impolicy=user-profile-picture&imwidth=100","62546","nlscf","240","60","7","4","928","1","0","false","false","English","nlscf"
"https://static-cdn.jtvnw.net/jtv_user_pictures/luckyluck1992-profile_image-56ff31931c968040-150x150.jpeg?imenable=1&impolicy=user-profile-picture&imwidth=100","62547","LuckyLuck1992","28065","11040","10","2","928","84","182","false","false","Slovak","LuckyLuck1992"
"https://static-cdn.jtvnw.net/jtv_user_pictures/3b68c049-e91a-44b9-9781-e6ab7e6da6e3-profile_image-150x150.png?imenable=1&impolicy=user-profile-picture&imwidth=100","62548","shavit","480","330","4","1","928","1","34","false","true","English","shavit"
"https://static-cdn.jtvnw.net/jtv_user_pictures/99dc8a68f3f9b53d-profile_image-150x150.jpeg?imenable=1&impolicy=user-profile-picture&imwidth=100","62549","vRazzzy","11490","4830","9","1","928","26","391","false","true","English","vRazzzy"
"https://static-cdn.jtvnw.net/jtv_user_pictures/f6fd8914-59f6-48ab-ae42-543b7ed01305-profile_image-150x150.png?imenable=1&impolicy=user-profile-picture&imwidth=100","62550","XtheVirg","0","30","0","0","928","0","0","false","true","English","XtheVirg"
"https://static-cdn.jtvnw.net/jtv_user_pictures/3067fef9-1825-4250-a518-020c8bfc6605-profile_image-150x150.png?imenable=1&impolicy=user-profile-picture&imwidth=100","62551","ezBeanie","3270","1500","8","1","928","11","174","false","true","German","ezBeanie"
"https://static-cdn.jtvnw.net/jtv_user_pictures/50816fbf-314d-4931-b7c8-3bb20cec937f-profile_image-150x150.jpg?imenable=1&impolicy=user-profile-picture&imwidth=100","62552","ChiipCZ","177240","7965","326","21","928","163","328","false","false","Czech","ChiipCZ"
"https://static-cdn.jtvnw.net/jtv_user_pictures/letgoislanders91-profile_image-df8acf5bdf933d21-150x150.jpeg?imenable=1&impolicy=user-profile-picture&imwidth=100","62553","Letgoislanders91","1830","300","14","5","928","18","7","false","false","English","Letgoislanders91"
"https://static-cdn.jtvnw.net/jtv_user_pictures/newtonegames-profile_image-8fd20e24c2c8cad6-150x150.png?imenable=1&impolicy=user-profile-picture&imwidth=100","62554","NewtoneGames","360","90","5","4","928","7","0","false","false","Russian","NewtoneGames"
"https://static-cdn.jtvnw.net/jtv_user_pictures/4154219efc0fed9f-profile_image-150x150.png?imenable=1&impolicy=user-profile-picture&imwidth=100","62555","kuatoxe","315","300","4","0","927","2","49","false","false","French","kuatoxe"
"https://static-cdn.jtvnw.net/jtv_user_pictures/7df5d8f0-7067-4ccd-b235-48711e2f11b1-profile_image-150x150.png?imenable=1&impolicy=user-profile-picture&imwidth=100","62556","Zanyard","0","600","0","0","927","0","0","false","true","English","Zanyard"
"https://static-cdn.jtvnw.net/jtv_user_pictures/780e3361-3f74-47c1-853b-e5f825f80814-profile_image-150x150.png?imenable=1&impolicy=user-profile-picture&imwidth=100","62557","KelLee","825","270","7","2","927","3","6","false","true","French","KelLee"
"https://static-cdn.jtvnw.net/jtv_user_pictures/9f2d0481-e389-4a02-ae44-cd60315cd0fb-profile_image-150x150.png?imenable=1&impolicy=user-profile-picture&imwidth=100","62558","soziaLYukaa","26970","1800","100","14","927","319","451","false","true","German","soziaLYukaa"
"https://static-cdn.jtvnw.net/jtv_user_pictures/ralarssenth-profile_image-d4719c3aaef84987-150x150.png?imenable=1&impolicy=user-profile-picture&imwidth=100","62559","Ralarssenth","9435","2535","10","3","927","30","74","false","true","English","Ralarssenth"
"https://static-cdn.jtvnw.net/jtv_user_pictures/1b42c0bd-4391-4cb2-a5e8-a40a39909be9-profile_image-150x150.jpg?imenable=1&impolicy=user-profile-picture&imwidth=100","62560","AnO_Toxic","4890","1215","10","3","927","38","50","false","true","English","AnO_Toxic"
"https://static-cdn.jtvnw.net/jtv_user_pictures/c18f876b-9d4f-4e93-81ea-a708ddb14530-profile_image-150x150.png?imenable=1&impolicy=user-profile-picture&imwidth=100","62561","Scythe_Riders","1710","960","8","1","927","0","162","false","false","English","Scythe_Riders"
"https://static-cdn.jtvnw.net/jtv_user_pictures/86f20253-a32a-47c3-9605-78e27361159d-profile_image-150x150.png?imenable=1&impolicy=user-profile-picture&imwidth=100","62562","Please1989","270","135","5","1","927","3","12","false","false","English","Please1989"
"https://static-cdn.jtvnw.net/jtv_user_pictures/b03474fb-bdf2-4b8e-88db-0e0f222afc3f-profile_image-150x150.jpeg?imenable=1&impolicy=user-profile-picture&imwidth=100","62563","RioZeroNine","630","180","5","3","927","1","5","false","false","English","RioZeroNine"
"https://static-cdn.jtvnw.net/jtv_user_pictures/wazaboii-profile_image-599db42d1b4f3a5b-150x150.jpeg?imenable=1&impolicy=user-profile-picture&imwidth=100","62564","Wazaboii","3870","1245","23","2","927","19","76","false","false","Swedish","Wazaboii"
"https://static-cdn.jtvnw.net/jtv_user_pictures/0730d705-7e48-4b76-8d0d-67bdeb44b266-profile_image-150x150.png?imenable=1&impolicy=user-profile-picture&imwidth=100","62565","OZotacs","30","15","2","2","927","0","0","false","true","Portuguese","OZotacs"
"https://static-cdn.jtvnw.net/jtv_user_pictures/6a26e5f3-d60e-4a82-abcc-37e45d14f67e-profile_image-150x150.jpg?imenable=1&impolicy=user-profile-picture&imwidth=100","62566","mrsl","14400","1020","50","13","927","169","106","false","false","Russian","mrsl"
"https://static-cdn.jtvnw.net/jtv_user_pictures/ab365a86-56ca-4470-a57f-1a3cb1290b83-profile_image-150x150.png?imenable=1&impolicy=user-profile-picture&imwidth=100","62567","Redlin3tv","270","150","3","1","927","0","3","false","true","English","Redlin3tv"
"https://static-cdn.jtvnw.net/jtv_user_pictures/skatercarroll-profile_image-d992302621eed807-150x150.png?imenable=1&impolicy=user-profile-picture&imwidth=100","62568","skatercarroll","15","30","1","0","927","0","3","false","false","English","skatercarroll"
"https://static-cdn.jtvnw.net/jtv_user_pictures/aa134ea2-59ca-4b96-9999-5730b3533d9c-profile_image-150x150.png?imenable=1&impolicy=user-profile-picture&imwidth=100","62569","Inevpatoria","1095","795","4","1","927","6","15","false","true","English","Inevpatoria"
"https://static-cdn.jtvnw.net/jtv_user_pictures/radical3i-profile_image-f4d147b046e0374f-150x150.png?imenable=1&impolicy=user-profile-picture&imwidth=100","62570","radicaL3i","90","90","2","1","927","-9","4","false","false","Dutch","radicaL3i"
"https://static-cdn.jtvnw.net/jtv_user_pictures/22a656d7-ce13-4ade-8d41-beb503294b2a-profile_image-150x150.png?imenable=1&impolicy=user-profile-picture&imwidth=100","62571","HHenryy","1080","345","8","2","927","9","34","false","false","English","HHenryy"
"https://static-cdn.jtvnw.net/jtv_user_pictures/2760a40a-c249-4316-b456-c12517047a7c-profile_image-150x150.jpeg?imenable=1&impolicy=user-profile-picture&imwidth=100","62572","WaR_Surge","9150","3660","10","1","927","21","62","false","true","English","WaR_Surge"
"https://static-cdn.jtvnw.net/jtv_user_pictures/derrickfaith-profile_image-c93446b7429e2b00-150x150.jpeg?imenable=1&impolicy=user-profile-picture&imwidth=100","62573","DerrickFaith","60","105","1","0","927","0","0","false","false","English","DerrickFaith"
"https://static-cdn.jtvnw.net/jtv_user_pictures/29b9c0db-d131-40d3-92aa-583d6fbcaeb9-profile_image-150x150.png?imenable=1&impolicy=user-profile-picture&imwidth=100","62574","BLACKCAMELia","120","375","2","0","927","0","66","false","false","French","BLACKCAMELia"
"https://static-cdn.jtvnw.net/jtv_user_pictures/057eed58-7632-46b4-8a38-e02b5788941b-profile_image-150x150.png?imenable=1&impolicy=user-profile-picture&imwidth=100","62575","lilchikim","42705","2460","70","17","927","268","5085","false","false","English","lilchikim"
"https://static-cdn.jtvnw.net/user-default-pictures-uv/ce57700a-def9-11e9-842d-784f43822e80-profile_image-150x150.png?imenable=1&impolicy=user-profile-picture&imwidth=100","62576","lelly2sxc","14295","795","34","17","927","12","107","false","false","English","lelly2sxc"
"https://static-cdn.jtvnw.net/jtv_user_pictures/syakinta3-profile_image-5b777c4a8f7254f2-150x150.jpeg?imenable=1&impolicy=user-profile-picture&imwidth=100","62577","syakinta3","15210","330","62","45","927","2","80","false","false","Japanese","syakinta3"
"https://static-cdn.jtvnw.net/jtv_user_pictures/516dc97f-6659-49ff-940d-c6f163ea9d01-profile_image-150x150.png?imenable=1&impolicy=user-profile-picture&imwidth=100","62578","PoogieBoogie","22365","2820","21","7","927","61","51","false","false","English","PoogieBoogie"
"https://static-cdn.jtvnw.net/jtv_user_pictures/cd823bd0-5f01-4203-abe1-3e35be12370a-profile_image-150x150.png?imenable=1&impolicy=user-profile-picture&imwidth=100","62579","sharinglights","3225","735","10","3","927","3","7","false","true","French","sharinglights"
"https://static-cdn.jtvnw.net/jtv_user_pictures/3b3ddbe6-9461-4cf2-b0f3-a6319627af74-profile_image-150x150.png?imenable=1&impolicy=user-profile-picture&imwidth=100","62580","Stroppy","5055","2430","6","1","927","8","17","false","true","English","Stroppy"
"https://static-cdn.jtvnw.net/jtv_user_pictures/c5d4d563cfe47ef7-profile_image-150x150.png?imenable=1&impolicy=user-profile-picture&imwidth=100","62581","pinkgamingg","4710","1485","8","2","927","18","26","false","true","English","pinkgamingg"
"https://static-cdn.jtvnw.net/jtv_user_pictures/f40e84a1ee3830cb-profile_image-150x150.png?imenable=1&impolicy=user-profile-picture&imwidth=100","62582","WilvanBil","7635","195","57","39","927","3","45","false","false","English","WilvanBil"
"https://static-cdn.jtvnw.net/jtv_user_pictures/32efa854-4985-4d59-af0b-c67b8df18282-profile_image-150x150.png?imenable=1&impolicy=user-profile-picture&imwidth=100","62583","OutlawApex","0","105","0","0","927","0","0","false","true","English","OutlawApex"
"https://static-cdn.jtvnw.net/jtv_user_pictures/88293d94-2f03-4dc6-a52f-d14ad9897ffb-profile_image-150x150.png?imenable=1&impolicy=user-profile-picture&imwidth=100","62584","legendwp","14970","930","32","15","927","54","576","false","false","Russian","legendwp"
"https://static-cdn.jtvnw.net/jtv_user_pictures/f37e954c-6505-42c3-875b-026caba383aa-profile_image-150x150.png?imenable=1&impolicy=user-profile-picture&imwidth=100","62585","Dirty_Worka","9465","390","50","24","927","42","109","false","false","English","Dirty_Worka"
"https://static-cdn.jtvnw.net/jtv_user_pictures/50372165-d66b-4ace-871a-88def668f92d-profile_image-150x150.png?imenable=1&impolicy=user-profile-picture&imwidth=100","62586","SupTheNub","13410","3225","14","3","927","54","288","false","false","German","SupTheNub"
"https://static-cdn.jtvnw.net/jtv_user_pictures/160e0729-b743-4fa3-b9d1-a410b2354060-profile_image-150x150.png?imenable=1&impolicy=user-profile-picture&imwidth=100","62587","Markenergie","15825","2760","20","5","927","12","180","false","true","English","Markenergie"
"https://static-cdn.jtvnw.net/jtv_user_pictures/48286b0d-2f1b-40c4-b99a-f277faf5487e-profile_image-150x150.jpg?imenable=1&impolicy=user-profile-picture&imwidth=100","62588","krunkslayz","32745","7920","18","3","927","18","143","false","true","English","krunkslayz"
"https://static-cdn.jtvnw.net/user-default-pictures/49988c7b-57bc-4dee-bd4f-6df4ad215d3a-profile_image-150x150.jpg?imenable=1&impolicy=user-profile-picture&imwidth=100","62589","iDeeVoo","300","255","4","1","927","0","0","false","false","English","iDeeVoo"
"https://static-cdn.jtvnw.net/jtv_user_pictures/8ea90445-c454-4ea7-9a34-ba93512b6ef9-profile_image-150x150.png?imenable=1&impolicy=user-profile-picture&imwidth=100","62590","SupaBearr","2385","285","14","8","927","4","28","false","true","French","SupaBearr"
"https://static-cdn.jtvnw.net/jtv_user_pictures/zimmycakes-profile_image-1b204dbee38cf606-150x150.png?imenable=1&impolicy=user-profile-picture&imwidth=100","62591","Zimmycakes","18525","7080","16","2","927","55","332","false","true","English","Zimmycakes"
"https://static-cdn.jtvnw.net/jtv_user_pictures/3ae1e3d4-c9f6-4111-98bb-af78db3d2a42-profile_image-150x150.png?imenable=1&impolicy=user-profile-picture&imwidth=100","62592","Deoillidan","6105","1455","8","3","927","8","46","false","true","German","Deoillidan"
"https://static-cdn.jtvnw.net/jtv_user_pictures/thespunkylobster-profile_image-f406182ad5b5f2b5-150x150.jpeg?imenable=1&impolicy=user-profile-picture&imwidth=100","62593","TheSpunkyLobster","256170","11940","102","20","927","45","1471","false","false","English","TheSpunkyLobster"
"https://static-cdn.jtvnw.net/jtv_user_pictures/744aa0c1f2dda6e4-profile_image-150x150.png?imenable=1&impolicy=user-profile-picture&imwidth=100","62594","Psphere101","1140","120","21","9","926","21","8","false","true","English","Psphere101"
"https://static-cdn.jtvnw.net/user-default-pictures/4cbf10f1-bb9f-4f57-90e1-15bf06cfe6f5-profile_image-150x150.jpg?imenable=1&impolicy=user-profile-picture&imwidth=100","62595","LadPack","285","150","3","1","926","-1","1","false","false","Norwegian","LadPack"
"https://static-cdn.jtvnw.net/jtv_user_pictures/f0f9a6ba-f56a-4964-8c45-279e27327b41-profile_image-150x150.jpg?imenable=1&impolicy=user-profile-picture&imwidth=100","62596","alexnikolai","135","135","5","0","926","0","0","false","false","Finnish","alexnikolai"
"https://static-cdn.jtvnw.net/jtv_user_pictures/d8fb5389-9c85-44ab-9afc-33880e7c80da-profile_image-150x150.jpeg?imenable=1&impolicy=user-profile-picture&imwidth=100","62597","ItsGeppetto","30","15","2","2","926","0","0","false","true","English","ItsGeppetto"
"https://static-cdn.jtvnw.net/jtv_user_pictures/b534cbcd-d1d8-4636-bb1a-96fbfc1d6773-profile_image-150x150.png?imenable=1&impolicy=user-profile-picture&imwidth=100","62598","Voodi_","71910","11700","21","5","926","107","713","false","true","German","Voodi_"
"https://static-cdn.jtvnw.net/jtv_user_pictures/0acd5cee-824c-4198-ac28-ba9ea6dd375d-profile_image-150x150.png?imenable=1&impolicy=user-profile-picture&imwidth=100","62599","lunarbunnii","270","210","5","1","926","1","22","false","true","English","lunarbunnii"
"https://static-cdn.jtvnw.net/jtv_user_pictures/26878c8c218ca2d7-profile_image-150x150.jpeg?imenable=1&impolicy=user-profile-picture&imwidth=100","62600","Kenoscine","2865","690","12","3","926","17","809","false","false","English","Kenoscine"