"","","Channel","Watch time","Stream time","Peak viewers","Average viewers","Followers","Followers gained","Views gained","Partnered","Mature","Language",""
"https://static-cdn.jtvnw.net/jtv_user_pictures/gl4z3-profile_image-2f38fb19a128b57e-150x150.png?imenable=1&impolicy=user-profile-picture&imwidth=100","59101","GL4Z3","41040","6555","92","5","1020","109","229","false","false","English","GL4Z3"
"https://static-cdn.jtvnw.net/jtv_user_pictures/f233cf13-87ef-45f3-b737-04f4b9c77d86-profile_image-150x150.jpeg?imenable=1&impolicy=user-profile-picture&imwidth=100","59102","Flightbudy2sim","6690","1230","16","4","1020","9","69","false","false","English","Flightbudy2sim"
"https://static-cdn.jtvnw.net/jtv_user_pictures/konsomonso-profile_image-394754049633a235-150x150.png?imenable=1&impolicy=user-profile-picture&imwidth=100","59103","Konsomonso","26715","4515","17","5","1020","30","482","false","false","German","Konsomonso"
"https://static-cdn.jtvnw.net/jtv_user_pictures/redxxrampage-profile_image-1655969e03d92162-150x150.jpeg?imenable=1&impolicy=user-profile-picture&imwidth=100","59104","RedxxRampage","17190","3090","14","4","1019","72","15","false","true","English","RedxxRampage"
"https://static-cdn.jtvnw.net/jtv_user_pictures/d880b27d-2eb8-4cb5-8469-518c6379d591-profile_image-150x150.jpg?imenable=1&impolicy=user-profile-picture&imwidth=100","59105","SlickBlood","255","465","4","0","1019","6","46","false","true","English","SlickBlood"
"https://static-cdn.jtvnw.net/jtv_user_pictures/linaacat-profile_image-19e5e83b0b42ff31-150x150.jpeg?imenable=1&impolicy=user-profile-picture&imwidth=100","59106","LinaaCat","13260","18495","9","0","1019","722","1743","false","false","","LinaaCat"
"https://static-cdn.jtvnw.net/jtv_user_pictures/79ef7568-fa87-44fb-a0f4-c886a7664292-profile_image-150x150.jpg?imenable=1&impolicy=user-profile-picture&imwidth=100","59107","DerryUm","3255","2310","6","1","1019","21","72","false","true","English","DerryUm"
"https://static-cdn.jtvnw.net/jtv_user_pictures/594a705d-5ce0-406a-aeda-2a4b5a767c4d-profile_image-150x150.png?imenable=1&impolicy=user-profile-picture&imwidth=100","59108","LoLNeska","24285","4065","190","5","1019","128","891","false","true","Spanish","LoLNeska"
"https://static-cdn.jtvnw.net/jtv_user_pictures/tubromance-profile_image-5c34d646a3580acd-150x150.jpeg?imenable=1&impolicy=user-profile-picture&imwidth=100","59109","tuBromance","81675","5760","64","13","1019","206","124","false","true","English","tuBromance"
"https://static-cdn.jtvnw.net/jtv_user_pictures/d853a2d0-b322-4839-9eaa-cc829ec30322-profile_image-150x150.png?imenable=1&impolicy=user-profile-picture&imwidth=100","59110","Pluginn_","390","330","7","1","1019","4","7","false","false","English","Pluginn_"
"https://static-cdn.jtvnw.net/jtv_user_pictures/complezy-profile_image-213f5f9b31db1860-150x150.jpeg?imenable=1&impolicy=user-profile-picture&imwidth=100","59111","CoMpLeZy","2310","675","11","3","1019","3","22","false","false","English","CoMpLeZy"
"https://static-cdn.jtvnw.net/jtv_user_pictures/benkize-profile_image-c2b31228970cd567-150x150.jpeg?imenable=1&impolicy=user-profile-picture&imwidth=100","59112","Benkize","375","345","4","0","1019","2","15","false","false","French","Benkize"
"https://static-cdn.jtvnw.net/jtv_user_pictures/xxpam-profile_image-59d4b4d942510ce2-150x150.jpeg?imenable=1&impolicy=user-profile-picture&imwidth=100","59113","xxPam","915","225","6","4","1019","0","4","false","true","","xxPam"
"https://static-cdn.jtvnw.net/jtv_user_pictures/kabardin-profile_image-6ac789d211eeae30-150x150.jpeg?imenable=1&impolicy=user-profile-picture&imwidth=100","59114","Kabardin","45","45","2","1","1019","0","-2","false","true","","Kabardin"
"https://static-cdn.jtvnw.net/jtv_user_pictures/mrcleeanhd-profile_image-70f172d7a50da11b-150x150.jpeg?imenable=1&impolicy=user-profile-picture&imwidth=100","59115","MrCleeanHD","165","105","3","1","1019","1","0","false","false","French","MrCleeanHD"
"https://static-cdn.jtvnw.net/jtv_user_pictures/salisballin-profile_image-02611e74631f0a1d-150x150.jpeg?imenable=1&impolicy=user-profile-picture&imwidth=100","59116","salisballin","600","615","3","0","1019","1","0","false","false","English","salisballin"
"https://static-cdn.jtvnw.net/jtv_user_pictures/86454859-a41c-4d2b-89b4-71e08d8d60a0-profile_image-150x150.png?imenable=1&impolicy=user-profile-picture&imwidth=100","59117","iFL3x","420","210","6","1","1019","-594","7","false","false","English","iFL3x"
"https://static-cdn.jtvnw.net/jtv_user_pictures/91560e89-2ea9-4ea6-9013-5dbb43fd3faf-profile_image-150x150.png?imenable=1&impolicy=user-profile-picture&imwidth=100","59118","OhReseT","210","75","5","2","1019","0","0","false","false","English","OhReseT"
"https://static-cdn.jtvnw.net/jtv_user_pictures/a7550d9a-742d-4134-8bf1-0d7ca047f75a-profile_image-150x150.jpg?imenable=1&impolicy=user-profile-picture&imwidth=100","59119","LePontello","0","150","1","0","1019","0","0","false","false","Portuguese","LePontello"
"https://static-cdn.jtvnw.net/jtv_user_pictures/e69c17ca-0741-4d53-bc34-8d44021024e3-profile_image-150x150.png?imenable=1&impolicy=user-profile-picture&imwidth=100","59120","MrTux_tv","120","90","2","1","1019","0","0","false","false","English","MrTux_tv"
"https://static-cdn.jtvnw.net/jtv_user_pictures/b0f8361c-4d0f-42de-b866-79f50f1af141-profile_image-150x150.png?imenable=1&impolicy=user-profile-picture&imwidth=100","59121","Makhaiira","28860","2100","131","13","1019","14","21","false","false","English","Makhaiira"
"https://static-cdn.jtvnw.net/jtv_user_pictures/329635b4-fa2f-47a9-ad1a-04718433fbd4-profile_image-150x150.png?imenable=1&impolicy=user-profile-picture&imwidth=100","59122","puFFelz","1290","390","9","2","1019","2","17","false","false","German","puFFelz"
"https://static-cdn.jtvnw.net/jtv_user_pictures/swrmified-profile_image-021d6542c355a165-150x150.png?imenable=1&impolicy=user-profile-picture&imwidth=100","59123","Swrmified","4365","1500","11","2","1019","26","76","false","false","","Swrmified"
"https://static-cdn.jtvnw.net/jtv_user_pictures/communitycasterslive-profile_image-5b963f028a2b8462-150x150.png?imenable=1&impolicy=user-profile-picture&imwidth=100","59124","CommunityCastersLive","24750","2265","38","10","1019","38","115","false","true","","CommunityCastersLive"
"https://static-cdn.jtvnw.net/jtv_user_pictures/db76157c-47dd-4081-95a4-cc9efd21a473-profile_image-150x150.png?imenable=1&impolicy=user-profile-picture&imwidth=100","59125","FMJR_","2325","1890","8","0","1019","4","3","false","true","English","FMJR_"
"https://static-cdn.jtvnw.net/jtv_user_pictures/c66471a9-39b4-4239-96d3-ec2ff9f0d072-profile_image-150x150.png?imenable=1&impolicy=user-profile-picture&imwidth=100","59126","Sanctif13d","41775","4680","74","8","1019","66","351","false","false","English","Sanctif13d"
"https://static-cdn.jtvnw.net/jtv_user_pictures/kdigg-profile_image-e6dd899f9cd1cb9a-150x150.jpeg?imenable=1&impolicy=user-profile-picture&imwidth=100","59127","KDigg","50250","4245","24","11","1019","60","114","false","true","English","KDigg"
"https://static-cdn.jtvnw.net/jtv_user_pictures/d1fa27caab3b5d2e-profile_image-150x150.png?imenable=1&impolicy=user-profile-picture&imwidth=100","59128","Ghizzo26","465","960","3","0","1019","1","98","false","true","Portuguese","Ghizzo26"
"https://static-cdn.jtvnw.net/jtv_user_pictures/diirectiioner-profile_image-e8896b32ea079cb2-150x150.png?imenable=1&impolicy=user-profile-picture&imwidth=100","59129","Diirectiioner","11385","4800","6","1","1019","17","9","false","true","English","Diirectiioner"
"http://static-cdn.jtvnw.net/jtv_user_pictures/fedozyt-profile_image-587bfe22373bb9c6-150x150.png?imenable=1&impolicy=user-profile-picture&imwidth=100","59130","FedozYT","210","30","8","7","1019","-1","-3","false","false","","FedozYT"
"https://static-cdn.jtvnw.net/jtv_user_pictures/marcim78-profile_image-6487f4103ff51cbf-150x150.jpeg?imenable=1&impolicy=user-profile-picture&imwidth=100","59131","Marcim78","120","45","5","2","1019","0","17","false","true","Polish","Marcim78"
"https://static-cdn.jtvnw.net/jtv_user_pictures/3anaxcekca-profile_image-56aeae8707a06701-150x150.png?imenable=1&impolicy=user-profile-picture&imwidth=100","59132","3anaxcekca","198555","12735","58","15","1019","136","4382","false","false","","3anaxcekca"
"https://static-cdn.jtvnw.net/jtv_user_pictures/aod_urk-profile_image-eb1d54389f04ae0d-150x150.jpeg?imenable=1&impolicy=user-profile-picture&imwidth=100","59133","AoD_Urk","12630","2565","21","4","1019","38","63","false","false","English","AoD_Urk"
"https://static-cdn.jtvnw.net/jtv_user_pictures/1357a1ec-0740-47cd-bcf3-26de54b18dc5-profile_image-150x150.png?imenable=1&impolicy=user-profile-picture&imwidth=100","59134","djmacroid","720","240","6","2","1019","-3","10","false","true","English","djmacroid"
"https://static-cdn.jtvnw.net/jtv_user_pictures/fe4ce06b-acb8-4932-9c48-45db13f2a1dd-profile_image-150x150.png?imenable=1&impolicy=user-profile-picture&imwidth=100","59135","阿奎克 (aqqke)","17730","1515","30","11","1019","18","376","false","true","Chinese","阿奎克 (aqqke)"
"https://static-cdn.jtvnw.net/jtv_user_pictures/haaalz-profile_image-ef1f7d0b7c2dbb8d-150x150.png?imenable=1&impolicy=user-profile-picture&imwidth=100","59136","Haaalz","64800","4110","40","15","1019","280","1627","false","false","Portuguese","Haaalz"
"https://static-cdn.jtvnw.net/jtv_user_pictures/aede1e89-997c-49fe-879c-d68a6f50ece2-profile_image-150x150.png?imenable=1&impolicy=user-profile-picture&imwidth=100","59137","fawnlys","15","30","1","0","1018","0","0","false","true","English","fawnlys"
"https://static-cdn.jtvnw.net/jtv_user_pictures/6e247bd5-4462-4818-8c06-5616c71bbfa7-profile_image-150x150.png?imenable=1&impolicy=user-profile-picture&imwidth=100","59138","Adderize","0","15","0","0","1018","0","0","false","true","English","Adderize"
"https://static-cdn.jtvnw.net/jtv_user_pictures/ac4e6b80-55ef-4779-a226-76d03e318762-profile_image-150x150.png?imenable=1&impolicy=user-profile-picture&imwidth=100","59139","FlexxDZN","0","30","1","0","1018","0","0","false","false","English","FlexxDZN"
"https://static-cdn.jtvnw.net/jtv_user_pictures/e57249bc-7a2d-4dab-a266-1f3a411071d8-profile_image-150x150.png?imenable=1&impolicy=user-profile-picture&imwidth=100","59140","matheusmayyer","0","15","0","0","1018","0","0","false","false","Portuguese","matheusmayyer"
"https://static-cdn.jtvnw.net/jtv_user_pictures/putnikx-profile_image-0e2503ebb384948c-150x150.jpeg?imenable=1&impolicy=user-profile-picture&imwidth=100","59141","PutnikX","82335","10560","62","7","1018","170","2240","false","false","Russian","PutnikX"
"https://static-cdn.jtvnw.net/jtv_user_pictures/chubbyemu-profile_image-6462e59bc241b2f0-150x150.png?imenable=1&impolicy=user-profile-picture&imwidth=100","59142","Chubbyemu","22515","1455","77","15","1018","145","329","false","false","","Chubbyemu"
"https://static-cdn.jtvnw.net/jtv_user_pictures/hazenspace-profile_image-13bd7bb5376ceea2-150x150.jpeg?imenable=1&impolicy=user-profile-picture&imwidth=100","59143","hazenspace","405","225","6","1","1018","683","452","false","false","","hazenspace"
"https://static-cdn.jtvnw.net/jtv_user_pictures/kayloudy-profile_image-55f7ca1f4cfd1b8a-150x150.jpeg?imenable=1&impolicy=user-profile-picture&imwidth=100","59144","kayloudy","16425","10785","10","1","1018","45","70","false","true","English","kayloudy"
"https://static-cdn.jtvnw.net/jtv_user_pictures/d0064b93-40a4-4c8c-9aa9-3e1a947528e2-profile_image-150x150.png?imenable=1&impolicy=user-profile-picture&imwidth=100","59145","tieeger","45","255","2","0","1018","0","4","false","true","English","tieeger"
"https://static-cdn.jtvnw.net/jtv_user_pictures/novalas-profile_image-acb9ff33b8936cfc-150x150.png?imenable=1&impolicy=user-profile-picture&imwidth=100","59146","Novalas","367305","2805","639","130","1018","428","2887","false","false","English","Novalas"
"https://static-cdn.jtvnw.net/user-default-pictures-uv/41780b5a-def8-11e9-94d9-784f43822e80-profile_image-150x150.png?imenable=1&impolicy=user-profile-picture&imwidth=100","59147","racehans","42795","3150","32","13","1018","82","374","false","false","English","racehans"
"https://static-cdn.jtvnw.net/jtv_user_pictures/pineappledonkey-profile_image-5b1b6b4ee1a30d37-150x150.png?imenable=1&impolicy=user-profile-picture&imwidth=100","59148","PineappleDonkey","510","390","3","1","1018","-2","7","false","false","","PineappleDonkey"
"https://static-cdn.jtvnw.net/jtv_user_pictures/nitrocod-profile_image-dd2e52f6d25b5c21-150x150.png?imenable=1&impolicy=user-profile-picture&imwidth=100","59149","NitroCOD","2655","540","10","4","1018","2","62","false","false","","NitroCOD"
"https://static-cdn.jtvnw.net/jtv_user_pictures/51595ffdfbd0da54-profile_image-150x150.png?imenable=1&impolicy=user-profile-picture&imwidth=100","59150","sony_idgt","195","420","2","0","1018","0","2","false","false","English","sony_idgt"
"https://static-cdn.jtvnw.net/jtv_user_pictures/832c9a3f-d4b6-44f2-8272-b57be74e513d-profile_image-150x150.png?imenable=1&impolicy=user-profile-picture&imwidth=100","59151","TMATV","1635","435","10","3","1018","5","24","false","true","German","TMATV"
"http://static-cdn.jtvnw.net/jtv_user_pictures/kabyr-profile_image-d155338f292ab004-150x150.jpeg?imenable=1&impolicy=user-profile-picture&imwidth=100","59152","Kabyr","11400","240","59","47","1018","3","14085","false","false","","Kabyr"
"https://static-cdn.jtvnw.net/jtv_user_pictures/suavecito_tv-profile_image-84556dedcfe255c6-150x150.jpeg?imenable=1&impolicy=user-profile-picture&imwidth=100","59153","Suavecito_tv","13470","465","53","28","1018","989","17","false","true","","Suavecito_tv"
"https://static-cdn.jtvnw.net/jtv_user_pictures/supahsub-profile_image-941e1230e1e3d839-150x150.png?imenable=1&impolicy=user-profile-picture&imwidth=100","59154","SupaHsuB","7125","750","25","9","1018","2","142","false","true","English","SupaHsuB"
"https://static-cdn.jtvnw.net/jtv_user_pictures/1b98986a-3cc2-43d4-9c16-200ce0e9e4f3-profile_image-150x150.png?imenable=1&impolicy=user-profile-picture&imwidth=100","59155","TheJokerZXI","3195","870","13","3","1018","23","81","false","true","English","TheJokerZXI"
"https://static-cdn.jtvnw.net/jtv_user_pictures/stormecz-profile_image-61c9ed2eb4e1282f-150x150.png?imenable=1&impolicy=user-profile-picture&imwidth=100","59156","StormeCZ","35490","3600","35","9","1018","587","171","false","false","","StormeCZ"
"https://static-cdn.jtvnw.net/jtv_user_pictures/tpaunforgiven-profile_image-66a1b089c23718c3-150x150.jpeg?imenable=1&impolicy=user-profile-picture&imwidth=100","59157","TPAUNFORGIVEN","135","60","3","2","1018","0","1","false","false","English","TPAUNFORGIVEN"
"https://static-cdn.jtvnw.net/jtv_user_pictures/aas123456e-profile_image-b9264914c40f4c9c-150x150.jpeg?imenable=1&impolicy=user-profile-picture&imwidth=100","59158","Aas123456e","2055","1170","6","1","1018","-4","55","false","false","Chinese","Aas123456e"
"https://static-cdn.jtvnw.net/jtv_user_pictures/mads3n-profile_image-a897d04ef2535908-150x150.png?imenable=1&impolicy=user-profile-picture&imwidth=100","59159","mads3n","4545","1455","13","2","1018","5","68","false","false","","mads3n"
"https://static-cdn.jtvnw.net/jtv_user_pictures/22bdaac1-dd55-450c-84f0-2eff5293db41-profile_image-150x150.png?imenable=1&impolicy=user-profile-picture&imwidth=100","59160","hexdsl","570","195","5","2","1018","-1","7","false","true","English","hexdsl"
"https://static-cdn.jtvnw.net/jtv_user_pictures/das24680-profile_image-cc598f5e570fe02f-150x150.png?imenable=1&impolicy=user-profile-picture&imwidth=100","59161","Das24680","10470","660","26","15","1018","36","160","false","false","","Das24680"
"https://static-cdn.jtvnw.net/jtv_user_pictures/seanzyy-profile_image-6489064a6a183286-150x150.jpeg?imenable=1&impolicy=user-profile-picture&imwidth=100","59162","Seanzyy","1830","465","11","3","1018","-1","27","false","false","English","Seanzyy"
"https://static-cdn.jtvnw.net/jtv_user_pictures/85bed90f-63ea-4aa0-a715-63c7c07f70f7-profile_image-150x150.png?imenable=1&impolicy=user-profile-picture&imwidth=100","59163","Valyssa","3075","615","12","4","1018","-3","29","false","true","English","Valyssa"
"https://static-cdn.jtvnw.net/jtv_user_pictures/42c0da83-2a2c-4fd7-b4e8-2c3c51e0da32-profile_image-150x150.png?imenable=1&impolicy=user-profile-picture&imwidth=100","59164","Squallnoctisgux","16110","4965","13","2","1018","9","58","false","false","English","Squallnoctisgux"
"https://static-cdn.jtvnw.net/jtv_user_pictures/053cd567-4f07-4517-b10a-52fefd8d9dbf-profile_image-150x150.png?imenable=1&impolicy=user-profile-picture&imwidth=100","59165","ZylpheRenuis","1485","4560","5","0","1018","7","53","false","true","English","ZylpheRenuis"
"https://static-cdn.jtvnw.net/jtv_user_pictures/gamerob-profile_image-f9e4123f72564361-150x150.png?imenable=1&impolicy=user-profile-picture&imwidth=100","59166","Gamerob","34650","1080","60","31","1018","25","140","false","false","English","Gamerob"
"https://static-cdn.jtvnw.net/jtv_user_pictures/e64d0792-689c-46e6-8f34-435304d8bbf2-profile_image-150x150.png?imenable=1&impolicy=user-profile-picture&imwidth=100","59167","Pudding_Pops","17205","2460","35","6","1018","162","70","false","true","English","Pudding_Pops"
"https://static-cdn.jtvnw.net/jtv_user_pictures/1cf48e00e8aee78c-profile_image-150x150.jpeg?imenable=1&impolicy=user-profile-picture&imwidth=100","59168","goodrum","9255","1680","13","5","1018","9","36","false","true","English","goodrum"
"https://static-cdn.jtvnw.net/jtv_user_pictures/8d80bf36-e60e-47f6-83b8-e0146a2ff1f4-profile_image-150x150.png?imenable=1&impolicy=user-profile-picture&imwidth=100","59169","ShadowKiller126","9375","3780","11","2","1018","24","28","false","true","English","ShadowKiller126"
"https://static-cdn.jtvnw.net/jtv_user_pictures/d1d8cb85-d517-4fc4-9e6d-9b6e3ed92e56-profile_image-150x150.png?imenable=1&impolicy=user-profile-picture&imwidth=100","59170","klavaklav","40545","3540","52","11","1018","42","460","false","true","English","klavaklav"
"https://static-cdn.jtvnw.net/jtv_user_pictures/33cd8d3b-ca91-4cdb-b93e-0f7b5d764148-profile_image-150x150.png?imenable=1&impolicy=user-profile-picture&imwidth=100","59171","casadillaa","60","60","1","1","1017","0","0","false","false","English","casadillaa"
"https://static-cdn.jtvnw.net/jtv_user_pictures/310b9b24-8b1d-4c6e-aa13-dc9a4460d773-profile_image-150x150.png?imenable=1&impolicy=user-profile-picture&imwidth=100","59172","fitzy_o","0","1035","0","0","1017","2","2","false","true","English","fitzy_o"
"https://static-cdn.jtvnw.net/jtv_user_pictures/30831230-039c-4e40-b69a-d0a67f9e3035-profile_image-150x150.png?imenable=1&impolicy=user-profile-picture&imwidth=100","59173","d3lay","0","15","0","0","1017","0","0","false","false","English","d3lay"
"https://static-cdn.jtvnw.net/jtv_user_pictures/f13ab617-43f2-4e4e-8243-0ef44966073b-profile_image-150x150.png?imenable=1&impolicy=user-profile-picture&imwidth=100","59174","Snarkism","6390","945","14","6","1017","32","65","false","false","English","Snarkism"
"https://static-cdn.jtvnw.net/jtv_user_pictures/e06002cd-c790-4240-a4e5-55b3247bd69d-profile_image-150x150.png?imenable=1&impolicy=user-profile-picture&imwidth=100","59175","CluviN","660","1710","4","0","1017","11","13","false","true","English","CluviN"
"https://static-cdn.jtvnw.net/jtv_user_pictures/thesmurfy18-profile_image-f0dfbcfcff5dfd5f-150x150.png?imenable=1&impolicy=user-profile-picture&imwidth=100","59176","TheSmurfy18","2970","90","51","33","1017","33","0","false","false","English","TheSmurfy18"
"https://static-cdn.jtvnw.net/jtv_user_pictures/666d720b-9e11-4986-830f-a342df7fc3f6-profile_image-150x150.png?imenable=1&impolicy=user-profile-picture&imwidth=100","59177","ozgurwilly","315","135","7","2","1017","0","2","false","false","Turkish","ozgurwilly"
"https://static-cdn.jtvnw.net/jtv_user_pictures/rebelagario-profile_image-6f0be7fcadb1f889-150x150.png?imenable=1&impolicy=user-profile-picture&imwidth=100","59178","RebelAgario","87060","3345","84","25","1017","636","1821","false","false","","RebelAgario"
"https://static-cdn.jtvnw.net/jtv_user_pictures/408ff8cf-ccf5-4635-98ac-2c9fffe07879-profile_image-150x150.jpg?imenable=1&impolicy=user-profile-picture&imwidth=100","59179","focuslad","330","90","5","3","1017","0","2","false","false","English","focuslad"
"https://static-cdn.jtvnw.net/jtv_user_pictures/momodalive2-profile_image-9f5fe9fbc980a549-150x150.png?imenable=1&impolicy=user-profile-picture&imwidth=100","59180","Momodalive2","333360","2655","581","125","1017","406","8279","false","false","","Momodalive2"
"https://static-cdn.jtvnw.net/jtv_user_pictures/ruiina-profile_image-6846f1652e8dc442-150x150.jpeg?imenable=1&impolicy=user-profile-picture&imwidth=100","59181","Ruiina","10740","720","26","14","1017","65","850","false","false","","Ruiina"
"https://static-cdn.jtvnw.net/jtv_user_pictures/8caa68b84fc0804d-profile_image-150x150.png?imenable=1&impolicy=user-profile-picture&imwidth=100","59182","NVGamingTV","36975","3540","65","10","1017","-175","942","false","true","French","NVGamingTV"
"https://static-cdn.jtvnw.net/jtv_user_pictures/axtonripjack-profile_image-bed878e725594248-150x150.jpeg?imenable=1&impolicy=user-profile-picture&imwidth=100","59183","AxtonRipjack","45","90","1","0","1017","0","0","false","true","English","AxtonRipjack"
"https://static-cdn.jtvnw.net/jtv_user_pictures/58d97108-9cf5-409f-b0f8-06369b0d7915-profile_image-150x150.png?imenable=1&impolicy=user-profile-picture&imwidth=100","59184","LANShadownet","48570","285","487","169","1017","5","79","false","true","English","LANShadownet"
"https://static-cdn.jtvnw.net/jtv_user_pictures/sander1800-profile_image-baa2cd87d857181c-150x150.jpeg?imenable=1&impolicy=user-profile-picture&imwidth=100","59185","sander1800","90","60","3","1","1017","-2","2","false","false","","sander1800"
"https://static-cdn.jtvnw.net/jtv_user_pictures/b07d7fd2c060dedc-profile_image-150x150.jpeg?imenable=1&impolicy=user-profile-picture&imwidth=100","59186","Sohailsgamingaddiction","690","345","4","1","1017","6","7","false","false","English","Sohailsgamingaddiction"
"https://static-cdn.jtvnw.net/jtv_user_pictures/eed2a3a1-b0d0-4be8-89ba-437c31abc612-profile_image-150x150.png?imenable=1&impolicy=user-profile-picture&imwidth=100","59187","jizzler_69","765","1425","2","0","1017","0","3","false","false","English","jizzler_69"
"https://static-cdn.jtvnw.net/jtv_user_pictures/eeveesretaliation-profile_image-22f9e3acc2ba9753-150x150.jpeg?imenable=1&impolicy=user-profile-picture&imwidth=100","59188","EeveesRetaliation","40770","5985","27","6","1017","426","454","false","true","English","EeveesRetaliation"
"https://static-cdn.jtvnw.net/jtv_user_pictures/ladychanny-profile_image-0efe60edd3b07cde-150x150.jpeg?imenable=1&impolicy=user-profile-picture&imwidth=100","59189","LadyChanny","19680","4635","13","3","1017","46","89","false","true","English","LadyChanny"
"https://static-cdn.jtvnw.net/jtv_user_pictures/25f3b235-0388-43c5-a110-b1f9c5ce77a2-profile_image-150x150.png?imenable=1&impolicy=user-profile-picture&imwidth=100","59190","darthope","705","180","6","3","1017","1","10","false","false","Russian","darthope"
"https://static-cdn.jtvnw.net/jtv_user_pictures/ssupermario92-profile_image-2182488c980b9eb6-150x150.png?imenable=1&impolicy=user-profile-picture&imwidth=100","59191","ssupermario92","43740","5025","35","8","1017","61","220","false","true","English","ssupermario92"
"https://static-cdn.jtvnw.net/ttv-boxart/404_boxart.png?imenable=1&impolicy=user-profile-picture&imwidth=100","59192","colaEUW","17145","2310","41","7","1017","54","250","false","false","English","colaEUW"
"https://static-cdn.jtvnw.net/jtv_user_pictures/f9f80f82-d356-4d95-9d1f-ba800eed2e47-profile_image-150x150.png?imenable=1&impolicy=user-profile-picture&imwidth=100","59193","Maybon90","1095","195","9","5","1017","2","2","false","false","German","Maybon90"
"https://static-cdn.jtvnw.net/jtv_user_pictures/c41e5b7881f924d4-profile_image-150x150.png?imenable=1&impolicy=user-profile-picture&imwidth=100","59194","HurricaneSamy","9090","1815","9","4","1017","19","103","false","false","English","HurricaneSamy"
"https://static-cdn.jtvnw.net/jtv_user_pictures/nyumaa-profile_image-6d697759c1c1b08f-150x150.jpeg?imenable=1&impolicy=user-profile-picture&imwidth=100","59195","Nyumaa","24885","5460","119","4","1017","85","727","false","false","Russian","Nyumaa"
"https://static-cdn.jtvnw.net/jtv_user_pictures/e91f6126-2da0-4af6-ba98-310a9121a1bf-profile_image-150x150.png?imenable=1&impolicy=user-profile-picture&imwidth=100","59196","topnews","540","435","3","1","1017","0","7","false","false","English","topnews"
"https://static-cdn.jtvnw.net/jtv_user_pictures/93e0339a-e86c-4212-954c-1b8c1298c394-profile_image-150x150.png?imenable=1&impolicy=user-profile-picture&imwidth=100","59197","Godeejay","345","450","4","0","1017","1","3","false","true","English","Godeejay"
"https://static-cdn.jtvnw.net/jtv_user_pictures/aeadbf31-5676-401a-beb7-e24db721a9dc-profile_image-150x150.png?imenable=1&impolicy=user-profile-picture&imwidth=100","59198","Anarnia","9075","2955","8","2","1017","13","395","false","false","Hungarian","Anarnia"
"https://static-cdn.jtvnw.net/jtv_user_pictures/nerv0x-profile_image-9287b7096703afad-150x150.jpeg?imenable=1&impolicy=user-profile-picture&imwidth=100","59199","Nerv0x","3165","630","13","4","1017","30","68","false","false","Slovak","Nerv0x"
"https://static-cdn.jtvnw.net/jtv_user_pictures/sharonnakasherr-profile_image-e77cc67d31a6654a-150x150.jpeg?imenable=1&impolicy=user-profile-picture&imwidth=100","59200","SharonnakaSherr","5595","1110","17","4","1017","-22","85","false","true","Dutch","SharonnakaSherr"