"","","Channel","Watch time","Stream time","Peak viewers","Average viewers","Followers","Followers gained","Views gained","Partnered","Mature","Language",""
"https://static-cdn.jtvnw.net/jtv_user_pictures/1184361e-f956-43fa-abdf-86bb05b7c54b-profile_image-150x150.png?imenable=1&impolicy=user-profile-picture&imwidth=100","4601","PowA_PxL","3720","60","84","62","34907","8","-81","true","false","French","PowA_PxL"
"https://static-cdn.jtvnw.net/jtv_user_pictures/wizzrobe-profile_image-431a1ad7ade23df0-150x150.jpeg?imenable=1&impolicy=user-profile-picture&imwidth=100","4602","Wizzrobe","89430","1155","208","77","34899","368","640","true","false","English","Wizzrobe"
"https://static-cdn.jtvnw.net/jtv_user_pictures/7ec427cc-fabe-402d-a944-f60fc9af66cc-profile_image-150x150.png?imenable=1&impolicy=user-profile-picture&imwidth=100","4603","Finalight","21660","930","46","23","34898","324","668","false","false","English","Finalight"
"https://static-cdn.jtvnw.net/jtv_user_pictures/290c5866-e6a8-4b75-974e-9f74fe6fd316-profile_image-150x150.png?imenable=1&impolicy=user-profile-picture&imwidth=100","4604","Ortharion","376020","16575","147","22","34895","917","7456","true","true","Turkish","Ortharion"
"https://static-cdn.jtvnw.net/jtv_user_pictures/9deb04dc-444c-48e2-963c-f756bbfeb3fd-profile_image-150x150.png?imenable=1&impolicy=user-profile-picture&imwidth=100","4605","SuMuNs","22650","870","119","25","34895","56","117","true","false","English","SuMuNs"
"https://static-cdn.jtvnw.net/jtv_user_pictures/070517c2-37d9-49f1-9695-f912453259be-profile_image-150x150.png?imenable=1&impolicy=user-profile-picture&imwidth=100","4606","kruzer","8025","1125","36","6","34880","37","37","true","false","English","kruzer"
"https://static-cdn.jtvnw.net/jtv_user_pictures/dbb68be2-1432-49ed-8113-69de126d6c69-profile_image-150x150.png?imenable=1&impolicy=user-profile-picture&imwidth=100","4607","PigeonMusic","58785","3300","66","17","34870","298","891","false","false","English","PigeonMusic"
"https://static-cdn.jtvnw.net/jtv_user_pictures/9004cf31-18de-46a1-9664-7739e8dc9cad-profile_image-150x150.png?imenable=1&impolicy=user-profile-picture&imwidth=100","4608","kissmell","323640","4425","338","72","34870","628","14040","true","true","Portuguese","kissmell"
"https://static-cdn.jtvnw.net/jtv_user_pictures/luksat1-profile_image-7b01419abd25dff6-150x150.jpeg?imenable=1&impolicy=user-profile-picture&imwidth=100","4609","luksat1","36525","5385","71","6","34867","267","1855","false","true","Turkish","luksat1"
"https://static-cdn.jtvnw.net/jtv_user_pictures/4566f973-359f-4693-8a4a-ffb73975f66e-profile_image-150x150.png?imenable=1&impolicy=user-profile-picture&imwidth=100","4610","Graenz","460320","4770","248","96","34860","318","6696","true","false","German","Graenz"
"https://static-cdn.jtvnw.net/jtv_user_pictures/7eab7581-2237-4384-a9bf-09ddd4c0e338-profile_image-150x150.png?imenable=1&impolicy=user-profile-picture&imwidth=100","4611","june","522555","4920","407","105","34854","232","17309","true","false","German","june"
"https://static-cdn.jtvnw.net/jtv_user_pictures/12f68941-1cb8-4010-b43e-49e04dce8630-profile_image-150x150.png?imenable=1&impolicy=user-profile-picture&imwidth=100","4612","HMKilla","80325","915","134","87","34853","275","1267","true","false","English","HMKilla"
"https://static-cdn.jtvnw.net/jtv_user_pictures/17c247b9-90e3-44ed-a791-21d14419c01d-profile_image-150x150.png?imenable=1&impolicy=user-profile-picture&imwidth=100","4613","Chiakiiy","86265","4800","247","17","34851","237","2464","false","true","German","Chiakiiy"
"https://static-cdn.jtvnw.net/jtv_user_pictures/amieloo-profile_image-67edf66c353c4267-150x150.jpeg?imenable=1&impolicy=user-profile-picture&imwidth=100","4614","amieloo","1177725","5580","431","210","34849","140","8829","true","false","Russian","amieloo"
"https://static-cdn.jtvnw.net/jtv_user_pictures/943c0c8f-b87c-4164-9f47-ba1e9fd10d44-profile_image-150x150.jpeg?imenable=1&impolicy=user-profile-picture&imwidth=100","4615","ESL_it","0","15","0","0","34848","0","0","true","false","Italian","ESL_it"
"https://static-cdn.jtvnw.net/jtv_user_pictures/400f69ef-6e35-4401-a731-0f4e120639f6-profile_image-150x150.png?imenable=1&impolicy=user-profile-picture&imwidth=100","4616","ROWDYGOWDY","4875","165","56","29","34841","-2","9","true","true","English","ROWDYGOWDY"
"https://static-cdn.jtvnw.net/jtv_user_pictures/808cbeba-8b4c-4dbe-bc9e-d63c39cafe75-profile_image-150x150.jpeg?imenable=1&impolicy=user-profile-picture&imwidth=100","4617","TioDante","120","120","2","1","34835","0","1","false","true","Portuguese","TioDante"
"https://static-cdn.jtvnw.net/jtv_user_pictures/kingye-profile_image-b1bf130c567ad9f2-150x150.jpeg?imenable=1&impolicy=user-profile-picture&imwidth=100","4618","kingye","3187875","9615","1458","331","34826","3745","117517","true","false","Portuguese","kingye"
"https://static-cdn.jtvnw.net/jtv_user_pictures/dakieksde-profile_image-c8cc8bb2f49c26d7-150x150.png?imenable=1&impolicy=user-profile-picture&imwidth=100","4619","dakieksde","1872750","7230","462","258","34823","653","27226","true","true","German","dakieksde"
"https://static-cdn.jtvnw.net/jtv_user_pictures/faaeedfd-735f-4377-b82e-dcf542cbc787-profile_image-150x150.png?imenable=1&impolicy=user-profile-picture&imwidth=100","4620","crytek","185100","945","565","195","34812","595","15425","true","false","English","crytek"
"https://static-cdn.jtvnw.net/jtv_user_pictures/1eaab41c-9059-45bd-8107-d2a96abf19fa-profile_image-150x150.png?imenable=1&impolicy=user-profile-picture&imwidth=100","4621","Zonyk_iHD","341985","1515","581","225","34781","1161","8462","true","false","Spanish","Zonyk_iHD"
"https://static-cdn.jtvnw.net/jtv_user_pictures/xfelicia-profile_image-66f78148bac22c05-150x150.jpeg?imenable=1&impolicy=user-profile-picture&imwidth=100","4622","XFelicia","280665","4305","137","64","34780","850","4966","true","false","Italian","XFelicia"
"https://static-cdn.jtvnw.net/jtv_user_pictures/f5fb41e9-7b66-4b4b-9d3d-25951928511b-profile_image-150x150.png?imenable=1&impolicy=user-profile-picture&imwidth=100","4623","BRUISES","455145","5055","126","89","34776","2593","3152","true","false","English","BRUISES"
"https://static-cdn.jtvnw.net/jtv_user_pictures/0d22b2fa-37ab-4e6a-b1d3-bab362453aab-profile_image-150x150.png?imenable=1&impolicy=user-profile-picture&imwidth=100","4624","MINEXA","22935","495","85","46","34774","97","120","true","true","German","MINEXA"
"https://static-cdn.jtvnw.net/jtv_user_pictures/ddandis-profile_image-3cccfb2e9435a9b3-150x150.jpeg?imenable=1&impolicy=user-profile-picture&imwidth=100","4625","dDandis","105","165","3","0","34766","0","9","true","false","Czech","dDandis"
"https://static-cdn.jtvnw.net/jtv_user_pictures/tastymintsna-profile_image-d66c4d1dde0a20dc-150x150.png?imenable=1&impolicy=user-profile-picture&imwidth=100","4626","TastyMintsNA","604740","4905","1079","122","34753","3031","14830","true","false","English","TastyMintsNA"
"https://static-cdn.jtvnw.net/jtv_user_pictures/4df40e2b-c3ea-4b6d-8185-18f34171644b-profile_image-150x150.jpg?imenable=1&impolicy=user-profile-picture&imwidth=100","4627","heatrow_one","3969165","10725","683","369","34750","-4211","8893","false","true","Russian","heatrow_one"
"https://static-cdn.jtvnw.net/jtv_user_pictures/cabgg-profile_image-60afa635170454a6-150x150.png?imenable=1&impolicy=user-profile-picture&imwidth=100","4628","CabGG","516210","8865","1973","57","34746","828","819","true","false","English","CabGG"
"https://static-cdn.jtvnw.net/jtv_user_pictures/1435cca9-f016-4841-8458-def091b23df2-profile_image-150x150.png?imenable=1&impolicy=user-profile-picture&imwidth=100","4629","EnterElysium","516360","1665","553","309","34730","477","7843","true","false","English","EnterElysium"
"https://static-cdn.jtvnw.net/jtv_user_pictures/ulttis-profile_image-1076c8827540e53a-150x150.png?imenable=1&impolicy=user-profile-picture&imwidth=100","4630","Ulttis","19815","135","169","146","34716","17","91","true","false","Finnish","Ulttis"
"https://static-cdn.jtvnw.net/jtv_user_pictures/swanny-profile_image-89e8638f0323733a-150x150.png?imenable=1&impolicy=user-profile-picture&imwidth=100","4631","Swanny","375225","4740","277","78","34712","987","3615","true","false","English","Swanny"
"https://static-cdn.jtvnw.net/jtv_user_pictures/joefudge-profile_image-6853985c008acffa-150x150.png?imenable=1&impolicy=user-profile-picture&imwidth=100","4632","JoeFudge","1477935","8535","441","172","34707","1051","3994","true","false","English","JoeFudge"
"https://static-cdn.jtvnw.net/jtv_user_pictures/sintilla-profile_image-092c4d5b0559705d-150x150.png?imenable=1&impolicy=user-profile-picture&imwidth=100","4633","Sintilla","566520","6045","247","93","34680","1334","6279","true","true","English","Sintilla"
"https://static-cdn.jtvnw.net/jtv_user_pictures/c7fe2f41-c588-4434-b154-799b79cdef4f-profile_image-150x150.png?imenable=1&impolicy=user-profile-picture&imwidth=100","4634","ThePooN","28965","3135","39","8","34679","125","896","true","true","French","ThePooN"
"https://static-cdn.jtvnw.net/jtv_user_pictures/839dfcf1fa1008e9-profile_image-150x150.png?imenable=1&impolicy=user-profile-picture&imwidth=100","4635","InFlamesWeMust","12540","1935","22","6","34652","309","369","false","true","English","InFlamesWeMust"
"https://static-cdn.jtvnw.net/jtv_user_pictures/f2eff110-caa5-4996-9183-c84e0e79b018-profile_image-150x150.png?imenable=1&impolicy=user-profile-picture&imwidth=100","4636","巴哈姆特電玩瘋 (bahagamecrazy)","280320","1635","530","171","34644","174","28251","true","false","Chinese","巴哈姆特電玩瘋 (bahagamecrazy)"
"https://static-cdn.jtvnw.net/jtv_user_pictures/6b3eb4ec-dae4-4a74-81dd-52956c4b02f2-profile_image-150x150.png?imenable=1&impolicy=user-profile-picture&imwidth=100","4637","lLaXInG","15","15","1","1","34628","0","0","true","true","English","lLaXInG"
"https://static-cdn.jtvnw.net/jtv_user_pictures/e9934983-4a25-47cf-921b-4ef7ee5f2761-profile_image-150x150.png?imenable=1&impolicy=user-profile-picture&imwidth=100","4638","BIGJOE4U_","663525","8100","573","81","34614","605","2961","false","true","Arabic","BIGJOE4U_"
"https://static-cdn.jtvnw.net/jtv_user_pictures/f3c312d6-0cab-4f89-a502-c207a9c274c5-profile_image-150x150.png?imenable=1&impolicy=user-profile-picture&imwidth=100","4639","Tigerout","2415","330","16","7","34608","24","348","true","false","Bulgarian","Tigerout"
"https://static-cdn.jtvnw.net/jtv_user_pictures/b28e9905-cea9-44a4-87f1-8393f4ff9ba1-profile_image-150x150.png?imenable=1&impolicy=user-profile-picture&imwidth=100","4640","KolodiyTwins","11505","2100","13","5","34606","153","720","true","false","Russian","KolodiyTwins"
"https://static-cdn.jtvnw.net/jtv_user_pictures/sawardega-profile_image-ffbd1fec2824c7df-150x150.jpeg?imenable=1&impolicy=user-profile-picture&imwidth=100","4641","sawardega","1709235","5715","1152","298","34558","3860","27505","true","false","Polish","sawardega"
"https://static-cdn.jtvnw.net/jtv_user_pictures/520d2ddc-5a83-4304-9a46-da09c8f28ac1-profile_image-150x150.png?imenable=1&impolicy=user-profile-picture&imwidth=100","4642","Cringer","189045","9135","66","20","34536","231","1172","true","false","English","Cringer"
"https://static-cdn.jtvnw.net/jtv_user_pictures/d5f6e1a2-03e0-4f17-94ca-b660a49a4fa0-profile_image-150x150.jpg?imenable=1&impolicy=user-profile-picture&imwidth=100","4643","Seansstream","3243615","15750","1365","205","34534","2217","48511","true","true","German","Seansstream"
"https://static-cdn.jtvnw.net/jtv_user_pictures/e95bb5ad-d03e-4675-9d8a-869f24c42f47-profile_image-150x150.png?imenable=1&impolicy=user-profile-picture&imwidth=100","4644","IrinaSolodyuk","169620","4230","304","39","34518","442","5716","true","false","Russian","IrinaSolodyuk"
"https://static-cdn.jtvnw.net/jtv_user_pictures/672dbfd2-c157-429b-b19e-a70c41cccb84-profile_image-150x150.png?imenable=1&impolicy=user-profile-picture&imwidth=100","4645","Rian","1947780","11595","846","167","34518","-5185","13660","true","true","English","Rian"
"https://static-cdn.jtvnw.net/jtv_user_pictures/298aa1e8-0f2a-4b82-b707-810f0beb9816-profile_image-150x150.png?imenable=1&impolicy=user-profile-picture&imwidth=100","4646","munchymane","645","3945","4","0","34517","11","15","true","true","English","munchymane"
"https://static-cdn.jtvnw.net/jtv_user_pictures/57de12c0-da8b-46cf-8895-8fa8aa083824-profile_image-150x150.png?imenable=1&impolicy=user-profile-picture&imwidth=100","4647","Covent","124830","6510","74","18","34508","148","267","true","false","English","Covent"
"https://static-cdn.jtvnw.net/jtv_user_pictures/letofski-profile_image-d60efa3ca3c8699f-150x150.png?imenable=1&impolicy=user-profile-picture&imwidth=100","4648","Letofski","1179855","7170","402","164","34493","316","7540","true","false","English","Letofski"
"https://static-cdn.jtvnw.net/jtv_user_pictures/f1dcabff-18e6-4861-88a8-d2a21bb66d7c-profile_image-150x150.png?imenable=1&impolicy=user-profile-picture&imwidth=100","4649","Temp","1007295","7545","1298","133","34488","3548","3921","true","false","English","Temp"
"https://static-cdn.jtvnw.net/jtv_user_pictures/95c00f4c-40cd-4ba9-beb9-b14cf73a449b-profile_image-150x150.png?imenable=1&impolicy=user-profile-picture&imwidth=100","4650","chapix","4065","855","9","4","34484","5","31","true","false","Swedish","chapix"