"","","Channel","Watch time","Stream time","Peak viewers","Average viewers","Followers","Followers gained","Views gained","Partnered","Mature","Language",""
"https://static-cdn.jtvnw.net/jtv_user_pictures/hatedslick-profile_image-d32d851c1ce92fa9-150x150.png?imenable=1&impolicy=user-profile-picture&imwidth=100","74201","hatedslick","2880","1485","6","1","694","-106","15","false","true","English","hatedslick"
"https://static-cdn.jtvnw.net/jtv_user_pictures/2aae5f72-01d6-4fbb-ad71-258ab2263803-profile_image-150x150.png?imenable=1&impolicy=user-profile-picture&imwidth=100","74202","HAMMERRAZOR","6750","3945","9","1","694","34","93","false","false","English","HAMMERRAZOR"
"https://static-cdn.jtvnw.net/jtv_user_pictures/nezled-profile_image-34039b68a64a6e20-150x150.jpeg?imenable=1&impolicy=user-profile-picture&imwidth=100","74203","Nezled","11070","5430","65","1","694","-46","78","false","false","English","Nezled"
"https://static-cdn.jtvnw.net/jtv_user_pictures/arexils-profile_image-d56b3b865a766dbd-150x150.png?imenable=1&impolicy=user-profile-picture&imwidth=100","74204","Arexils","5655","7035","5","0","694","15","533","false","false","Russian","Arexils"
"https://static-cdn.jtvnw.net/jtv_user_pictures/razmirsolus-profile_image-353f59012950019f-150x150.png?imenable=1&impolicy=user-profile-picture&imwidth=100","74205","RazmirSolus","27465","9870","10","2","694","25","110","false","true","English","RazmirSolus"
"https://static-cdn.jtvnw.net/user-default-pictures-uv/294c98b5-e34d-42cd-a8f0-140b72fba9b0-profile_image-150x150.png?imenable=1&impolicy=user-profile-picture&imwidth=100","74206","Trigger014","23175","2070","26","10","694","13","82","false","true","English","Trigger014"
"https://static-cdn.jtvnw.net/jtv_user_pictures/0e1bd95f-a96c-47c1-8de5-4c5fdd9cb831-profile_image-150x150.jpg?imenable=1&impolicy=user-profile-picture&imwidth=100","74207","Re0NuM","135","60","3","2","694","5","39","false","false","French","Re0NuM"
"https://static-cdn.jtvnw.net/jtv_user_pictures/57ee0a4f4a1d63da-profile_image-150x150.png?imenable=1&impolicy=user-profile-picture&imwidth=100","74208","DarthLumberg","21210","5040","19","3","694","9","45","false","true","English","DarthLumberg"
"https://static-cdn.jtvnw.net/jtv_user_pictures/4c608f67-7ef6-420a-9dea-039d6030d451-profile_image-150x150.png?imenable=1&impolicy=user-profile-picture&imwidth=100","74209","Ticots_","1185","495","5","2","694","3","15","false","false","French","Ticots_"
"https://static-cdn.jtvnw.net/jtv_user_pictures/d05e4617-9da9-4532-9f28-cc0fd97cf5e9-profile_image-150x150.png?imenable=1&impolicy=user-profile-picture&imwidth=100","74210","Smallguy72","120","105","2","1","694","0","0","false","true","English","Smallguy72"
"https://static-cdn.jtvnw.net/jtv_user_pictures/mempe-profile_image-8d03d5a7446b69a1-150x150.jpeg?imenable=1&impolicy=user-profile-picture&imwidth=100","74211","MeMpe","7740","1215","20","5","694","1","125","false","false","English","MeMpe"
"https://static-cdn.jtvnw.net/jtv_user_pictures/shredder_xxx-profile_image-08a898a289f83396-150x150.jpeg?imenable=1&impolicy=user-profile-picture&imwidth=100","74212","shreDDer_xxx","390","1545","3","0","693","0","44","false","true","Russian","shreDDer_xxx"
"https://static-cdn.jtvnw.net/jtv_user_pictures/zenrens-profile_image-f6e4525c6e541788-150x150.png?imenable=1&impolicy=user-profile-picture&imwidth=100","74213","Zenrens","0","15","0","0","693","0","0","false","true","English","Zenrens"
"https://static-cdn.jtvnw.net/jtv_user_pictures/charlxz-profile_image-b78f38cc5719e5f6-150x150.png?imenable=1&impolicy=user-profile-picture&imwidth=100","74214","Charlxz","0","15","0","0","693","0","0","false","false","Spanish","Charlxz"
"https://static-cdn.jtvnw.net/jtv_user_pictures/cd80851a-7fcf-46be-80e0-392cffedb192-profile_image-150x150.jpg?imenable=1&impolicy=user-profile-picture&imwidth=100","74215","Luneith","30","15","2","2","693","0","0","false","false","French","Luneith"
"https://static-cdn.jtvnw.net/jtv_user_pictures/xdarkharx-profile_image-8cb0ba9318b49e11-150x150.jpeg?imenable=1&impolicy=user-profile-picture&imwidth=100","74216","xDARKHARx","45","60","1","0","693","1","9","false","false","English","xDARKHARx"
"https://static-cdn.jtvnw.net/user-default-pictures/bb97f7e6-f11a-4194-9708-52bf5a5125e8-profile_image-150x150.jpg?imenable=1&impolicy=user-profile-picture&imwidth=100","74217","dcuomrexile","225450","8400","75","26","693","290","631","false","false","","dcuomrexile"
"https://static-cdn.jtvnw.net/jtv_user_pictures/043851db-02fb-4e58-b2f3-2a41dffe8029-profile_image-150x150.png?imenable=1&impolicy=user-profile-picture&imwidth=100","74218","cCrater","45","135","1","0","693","3","0","false","false","English","cCrater"
"https://static-cdn.jtvnw.net/jtv_user_pictures/6f6cfe9a-d982-4eaf-9d6f-6bc2da67a38e-profile_image-150x150.png?imenable=1&impolicy=user-profile-picture&imwidth=100","74219","xMerz","750","1185","3","0","693","8","1","false","false","English","xMerz"
"https://static-cdn.jtvnw.net/jtv_user_pictures/f69cf06c-b4e0-4e2f-be5a-ed91badc8fcd-profile_image-150x150.png?imenable=1&impolicy=user-profile-picture&imwidth=100","74220","itznotkevincuh","1635","675","6","1","693","13","8","false","false","English","itznotkevincuh"
"https://static-cdn.jtvnw.net/jtv_user_pictures/5e1497bd-5213-4c18-b7cc-54491a96c3b9-profile_image-150x150.png?imenable=1&impolicy=user-profile-picture&imwidth=100","74221","MrGrizzlyy","120","105","4","0","693","0","0","false","true","English","MrGrizzlyy"
"https://static-cdn.jtvnw.net/jtv_user_pictures/8317689d-32fd-40b2-a254-95a61d1126c0-profile_image-150x150.png?imenable=1&impolicy=user-profile-picture&imwidth=100","74222","hjorthenn","120","150","2","0","693","0","0","false","false","Danish","hjorthenn"
"https://static-cdn.jtvnw.net/jtv_user_pictures/b988df48-3d9a-4a29-8bd8-186153276e43-profile_image-150x150.png?imenable=1&impolicy=user-profile-picture&imwidth=100","74223","lll_YANN_lll","10455","5235","12","1","693","46","129","false","true","French","lll_YANN_lll"
"https://static-cdn.jtvnw.net/jtv_user_pictures/coolcricri-profile_image-b0dc883da754c5cd-150x150.jpeg?imenable=1&impolicy=user-profile-picture&imwidth=100","74224","CoolCriCri","810","1620","11","0","693","3","2","false","false","English","CoolCriCri"
"https://static-cdn.jtvnw.net/jtv_user_pictures/a62e7b94-d0bf-4665-b809-c4a178b60dda-profile_image-150x150.png?imenable=1&impolicy=user-profile-picture&imwidth=100","74225","TUFFtales","645","345","4","1","693","1","6","false","true","English","TUFFtales"
"https://static-cdn.jtvnw.net/jtv_user_pictures/4061021d-a8a0-4b79-99ed-36eb2bf823bc-profile_image-150x150.png?imenable=1&impolicy=user-profile-picture&imwidth=100","74226","CarlozG","90","45","3","2","693","0","0","false","true","English","CarlozG"
"https://static-cdn.jtvnw.net/jtv_user_pictures/6ae31b47-ad01-4355-942f-3ff37f18a264-profile_image-150x150.png?imenable=1&impolicy=user-profile-picture&imwidth=100","74227","Serca7","42510","4335","25","9","693","127","1504","false","false","Spanish","Serca7"
"https://static-cdn.jtvnw.net/jtv_user_pictures/1f982a84-ec31-42c2-837f-302f98c4c5ea-profile_image-150x150.png?imenable=1&impolicy=user-profile-picture&imwidth=100","74228","GodSmokeyy","750","540","5","1","693","13","9","false","true","English","GodSmokeyy"
"https://static-cdn.jtvnw.net/jtv_user_pictures/vohotv-profile_image-c4c1f73defe1b3c0-150x150.png?imenable=1&impolicy=user-profile-picture&imwidth=100","74229","VoHoTv","150","135","3","1","693","2","1","false","false","Dutch","VoHoTv"
"https://static-cdn.jtvnw.net/jtv_user_pictures/livinitlarge365-profile_image-9727a96edc957b60-150x150.jpeg?imenable=1&impolicy=user-profile-picture&imwidth=100","74230","Livinitlarge365","120","60","2","2","693","0","0","false","false","English","Livinitlarge365"
"https://static-cdn.jtvnw.net/jtv_user_pictures/8bb12a03-2c44-45c7-af9c-1a4766ea6234-profile_image-150x150.png?imenable=1&impolicy=user-profile-picture&imwidth=100","74231","Katamew","60","30","2","2","693","0","0","false","true","English","Katamew"
"https://static-cdn.jtvnw.net/jtv_user_pictures/hero_1994-profile_image-d51dafaa4e899af1-150x150.jpeg?imenable=1&impolicy=user-profile-picture&imwidth=100","74232","啊雄 (hero_1994)","5790","210","58","27","693","16","53","false","false","Chinese","啊雄 (hero_1994)"
"https://static-cdn.jtvnw.net/jtv_user_pictures/90432a1f-6963-4d1f-90ee-b4605860de27-profile_image-150x150.png?imenable=1&impolicy=user-profile-picture&imwidth=100","74233","HoneyBadgerLives","1335","420","9","2","693","0","0","false","true","English","HoneyBadgerLives"
"https://static-cdn.jtvnw.net/jtv_user_pictures/livionrift-profile_image-8987ffb396dda649-150x150.jpeg?imenable=1&impolicy=user-profile-picture&imwidth=100","74234","Livionrift","33705","9675","14","3","693","61","495","false","true","German","Livionrift"
"https://static-cdn.jtvnw.net/jtv_user_pictures/4c3e34c5-8a9a-4d92-a34c-546c4c0bc487-profile_image-150x150.png?imenable=1&impolicy=user-profile-picture&imwidth=100","74235","KelmaraDoi","10665","2580","24","3","693","29","168","false","true","German","KelmaraDoi"
"https://static-cdn.jtvnw.net/jtv_user_pictures/0a5d891c-b0f3-4bbc-8d01-dde60a2e1581-profile_image-150x150.png?imenable=1&impolicy=user-profile-picture&imwidth=100","74236","CaptainWaynes","11190","2985","13","3","693","12","67","false","true","English","CaptainWaynes"
"https://static-cdn.jtvnw.net/jtv_user_pictures/5e46cea9-f0c3-4595-8873-cfd33d2a0494-profile_image-150x150.png?imenable=1&impolicy=user-profile-picture&imwidth=100","74237","satandota","15","15","1","1","693","0","0","false","true","Russian","satandota"
"https://static-cdn.jtvnw.net/jtv_user_pictures/f89cf854-5289-4911-8803-c903a1d9db1b-profile_image-150x150.png?imenable=1&impolicy=user-profile-picture&imwidth=100","74238","NForceTV","720","495","6","1","693","-5","12","false","true","French","NForceTV"
"https://static-cdn.jtvnw.net/jtv_user_pictures/fd2932fb-4728-4add-aec4-9df0ad125bf2-profile_image-150x150.png?imenable=1&impolicy=user-profile-picture&imwidth=100","74239","Motooni","9600","2775","14","3","693","11","102","false","true","English","Motooni"
"https://static-cdn.jtvnw.net/jtv_user_pictures/c76fdec9-7ad9-4662-89a2-c164e73e44e1-profile_image-150x150.png?imenable=1&impolicy=user-profile-picture&imwidth=100","74240","Nito_LR","5310","1170","10","4","693","13","16","false","true","English","Nito_LR"
"https://static-cdn.jtvnw.net/jtv_user_pictures/d55f2089-b3ce-45eb-a7e2-dc9844f0be34-profile_image-150x150.png?imenable=1&impolicy=user-profile-picture&imwidth=100","74241","bakugodash","90","30","4","3","693","0","0","false","false","English","bakugodash"
"https://static-cdn.jtvnw.net/jtv_user_pictures/90404e15-8922-48bc-87f6-b792de2d5c29-profile_image-150x150.jpg?imenable=1&impolicy=user-profile-picture&imwidth=100","74242","shokugeki11","195","90","4","2","693","0","28","false","false","English","shokugeki11"
"https://static-cdn.jtvnw.net/jtv_user_pictures/grantchil-profile_image-886a128d658d69b8-150x150.jpeg?imenable=1&impolicy=user-profile-picture&imwidth=100","74243","grantchil","45825","3030","38","14","693","39","163","false","false","English","grantchil"
"https://static-cdn.jtvnw.net/jtv_user_pictures/blitzkriegx187-profile_image-ea6b7142a67ea664-150x150.jpeg?imenable=1&impolicy=user-profile-picture&imwidth=100","74244","Blitzkriegx187","12705","555","88","22","693","1076","17","false","true","English","Blitzkriegx187"
"https://static-cdn.jtvnw.net/jtv_user_pictures/tehmudjin-profile_image-f1395323e2cd05c8-150x150.png?imenable=1&impolicy=user-profile-picture&imwidth=100","74245","Tehmudjin","30030","4380","37","6","693","20","506","false","true","Swedish","Tehmudjin"
"https://static-cdn.jtvnw.net/jtv_user_pictures/b9400b6c-5582-4235-9519-195d33d6b440-profile_image-150x150.png?imenable=1&impolicy=user-profile-picture&imwidth=100","74246","slowcoolx","6840","3165","10","1","693","6","242","false","true","English","slowcoolx"
"https://static-cdn.jtvnw.net/jtv_user_pictures/psulive-profile_image-5f5260382cb38709-150x150.jpeg?imenable=1&impolicy=user-profile-picture&imwidth=100","74247","PSUlive","3195","630","16","4","693","4","40","false","true","English","PSUlive"
"https://static-cdn.jtvnw.net/user-default-pictures/0ecbb6c3-fecb-4016-8115-aa467b7c36ed-profile_image-150x150.jpg?imenable=1&impolicy=user-profile-picture&imwidth=100","74248","vinizeraaa","480","60","9","8","693","0","-20","false","false","Portuguese","vinizeraaa"
"https://static-cdn.jtvnw.net/jtv_user_pictures/b86c88712f7a03b7-profile_image-150x150.png?imenable=1&impolicy=user-profile-picture&imwidth=100","74249","ReasonsOCE","5070","3105","11","1","693","10","61","false","false","English","ReasonsOCE"
"https://static-cdn.jtvnw.net/jtv_user_pictures/supah38-profile_image-3333db4286b33f75-150x150.jpeg?imenable=1&impolicy=user-profile-picture&imwidth=100","74250","supah38","2070","90","32","23","693","26","17","false","false","French","supah38"
"https://static-cdn.jtvnw.net/jtv_user_pictures/kiitoksia-profile_image-23ca3da2d1b6d983-150x150.png?imenable=1&impolicy=user-profile-picture&imwidth=100","74251","Kiitoksia","19740","1050","64","18","693","6","83","false","false","English","Kiitoksia"
"https://static-cdn.jtvnw.net/jtv_user_pictures/de2cec9a-7c78-4e74-b42a-1b4ea917dd91-profile_image-150x150.png?imenable=1&impolicy=user-profile-picture&imwidth=100","74252","InZaynolas","1770","540","9","3","693","6","31","false","true","English","InZaynolas"
"https://static-cdn.jtvnw.net/jtv_user_pictures/b0e5a31f-7259-4e55-9d7b-fdba04fe9a8d-profile_image-150x150.png?imenable=1&impolicy=user-profile-picture&imwidth=100","74253","Lastkiller17","60","90","1","0","693","0","21","false","false","Spanish","Lastkiller17"
"https://static-cdn.jtvnw.net/jtv_user_pictures/57cd9f04-6c99-482e-800a-1180a9feebb9-profile_image-150x150.png?imenable=1&impolicy=user-profile-picture&imwidth=100","74254","evilfacku","88140","4065","491","21","693","-874","986","false","false","Russian","evilfacku"
"https://static-cdn.jtvnw.net/jtv_user_pictures/b0affe39-53ba-45e8-b178-9049de63150d-profile_image-150x150.png?imenable=1&impolicy=user-profile-picture&imwidth=100","74255","stretzee","825","375","7","1","693","7","37","false","false","English","stretzee"
"https://static-cdn.jtvnw.net/jtv_user_pictures/love_sc2-profile_image-c67c65ea71a0c5e2-150x150.jpeg?imenable=1&impolicy=user-profile-picture&imwidth=100","74256","LovE_Sc2","8100","2190","8","3","693","-2","50","false","true","English","LovE_Sc2"
"https://static-cdn.jtvnw.net/jtv_user_pictures/85cbcca1-9305-42a6-92a4-fcb122846e52-profile_image-150x150.jpeg?imenable=1&impolicy=user-profile-picture&imwidth=100","74257","MousePadGaming","3735","2475","7","1","693","6","13","false","true","English","MousePadGaming"
"https://static-cdn.jtvnw.net/jtv_user_pictures/83167ba9-01de-4be3-a6f3-177cb6adeb42-profile_image-150x150.png?imenable=1&impolicy=user-profile-picture&imwidth=100","74258","Metakolik","0","75","0","0","693","0","0","false","true","Turkish","Metakolik"
"https://static-cdn.jtvnw.net/jtv_user_pictures/0cabf3bc-1a0f-46ad-a34f-1a726b978f3d-profile_image-150x150.jpg?imenable=1&impolicy=user-profile-picture&imwidth=100","74259","cs_inside","1200","315","7","3","693","38","64","false","true","French","cs_inside"
"https://static-cdn.jtvnw.net/jtv_user_pictures/brobob-profile_image-44c76107af350e2c-150x150.png?imenable=1&impolicy=user-profile-picture&imwidth=100","74260","brobob","15525","2520","23","5","693","15","114","false","false","English","brobob"
"https://static-cdn.jtvnw.net/jtv_user_pictures/scyth3s-profile_image-5902a6926d9bb152-150x150.png?imenable=1&impolicy=user-profile-picture&imwidth=100","74261","Scyth3s","12285","7545","9","1","693","18","262","false","true","French","Scyth3s"
"https://static-cdn.jtvnw.net/jtv_user_pictures/redzombie18-profile_image-f5b6a680515306e0-150x150.jpeg?imenable=1&impolicy=user-profile-picture&imwidth=100","74262","Redzombie18","3330","2910","5","0","693","6","69","false","true","English","Redzombie18"
"https://static-cdn.jtvnw.net/jtv_user_pictures/xxrammixx-profile_image-ae0b0f6677ea5938-150x150.jpeg?imenable=1&impolicy=user-profile-picture&imwidth=100","74263","xxRaMMixx","34530","5295","15","6","693","9","408","false","true","German","xxRaMMixx"
"https://static-cdn.jtvnw.net/jtv_user_pictures/55d4e279-d297-41ea-80e7-7cba8fff449c-profile_image-150x150.png?imenable=1&impolicy=user-profile-picture&imwidth=100","74264","SIMPLYtheWURST","12210","2145","20","5","693","5","44","false","false","English","SIMPLYtheWURST"
"https://static-cdn.jtvnw.net/jtv_user_pictures/telemokos-profile_image-09227287c71381b2-150x150.jpeg?imenable=1&impolicy=user-profile-picture&imwidth=100","74265","Telemokos","3150","540","63","5","693","15","29","false","false","English","Telemokos"
"https://static-cdn.jtvnw.net/jtv_user_pictures/cami5390-profile_image-fd063dc1265d485a-150x150.jpeg?imenable=1&impolicy=user-profile-picture&imwidth=100","74266","Cami5390","300","90","5","3","693","1","4","false","false","Spanish","Cami5390"
"https://static-cdn.jtvnw.net/jtv_user_pictures/d434ac03-4617-46e2-9de3-caa0c13a6fe8-profile_image-150x150.png?imenable=1&impolicy=user-profile-picture&imwidth=100","74267","LanokirX","1995","825","5","2","693","4","34","false","true","English","LanokirX"
"https://static-cdn.jtvnw.net/jtv_user_pictures/d29a10cb0de94157-profile_image-150x150.jpeg?imenable=1&impolicy=user-profile-picture&imwidth=100","74268","titiublack","8475","2940","10","2","693","6","472","false","false","Portuguese","titiublack"
"https://static-cdn.jtvnw.net/jtv_user_pictures/cada423e5ac85409-profile_image-150x150.png?imenable=1&impolicy=user-profile-picture&imwidth=100","74269","SebDaMuffin","44160","5325","37","7","693","43","258","false","true","English","SebDaMuffin"
"https://static-cdn.jtvnw.net/jtv_user_pictures/acfd3cb6-c720-4991-aef2-74b98cbe6b34-profile_image-150x150.png?imenable=1&impolicy=user-profile-picture&imwidth=100","74270","rumaychian","90","30","3","3","692","0","0","false","false","Spanish","rumaychian"
"https://static-cdn.jtvnw.net/jtv_user_pictures/b5a94812-dff0-4ab7-8658-4f920ad2b77d-profile_image-150x150.png?imenable=1&impolicy=user-profile-picture&imwidth=100","74271","AnotherFunkingGamer","15","15","1","1","692","0","0","false","false","English","AnotherFunkingGamer"
"https://static-cdn.jtvnw.net/jtv_user_pictures/e1e1d8fa-6162-4ca0-8efa-37c636e08458-profile_image-150x150.png?imenable=1&impolicy=user-profile-picture&imwidth=100","74272","Billyjohnbob88","225","165","3","1","692","3","0","false","true","English","Billyjohnbob88"
"https://static-cdn.jtvnw.net/jtv_user_pictures/d1a1c618-fac1-4dcd-9518-5d28b14157d3-profile_image-150x150.jpg?imenable=1&impolicy=user-profile-picture&imwidth=100","74273","SmexyCarter","15","90","1","0","692","1","7","false","true","English","SmexyCarter"
"https://static-cdn.jtvnw.net/jtv_user_pictures/06d08c4e-e9ed-4aeb-bafb-0e7e385e83b1-profile_image-150x150.png?imenable=1&impolicy=user-profile-picture&imwidth=100","74274","AnestheticGaming","4005","1020","38","3","692","729","5065","false","true","English","AnestheticGaming"
"https://static-cdn.jtvnw.net/jtv_user_pictures/49fd1426fe832516-profile_image-150x150.jpeg?imenable=1&impolicy=user-profile-picture&imwidth=100","74275","BloodMoonLilin","120","165","1","0","692","0","5","false","true","English","BloodMoonLilin"
"https://static-cdn.jtvnw.net/jtv_user_pictures/f35eaaa5-5357-44d8-a644-7a72d51342d6-profile_image-150x150.png?imenable=1&impolicy=user-profile-picture&imwidth=100","74276","AlysMsc","210","75","7","2","692","3","4","false","false","English","AlysMsc"
"https://static-cdn.jtvnw.net/jtv_user_pictures/c4b72ab8-2bb4-4d2f-b5f2-de0b1781a6e4-profile_image-150x150.png?imenable=1&impolicy=user-profile-picture&imwidth=100","74277","Paralakz","0","30","0","0","692","0","0","false","true","English","Paralakz"
"https://static-cdn.jtvnw.net/jtv_user_pictures/7de06471-2105-43a7-86e4-77c27a06b700-profile_image-150x150.png?imenable=1&impolicy=user-profile-picture&imwidth=100","74278","Cupz21","5025","735","18","6","692","28","28","false","true","English","Cupz21"
"https://static-cdn.jtvnw.net/jtv_user_pictures/eaaf9dc1-0da4-434d-8ad9-aecfe445dbe0-profile_image-150x150.png?imenable=1&impolicy=user-profile-picture&imwidth=100","74279","TheRealDJKitty","945","360","9","2","692","17","70","false","false","English","TheRealDJKitty"
"https://static-cdn.jtvnw.net/jtv_user_pictures/4edc13d2-cb1c-4923-84d5-2b2ba85706fd-profile_image-150x150.jpeg?imenable=1&impolicy=user-profile-picture&imwidth=100","74280","ELITESUPERMAN","315","780","6","0","692","4","1","false","false","English","ELITESUPERMAN"
"https://static-cdn.jtvnw.net/jtv_user_pictures/1800efbdf8e3b974-profile_image-150x150.jpeg?imenable=1&impolicy=user-profile-picture&imwidth=100","74281","Gibbstick","7575","1545","16","4","692","40","87","false","false","English","Gibbstick"
"https://static-cdn.jtvnw.net/jtv_user_pictures/sanguinejackal-profile_image-663126481fffdc98-150x150.png?imenable=1&impolicy=user-profile-picture&imwidth=100","74282","SanguineJackal","11835","3870","9","2","692","37","32","false","true","English","SanguineJackal"
"https://static-cdn.jtvnw.net/jtv_user_pictures/429f9c38-757f-4166-b890-164ca2cdf07a-profile_image-150x150.png?imenable=1&impolicy=user-profile-picture&imwidth=100","74283","FailsWithTails","32310","11520","167","2","692","29","117","false","true","English","FailsWithTails"
"https://static-cdn.jtvnw.net/jtv_user_pictures/0d0ef059-1a3d-4088-ae48-2a1771a0b557-profile_image-150x150.png?imenable=1&impolicy=user-profile-picture&imwidth=100","74284","Ultra_Violet","20490","4530","54","4","692","44","396","false","true","Russian","Ultra_Violet"
"https://static-cdn.jtvnw.net/jtv_user_pictures/af2087be-005a-4d22-867d-afbb6645e5e4-profile_image-150x150.png?imenable=1&impolicy=user-profile-picture&imwidth=100","74285","doomslayer1975","4650","6540","4","0","692","7","119","false","false","English","doomslayer1975"
"https://static-cdn.jtvnw.net/jtv_user_pictures/52a74134-4114-433c-97e0-6480dccd41bf-profile_image-150x150.png?imenable=1&impolicy=user-profile-picture&imwidth=100","74286","yeetc9","885","240","10","3","692","9","26","false","false","English","yeetc9"
"https://static-cdn.jtvnw.net/jtv_user_pictures/pattedoursaumiel-profile_image-79b1f7207ce3a806-150x150.jpeg?imenable=1&impolicy=user-profile-picture&imwidth=100","74287","Pattedoursaumiel","7170","3825","8","1","692","13","195","false","false","French","Pattedoursaumiel"
"https://static-cdn.jtvnw.net/jtv_user_pictures/sniper_echo-profile_image-ecae460c3d30af54-150x150.jpeg?imenable=1&impolicy=user-profile-picture&imwidth=100","74288","Sniper_Echo","18900","4005","16","4","692","125","325","false","true","English","Sniper_Echo"
"https://static-cdn.jtvnw.net/jtv_user_pictures/weathers40-profile_image-e17fc330feb9056d-150x150.png?imenable=1&impolicy=user-profile-picture&imwidth=100","74289","Weathers40","450","195","5","1","692","0","11","false","true","English","Weathers40"
"https://static-cdn.jtvnw.net/jtv_user_pictures/b89dee5b-a3d8-4fb1-9f49-8b7aef143752-profile_image-150x150.png?imenable=1&impolicy=user-profile-picture&imwidth=100","74290","zVarium","75","15","5","5","692","0","0","false","false","English","zVarium"
"https://static-cdn.jtvnw.net/jtv_user_pictures/a9136e52-12dc-4f77-8d59-bf430b250617-profile_image-150x150.png?imenable=1&impolicy=user-profile-picture&imwidth=100","74291","kev257","450","210","5","1","692","2","21","false","false","English","kev257"
"https://static-cdn.jtvnw.net/jtv_user_pictures/b3de3f58-86c0-401a-bbac-529117c126d9-profile_image-150x150.png?imenable=1&impolicy=user-profile-picture&imwidth=100","74292","jeremiahreaper","21375","2670","38","7","692","29","77","false","false","English","jeremiahreaper"
"https://static-cdn.jtvnw.net/jtv_user_pictures/terry84b-profile_image-5bdc67affec6349a-150x150.jpeg?imenable=1&impolicy=user-profile-picture&imwidth=100","74293","Terry84b","1425","360","9","3","692","0","4","false","false","English","Terry84b"
"https://static-cdn.jtvnw.net/jtv_user_pictures/dcf8d9c8-b5e8-4aa7-ae7e-25ac8d573f36-profile_image-150x150.png?imenable=1&impolicy=user-profile-picture&imwidth=100","74294","OmniRusted","16680","7065","11","1","692","22","159","false","false","English","OmniRusted"
"https://static-cdn.jtvnw.net/jtv_user_pictures/420187-profile_image-65b8a9f9678233f9-150x150.png?imenable=1&impolicy=user-profile-picture&imwidth=100","74295","420187","1035","660","5","1","692","8","17","false","true","English","420187"
"https://static-cdn.jtvnw.net/jtv_user_pictures/karlwithak-profile_image-936d3300208761ec-150x150.jpeg?imenable=1&impolicy=user-profile-picture&imwidth=100","74296","KarlwithaK","17130","1725","26","9","692","77","167","false","false","English","KarlwithaK"
"https://static-cdn.jtvnw.net/jtv_user_pictures/faithify-profile_image-91e479ca6d3ac03e-150x150.jpeg?imenable=1&impolicy=user-profile-picture&imwidth=100","74297","Faithify","30","15","2","2","692","0","0","false","false","English","Faithify"
"https://static-cdn.jtvnw.net/jtv_user_pictures/fde269df-8dc2-41af-92cb-7ab9a7e08e8c-profile_image-150x150.png?imenable=1&impolicy=user-profile-picture&imwidth=100","74298","jib_entertainment","30","30","1","1","692","0","0","false","true","English","jib_entertainment"
"https://static-cdn.jtvnw.net/jtv_user_pictures/be0f7bef-7ce1-4b0b-8973-ff44f33ea151-profile_image-150x150.png?imenable=1&impolicy=user-profile-picture&imwidth=100","74299","AaronxSupreme","600","495","4","0","692","4","0","false","false","English","AaronxSupreme"
"https://static-cdn.jtvnw.net/jtv_user_pictures/d0604822-54ea-4d40-97b1-c7f4bea8de2c-profile_image-150x150.jpg?imenable=1&impolicy=user-profile-picture&imwidth=100","74300","daave","90","120","2","0","692","0","0","true","false","English","daave"