"","","Channel","Watch time","Stream time","Peak viewers","Average viewers","Followers","Followers gained","Views gained","Partnered","Mature","Language",""
"https://static-cdn.jtvnw.net/jtv_user_pictures/tarnsmandw-profile_image-991d1c1e41106415-150x150.jpeg?imenable=1&impolicy=user-profile-picture&imwidth=100","57801","TarnsmanDW","9150","390","37","23","1053","5","90","false","true","English","TarnsmanDW"
"https://static-cdn.jtvnw.net/jtv_user_pictures/899fd2b1-f610-48fc-981f-3fbeaeeb49b7-profile_image-150x150.png?imenable=1&impolicy=user-profile-picture&imwidth=100","57802","DragonBorne28","5610","165","69","34","1053","19","18","false","false","English","DragonBorne28"
"https://static-cdn.jtvnw.net/jtv_user_pictures/7f6737cb-2d84-4be5-ae1c-60ff3c637f10-profile_image-150x150.png?imenable=1&impolicy=user-profile-picture&imwidth=100","57803","RelevantJesse","360","45","9","8","1053","0","0","false","false","English","RelevantJesse"
"https://static-cdn.jtvnw.net/jtv_user_pictures/carbontnt-profile_image-0e8c3fd73c0980d3-150x150.jpeg?imenable=1&impolicy=user-profile-picture&imwidth=100","57804","CarbonTNT","16785","5490","10","2","1053","7","159","false","true","English","CarbonTNT"
"https://static-cdn.jtvnw.net/jtv_user_pictures/femmefatalefox-profile_image-57e9044e0e2e56fb-150x150.jpeg?imenable=1&impolicy=user-profile-picture&imwidth=100","57805","femmefatalefox","43455","3270","31","12","1053","134","184","false","false","English","femmefatalefox"
"https://static-cdn.jtvnw.net/jtv_user_pictures/40637508-7847-40b7-ae8d-2a65174e46f1-profile_image-150x150.jpg?imenable=1&impolicy=user-profile-picture&imwidth=100","57806","AchiKat","13185","1665","62","7","1053","14","72","false","true","English","AchiKat"
"https://static-cdn.jtvnw.net/jtv_user_pictures/thanos_reign-profile_image-80bf8baea80d4982-150x150.jpeg?imenable=1&impolicy=user-profile-picture&imwidth=100","57807","Thanos_reign","2325","705","9","3","1053","-3","7","false","true","English","Thanos_reign"
"https://static-cdn.jtvnw.net/jtv_user_pictures/2a6bb686-ca75-460a-a718-0accefb10373-profile_image-150x150.png?imenable=1&impolicy=user-profile-picture&imwidth=100","57808","ZiggyDerg","0","30","0","0","1052","0","0","false","false","English","ZiggyDerg"
"https://static-cdn.jtvnw.net/jtv_user_pictures/randomgholst-profile_image-e62d9d66759fc62f-150x150.jpeg?imenable=1&impolicy=user-profile-picture&imwidth=100","57809","Randomgholst","21645","990","77","21","1052","1051","46","false","false","","Randomgholst"
"https://static-cdn.jtvnw.net/jtv_user_pictures/8977cc3e-54ae-4035-bb60-356c16cb82a9-profile_image-150x150.png?imenable=1&impolicy=user-profile-picture&imwidth=100","57810","Olimaclan","2055","225","21","8","1052","2","146","false","false","Spanish","Olimaclan"
"https://static-cdn.jtvnw.net/jtv_user_pictures/albertowolli-profile_image-476ad0f6b4b4389f-150x150.png?imenable=1&impolicy=user-profile-picture&imwidth=100","57811","AlbertoWolli","86205","6585","49","12","1052","380","800","false","false","German","AlbertoWolli"
"https://static-cdn.jtvnw.net/jtv_user_pictures/2e2e33992758adbd-profile_image-150x150.png?imenable=1&impolicy=user-profile-picture&imwidth=100","57812","krozochki","435","240","4","1","1052","4","34","false","false","Turkish","krozochki"
"https://static-cdn.jtvnw.net/jtv_user_pictures/f6be63d0-48be-49b3-a393-d4de2a772f8b-profile_image-150x150.png?imenable=1&impolicy=user-profile-picture&imwidth=100","57813","ooHughes","60","30","3","2","1052","1","1","false","false","English","ooHughes"
"https://static-cdn.jtvnw.net/jtv_user_pictures/20002460-6c72-4f19-8ced-366cc80c3225-profile_image-150x150.png?imenable=1&impolicy=user-profile-picture&imwidth=100","57814","SonikBuster","16830","4365","19","3","1052","41","144","false","false","English","SonikBuster"
"https://static-cdn.jtvnw.net/jtv_user_pictures/b03be497-115b-4838-8e92-3b0dadd86f14-profile_image-150x150.jpg?imenable=1&impolicy=user-profile-picture&imwidth=100","57815","ForeSee_TV","270","285","3","0","1052","6","42","false","true","French","ForeSee_TV"
"https://static-cdn.jtvnw.net/jtv_user_pictures/alakeys-profile_image-e9a7975f3f59fc88-150x150.png?imenable=1&impolicy=user-profile-picture&imwidth=100","57816","Alakeys","75","45","3","1","1052","0","0","false","false","","Alakeys"
"https://static-cdn.jtvnw.net/jtv_user_pictures/80b06bce-f64a-4842-9047-6c32ff5eb89e-profile_image-150x150.png?imenable=1&impolicy=user-profile-picture&imwidth=100","57817","Killerrosebud","405","555","4","0","1052","15","22","false","true","English","Killerrosebud"
"https://static-cdn.jtvnw.net/jtv_user_pictures/strongkuisma-profile_image-ffaeb635003a6441-150x150.png?imenable=1&impolicy=user-profile-picture&imwidth=100","57818","StrongKuisma","2100","630","6","2","1052","-1","11","false","true","Finnish","StrongKuisma"
"https://static-cdn.jtvnw.net/jtv_user_pictures/1dccc9718f41b953-profile_image-150x150.jpeg?imenable=1&impolicy=user-profile-picture&imwidth=100","57819","Carter15BEBE","36735","6645","40","5","1052","138","2023","false","false","English","Carter15BEBE"
"https://static-cdn.jtvnw.net/jtv_user_pictures/dougwildes-profile_image-aa14d089a5552e3b-150x150.png?imenable=1&impolicy=user-profile-picture&imwidth=100","57820","DougWildes","166650","19095","258","8","1052","15","681","false","true","English","DougWildes"
"https://static-cdn.jtvnw.net/jtv_user_pictures/jonas_bengtson-profile_image-afd6b3b9f8ddff64-150x150.png?imenable=1&impolicy=user-profile-picture&imwidth=100","57821","jonas_bengtson","15645","270","113","57","1052","34","129","false","false","Danish","jonas_bengtson"
"https://static-cdn.jtvnw.net/jtv_user_pictures/52b3673f-d626-4194-8014-fe6fa65aabd9-profile_image-150x150.png?imenable=1&impolicy=user-profile-picture&imwidth=100","57822","CupcakeGrenade","4875","510","16","9","1052","23","30","false","false","English","CupcakeGrenade"
"https://static-cdn.jtvnw.net/jtv_user_pictures/acf62208-cbbe-4b3b-b1b9-dd7a16f3112a-profile_image-150x150.png?imenable=1&impolicy=user-profile-picture&imwidth=100","57823","Exocryst","23115","4350","30","4","1052","38","75","false","false","English","Exocryst"
"https://static-cdn.jtvnw.net/jtv_user_pictures/coral-profile_image-a21d2c0b481168fd-150x150.jpeg?imenable=1&impolicy=user-profile-picture&imwidth=100","57824","coral","795","18840","3","0","1052","-3","47","false","true","English","coral"
"https://static-cdn.jtvnw.net/jtv_user_pictures/giftbeere-profile_image-3a4f8cd792bde430-150x150.jpeg?imenable=1&impolicy=user-profile-picture&imwidth=100","57825","giftbeere","255","255","2","1","1052","0","17","false","false","German","giftbeere"
"https://static-cdn.jtvnw.net/jtv_user_pictures/dina_fr-profile_image-be8511bd2fe63b5d-150x150.jpeg?imenable=1&impolicy=user-profile-picture&imwidth=100","57826","DiNa_FR","15","15","1","1","1052","0","0","false","false","French","DiNa_FR"
"https://static-cdn.jtvnw.net/jtv_user_pictures/escmuc-profile_image-f1531fdf30c5388e-150x150.jpeg?imenable=1&impolicy=user-profile-picture&imwidth=100","57827","escMuc","12675","1470","41","7","1052","-4133","379","false","false","","escMuc"
"https://static-cdn.jtvnw.net/jtv_user_pictures/a60d5939-8438-4360-93f8-789743365c5f-profile_image-150x150.png?imenable=1&impolicy=user-profile-picture&imwidth=100","57828","flexmedia_","3870","345","24","10","1052","49","73","false","false","German","flexmedia_"
"https://static-cdn.jtvnw.net/jtv_user_pictures/fd1132f4-8c04-475e-8a26-e490decc36e4-profile_image-150x150.png?imenable=1&impolicy=user-profile-picture&imwidth=100","57829","Pirnography","585","345","4","1","1052","0","21","false","false","English","Pirnography"
"https://static-cdn.jtvnw.net/jtv_user_pictures/a521989f-2334-4031-87db-babeea26e467-profile_image-150x150.png?imenable=1&impolicy=user-profile-picture&imwidth=100","57830","wxviiii","2295","585","9","3","1052","15","74","false","true","English","wxviiii"
"https://static-cdn.jtvnw.net/jtv_user_pictures/097dfcf9-e595-43c1-945a-b81b4e6bb973-profile_image-150x150.png?imenable=1&impolicy=user-profile-picture&imwidth=100","57831","KAUNIETIZ","18000","1380","43","12","1052","36","159","false","false","English","KAUNIETIZ"
"https://static-cdn.jtvnw.net/jtv_user_pictures/tosoliobanderos-profile_image-ab39591a218118f3-150x150.jpeg?imenable=1&impolicy=user-profile-picture&imwidth=100","57832","TosolioBanderos","78975","2100","1093","37","1052","193","1731","false","true","Russian","TosolioBanderos"
"https://static-cdn.jtvnw.net/jtv_user_pictures/princecanon-profile_image-2ca7eaa3f35a1985-150x150.png?imenable=1&impolicy=user-profile-picture&imwidth=100","57833","PrinceCanon","10095","1380","24","6","1052","1","21","false","true","English","PrinceCanon"
"https://static-cdn.jtvnw.net/jtv_user_pictures/c5d1404b-0813-4e8f-841f-3b90bd4c1215-profile_image-150x150.png?imenable=1&impolicy=user-profile-picture&imwidth=100","57834","Rookiespoiler","2475","735","9","2","1052","11","12","false","true","Czech","Rookiespoiler"
"https://static-cdn.jtvnw.net/jtv_user_pictures/e7544d92-768d-48e4-9d05-9b9ee1858397-profile_image-150x150.jpg?imenable=1&impolicy=user-profile-picture&imwidth=100","57835","lananablu","45","15","3","3","1052","0","0","false","false","Italian","lananablu"
"https://static-cdn.jtvnw.net/jtv_user_pictures/illusionalham-profile_image-0ad324f5a6677f23-150x150.jpeg?imenable=1&impolicy=user-profile-picture&imwidth=100","57836","illusionalham","22140","5700","38","3","1052","34","95","false","false","English","illusionalham"
"https://static-cdn.jtvnw.net/jtv_user_pictures/thewayneshow_-profile_image-e17be390cacf3bd6-150x150.jpeg?imenable=1&impolicy=user-profile-picture&imwidth=100","57837","TheWayneShow_","0","240","1","0","1052","-7","0","false","true","English","TheWayneShow_"
"https://static-cdn.jtvnw.net/jtv_user_pictures/1dba2707-80d2-4171-b321-fdbe54888f65-profile_image-150x150.png?imenable=1&impolicy=user-profile-picture&imwidth=100","57838","onyxstrider","14550","1035","32","13","1052","20","93","false","true","English","onyxstrider"
"https://static-cdn.jtvnw.net/jtv_user_pictures/ayemkonfyoozed-profile_image-fc8708723391a056-150x150.png?imenable=1&impolicy=user-profile-picture&imwidth=100","57839","AyemKonfyoozed","12465","3570","11","3","1052","-1158","90","false","false","English","AyemKonfyoozed"
"https://static-cdn.jtvnw.net/jtv_user_pictures/trainer_steevee-profile_image-75b0cd468f680908-150x150.png?imenable=1&impolicy=user-profile-picture&imwidth=100","57840","Trainer_Steevee","4875","405","24","11","1052","15","66","false","false","English","Trainer_Steevee"
"https://static-cdn.jtvnw.net/jtv_user_pictures/50b0eb12-5557-483e-a8a5-6da494dc2832-profile_image-150x150.png?imenable=1&impolicy=user-profile-picture&imwidth=100","57841","FLORENCIO4305","930","1755","3","0","1052","0","10","false","false","English","FLORENCIO4305"
"https://static-cdn.jtvnw.net/jtv_user_pictures/sirfacealot-profile_image-528ca54ba8c25a80-150x150.png?imenable=1&impolicy=user-profile-picture&imwidth=100","57842","sirfacealot","126615","6660","105","18","1052","69","274","false","false","English","sirfacealot"
"https://static-cdn.jtvnw.net/jtv_user_pictures/aegisvs-profile_image-6ceb46604027496f-150x150.jpeg?imenable=1&impolicy=user-profile-picture&imwidth=100","57843","AegisVS","100350","15600","23","5","1052","30","245","false","false","English","AegisVS"
"https://static-cdn.jtvnw.net/jtv_user_pictures/450a8768-25ae-49c2-b7a9-d01b73ac5cdc-profile_image-150x150.png?imenable=1&impolicy=user-profile-picture&imwidth=100","57844","AleksthePawn","22995","4095","16","5","1052","36","218","false","true","English","AleksthePawn"
"https://static-cdn.jtvnw.net/jtv_user_pictures/sameguydifferentday-profile_image-fb3e4e961b1ff1f0-150x150.png?imenable=1&impolicy=user-profile-picture&imwidth=100","57845","SameGuyDifferentDay","2880","3300","4","0","1052","-4","38","false","false","Dutch","SameGuyDifferentDay"
"https://static-cdn.jtvnw.net/jtv_user_pictures/5d08220c-5958-43fc-9520-537d787826fd-profile_image-150x150.png?imenable=1&impolicy=user-profile-picture&imwidth=100","57846","ThoughtsOverThots","90","30","4","3","1051","0","0","false","false","English","ThoughtsOverThots"
"https://static-cdn.jtvnw.net/jtv_user_pictures/f242570a-89ff-4f62-aae7-9507281e030d-profile_image-150x150.png?imenable=1&impolicy=user-profile-picture&imwidth=100","57847","VlESTAH","15","75","1","0","1051","0","0","false","false","German","VlESTAH"
"https://static-cdn.jtvnw.net/jtv_user_pictures/658f3fbf-4fd5-46ea-9c27-01f1b86f0165-profile_image-150x150.jpeg?imenable=1&impolicy=user-profile-picture&imwidth=100","57848","Noylls","930","225","10","4","1051","3","19","false","false","French","Noylls"
"https://static-cdn.jtvnw.net/jtv_user_pictures/a293a507-3b2f-451e-840a-d1bf8cbb5000-profile_image-150x150.png?imenable=1&impolicy=user-profile-picture&imwidth=100","57849","OverlordxTwitch","0","15","0","0","1051","0","0","false","true","English","OverlordxTwitch"
"https://static-cdn.jtvnw.net/jtv_user_pictures/theevilteacher-profile_image-e9cdd3aac15176b2-150x150.png?imenable=1&impolicy=user-profile-picture&imwidth=100","57850","TheEvilTeacher","10830","5370","14","1","1051","22","591","false","true","Arabic","TheEvilTeacher"
"https://static-cdn.jtvnw.net/jtv_user_pictures/1df0c0b6-6bfa-4f79-a82d-7efe48a0f34a-profile_image-150x150.png?imenable=1&impolicy=user-profile-picture&imwidth=100","57851","acidcouple","6615","3030","10","1","1051","45","321","false","false","Russian","acidcouple"
"https://static-cdn.jtvnw.net/jtv_user_pictures/d8ae3426-ec04-43d9-ba75-b946f72f9823-profile_image-150x150.png?imenable=1&impolicy=user-profile-picture&imwidth=100","57852","iSwinery","0","75","0","0","1051","0","0","false","true","English","iSwinery"
"https://static-cdn.jtvnw.net/user-default-pictures/cd618d3e-f14d-4960-b7cf-094231b04735-profile_image-150x150.jpg?imenable=1&impolicy=user-profile-picture&imwidth=100","57853","Nzurt","0","30","0","0","1051","0","0","false","false","English","Nzurt"
"https://static-cdn.jtvnw.net/jtv_user_pictures/d6f51458-c5b9-4bf7-9da2-f91ced2fbbaa-profile_image-150x150.png?imenable=1&impolicy=user-profile-picture&imwidth=100","57854","TER152","45","165","3","0","1051","0","0","false","true","English","TER152"
"https://static-cdn.jtvnw.net/jtv_user_pictures/norman_edance-profile_image-f21795c6f0f95249-150x150.png?imenable=1&impolicy=user-profile-picture&imwidth=100","57855","Norman_Edance","210","60","5","3","1051","0","0","false","true","Russian","Norman_Edance"
"https://static-cdn.jtvnw.net/jtv_user_pictures/proman006-profile_image-16f310d95c3ca846-150x150.jpeg?imenable=1&impolicy=user-profile-picture&imwidth=100","57856","Proman006","435","315","3","1","1051","5","7","false","false","French","Proman006"
"https://static-cdn.jtvnw.net/jtv_user_pictures/0a88ae66-bc29-4edb-af22-6702762ef82f-profile_image-150x150.png?imenable=1&impolicy=user-profile-picture&imwidth=100","57857","avacyn_archangel","30","45","1","0","1051","0","13","false","false","Spanish","avacyn_archangel"
"https://static-cdn.jtvnw.net/jtv_user_pictures/865b2093-c88c-4bce-b6ca-0d66fb08004a-profile_image-150x150.png?imenable=1&impolicy=user-profile-picture&imwidth=100","57858","Hoopzah","2955","1140","21","2","1051","39","81","false","false","English","Hoopzah"
"https://static-cdn.jtvnw.net/jtv_user_pictures/9ced2acb-c886-4da4-8440-bcd485a233a9-profile_image-150x150.png?imenable=1&impolicy=user-profile-picture&imwidth=100","57859","Impulsive_veins","89145","12495","2603","6","1051","137","125","false","true","English","Impulsive_veins"
"https://static-cdn.jtvnw.net/jtv_user_pictures/boltzkid97-profile_image-0cec9e53bfb9eafb-150x150.png?imenable=1&impolicy=user-profile-picture&imwidth=100","57860","boltzkid97","690","660","4","0","1051","3","11","false","true","English","boltzkid97"
"https://static-cdn.jtvnw.net/jtv_user_pictures/27183fc6-616f-4b7c-90ae-47549af6991a-profile_image-150x150.png?imenable=1&impolicy=user-profile-picture&imwidth=100","57861","myntzy_","765","285","5","2","1051","0","23","false","true","English","myntzy_"
"https://static-cdn.jtvnw.net/jtv_user_pictures/3f04f8bd14bfc9db-profile_image-150x150.png?imenable=1&impolicy=user-profile-picture&imwidth=100","57862","A02o","255","105","4","2","1051","0","0","false","false","English","A02o"
"https://static-cdn.jtvnw.net/jtv_user_pictures/the_swedishsmiley-profile_image-411a3686d164d609-150x150.png?imenable=1&impolicy=user-profile-picture&imwidth=100","57863","The_SwedishSmiley","45","60","1","0","1051","0","1","false","false","Other","The_SwedishSmiley"
"https://static-cdn.jtvnw.net/jtv_user_pictures/mtg0409-profile_image-1e6393358b8b86a9-150x150.jpeg?imenable=1&impolicy=user-profile-picture&imwidth=100","57864","Mtg0409","90","435","2","0","1051","-1","16","false","false","English","Mtg0409"
"https://static-cdn.jtvnw.net/jtv_user_pictures/4b06a4f2-c2d4-4d7f-a4ce-a2d1599bd217-profile_image-150x150.png?imenable=1&impolicy=user-profile-picture&imwidth=100","57865","AlmightyRuss_","0","90","1","0","1051","0","2","false","false","English","AlmightyRuss_"
"https://static-cdn.jtvnw.net/jtv_user_pictures/363ead92-1bc7-4103-b88b-468a71109b46-profile_image-150x150.png?imenable=1&impolicy=user-profile-picture&imwidth=100","57866","Memoria1985","11265","3495","8","2","1051","-60","103","false","true","English","Memoria1985"
"https://static-cdn.jtvnw.net/jtv_user_pictures/352ecb86-8914-47c5-95e1-635eca740be6-profile_image-150x150.png?imenable=1&impolicy=user-profile-picture&imwidth=100","57867","MustashDaPlayer","10875","1545","18","6","1051","-32","26","false","true","English","MustashDaPlayer"
"https://static-cdn.jtvnw.net/jtv_user_pictures/cb328465-7a88-46ad-baa3-df14563aa6f1-profile_image-150x150.png?imenable=1&impolicy=user-profile-picture&imwidth=100","57868","PubbyyTV","15","105","1","0","1051","0","0","false","false","English","PubbyyTV"
"https://static-cdn.jtvnw.net/jtv_user_pictures/443f7b5b-2c78-4dfc-81b0-1b0fe5d63061-profile_image-150x150.png?imenable=1&impolicy=user-profile-picture&imwidth=100","57869","Goldphnx","3705","900","9","3","1051","10","71","false","false","English","Goldphnx"
"https://static-cdn.jtvnw.net/jtv_user_pictures/mastakirby-profile_image-13b63094c4a701af-150x150.jpeg?imenable=1&impolicy=user-profile-picture&imwidth=100","57870","Mastakirby","6885","1785","10","3","1051","3","53","false","true","English","Mastakirby"
"https://static-cdn.jtvnw.net/jtv_user_pictures/d0a5bc87-53f8-45cf-a320-778fdc815060-profile_image-150x150.png?imenable=1&impolicy=user-profile-picture&imwidth=100","57871","QMRRAGE","30285","5685","23","4","1051","55","120","false","true","English","QMRRAGE"
"https://static-cdn.jtvnw.net/jtv_user_pictures/cd79cb70-4d54-413f-be7e-bf9f910459cf-profile_image-150x150.png?imenable=1&impolicy=user-profile-picture&imwidth=100","57872","mrChriis","11235","2985","14","3","1051","3","32","false","false","English","mrChriis"
"https://static-cdn.jtvnw.net/jtv_user_pictures/bbc9efe0-f5a7-4325-9c3a-c9b34d0818e9-profile_image-150x150.png?imenable=1&impolicy=user-profile-picture&imwidth=100","57873","EIRE_Gaz","0","15","0","0","1051","0","0","false","true","English","EIRE_Gaz"
"https://static-cdn.jtvnw.net/jtv_user_pictures/df4b97c6-eabd-4182-861b-20c057293b8b-profile_image-150x150.png?imenable=1&impolicy=user-profile-picture&imwidth=100","57874","Slyleaf","420","75","9","5","1051","1","0","false","false","English","Slyleaf"
"https://static-cdn.jtvnw.net/jtv_user_pictures/vado_esp-profile_image-dfde9329c0f9e95b-150x150.jpeg?imenable=1&impolicy=user-profile-picture&imwidth=100","57875","Vado_Esp","12525","930","26","12","1051","33","158","false","false","Spanish","Vado_Esp"
"https://static-cdn.jtvnw.net/jtv_user_pictures/928c2fab-8a9e-4c61-aac9-291d15cc0549-profile_image-150x150.png?imenable=1&impolicy=user-profile-picture&imwidth=100","57876","katastr0phic","300","105","5","2","1051","0","0","false","true","English","katastr0phic"
"https://static-cdn.jtvnw.net/jtv_user_pictures/f4ae9fac-3dec-4f19-aff5-cb5784f4a3e3-profile_image-150x150.png?imenable=1&impolicy=user-profile-picture&imwidth=100","57877","iRoxerLive","6120","810","84","7","1051","252","266","false","true","German","iRoxerLive"
"https://static-cdn.jtvnw.net/jtv_user_pictures/mcswane-profile_image-20c8bbea00112b27-150x150.jpeg?imenable=1&impolicy=user-profile-picture&imwidth=100","57878","McSwane","151590","5595","663","26","1051","245","787","false","false","English","McSwane"
"https://static-cdn.jtvnw.net/jtv_user_pictures/aeioucow-profile_image-6a9d462d145dd873-150x150.jpeg?imenable=1&impolicy=user-profile-picture&imwidth=100","57879","Aeioucow","34170","2625","41","12","1051","14","1353","false","false","Chinese","Aeioucow"
"https://static-cdn.jtvnw.net/jtv_user_pictures/fattyisgamer-profile_image-ba6d93352eec3b35-150x150.jpeg?imenable=1&impolicy=user-profile-picture&imwidth=100","57880","FATTYisGAMER","73185","24615","11","2","1051","11","190","false","true","English","FATTYisGAMER"
"https://static-cdn.jtvnw.net/jtv_user_pictures/6fdff7b6-2776-4d96-9d71-5fecac0fedee-profile_image-150x150.png?imenable=1&impolicy=user-profile-picture&imwidth=100","57881","MarioFilo","45","45","1","1","1050","0","0","false","true","Czech","MarioFilo"
"https://static-cdn.jtvnw.net/jtv_user_pictures/92398e03-0e40-4002-8115-b101f83ce6bc-profile_image-150x150.png?imenable=1&impolicy=user-profile-picture&imwidth=100","57882","ktown17","0","105","0","0","1050","0","0","false","false","English","ktown17"
"https://static-cdn.jtvnw.net/jtv_user_pictures/d39cf138-5e55-42f7-9f8a-d1746505605c-profile_image-150x150.png?imenable=1&impolicy=user-profile-picture&imwidth=100","57883","princeriyami","360","210","4","1","1050","3","5","false","false","English","princeriyami"
"https://static-cdn.jtvnw.net/jtv_user_pictures/2d334ac2-ac73-4dd5-8290-1aaad54c1c83-profile_image-150x150.png?imenable=1&impolicy=user-profile-picture&imwidth=100","57884","benMutu","90","60","3","1","1050","1","0","false","false","Turkish","benMutu"
"https://static-cdn.jtvnw.net/jtv_user_pictures/laid_back_with_a_beer-profile_image-70e7b8481efaa96c-150x150.jpeg?imenable=1&impolicy=user-profile-picture&imwidth=100","57885","Laid_back_with_a_beer","270","255","3","0","1050","8","5","false","false","English","Laid_back_with_a_beer"
"https://static-cdn.jtvnw.net/jtv_user_pictures/e8c30881-9c83-49d2-bae3-be480ef2083c-profile_image-150x150.png?imenable=1&impolicy=user-profile-picture&imwidth=100","57886","Ratsuu_","285","1065","2","0","1050","1","9","false","false","French","Ratsuu_"
"https://static-cdn.jtvnw.net/jtv_user_pictures/eadfa59745339538-profile_image-150x150.png?imenable=1&impolicy=user-profile-picture&imwidth=100","57887","TheCheeseyGamer","555","165","6","3","1050","0","11","false","false","English","TheCheeseyGamer"
"https://static-cdn.jtvnw.net/jtv_user_pictures/11d74e79-3177-47ad-bd42-21e3bf273273-profile_image-150x150.png?imenable=1&impolicy=user-profile-picture&imwidth=100","57888","KrisEy","9195","2430","9","3","1050","29","32","false","true","English","KrisEy"
"https://static-cdn.jtvnw.net/jtv_user_pictures/59f1daa2-d469-4d5b-9efa-fc0af1eaafb0-profile_image-150x150.png?imenable=1&impolicy=user-profile-picture&imwidth=100","57889","ZIIXMO","0","30","0","0","1050","0","0","false","false","Spanish","ZIIXMO"
"https://static-cdn.jtvnw.net/jtv_user_pictures/spiritaslol-profile_image-5964f43b834a8c3f-150x150.png?imenable=1&impolicy=user-profile-picture&imwidth=100","57890","SpiritasLoL","2550","1485","5","1","1050","-5","8","false","true","English","SpiritasLoL"
"https://static-cdn.jtvnw.net/jtv_user_pictures/makelp-profile_image-a6c8796d37111f10-150x150.jpeg?imenable=1&impolicy=user-profile-picture&imwidth=100","57891","makeLp","1455","930","5","1","1050","3","17","false","false","German","makeLp"
"https://static-cdn.jtvnw.net/jtv_user_pictures/35c22365-7179-4b5b-853e-daa6cc2e8f69-profile_image-150x150.png?imenable=1&impolicy=user-profile-picture&imwidth=100","57892","PaddyPharo","16500","1950","100","8","1050","100","184","false","false","German","PaddyPharo"
"https://static-cdn.jtvnw.net/jtv_user_pictures/wurps-profile_image-bbcade715c7f175d-150x150.jpeg?imenable=1&impolicy=user-profile-picture&imwidth=100","57893","Wurps","630","540","3","1","1050","-1","4","false","false","English","Wurps"
"https://static-cdn.jtvnw.net/jtv_user_pictures/thecutler-profile_image-3248cbb44342c538-150x150.png?imenable=1&impolicy=user-profile-picture&imwidth=100","57894","TheCutler","8955","1650","11","4","1050","-2","43","false","true","","TheCutler"
"https://static-cdn.jtvnw.net/jtv_user_pictures/37aa5e2524f751cf-profile_image-150x150.png?imenable=1&impolicy=user-profile-picture&imwidth=100","57895","Cexylie","18885","1920","84","9","1050","112","298","false","true","English","Cexylie"
"https://static-cdn.jtvnw.net/jtv_user_pictures/5e5d8055-b01c-4b78-9129-e77d652e552f-profile_image-150x150.png?imenable=1&impolicy=user-profile-picture&imwidth=100","57896","theConnrad","5310","2295","16","2","1050","45","134","false","false","German","theConnrad"
"https://static-cdn.jtvnw.net/jtv_user_pictures/pimpdonny-profile_image-0c8ea1af37cb208b-150x150.jpeg?imenable=1&impolicy=user-profile-picture&imwidth=100","57897","PimpDonny","5355","450","42","11","1050","11","67","false","true","English","PimpDonny"
"https://static-cdn.jtvnw.net/jtv_user_pictures/303d76cf-3a11-4282-a3fe-de64edfa5d67-profile_image-150x150.png?imenable=1&impolicy=user-profile-picture&imwidth=100","57898","Pink0Panda","1065","945","7","0","1050","5","3","false","true","English","Pink0Panda"
"https://static-cdn.jtvnw.net/jtv_user_pictures/36fcf2c0-e463-4b83-b765-57d5ce0b0700-profile_image-150x150.png?imenable=1&impolicy=user-profile-picture&imwidth=100","57899","Relentless_LoL","4035","960","11","3","1050","4","55","false","false","German","Relentless_LoL"
"https://static-cdn.jtvnw.net/jtv_user_pictures/tuna_inc-profile_image-e8e058a6c6b36349-150x150.jpeg?imenable=1&impolicy=user-profile-picture&imwidth=100","57900","Tuna_inc","8850","330","38","26","1050","28","134","false","true","Russian","Tuna_inc"