"","","Channel","Watch time","Stream time","Peak viewers","Average viewers","Followers","Followers gained","Views gained","Partnered","Mature","Language",""
"https://static-cdn.jtvnw.net/jtv_user_pictures/2628423b-286e-4d2f-a786-25192a4e8d47-profile_image-150x150.png?imenable=1&impolicy=user-profile-picture&imwidth=100","56901","slap242","2580","2760","5","0","1077","7","11","false","false","English","slap242"
"https://static-cdn.jtvnw.net/jtv_user_pictures/ozmikgaming-profile_image-74b8962050053ad8-150x150.png?imenable=1&impolicy=user-profile-picture&imwidth=100","56902","OzmikGaming","300","90","6","3","1077","0","0","false","false","","OzmikGaming"
"https://static-cdn.jtvnw.net/jtv_user_pictures/e206a698-0b1c-47e1-bafc-2e97b8e25b10-profile_image-150x150.png?imenable=1&impolicy=user-profile-picture&imwidth=100","56903","Korlian81","120","120","3","1","1077","-1","9","false","true","English","Korlian81"
"https://static-cdn.jtvnw.net/jtv_user_pictures/28cdd0e8-a92d-49f4-86b2-97e32bda5b1b-profile_image-150x150.png?imenable=1&impolicy=user-profile-picture&imwidth=100","56904","Frosiito","3045","1620","8","1","1077","20","277","false","false","Spanish","Frosiito"
"https://static-cdn.jtvnw.net/jtv_user_pictures/fef11a15-0141-43e4-8f16-11ab5fa1ec7c-profile_image-150x150.png?imenable=1&impolicy=user-profile-picture&imwidth=100","56905","itsMikeMason","181140","2355","267","76","1077","168","1405","false","false","English","itsMikeMason"
"https://static-cdn.jtvnw.net/jtv_user_pictures/85bf62ce-693b-4f10-97f4-0a79aaeaf156-profile_image-150x150.png?imenable=1&impolicy=user-profile-picture&imwidth=100","56906","Sorea_","26460","5850","27","4","1077","25","404","false","false","French","Sorea_"
"https://static-cdn.jtvnw.net/jtv_user_pictures/marzmadness127-profile_image-770301da076a385c-150x150.jpeg?imenable=1&impolicy=user-profile-picture&imwidth=100","56907","Marzmadness127","3780","1140","10","2","1077","2","10","false","false","English","Marzmadness127"
"https://static-cdn.jtvnw.net/jtv_user_pictures/tazloona-profile_image-80167e569ccbabd2-150x150.png?imenable=1&impolicy=user-profile-picture&imwidth=100","56908","Tazloona","9075","2505","15","3","1077","13","46","false","true","English","Tazloona"
"https://static-cdn.jtvnw.net/jtv_user_pictures/d269ccab-5e6e-41c2-a713-ae4171b22d1b-profile_image-150x150.png?imenable=1&impolicy=user-profile-picture&imwidth=100","56909","NeonLight_TFC","19125","4725","25","3","1077","33","281","false","true","English","NeonLight_TFC"
"https://static-cdn.jtvnw.net/jtv_user_pictures/6a69aed6-3a19-48a4-9853-d19852ae80d2-profile_image-150x150.png?imenable=1&impolicy=user-profile-picture&imwidth=100","56910","pi3TV","1380","195","15","7","1077","1","2","false","true","English","pi3TV"
"https://static-cdn.jtvnw.net/jtv_user_pictures/b0e2e53a-984b-4d38-865c-b1ff39cf1024-profile_image-150x150.png?imenable=1&impolicy=user-profile-picture&imwidth=100","56911","Killfuller","15","15","1","1","1077","0","0","false","true","English","Killfuller"
"https://static-cdn.jtvnw.net/jtv_user_pictures/5a295f32-c0f7-4ba3-a281-a76f5d4879f9-profile_image-150x150.png?imenable=1&impolicy=user-profile-picture&imwidth=100","56912","Khandin_","18570","2055","95","8","1076","10","68","false","false","English","Khandin_"
"https://static-cdn.jtvnw.net/jtv_user_pictures/saxborgy-profile_image-c19f692e84cdd9a8-150x150.png?imenable=1&impolicy=user-profile-picture&imwidth=100","56913","Saxborgy","45","30","3","1","1076","0","3","false","false","English","Saxborgy"
"https://static-cdn.jtvnw.net/jtv_user_pictures/b8121932-3dce-4b88-980f-788b73bef822-profile_image-150x150.png?imenable=1&impolicy=user-profile-picture&imwidth=100","56914","Fudgesnaps","30","45","1","0","1076","0","0","false","true","English","Fudgesnaps"
"https://static-cdn.jtvnw.net/jtv_user_pictures/jazzerella-profile_image-500cc4bed23d18a4-150x150.jpeg?imenable=1&impolicy=user-profile-picture&imwidth=100","56915","Jazzerella","39105","7080","25","5","1076","180","221","false","true","English","Jazzerella"
"https://static-cdn.jtvnw.net/jtv_user_pictures/elotejg-profile_image-4cd626d9720033f6-150x150.jpeg?imenable=1&impolicy=user-profile-picture&imwidth=100","56916","EloteJG","3585","870","9","3","1076","43","173","false","false","Spanish","EloteJG"
"https://static-cdn.jtvnw.net/jtv_user_pictures/tablorn-profile_image-8bca4e58ca3145e3-150x150.jpeg?imenable=1&impolicy=user-profile-picture&imwidth=100","56917","Tablorn","15","15","1","1","1076","0","0","false","true","English","Tablorn"
"https://static-cdn.jtvnw.net/jtv_user_pictures/wojkov-profile_image-2bae73e9c47b696a-150x150.png?imenable=1&impolicy=user-profile-picture&imwidth=100","56918","wojkov","4455","285","19","14","1076","3","3","false","true","English","wojkov"
"https://static-cdn.jtvnw.net/jtv_user_pictures/9d5aa8e1-5676-41b2-ad70-be2f32576148-profile_image-150x150.jpg?imenable=1&impolicy=user-profile-picture&imwidth=100","56919","FallenGaming949","420","450","1","0","1076","0","23","false","true","English","FallenGaming949"
"https://static-cdn.jtvnw.net/jtv_user_pictures/ddb366aa-9b46-4b00-8a0a-580393d09d99-profile_image-150x150.jpg?imenable=1&impolicy=user-profile-picture&imwidth=100","56920","Dully3","8190","900","48","8","1076","43","17","false","false","English","Dully3"
"https://static-cdn.jtvnw.net/jtv_user_pictures/69ab2151-2cc9-44ef-a1fb-2dc20918225d-profile_image-150x150.jpeg?imenable=1&impolicy=user-profile-picture&imwidth=100","56921","Jace48","120","75","4","1","1076","2","0","false","false","English","Jace48"
"https://static-cdn.jtvnw.net/jtv_user_pictures/5ffe039e-13b4-4723-aba2-73e7bc0bcdaa-profile_image-150x150.png?imenable=1&impolicy=user-profile-picture&imwidth=100","56922","LEVIS6","0","15","0","0","1076","0","0","false","false","Polish","LEVIS6"
"https://static-cdn.jtvnw.net/jtv_user_pictures/c04f8e97-9fa4-43ad-b689-eb9da417af1d-profile_image-150x150.jpeg?imenable=1&impolicy=user-profile-picture&imwidth=100","56923","teeeekz","7710","870","15","8","1076","43","155","false","true","English","teeeekz"
"https://static-cdn.jtvnw.net/jtv_user_pictures/djsketch04-profile_image-470287ecd50fb15d-150x150.png?imenable=1&impolicy=user-profile-picture&imwidth=100","56924","DJSketch04","375","810","5","0","1076","-26","1","false","true","English","DJSketch04"
"https://static-cdn.jtvnw.net/jtv_user_pictures/26109da2-1e4a-4ff2-9b61-82043203ed79-profile_image-150x150.png?imenable=1&impolicy=user-profile-picture&imwidth=100","56925","staffiehdplays07","8295","3465","10","1","1076","36","236","false","false","English","staffiehdplays07"
"https://static-cdn.jtvnw.net/jtv_user_pictures/1c103a4e-aa8e-462e-a804-ac47a7a9cce7-profile_image-150x150.png?imenable=1&impolicy=user-profile-picture&imwidth=100","56926","iTayo_","12495","5220","9","1","1076","20","29","false","true","English","iTayo_"
"https://static-cdn.jtvnw.net/jtv_user_pictures/pwntatochip-profile_image-aefcc7cf250270c4-150x150.jpeg?imenable=1&impolicy=user-profile-picture&imwidth=100","56927","PwntatoChip","4395","1620","112","2","1076","-41","166","false","false","","PwntatoChip"
"https://static-cdn.jtvnw.net/jtv_user_pictures/099e2443-b6e3-4a0f-a5a2-abf1c6f07216-profile_image-150x150.png?imenable=1&impolicy=user-profile-picture&imwidth=100","56928","Notonny","0","150","0","0","1076","0","0","false","false","French","Notonny"
"https://static-cdn.jtvnw.net/jtv_user_pictures/92cbd0ce-a27f-4d72-8ebf-74671b093105-profile_image-150x150.png?imenable=1&impolicy=user-profile-picture&imwidth=100","56929","Da_Norte","1335","585","8","1","1076","3","9","false","true","English","Da_Norte"
"https://static-cdn.jtvnw.net/user-default-pictures-uv/294c98b5-e34d-42cd-a8f0-140b72fba9b0-profile_image-150x150.png?imenable=1&impolicy=user-profile-picture&imwidth=100","56930","Inquisitor24","420","405","3","0","1076","0","8","false","true","English","Inquisitor24"
"https://static-cdn.jtvnw.net/jtv_user_pictures/pookabear-profile_image-dc22f75709009c78-150x150.jpeg?imenable=1&impolicy=user-profile-picture&imwidth=100","56931","pookabear","12945","3555","13","3","1076","22","66","true","true","English","pookabear"
"https://static-cdn.jtvnw.net/jtv_user_pictures/mrsushixxl-profile_image-8fe352a3cce0d800-150x150.jpeg?imenable=1&impolicy=user-profile-picture&imwidth=100","56932","MrSushiXXL","60","60","4","1","1076","0","0","false","false","Russian","MrSushiXXL"
"https://static-cdn.jtvnw.net/jtv_user_pictures/808f7c36-a0bf-40a4-a0ce-b1d81d02ac67-profile_image-150x150.png?imenable=1&impolicy=user-profile-picture&imwidth=100","56933","Sanjiixd","255","75","7","3","1076","0","0","false","false","Turkish","Sanjiixd"
"https://static-cdn.jtvnw.net/jtv_user_pictures/helmut4lyfe-profile_image-af4c2d1dfbbb37e2-150x150.jpeg?imenable=1&impolicy=user-profile-picture&imwidth=100","56934","helmut4lyfe","420","75","10","5","1076","1","7","false","false","English","helmut4lyfe"
"https://static-cdn.jtvnw.net/jtv_user_pictures/1dbdbe01-0cd1-44b0-a9c1-4221fecd8b9d-profile_image-150x150.png?imenable=1&impolicy=user-profile-picture&imwidth=100","56935","Wolkenkrieger","945","120","15","7","1076","12","22","false","true","German","Wolkenkrieger"
"https://static-cdn.jtvnw.net/jtv_user_pictures/blackymas-profile_image-c4ca3d996a03230a-150x150.jpeg?imenable=1&impolicy=user-profile-picture&imwidth=100","56936","Blackymas","765","1080","4","0","1076","13","57","false","false","German","Blackymas"
"https://static-cdn.jtvnw.net/jtv_user_pictures/thegreenzebras-profile_image-5137133e0544897e-150x150.jpeg?imenable=1&impolicy=user-profile-picture&imwidth=100","56937","TheGreenZebras","14520","2685","18","4","1076","137","682","false","false","","TheGreenZebras"
"https://static-cdn.jtvnw.net/jtv_user_pictures/b2719598-24bb-431b-8059-6855f9a472a7-profile_image-150x150.jpeg?imenable=1&impolicy=user-profile-picture&imwidth=100","56938","Gagaters","6015","1680","13","3","1076","17","208","false","true","English","Gagaters"
"https://static-cdn.jtvnw.net/jtv_user_pictures/a2b03822-2a48-4a47-a5a2-384efc03d7ac-profile_image-150x150.png?imenable=1&impolicy=user-profile-picture&imwidth=100","56939","BrooKlynOtter","120","60","3","2","1076","0","0","false","false","English","BrooKlynOtter"
"https://static-cdn.jtvnw.net/jtv_user_pictures/3c7288e1-1065-41b9-81cc-617897ef0713-profile_image-150x150.png?imenable=1&impolicy=user-profile-picture&imwidth=100","56940","Minuettee","21930","900","66","24","1076","71","245","false","false","English","Minuettee"
"https://static-cdn.jtvnw.net/jtv_user_pictures/d2eaf025-324d-465b-8126-215e7e3ec976-profile_image-150x150.png?imenable=1&impolicy=user-profile-picture&imwidth=100","56941","RamirezTM","32475","2415","41","13","1076","-23","231","false","true","English","RamirezTM"
"https://static-cdn.jtvnw.net/jtv_user_pictures/e2220592-d923-4408-aee9-f0864fa701d9-profile_image-150x150.png?imenable=1&impolicy=user-profile-picture&imwidth=100","56942","Le_Musti","0","15","0","0","1076","0","0","false","true","Finnish","Le_Musti"
"https://static-cdn.jtvnw.net/jtv_user_pictures/96386555-f718-4c46-bdc1-6546d97e5aef-profile_image-150x150.png?imenable=1&impolicy=user-profile-picture&imwidth=100","56943","TimtheCaptain","38550","5430","20","6","1076","26","113","false","true","English","TimtheCaptain"
"https://static-cdn.jtvnw.net/jtv_user_pictures/a097b853-c56e-45b8-8783-2796d3cf3e94-profile_image-150x150.png?imenable=1&impolicy=user-profile-picture&imwidth=100","56944","MrJPlus","10125","1125","15","8","1076","53","43","false","false","English","MrJPlus"
"https://static-cdn.jtvnw.net/jtv_user_pictures/6e779fc0-31b6-48e7-9bc9-f57690f35213-profile_image-150x150.png?imenable=1&impolicy=user-profile-picture&imwidth=100","56945","brucedurefuge","285","105","6","2","1076","1","13","false","false","French","brucedurefuge"
"https://static-cdn.jtvnw.net/jtv_user_pictures/120afa69-64d7-4c05-a4da-d22f7cc7b842-profile_image-150x150.png?imenable=1&impolicy=user-profile-picture&imwidth=100","56946","Valentin90210","15","60","1","0","1076","0","0","false","false","French","Valentin90210"
"https://static-cdn.jtvnw.net/jtv_user_pictures/0b7c6b60-7d05-4bc9-b049-54bc7695b705-profile_image-150x150.png?imenable=1&impolicy=user-profile-picture&imwidth=100","56947","xCOD_girl","8865","1650","14","4","1076","35","37","false","true","English","xCOD_girl"
"https://static-cdn.jtvnw.net/jtv_user_pictures/49e88145-8fdd-4dfa-ac36-c9b488cdc6ba-profile_image-150x150.png?imenable=1&impolicy=user-profile-picture&imwidth=100","56948","garnitexas","4260","1200","9","3","1076","0","44","false","false","English","garnitexas"
"https://static-cdn.jtvnw.net/jtv_user_pictures/fruity_waffles-profile_image-b065c4fb632017ce-150x150.jpeg?imenable=1&impolicy=user-profile-picture&imwidth=100","56949","Fruity_Waffles","27720","3855","29","6","1076","14","111","false","true","English","Fruity_Waffles"
"https://static-cdn.jtvnw.net/jtv_user_pictures/outasync-profile_image-bdd8a382d89dfc4a-150x150.png?imenable=1&impolicy=user-profile-picture&imwidth=100","56950","Outasync","56430","9180","21","5","1076","30","99","false","true","English","Outasync"
"https://static-cdn.jtvnw.net/jtv_user_pictures/sylstar79-profile_image-2bb0e96b1dca188d-150x150.jpeg?imenable=1&impolicy=user-profile-picture&imwidth=100","56951","Sylstar79","6570","1110","13","5","1076","25","32","false","false","French","Sylstar79"
"https://static-cdn.jtvnw.net/jtv_user_pictures/20a1942d85203e12-profile_image-150x150.jpeg?imenable=1&impolicy=user-profile-picture&imwidth=100","56952","VFXMario","26070","5325","18","4","1076","14","68","false","false","English","VFXMario"
"https://static-cdn.jtvnw.net/jtv_user_pictures/destinybit-profile_image-076a13548d15d176-150x150.png?imenable=1&impolicy=user-profile-picture&imwidth=100","56953","DESTINYbit","8145","915","15","8","1076","27","204","false","false","English","DESTINYbit"
"https://static-cdn.jtvnw.net/jtv_user_pictures/mopad_-profile_image-cdc510caf3b2549e-150x150.jpeg?imenable=1&impolicy=user-profile-picture&imwidth=100","56954","Mopad_","6720","2010","11","3","1076","-118","440","false","true","German","Mopad_"
"https://static-cdn.jtvnw.net/jtv_user_pictures/3d28210a4508e31e-profile_image-150x150.jpeg?imenable=1&impolicy=user-profile-picture&imwidth=100","56955","imjoshboss","0","30","0","0","1075","0","0","false","false","English","imjoshboss"
"https://static-cdn.jtvnw.net/jtv_user_pictures/c5da6169-554f-434a-a5eb-d03081e8f14a-profile_image-150x150.png?imenable=1&impolicy=user-profile-picture&imwidth=100","56956","KaltesWasser","45","45","2","1","1075","0","4","false","true","German","KaltesWasser"
"https://static-cdn.jtvnw.net/jtv_user_pictures/psyonic-profile_image-abcf3fdfb28cc578-150x150.jpeg?imenable=1&impolicy=user-profile-picture&imwidth=100","56957","Psyonic","28125","1545","64","17","1075","40","530","true","false","","Psyonic"
"https://static-cdn.jtvnw.net/jtv_user_pictures/5fdb1acc-5dde-4c5f-a0b4-3a472ea5c1a5-profile_image-150x150.png?imenable=1&impolicy=user-profile-picture&imwidth=100","56958","TruthDown","60","60","1","1","1075","0","-1","false","true","English","TruthDown"
"https://static-cdn.jtvnw.net/jtv_user_pictures/gaybtv-profile_image-dad34b2d94ffb2e0-150x150.png?imenable=1&impolicy=user-profile-picture&imwidth=100","56959","GaybTV","9600","945","41","9","1075","44","417","false","false","Turkish","GaybTV"
"https://static-cdn.jtvnw.net/jtv_user_pictures/rubydivision-profile_image-f8ed62280f8f9012-150x150.jpeg?imenable=1&impolicy=user-profile-picture&imwidth=100","56960","RubyDivision","90","45","2","2","1075","0","0","false","false","","RubyDivision"
"https://static-cdn.jtvnw.net/jtv_user_pictures/0ed103e5-45c2-4b66-b1cb-14cac664deda-profile_image-150x150.png?imenable=1&impolicy=user-profile-picture&imwidth=100","56961","RobbieAR","30","60","2","0","1075","0","0","false","false","English","RobbieAR"
"https://static-cdn.jtvnw.net/jtv_user_pictures/kexycx-profile_image-a4c02bed64124fbf-150x150.png?imenable=1&impolicy=user-profile-picture&imwidth=100","56962","Kexycx","1695","540","7","2","1075","8","14","false","false","English","Kexycx"
"https://static-cdn.jtvnw.net/jtv_user_pictures/323771c6-c165-4beb-89c9-75f794dcd98c-profile_image-150x150.png?imenable=1&impolicy=user-profile-picture&imwidth=100","56963","bigmama_cr","20385","1230","54","16","1075","555","142","false","false","German","bigmama_cr"
"https://static-cdn.jtvnw.net/jtv_user_pictures/dcd924a2-e92e-402b-a457-25ccb9a506eb-profile_image-150x150.png?imenable=1&impolicy=user-profile-picture&imwidth=100","56964","iAmTeeKay","720","645","4","1","1075","3","12","false","false","English","iAmTeeKay"
"https://static-cdn.jtvnw.net/jtv_user_pictures/4f83c84a-7b1f-439e-ae94-5441e268cd7a-profile_image-150x150.png?imenable=1&impolicy=user-profile-picture&imwidth=100","56965","kapt_","6990","2055","9","2","1075","7","36","false","true","English","kapt_"
"https://static-cdn.jtvnw.net/jtv_user_pictures/valde_yt-profile_image-d78674ec0554a8c5-150x150.png?imenable=1&impolicy=user-profile-picture&imwidth=100","56966","Valde_YT","7605","450","31","16","1075","95","75","true","false","","Valde_YT"
"https://static-cdn.jtvnw.net/jtv_user_pictures/b6f7bdbc-cff8-47d6-86ce-32e14f24f2fd-profile_image-150x150.png?imenable=1&impolicy=user-profile-picture&imwidth=100","56967","MoySauceTV","3780","1455","8","2","1075","16","60","false","false","English","MoySauceTV"
"https://static-cdn.jtvnw.net/jtv_user_pictures/cykotiq-profile_image-eed055c42b4801b2-150x150.png?imenable=1&impolicy=user-profile-picture&imwidth=100","56968","Cykotiq","77445","10560","20","6","1075","306","246","false","false","English","Cykotiq"
"https://static-cdn.jtvnw.net/jtv_user_pictures/01d283c9-f1d1-49b1-9201-f4f5199d6a23-profile_image-150x150.png?imenable=1&impolicy=user-profile-picture&imwidth=100","56969","misteroz","24405","8265","9","2","1075","26","61","false","true","English","misteroz"
"https://static-cdn.jtvnw.net/jtv_user_pictures/justinxgaming-profile_image-a53d63e857484209-150x150.jpeg?imenable=1&impolicy=user-profile-picture&imwidth=100","56970","JustinxGaming","55125","6180","41","8","1075","347","334","false","false","English","JustinxGaming"
"https://static-cdn.jtvnw.net/jtv_user_pictures/nymphynka-profile_image-f35d50a47c550e1a-150x150.jpeg?imenable=1&impolicy=user-profile-picture&imwidth=100","56971","Nymphynka","345","60","8","5","1075","0","5","false","false","","Nymphynka"
"https://static-cdn.jtvnw.net/jtv_user_pictures/onlinefire-profile_image-fe266c49b3b64f93-150x150.jpeg?imenable=1&impolicy=user-profile-picture&imwidth=100","56972","onlinefire","0","30","1","0","1075","0","0","false","false","English","onlinefire"
"https://static-cdn.jtvnw.net/jtv_user_pictures/d0341d8c-849a-43e8-8ab6-f94a7ed55d59-profile_image-150x150.png?imenable=1&impolicy=user-profile-picture&imwidth=100","56973","uhavemooface","255","195","4","1","1075","0","1","false","true","English","uhavemooface"
"https://static-cdn.jtvnw.net/jtv_user_pictures/wrezl-profile_image-f098887fd173b510-150x150.png?imenable=1&impolicy=user-profile-picture&imwidth=100","56974","Wrezl","210","45","10","4","1075","0","0","false","true","English","Wrezl"
"https://static-cdn.jtvnw.net/jtv_user_pictures/ca4ff959-9dc1-4160-9528-5e2f7b1e1bae-profile_image-150x150.png?imenable=1&impolicy=user-profile-picture&imwidth=100","56975","sekko00","1230","780","6","1","1075","2","22","false","false","Swedish","sekko00"
"https://static-cdn.jtvnw.net/jtv_user_pictures/071fe506-10c3-4be6-8dc1-e325480b631a-profile_image-150x150.png?imenable=1&impolicy=user-profile-picture&imwidth=100","56976","Hefter10","150","180","3","0","1075","0","0","false","false","German","Hefter10"
"https://static-cdn.jtvnw.net/jtv_user_pictures/5c11541b-021e-4e9f-8b99-7e832430fd3f-profile_image-150x150.jpg?imenable=1&impolicy=user-profile-picture&imwidth=100","56977","Koplopermau","22185","1845","21","11","1075","37","276","false","false","Dutch","Koplopermau"
"https://static-cdn.jtvnw.net/jtv_user_pictures/shib-profile_image-0857a03af5a11b23-150x150.png?imenable=1&impolicy=user-profile-picture&imwidth=100","56978","Shib","19875","2070","45","9","1075","18","87","false","false","English","Shib"
"https://static-cdn.jtvnw.net/jtv_user_pictures/5a6f8303-824b-47b9-8aa5-39f2719e34da-profile_image-150x150.png?imenable=1&impolicy=user-profile-picture&imwidth=100","56979","RuneLifeRs","5565","555","31","9","1075","20","57","false","true","English","RuneLifeRs"
"https://static-cdn.jtvnw.net/jtv_user_pictures/gogims-profile_image-b0768c0fe87bad27-150x150.png?imenable=1&impolicy=user-profile-picture&imwidth=100","56980","gogims","6075","855","11","6","1075","5","102","false","true","Spanish","gogims"
"https://static-cdn.jtvnw.net/jtv_user_pictures/a1d9e00c-5830-4b79-9496-99f7d56696f9-profile_image-150x150.png?imenable=1&impolicy=user-profile-picture&imwidth=100","56981","TheSchromi","15","15","1","1","1075","0","0","false","true","German","TheSchromi"
"https://static-cdn.jtvnw.net/jtv_user_pictures/e16e3cc8-56b0-450d-85a5-42583e95a171-profile_image-150x150.jpg?imenable=1&impolicy=user-profile-picture&imwidth=100","56982","TheOriginalGrimstout","17130","5325","8","2","1075","19","46","false","true","English","TheOriginalGrimstout"
"https://static-cdn.jtvnw.net/jtv_user_pictures/77c37087-effd-4c93-bc51-12c0928084f0-profile_image-150x150.jpg?imenable=1&impolicy=user-profile-picture&imwidth=100","56983","NPH1995","3600","615","13","5","1075","1","49","false","true","Finnish","NPH1995"
"https://static-cdn.jtvnw.net/jtv_user_pictures/2740d209-7033-4e0e-8c20-95d9f7ea1d14-profile_image-150x150.png?imenable=1&impolicy=user-profile-picture&imwidth=100","56984","SirDanny","11820","315","130","37","1075","25","238","false","false","English","SirDanny"
"https://static-cdn.jtvnw.net/jtv_user_pictures/67b4ffd6-1dda-48aa-9b2b-a34386e584c3-profile_image-150x150.png?imenable=1&impolicy=user-profile-picture&imwidth=100","56985","Pazure_","19695","1650","39","11","1075","32","111","false","false","English","Pazure_"
"https://static-cdn.jtvnw.net/jtv_user_pictures/sam123sm123-profile_image-d1294bfaa511dbd5-150x150.jpeg?imenable=1&impolicy=user-profile-picture&imwidth=100","56986","Sam123sm123","25785","990","44","25","1075","3","621","false","false","","Sam123sm123"
"https://static-cdn.jtvnw.net/jtv_user_pictures/famequi-profile_image-a2a54779296074f0-150x150.jpeg?imenable=1&impolicy=user-profile-picture&imwidth=100","56987","FaMeQui","0","30","0","0","1075","0","0","false","false","Danish","FaMeQui"
"https://static-cdn.jtvnw.net/jtv_user_pictures/agalord-profile_image-bef90118e21d4a17-150x150.png?imenable=1&impolicy=user-profile-picture&imwidth=100","56988","Agalord","14400","780","47","18","1075","4","214","false","false","English","Agalord"
"https://static-cdn.jtvnw.net/jtv_user_pictures/51879ef9-9975-4047-93a5-3f68a936df0f-profile_image-150x150.png?imenable=1&impolicy=user-profile-picture&imwidth=100","56989","Djacid_","7515","1095","17","6","1075","6","72","false","true","English","Djacid_"
"https://static-cdn.jtvnw.net/jtv_user_pictures/1fa4c7c5-e76c-4193-84f7-4773812bc679-profile_image-150x150.png?imenable=1&impolicy=user-profile-picture&imwidth=100","56990","OmniPower","180","180","2","1","1075","0","0","false","true","English","OmniPower"
"https://static-cdn.jtvnw.net/jtv_user_pictures/bonniethederpatron-profile_image-207bc50699b2e32e-150x150.png?imenable=1&impolicy=user-profile-picture&imwidth=100","56991","BonnietheDerpatron","7260","630","40","11","1075","27","65","false","true","English","BonnietheDerpatron"
"https://static-cdn.jtvnw.net/jtv_user_pictures/tehproez-profile_image-5e324931ad54b69d-150x150.png?imenable=1&impolicy=user-profile-picture&imwidth=100","56992","TehProez","19470","660","54","29","1075","35","128","false","false","English","TehProez"
"https://static-cdn.jtvnw.net/jtv_user_pictures/192feb0b-f77e-49eb-980b-345b0760d901-profile_image-150x150.png?imenable=1&impolicy=user-profile-picture&imwidth=100","56993","hormonko","2580","1125","8","1","1075","-5","101","false","false","Slovak","hormonko"
"https://static-cdn.jtvnw.net/jtv_user_pictures/mikee2shu-profile_image-f30b6f66bcd4dae3-150x150.jpeg?imenable=1&impolicy=user-profile-picture&imwidth=100","56994","Mikee2shu","52380","2310","38","22","1075","47","217","false","true","English","Mikee2shu"
"https://static-cdn.jtvnw.net/jtv_user_pictures/8ae71e67-275b-4024-85ba-49e66ab4c029-profile_image-150x150.png?imenable=1&impolicy=user-profile-picture&imwidth=100","56995","Epic_SkylineGaming","1485","1500","5","0","1075","2","23","false","true","English","Epic_SkylineGaming"
"https://static-cdn.jtvnw.net/jtv_user_pictures/5212e821-81fa-4959-9b1c-7f8b705b61b8-profile_image-150x150.png?imenable=1&impolicy=user-profile-picture&imwidth=100","56996","tbandee","180","60","3","3","1074","0","-5","false","true","Hungarian","tbandee"
"https://static-cdn.jtvnw.net/jtv_user_pictures/48152dfe-977a-4de0-adf5-061a8fb05f5f-profile_image-150x150.png?imenable=1&impolicy=user-profile-picture&imwidth=100","56997","NZShroomy","945","570","8","1","1074","4","5","false","true","English","NZShroomy"
"https://static-cdn.jtvnw.net/ttv-boxart/404_boxart.png?imenable=1&impolicy=user-profile-picture&imwidth=100","56998","twitchidler","573645","3435","977","166","1074","1073","10087","false","false","","twitchidler"
"https://static-cdn.jtvnw.net/jtv_user_pictures/vindly-profile_image-92dc094d279286bc-150x150.jpeg?imenable=1&impolicy=user-profile-picture&imwidth=100","56999","Vindly","1860","1095","8","1","1074","2","72","false","false","Russian","Vindly"
"https://static-cdn.jtvnw.net/jtv_user_pictures/yladikh-profile_image-59cb27c004e21092-150x150.jpeg?imenable=1&impolicy=user-profile-picture&imwidth=100","57000","YlaDikh","105360","5535","46","18","1074","663","2040","false","false","Russian","YlaDikh"