"","","Channel","Watch time","Stream time","Peak viewers","Average viewers","Followers","Followers gained","Views gained","Partnered","Mature","Language",""
"https://static-cdn.jtvnw.net/jtv_user_pictures/dab4c4cc-9797-4516-92b2-cbc406044020-profile_image-150x150.png?imenable=1&impolicy=user-profile-picture&imwidth=100","4251","FizZoR","535575","6855","316","77","38352","647","2306","true","true","English","FizZoR"
"https://static-cdn.jtvnw.net/jtv_user_pictures/68dd3422-892c-4068-99af-765d254b2ad1-profile_image-150x150.png?imenable=1&impolicy=user-profile-picture&imwidth=100","4252","Yoana","161340","5580","198","28","38341","1145","2423","false","true","English","Yoana"
"https://static-cdn.jtvnw.net/jtv_user_pictures/458704ea-383d-4281-930a-510f2f059aeb-profile_image-150x150.png?imenable=1&impolicy=user-profile-picture&imwidth=100","4253","Worthingcolt_","129675","4320","129","29","38339","333","236","true","false","English","Worthingcolt_"
"https://static-cdn.jtvnw.net/jtv_user_pictures/2d886623-7f5f-4120-a97a-347d80e18f98-profile_image-150x150.png?imenable=1&impolicy=user-profile-picture&imwidth=100","4254","bbrgamer","268875","1695","675","158","38334","1478","7496","true","false","Arabic","bbrgamer"
"https://static-cdn.jtvnw.net/jtv_user_pictures/acbab61d-2657-476e-9eaa-756be3c993ab-profile_image-150x150.png?imenable=1&impolicy=user-profile-picture&imwidth=100","4255","yumytv","450","225","6","1","38306","0","2","true","true","English","yumytv"
"https://static-cdn.jtvnw.net/jtv_user_pictures/48cc0645-f7fa-478a-a5ae-7233902342ab-profile_image-150x150.png?imenable=1&impolicy=user-profile-picture&imwidth=100","4256","se1ya","86910","135","704","643","38293","66","489","true","false","Spanish","se1ya"
"https://static-cdn.jtvnw.net/jtv_user_pictures/cab5e792-3d82-4bcf-9b14-8a65382eb37d-profile_image-150x150.png?imenable=1&impolicy=user-profile-picture&imwidth=100","4257","StopAnnya","90","90","2","1","38285","1","3","true","false","Russian","StopAnnya"
"https://static-cdn.jtvnw.net/jtv_user_pictures/imakuni-profile_image-6cbe218794f38c88-150x150.png?imenable=1&impolicy=user-profile-picture&imwidth=100","4258","Imakuni","627300","3270","716","191","38266","255","3994","true","true","English","Imakuni"
"https://static-cdn.jtvnw.net/jtv_user_pictures/4c6d3de8-ab21-4826-b477-1ffdd5487e16-profile_image-150x150.png?imenable=1&impolicy=user-profile-picture&imwidth=100","4259","Messica","271200","2115","378","127","38253","1234","1434","true","false","English","Messica"
"https://static-cdn.jtvnw.net/jtv_user_pictures/f8d0cc22-ae39-457a-8a45-a1555a95d25b-profile_image-150x150.png?imenable=1&impolicy=user-profile-picture&imwidth=100","4260","GunninGamerz","788610","5040","303","156","38245","654","4837","true","false","English","GunninGamerz"
"https://static-cdn.jtvnw.net/jtv_user_pictures/8aa11dd6-3d17-452a-9d2e-2e5cfd5d6e33-profile_image-150x150.png?imenable=1&impolicy=user-profile-picture&imwidth=100","4261","ViIlageidiot","3543795","9930","1047","356","38239","651","51905","true","true","Russian","ViIlageidiot"
"https://static-cdn.jtvnw.net/jtv_user_pictures/3228c828-fba7-40a7-91eb-70248f4bc777-profile_image-150x150.png?imenable=1&impolicy=user-profile-picture&imwidth=100","4262","pwincessly","39585","330","195","119","38239","178","438","true","false","English","pwincessly"
"https://static-cdn.jtvnw.net/jtv_user_pictures/50ccf95c-86f7-4644-9890-dc45b29aa65b-profile_image-150x150.png?imenable=1&impolicy=user-profile-picture&imwidth=100","4263","xBiedron","136950","3660","146","37","38228","715","2865","true","false","Polish","xBiedron"
"https://static-cdn.jtvnw.net/jtv_user_pictures/be6060ef-eb4b-4a67-bf61-b9a79eee4ce0-profile_image-150x150.png?imenable=1&impolicy=user-profile-picture&imwidth=100","4264","wudijo","1793040","7035","494","254","38225","842","17091","true","false","English","wudijo"
"https://static-cdn.jtvnw.net/jtv_user_pictures/mimstarz-profile_image-d6ced28b6d403f9b-150x150.png?imenable=1&impolicy=user-profile-picture&imwidth=100","4265","mimstaRz","358680","4770","156","74","38220","-8733","2578","true","true","French","mimstaRz"
"https://static-cdn.jtvnw.net/jtv_user_pictures/fd30e0e7-1c21-4c29-bea6-494bfab9a515-profile_image-150x150.png?imenable=1&impolicy=user-profile-picture&imwidth=100","4266","Kano","811995","8010","556","100","38212","1470","12704","true","true","English","Kano"
"https://static-cdn.jtvnw.net/jtv_user_pictures/0418111d-9d16-4266-ae63-30aa563952e1-profile_image-150x150.png?imenable=1&impolicy=user-profile-picture&imwidth=100","4267","BRACUBI","396165","9630","266","40","38211","538","10176","true","false","Portuguese","BRACUBI"
"https://static-cdn.jtvnw.net/jtv_user_pictures/359bac06-4f94-48dd-959e-70a126dd5bba-profile_image-150x150.png?imenable=1&impolicy=user-profile-picture&imwidth=100","4268","KhaosGG","11715","3015","11","3","38198","-782","816","false","true","English","KhaosGG"
"https://static-cdn.jtvnw.net/jtv_user_pictures/avoidthe9to5-profile_image-6001afcc12e19140-150x150.png?imenable=1&impolicy=user-profile-picture&imwidth=100","4269","avoidthe9to5","496980","2970","429","166","38187","415","2218","true","true","","avoidthe9to5"
"https://static-cdn.jtvnw.net/jtv_user_pictures/masterbaithe-profile_image-2c5764a771530b74-150x150.jpeg?imenable=1&impolicy=user-profile-picture&imwidth=100","4270","Masterbaithe","269385","5145","271","51","38178","1344","3218","false","false","English","Masterbaithe"
"https://static-cdn.jtvnw.net/jtv_user_pictures/10ed619b-6a9c-4df0-afb7-7e855312f231-profile_image-150x150.png?imenable=1&impolicy=user-profile-picture&imwidth=100","4271","Stevxy","14265","1170","34","11","38142","186","151","false","true","English","Stevxy"
"https://static-cdn.jtvnw.net/jtv_user_pictures/f296bfd7-b48e-4cc0-a9c4-ea505884136d-profile_image-150x150.png?imenable=1&impolicy=user-profile-picture&imwidth=100","4272","Nexxzz","154935","3660","211","41","38134","174","2870","true","false","German","Nexxzz"
"https://static-cdn.jtvnw.net/jtv_user_pictures/9640191d-a845-4c81-adba-716aaa99f818-profile_image-150x150.jpeg?imenable=1&impolicy=user-profile-picture&imwidth=100","4273","ignorance","283200","5070","254","55","38121","173","6087","true","false","English","ignorance"
"https://static-cdn.jtvnw.net/jtv_user_pictures/81ba24b0-478d-4d19-9766-4b24374c20a0-profile_image-150x150.png?imenable=1&impolicy=user-profile-picture&imwidth=100","4274","StrongLegs","1049025","19935","413","52","38116","4311","9727","true","true","English","StrongLegs"
"https://static-cdn.jtvnw.net/jtv_user_pictures/943fcddc-7b4d-4a8a-9745-1e6bf8f9a183-profile_image-150x150.png?imenable=1&impolicy=user-profile-picture&imwidth=100","4275","XenoTek","754695","4995","296","150","38110","964","2517","true","false","English","XenoTek"
"https://static-cdn.jtvnw.net/jtv_user_pictures/archonthewizard-profile_image-4bb615912a9f224a-150x150.png?imenable=1&impolicy=user-profile-picture&imwidth=100","4276","ArchonTheWizard","256845","3180","126","80","38109","83","1535","true","false","English","ArchonTheWizard"
"https://static-cdn.jtvnw.net/jtv_user_pictures/8d477634a8ae89ce-profile_image-150x150.png?imenable=1&impolicy=user-profile-picture&imwidth=100","4277","TazedandConfused","387870","7425","125","51","38104","453","1899","true","false","English","TazedandConfused"
"https://static-cdn.jtvnw.net/jtv_user_pictures/a5626da5-6c7e-4e63-858f-ca6c8e5b38e7-profile_image-150x150.png?imenable=1&impolicy=user-profile-picture&imwidth=100","4278","pondelinp","1500","120","14","12","38072","1","6","true","true","Japanese","pondelinp"
"https://static-cdn.jtvnw.net/jtv_user_pictures/d821be04-8e5d-41ff-a5ce-10789b849a10-profile_image-150x150.png?imenable=1&impolicy=user-profile-picture&imwidth=100","4279","AwesomeHardware","304800","585","921","520","38056","735","5836","false","true","English","AwesomeHardware"
"https://static-cdn.jtvnw.net/jtv_user_pictures/zombiegrub-profile_image-bcd6b7e266f548c1-150x150.jpeg?imenable=1&impolicy=user-profile-picture&imwidth=100","4280","ZombieGrub","7020","105","150","66","38035","3","26","true","true","English","ZombieGrub"
"https://static-cdn.jtvnw.net/jtv_user_pictures/ceejaey-profile_image-15ef08b98299d66b-150x150.png?imenable=1&impolicy=user-profile-picture&imwidth=100","4281","CeeJaey","167640","2490","165","66","38008","419","2780","true","false","English","CeeJaey"
"https://static-cdn.jtvnw.net/jtv_user_pictures/maddentips-profile_image-15e13effeb2b4ba6-150x150.jpeg?imenable=1&impolicy=user-profile-picture&imwidth=100","4282","MaddenTips","411615","1455","581","282","37970","539","2640","true","false","English","MaddenTips"
"https://static-cdn.jtvnw.net/jtv_user_pictures/inboxes-profile_image-b5f83672593c6995-150x150.png?imenable=1&impolicy=user-profile-picture&imwidth=100","4283","inboxes","8496240","17985","1408","471","37967","10507","46820","true","false","English","inboxes"
"https://static-cdn.jtvnw.net/jtv_user_pictures/nomadtv-profile_image-9caa3bcd4766cc57-150x150.png?imenable=1&impolicy=user-profile-picture&imwidth=100","4284","NoMadTV","11574210","10380","3029","1114","37941","1251","215813","true","false","Portuguese","NoMadTV"
"https://static-cdn.jtvnw.net/jtv_user_pictures/fb75f946-047c-43e3-a9ea-9e5540f2bf0d-profile_image-150x150.jpg?imenable=1&impolicy=user-profile-picture&imwidth=100","4285","dostkayaoglu","4980","120","53","41","37921","29","121","true","false","Turkish","dostkayaoglu"
"https://static-cdn.jtvnw.net/jtv_user_pictures/820cfcff-1d53-4a20-a421-a11842aa1897-profile_image-150x150.png?imenable=1&impolicy=user-profile-picture&imwidth=100","4286","ElyShuri","88335","1830","102","48","37920","793","3743","true","true","Spanish","ElyShuri"
"https://static-cdn.jtvnw.net/jtv_user_pictures/e516f40e-1131-43d8-9e9b-cfd36e0179f8-profile_image-150x150.png?imenable=1&impolicy=user-profile-picture&imwidth=100","4287","小嵐 (lanaiyu)","3819000","12465","990","306","37909","934","76946","true","false","Chinese","小嵐 (lanaiyu)"
"https://static-cdn.jtvnw.net/jtv_user_pictures/16041df3-c851-4e9b-8b66-4f177bc2e3ca-profile_image-150x150.png?imenable=1&impolicy=user-profile-picture&imwidth=100","4288","1437","3346215","4065","3892","822","37908","2140","24271","true","false","English","1437"
"https://static-cdn.jtvnw.net/jtv_user_pictures/letsmakefriends-profile_image-97454c22c13e9c13-150x150.png?imenable=1&impolicy=user-profile-picture&imwidth=100","4289","letsmakefriends","3275925","8955","622","365","37907","1499","8460","true","false","English","letsmakefriends"
"https://static-cdn.jtvnw.net/jtv_user_pictures/4b8974eb-22d0-4be6-834c-3f42e91e8f57-profile_image-150x150.png?imenable=1&impolicy=user-profile-picture&imwidth=100","4290","MrSetoKami","1798965","7365","709","243","37894","1539","29705","true","false","Polish","MrSetoKami"
"https://static-cdn.jtvnw.net/jtv_user_pictures/c2689aab-e90f-433a-8ebc-594d95c06fe8-profile_image-150x150.png?imenable=1&impolicy=user-profile-picture&imwidth=100","4291","Sephiron","217680","990","459","219","37890","578","3474","true","true","German","Sephiron"
"https://static-cdn.jtvnw.net/jtv_user_pictures/23dc5bf8-146d-4eec-a006-de05a74f101d-profile_image-150x150.png?imenable=1&impolicy=user-profile-picture&imwidth=100","4292","Pantera","571050","2340","956","243","37888","3085","21365","true","false","Portuguese","Pantera"
"https://static-cdn.jtvnw.net/jtv_user_pictures/calderonfan4life-profile_image-f72bde105bd5821a-150x150.jpeg?imenable=1&impolicy=user-profile-picture&imwidth=100","4293","CalderonFan4Life","613290","4335","455","141","37884","1341","1042","true","false","English","CalderonFan4Life"
"https://static-cdn.jtvnw.net/jtv_user_pictures/bb69eaf981721930-profile_image-150x150.jpeg?imenable=1&impolicy=user-profile-picture&imwidth=100","4294","Ek0p","1793835","6855","4675","261","37875","399","31649","true","false","German","Ek0p"
"https://static-cdn.jtvnw.net/jtv_user_pictures/luuap-profile_image-7a373a9c138526a1-150x150.png?imenable=1&impolicy=user-profile-picture&imwidth=100","4295","LUUAP","80685","2310","104","34","37860","296","1353","true","false","English","LUUAP"
"https://static-cdn.jtvnw.net/jtv_user_pictures/hjtenchi-profile_image-f6a207947bb146e3-150x150.jpeg?imenable=1&impolicy=user-profile-picture&imwidth=100","4296","HJTenchi","1797690","12360","1546","144","37856","711","6185","true","true","English","HJTenchi"
"https://static-cdn.jtvnw.net/jtv_user_pictures/c0eafd887c5b8d96-profile_image-150x150.jpeg?imenable=1&impolicy=user-profile-picture&imwidth=100","4297","ElTomMaister","1125","405","6","2","37854","0","57","true","false","Spanish","ElTomMaister"
"https://static-cdn.jtvnw.net/jtv_user_pictures/a9ad2e76-cf91-4d14-8d1b-0b456d8878b6-profile_image-150x150.png?imenable=1&impolicy=user-profile-picture&imwidth=100","4298","Stallion83","262770","4695","115","55","37850","178","6332","true","false","English","Stallion83"
"https://static-cdn.jtvnw.net/jtv_user_pictures/kylelong-profile_image-ccc489024447bf87-150x150.jpeg?imenable=1&impolicy=user-profile-picture&imwidth=100","4299","KyleLong","20250","885","62","22","37848","193","603","true","false","English","KyleLong"
"https://static-cdn.jtvnw.net/jtv_user_pictures/txtomtx-profile_image-53837d0708c46f83-150x150.png?imenable=1&impolicy=user-profile-picture&imwidth=100","4300","txtomtx","102990","1950","174","52","37839","1864","960","false","false","English","txtomtx"