"","","Channel","Watch time","Stream time","Peak viewers","Average viewers","Followers","Followers gained","Views gained","Partnered","Mature","Language",""
"https://static-cdn.jtvnw.net/jtv_user_pictures/lokomongoo-profile_image-42b257ded463d8b3-150x150.jpeg?imenable=1&impolicy=user-profile-picture&imwidth=100","74601","lokomongoo","2805","570","9","4","687","11","56","false","false","German","lokomongoo"
"https://static-cdn.jtvnw.net/jtv_user_pictures/6a1c3131-c0e1-464a-b6fe-8095ebac47ec-profile_image-150x150.png?imenable=1&impolicy=user-profile-picture&imwidth=100","74602","JayMaccTV","153930","11565","277","12","687","328","210","false","true","English","JayMaccTV"
"https://static-cdn.jtvnw.net/jtv_user_pictures/deauve-profile_image-d690b59a727fff66-150x150.jpeg?imenable=1&impolicy=user-profile-picture&imwidth=100","74603","deauve","52245","8445","42","5","687","260","826","false","true","Spanish","deauve"
"https://static-cdn.jtvnw.net/jtv_user_pictures/darkhacker_tv-profile_image-652a1624e9f859c2-150x150.jpeg?imenable=1&impolicy=user-profile-picture&imwidth=100","74604","darkhacker_tv","17535","6060","24","2","687","196","292","false","false","Bulgarian","darkhacker_tv"
"https://static-cdn.jtvnw.net/jtv_user_pictures/55e57208-062c-4da5-8582-e7508a2ae03b-profile_image-150x150.png?imenable=1&impolicy=user-profile-picture&imwidth=100","74605","Hesjoshh","450","315","4","1","687","1","1","false","false","English","Hesjoshh"
"https://static-cdn.jtvnw.net/jtv_user_pictures/7f83181d-c81b-4bc6-adb6-8d822d75b371-profile_image-150x150.png?imenable=1&impolicy=user-profile-picture&imwidth=100","74606","TrisThaKid","56595","10500","20","4","687","106","195","false","false","English","TrisThaKid"
"https://static-cdn.jtvnw.net/jtv_user_pictures/d9becee37e9b2cf0-profile_image-150x150.jpeg?imenable=1&impolicy=user-profile-picture&imwidth=100","74607","CharmedTv","1500","1095","4","1","687","4","77","false","true","English","CharmedTv"
"https://static-cdn.jtvnw.net/jtv_user_pictures/52cc6ca8-5054-41e1-b083-e7d7f113a003-profile_image-150x150.png?imenable=1&impolicy=user-profile-picture&imwidth=100","74608","XIPortusIX","45","45","2","1","687","0","0","false","true","English","XIPortusIX"
"https://static-cdn.jtvnw.net/jtv_user_pictures/bef8d394-545d-47a4-9b3b-5d65d021dbd5-profile_image-150x150.png?imenable=1&impolicy=user-profile-picture&imwidth=100","74609","GodErmac","270","45","8","6","687","2","3","false","false","English","GodErmac"
"https://static-cdn.jtvnw.net/jtv_user_pictures/k7944459-profile_image-04f642d1d305c9ee-150x150.png?imenable=1&impolicy=user-profile-picture&imwidth=100","74610","陳景華 (k7944459)","9180","1395","22","5","687","4","769","false","false","Chinese","陳景華 (k7944459)"
"https://static-cdn.jtvnw.net/jtv_user_pictures/kamilovskyhd-profile_image-3321dfd0a6ec2191-150x150.jpeg?imenable=1&impolicy=user-profile-picture&imwidth=100","74611","Kamilovskyhd","570","225","5","2","687","4","15","false","false","Polish","Kamilovskyhd"
"https://static-cdn.jtvnw.net/jtv_user_pictures/8b02d74f-4a85-4946-a463-5a65a39a7692-profile_image-150x150.png?imenable=1&impolicy=user-profile-picture&imwidth=100","74612","martythedemon","795","210","7","3","687","2","2","false","true","English","martythedemon"
"https://static-cdn.jtvnw.net/jtv_user_pictures/a91f6507-2b51-4010-8bd6-e35b258daca9-profile_image-150x150.jpeg?imenable=1&impolicy=user-profile-picture&imwidth=100","74613","MiniLazy","660","300","6","1","687","2","86","false","false","French","MiniLazy"
"https://static-cdn.jtvnw.net/user-default-pictures-uv/ebe4cd89-b4f4-4cd9-adac-2f30151b4209-profile_image-150x150.png?imenable=1&impolicy=user-profile-picture&imwidth=100","74614","Ant30swaggerll","106140","3915","128","26","687","134","109","false","false","English","Ant30swaggerll"
"https://static-cdn.jtvnw.net/jtv_user_pictures/7712e02f-78c2-4e44-b312-98d7d8994b27-profile_image-150x150.jpeg?imenable=1&impolicy=user-profile-picture&imwidth=100","74615","DerZion","22785","3525","74","6","687","104","545","false","false","German","DerZion"
"https://static-cdn.jtvnw.net/jtv_user_pictures/tommybomber1992-profile_image-ac570b863635d6ef-150x150.jpeg?imenable=1&impolicy=user-profile-picture&imwidth=100","74616","TommyBomber1992","195","135","2","1","687","0","9","false","true","German","TommyBomber1992"
"https://static-cdn.jtvnw.net/jtv_user_pictures/f1e8b51b-4eae-431c-b5ad-16d1fffebc1f-profile_image-150x150.png?imenable=1&impolicy=user-profile-picture&imwidth=100","74617","StandingWolf37","0","15","0","0","687","0","0","false","true","English","StandingWolf37"
"https://static-cdn.jtvnw.net/jtv_user_pictures/5f69bfae-9dba-42b0-b3d0-ed8876b703a3-profile_image-150x150.png?imenable=1&impolicy=user-profile-picture&imwidth=100","74618","Martyblyth","2895","1605","13","1","687","13","53","false","true","English","Martyblyth"
"https://static-cdn.jtvnw.net/jtv_user_pictures/nuchallengr2049-profile_image-eb0af4dd1eea14c7-150x150.jpeg?imenable=1&impolicy=user-profile-picture&imwidth=100","74619","Nuchallengr2049","199710","41070","22","4","687","106","660","false","false","English","Nuchallengr2049"
"https://static-cdn.jtvnw.net/jtv_user_pictures/vdecron-profile_image-5203dc2d65b21a39-150x150.jpeg?imenable=1&impolicy=user-profile-picture&imwidth=100","74620","VDecron","105","30","6","3","687","1","3","false","true","English","VDecron"
"https://static-cdn.jtvnw.net/jtv_user_pictures/zock3r-profile_image-0f53a6b6de6e9a90-150x150.jpeg?imenable=1&impolicy=user-profile-picture&imwidth=100","74621","Zock3r","6900","3540","8","1","687","24","153","false","true","German","Zock3r"
"https://static-cdn.jtvnw.net/jtv_user_pictures/iflagger-profile_image-cdb32d18ff76075d-150x150.jpeg?imenable=1&impolicy=user-profile-picture&imwidth=100","74622","iFlagger","5160","405","44","12","687","87","122","false","true","English","iFlagger"
"https://static-cdn.jtvnw.net/jtv_user_pictures/badical-profile_image-e86a783ee4534ba4-150x150.png?imenable=1&impolicy=user-profile-picture&imwidth=100","74623","Badical","165","75","3","2","687","0","0","false","true","English","Badical"
"https://static-cdn.jtvnw.net/jtv_user_pictures/af145cca-6f0c-472c-94fc-1edca9ac574f-profile_image-150x150.png?imenable=1&impolicy=user-profile-picture&imwidth=100","74624","VASTA_Anatec","150","30","7","5","687","2","27","false","false","Finnish","VASTA_Anatec"
"https://static-cdn.jtvnw.net/jtv_user_pictures/sabby18-profile_image-52dcd0b711d51e99-150x150.jpeg?imenable=1&impolicy=user-profile-picture&imwidth=100","74625","Sabby18","645","240","6","2","687","4","5","false","false","English","Sabby18"
"https://static-cdn.jtvnw.net/jtv_user_pictures/351ee5be-ee90-47f9-b556-d498eb62c26f-profile_image-150x150.png?imenable=1&impolicy=user-profile-picture&imwidth=100","74626","Cheiffa","1065","585","3","1","687","-2","4","false","true","English","Cheiffa"
"https://static-cdn.jtvnw.net/jtv_user_pictures/020072b3-d062-4d69-a012-d06d177e33b5-profile_image-150x150.png?imenable=1&impolicy=user-profile-picture&imwidth=100","74627","笨小舞 (wowwow627)","37485","2775","52","13","687","31","1419","false","false","Chinese","笨小舞 (wowwow627)"
"https://static-cdn.jtvnw.net/jtv_user_pictures/936c7011-f46a-4dc6-8046-267b34fa1d68-profile_image-150x150.png?imenable=1&impolicy=user-profile-picture&imwidth=100","74628","Spoofy_TV","540","870","3","0","687","-1","19","false","true","Swedish","Spoofy_TV"
"https://static-cdn.jtvnw.net/jtv_user_pictures/74322992-c660-4a44-a332-ac19fe0052c8-profile_image-150x150.jpg?imenable=1&impolicy=user-profile-picture&imwidth=100","74629","metalNERDmikey","1995","375","9","4","687","-6","25","false","false","English","metalNERDmikey"
"https://static-cdn.jtvnw.net/jtv_user_pictures/d694efc5-adb3-4f38-93ce-dca5b4b2da86-profile_image-150x150.png?imenable=1&impolicy=user-profile-picture&imwidth=100","74630","Dubkav","24390","3675","19","5","687","21","113","false","true","English","Dubkav"
"https://static-cdn.jtvnw.net/jtv_user_pictures/02428fa0-e919-44e6-a294-27c3014d66b5-profile_image-150x150.jpg?imenable=1&impolicy=user-profile-picture&imwidth=100","74631","FakaToni","9345","1095","108","8","687","3","359","false","false","Russian","FakaToni"
"https://static-cdn.jtvnw.net/jtv_user_pictures/05ce5006-8ebd-400f-8889-a8346a38d94f-profile_image-150x150.png?imenable=1&impolicy=user-profile-picture&imwidth=100","74632","SuperMutant2099","1980","2685","8","0","687","1","31","false","true","English","SuperMutant2099"
"https://static-cdn.jtvnw.net/jtv_user_pictures/cce2fe5a-77e0-4b68-8a74-5ad88edfb671-profile_image-150x150.png?imenable=1&impolicy=user-profile-picture&imwidth=100","74633","SLEEK7","34140","4245","28","7","687","97","346","false","true","German","SLEEK7"
"https://static-cdn.jtvnw.net/jtv_user_pictures/havoline-profile_image-3e5759a05f0c0f54-150x150.jpeg?imenable=1&impolicy=user-profile-picture&imwidth=100","74634","Havoline","28995","3990","47","6","687","19","540","false","false","English","Havoline"
"https://static-cdn.jtvnw.net/jtv_user_pictures/0395c374e9c6ffed-profile_image-150x150.png?imenable=1&impolicy=user-profile-picture&imwidth=100","74635","Chubbysr","30","30","1","1","687","0","0","false","false","English","Chubbysr"
"https://static-cdn.jtvnw.net/jtv_user_pictures/kordrax-profile_image-fa1ec938035df909-150x150.jpeg?imenable=1&impolicy=user-profile-picture&imwidth=100","74636","Kordrax","3645","735","12","4","687","-2","11","false","true","English","Kordrax"
"https://static-cdn.jtvnw.net/user-default-pictures/bb97f7e6-f11a-4194-9708-52bf5a5125e8-profile_image-150x150.jpg?imenable=1&impolicy=user-profile-picture&imwidth=100","74637","Real_GamerzCrafted","15495","2655","85","5","687","93","264","false","true","English","Real_GamerzCrafted"
"https://static-cdn.jtvnw.net/jtv_user_pictures/wavymogul-profile_image-cd0d404dcca52dea-150x150.png?imenable=1&impolicy=user-profile-picture&imwidth=100","74638","WavyMogul","1350","630","8","1","687","-39","19","false","false","English","WavyMogul"
"https://static-cdn.jtvnw.net/jtv_user_pictures/f47246b2-39e7-4440-91b1-9e044a699030-profile_image-150x150.png?imenable=1&impolicy=user-profile-picture&imwidth=100","74639","AbrasiveTie2","2400","975","8","2","687","9","40","false","false","English","AbrasiveTie2"
"https://static-cdn.jtvnw.net/jtv_user_pictures/namulala-profile_image-21a7cb7c2df9a0c4-150x150.jpeg?imenable=1&impolicy=user-profile-picture&imwidth=100","74640","Namulala","8145","6870","9","0","687","4","46","false","true","English","Namulala"
"https://static-cdn.jtvnw.net/jtv_user_pictures/0b1ec49d-8085-4c77-a35a-7ab9d53e4af0-profile_image-150x150.png?imenable=1&impolicy=user-profile-picture&imwidth=100","74641","ImVires","5835","1845","9","2","687","28","23","false","true","English","ImVires"
"https://static-cdn.jtvnw.net/jtv_user_pictures/b1538bf8-5d1e-41a8-9dfb-4832e25c4ac7-profile_image-150x150.png?imenable=1&impolicy=user-profile-picture&imwidth=100","74642","Ragzen","30435","7365","31","3","687","30","246","false","true","English","Ragzen"
"https://static-cdn.jtvnw.net/jtv_user_pictures/srensh4w-profile_image-b09f16b18180c7ba-150x150.jpeg?imenable=1&impolicy=user-profile-picture&imwidth=100","74643","srensh4w","1530","255","23","5","686","6","5","false","false","English","srensh4w"
"https://static-cdn.jtvnw.net/user-default-pictures-uv/cdd517fe-def4-11e9-948e-784f43822e80-profile_image-150x150.png?imenable=1&impolicy=user-profile-picture&imwidth=100","74644","joshfromlex","0","60","0","0","686","0","0","false","false","English","joshfromlex"
"https://static-cdn.jtvnw.net/jtv_user_pictures/cosbypuddinpop-profile_image-ff18d2cb2f76ef8e-150x150.png?imenable=1&impolicy=user-profile-picture&imwidth=100","74645","A8FCD6D7-3135-44B5-8DE3-1036A9B83582","34395","2115","67","15","686","72","213","false","true","English","A8FCD6D7-3135-44B5-8DE3-1036A9B83582"
"https://static-cdn.jtvnw.net/jtv_user_pictures/pandaske-profile_image-4783e80d08a95027-150x150.png?imenable=1&impolicy=user-profile-picture&imwidth=100","74646","Pandaske","135","75","5","1","686","0","0","false","false","English","Pandaske"
"https://static-cdn.jtvnw.net/jtv_user_pictures/sovestb08022000-profile_image-28d4235d862e47d2-150x150.jpeg?imenable=1&impolicy=user-profile-picture&imwidth=100","74647","SoVEStb08022000","285","180","3","1","686","5","5","false","false","Russian","SoVEStb08022000"
"https://static-cdn.jtvnw.net/user-default-pictures/4cbf10f1-bb9f-4f57-90e1-15bf06cfe6f5-profile_image-150x150.jpg?imenable=1&impolicy=user-profile-picture&imwidth=100","74648","jtran2012","0","90","0","0","686","0","2","false","false","English","jtran2012"
"https://static-cdn.jtvnw.net/jtv_user_pictures/e00c17ab80090b7f-profile_image-150x150.png?imenable=1&impolicy=user-profile-picture&imwidth=100","74649","MischiefCoyote","3315","2070","6","1","686","4","9","false","false","English","MischiefCoyote"
"https://static-cdn.jtvnw.net/jtv_user_pictures/5f744985-cba7-4e80-ae11-e31b5db0a369-profile_image-150x150.png?imenable=1&impolicy=user-profile-picture&imwidth=100","74650","Lenusss","420","90","7","4","686","2","0","false","false","Slovak","Lenusss"
"https://static-cdn.jtvnw.net/jtv_user_pictures/7da37bbb-3cb6-4d9e-800c-08da92400dd6-profile_image-150x150.png?imenable=1&impolicy=user-profile-picture&imwidth=100","74651","Bowser65","0","15","0","0","686","0","0","false","false","French","Bowser65"
"https://static-cdn.jtvnw.net/jtv_user_pictures/0ca7627c0c18406c-profile_image-150x150.jpeg?imenable=1&impolicy=user-profile-picture&imwidth=100","74652","MajinKaze","45","45","2","1","686","1","6","false","false","French","MajinKaze"
"https://static-cdn.jtvnw.net/user-default-pictures-uv/de130ab0-def7-11e9-b668-784f43822e80-profile_image-150x150.png?imenable=1&impolicy=user-profile-picture&imwidth=100","74653","jerdanisdabomb","45","45","1","1","686","0","0","false","false","English","jerdanisdabomb"
"https://static-cdn.jtvnw.net/jtv_user_pictures/354ace6d-dee8-4ba9-9861-0f487cfb64d5-profile_image-150x150.png?imenable=1&impolicy=user-profile-picture&imwidth=100","74654","xB4DxCOIVIP4NYx","2565","2355","6","0","686","19","22","false","true","English","xB4DxCOIVIP4NYx"
"https://static-cdn.jtvnw.net/jtv_user_pictures/c690a942-a400-455e-a4f9-b76ce4c954e3-profile_image-150x150.jpg?imenable=1&impolicy=user-profile-picture&imwidth=100","74655","louc0ume","105","105","3","1","686","0","0","false","false","French","louc0ume"
"https://static-cdn.jtvnw.net/jtv_user_pictures/7ba3ab35-361c-43df-b419-17c3a8433fa4-profile_image-150x150.png?imenable=1&impolicy=user-profile-picture&imwidth=100","74656","primezbtw","510","105","9","4","686","4","7","false","false","German","primezbtw"
"https://static-cdn.jtvnw.net/jtv_user_pictures/864620bf-6dc5-4b55-ad67-c3d38cfe7c55-profile_image-150x150.png?imenable=1&impolicy=user-profile-picture&imwidth=100","74657","DerVega","5415","1380","8","3","686","14","69","false","true","German","DerVega"
"https://static-cdn.jtvnw.net/jtv_user_pictures/suppensoldat-profile_image-6dcbcea5a309cba2-150x150.jpeg?imenable=1&impolicy=user-profile-picture&imwidth=100","74658","SuppenSoldat","6420","1125","14","5","686","80","271","false","false","German","SuppenSoldat"
"https://static-cdn.jtvnw.net/jtv_user_pictures/eganize-profile_image-ad06727b54ffce6b-150x150.jpeg?imenable=1&impolicy=user-profile-picture&imwidth=100","74659","Eganize","35520","5730","15","5","686","37","272","false","true","English","Eganize"
"https://static-cdn.jtvnw.net/jtv_user_pictures/3ba1f585-a888-48b7-9a5b-77b2b986dbb7-profile_image-150x150.png?imenable=1&impolicy=user-profile-picture&imwidth=100","74660","TTVAmericandream","3855","2220","6","1","686","8","8","false","false","German","TTVAmericandream"
"https://static-cdn.jtvnw.net/jtv_user_pictures/2cb17b6d-588d-4d98-b80f-e28d8b0b396c-profile_image-150x150.jpeg?imenable=1&impolicy=user-profile-picture&imwidth=100","74661","SalVl","26235","1800","416","13","686","13","72","false","true","English","SalVl"
"https://static-cdn.jtvnw.net/jtv_user_pictures/af607f47-ca35-4d40-85a2-aec2a79e579d-profile_image-150x150.jpeg?imenable=1&impolicy=user-profile-picture&imwidth=100","74662","slapslapraps","6705","2850","8","1","686","27","182","false","true","English","slapslapraps"
"https://static-cdn.jtvnw.net/jtv_user_pictures/twitschar-profile_image-212acd82f675285b-150x150.jpeg?imenable=1&impolicy=user-profile-picture&imwidth=100","74663","Twitschar","5220","795","31","6","686","1","93","false","true","German","Twitschar"
"https://static-cdn.jtvnw.net/jtv_user_pictures/32ec38c3-babf-416f-aca6-1b59de7bc8fc-profile_image-150x150.png?imenable=1&impolicy=user-profile-picture&imwidth=100","74664","KennyLaL","22665","5805","24","3","686","80","213","false","false","Norwegian","KennyLaL"
"https://static-cdn.jtvnw.net/jtv_user_pictures/mikekoch-profile_image-182b7cd0bb145385-150x150.jpeg?imenable=1&impolicy=user-profile-picture&imwidth=100","74665","MikeKoch","3990","150","134","26","686","528","658","false","false","English","MikeKoch"
"https://static-cdn.jtvnw.net/jtv_user_pictures/zimisss-profile_image-c1d863a26da2cb7e-150x150.png?imenable=1&impolicy=user-profile-picture&imwidth=100","74666","Zimisss","1140","990","3","0","686","48","78","false","false","English","Zimisss"
"https://static-cdn.jtvnw.net/jtv_user_pictures/754e54e1-a903-4d47-a446-fd09182a4497-profile_image-150x150.png?imenable=1&impolicy=user-profile-picture&imwidth=100","74667","Talynwolfen","5400","2850","8","1","686","8","38","false","true","English","Talynwolfen"
"https://static-cdn.jtvnw.net/user-default-pictures/bb97f7e6-f11a-4194-9708-52bf5a5125e8-profile_image-150x150.jpg?imenable=1&impolicy=user-profile-picture&imwidth=100","74668","TheMovingWall","22500","1200","42","18","686","38","58","false","false","English","TheMovingWall"
"https://static-cdn.jtvnw.net/jtv_user_pictures/hostabet-profile_image-c740ae094ce58dc2-150x150.png?imenable=1&impolicy=user-profile-picture&imwidth=100","74669","Hostabet","98745","6555","896","14","686","177","563","false","true","English","Hostabet"
"https://static-cdn.jtvnw.net/jtv_user_pictures/5a05a75b-066d-4e16-92b4-2cc5e0e4e225-profile_image-150x150.jpeg?imenable=1&impolicy=user-profile-picture&imwidth=100","74670","Oc3lott","300","225","4","0","686","0","17","false","false","Italian","Oc3lott"
"https://static-cdn.jtvnw.net/jtv_user_pictures/11fb60c7-568b-4bda-b4f5-a669c8eef0ee-profile_image-150x150.png?imenable=1&impolicy=user-profile-picture&imwidth=100","74671","granis_","4350","1860","9","1","686","23","63","false","false","English","granis_"
"https://static-cdn.jtvnw.net/jtv_user_pictures/7471a8bb-46bd-4948-acfe-fc27db5ae41b-profile_image-150x150.png?imenable=1&impolicy=user-profile-picture&imwidth=100","74672","aarcadee_","60","60","1","1","686","0","0","false","true","English","aarcadee_"
"https://static-cdn.jtvnw.net/jtv_user_pictures/50fc6bde-75f3-4a9e-a2d3-fd5b6781516e-profile_image-150x150.jpeg?imenable=1&impolicy=user-profile-picture&imwidth=100","74673","evkablin","225","45","8","5","686","3","-13","false","false","Russian","evkablin"
"https://static-cdn.jtvnw.net/jtv_user_pictures/291f70d2b8726ac4-profile_image-150x150.jpeg?imenable=1&impolicy=user-profile-picture&imwidth=100","74674","LastHope_gaming","30","120","1","0","686","0","0","false","true","English","LastHope_gaming"
"https://static-cdn.jtvnw.net/jtv_user_pictures/7a0a933e-797f-4718-83d9-ffb714f3d27a-profile_image-150x150.jpg?imenable=1&impolicy=user-profile-picture&imwidth=100","74675","Avukat","60","15","4","4","686","0","0","false","false","Turkish","Avukat"
"https://static-cdn.jtvnw.net/jtv_user_pictures/micromaniatv-profile_image-eff7059f98a07b7b-150x150.jpeg?imenable=1&impolicy=user-profile-picture&imwidth=100","74676","MicromaniaTV","4890","375","31","12","686","6","532","false","false","French","MicromaniaTV"
"https://static-cdn.jtvnw.net/jtv_user_pictures/itothemagine-profile_image-b0eeb7c640e5c262-150x150.png?imenable=1&impolicy=user-profile-picture&imwidth=100","74677","IToTheMagine","105","60","2","1","686","0","0","false","false","English","IToTheMagine"
"https://static-cdn.jtvnw.net/jtv_user_pictures/og_tejy-profile_image-5c7ffcd653599555-150x150.png?imenable=1&impolicy=user-profile-picture&imwidth=100","74678","OG_Tejy","8895","4260","6","1","686","-2","122","false","false","English","OG_Tejy"
"https://static-cdn.jtvnw.net/jtv_user_pictures/1373a70f-7a1c-4fb6-97bb-c216935c98b8-profile_image-150x150.png?imenable=1&impolicy=user-profile-picture&imwidth=100","74679","Lady_Kira","15735","2700","15","5","686","47","73","false","true","English","Lady_Kira"
"https://static-cdn.jtvnw.net/jtv_user_pictures/opengamerpro-profile_image-16e7685d8e594c17-150x150.jpeg?imenable=1&impolicy=user-profile-picture&imwidth=100","74680","OpenGamerPro","3690","195","28","18","686","8","217","false","false","Other","OpenGamerPro"
"https://static-cdn.jtvnw.net/jtv_user_pictures/a259cc6c-4cf8-406a-b880-57fae01aac17-profile_image-150x150.png?imenable=1&impolicy=user-profile-picture&imwidth=100","74681","Bowser1313","0","15","0","0","686","0","0","false","false","English","Bowser1313"
"https://static-cdn.jtvnw.net/jtv_user_pictures/ce1ca3e4-77f0-426d-996e-0a015aae0b7d-profile_image-150x150.png?imenable=1&impolicy=user-profile-picture&imwidth=100","74682","TumbleTV","14550","1605","18","8","686","18","102","false","true","English","TumbleTV"
"https://static-cdn.jtvnw.net/jtv_user_pictures/455d563d0512bb17-profile_image-150x150.jpeg?imenable=1&impolicy=user-profile-picture&imwidth=100","74683","Kuchenmann94","1455","1935","5","0","686","10","120","false","true","German","Kuchenmann94"
"https://static-cdn.jtvnw.net/jtv_user_pictures/flirtea-profile_image-c3aedab85198a854-150x150.jpeg?imenable=1&impolicy=user-profile-picture&imwidth=100","74684","flirtea","420","30","15","14","686","4","-27","false","false","English","flirtea"
"https://static-cdn.jtvnw.net/jtv_user_pictures/8d98bc92-e58d-4f96-ae24-e992cfa6ba2a-profile_image-150x150.png?imenable=1&impolicy=user-profile-picture&imwidth=100","74685","TaylorIsOP","3675","1185","10","2","686","9","109","false","true","English","TaylorIsOP"
"https://static-cdn.jtvnw.net/jtv_user_pictures/b5e3b0c4-95bf-4a47-89f5-d6e8bd38f6c5-profile_image-150x150.jpg?imenable=1&impolicy=user-profile-picture&imwidth=100","74686","almostSP","2805","4740","6","0","686","11","50","false","false","English","almostSP"
"https://static-cdn.jtvnw.net/jtv_user_pictures/423312ca-5b07-4a30-9f2e-726672beacfb-profile_image-150x150.jpg?imenable=1&impolicy=user-profile-picture&imwidth=100","74687","michael_blue","195","120","4","1","686","-4","2","false","false","Swedish","michael_blue"
"https://static-cdn.jtvnw.net/jtv_user_pictures/snedup-profile_image-f65e8d71488c0dcb-150x150.jpeg?imenable=1&impolicy=user-profile-picture&imwidth=100","74688","SnedUp","29325","315","161","92","686","164","109","false","false","Russian","SnedUp"
"https://static-cdn.jtvnw.net/jtv_user_pictures/generaljorge-profile_image-2808d665af205dfc-150x150.jpeg?imenable=1&impolicy=user-profile-picture&imwidth=100","74689","GeneralJorge","9030","1140","28","7","686","5","23","false","false","English","GeneralJorge"
"https://static-cdn.jtvnw.net/jtv_user_pictures/demortes-profile_image-f730f028b3f2ce96-150x150.png?imenable=1&impolicy=user-profile-picture&imwidth=100","74690","Demortes","0","90","1","0","686","0","0","false","true","English","Demortes"
"https://static-cdn.jtvnw.net/jtv_user_pictures/cabosetv-profile_image-d8058a669507283c-150x150.png?imenable=1&impolicy=user-profile-picture&imwidth=100","74691","cabosetv","630","225","4","2","686","0","0","false","true","English","cabosetv"
"https://static-cdn.jtvnw.net/jtv_user_pictures/9cb85f71-d542-4b24-96b4-40dbdbf26d59-profile_image-150x150.png?imenable=1&impolicy=user-profile-picture&imwidth=100","74692","elpharie","60","90","1","0","686","1","0","false","true","English","elpharie"
"https://static-cdn.jtvnw.net/jtv_user_pictures/xomitsixo-profile_image-28fd96872dd3f943-150x150.jpeg?imenable=1&impolicy=user-profile-picture&imwidth=100","74693","xoMitsixo","7695","735","21","10","686","5","106","false","false","English","xoMitsixo"
"https://static-cdn.jtvnw.net/jtv_user_pictures/e8efefcccfbf870b-profile_image-150x150.jpeg?imenable=1&impolicy=user-profile-picture&imwidth=100","74694","Jaze_Tv","9825","7200","6","0","686","13","46","false","true","English","Jaze_Tv"
"https://static-cdn.jtvnw.net/jtv_user_pictures/jannylol-profile_image-bea34f2076d81fa6-150x150.jpeg?imenable=1&impolicy=user-profile-picture&imwidth=100","74695","JannyLOL","30","15","2","2","686","0","0","false","false","German","JannyLOL"
"https://static-cdn.jtvnw.net/jtv_user_pictures/1c0fec2a-690c-4ff5-b9a1-9434a9a82094-profile_image-150x150.png?imenable=1&impolicy=user-profile-picture&imwidth=100","74696","GoodGuyHeliioz","5010","1200","11","3","686","3","24","false","true","English","GoodGuyHeliioz"
"https://static-cdn.jtvnw.net/jtv_user_pictures/bpskibbenheims-profile_image-404d59e187a209b2-150x150.jpeg?imenable=1&impolicy=user-profile-picture&imwidth=100","74697","BPSkibbenheims","37815","6255","20","5","686","20","125","false","true","English","BPSkibbenheims"
"https://static-cdn.jtvnw.net/jtv_user_pictures/76ab4512-2c19-4754-8552-a87d769fb21e-profile_image-150x150.png?imenable=1&impolicy=user-profile-picture&imwidth=100","74698","tovarisawesome","4920","1455","6","3","686","3","25","false","false","English","tovarisawesome"
"https://static-cdn.jtvnw.net/jtv_user_pictures/0a9216d5-2063-4f65-9f6e-99bb94de9a41-profile_image-150x150.png?imenable=1&impolicy=user-profile-picture&imwidth=100","74699","dantricgames","8400","1440","11","5","686","-3","48","false","true","English","dantricgames"
"https://static-cdn.jtvnw.net/user-default-pictures/27103734-3cda-44d6-a384-f2ab71e4bb85-profile_image-150x150.jpg?imenable=1&impolicy=user-profile-picture&imwidth=100","74700","YTGamerLuc","1260","60","28","21","686","5","-43","false","false","English","YTGamerLuc"