"","","Channel","Watch time","Stream time","Peak viewers","Average viewers","Followers","Followers gained","Views gained","Partnered","Mature","Language",""
"https://static-cdn.jtvnw.net/jtv_user_pictures/mattyice3131-profile_image-96f82af3bc7a39eb-150x150.png?imenable=1&impolicy=user-profile-picture&imwidth=100","55001","MattyIce3131","825","405","4","1","1127","-1","2","false","true","English","MattyIce3131"
"https://static-cdn.jtvnw.net/jtv_user_pictures/fe0ca9e9-581d-4ef1-9608-61acead2e929-profile_image-150x150.png?imenable=1&impolicy=user-profile-picture&imwidth=100","55002","Missiris62","855","210","9","4","1127","6","31","false","true","French","Missiris62"
"https://static-cdn.jtvnw.net/jtv_user_pictures/bertisha-profile_image-87f5b29bb737cecd-150x150.jpeg?imenable=1&impolicy=user-profile-picture&imwidth=100","55003","Bertisha","6000","3900","7","1","1127","8","7","false","false","English","Bertisha"
"https://static-cdn.jtvnw.net/jtv_user_pictures/ec3488e4-af0e-4402-89f0-56ca6275eebe-profile_image-150x150.png?imenable=1&impolicy=user-profile-picture&imwidth=100","55004","xLady","17475","3570","15","4","1127","12","65","false","true","English","xLady"
"https://static-cdn.jtvnw.net/jtv_user_pictures/f65dab2a-4d59-4a43-8d21-71c06afd86ff-profile_image-150x150.jpeg?imenable=1&impolicy=user-profile-picture&imwidth=100","55005","PlebabeFPS","60","60","1","1","1127","0","0","false","true","English","PlebabeFPS"
"https://static-cdn.jtvnw.net/jtv_user_pictures/c6f7b852-4301-4413-8f14-4069e7f7ccc5-profile_image-150x150.jpg?imenable=1&impolicy=user-profile-picture&imwidth=100","55006","ItMeSky","1320","1470","3","0","1127","-4","9","false","false","English","ItMeSky"
"https://static-cdn.jtvnw.net/jtv_user_pictures/367e40f6-3c77-43f1-8d9a-b9e521f004d2-profile_image-150x150.jpg?imenable=1&impolicy=user-profile-picture&imwidth=100","55007","unknownstreak","105","255","3","0","1127","4","4","false","false","English","unknownstreak"
"https://static-cdn.jtvnw.net/jtv_user_pictures/thekiwi360-profile_image-89ae3d73d15af311-150x150.png?imenable=1&impolicy=user-profile-picture&imwidth=100","55008","TheKiwi360","1320","930","6","1","1127","7","22","false","true","English","TheKiwi360"
"https://static-cdn.jtvnw.net/jtv_user_pictures/42aeac3e-d209-46ca-9901-f7e8f3fca1f8-profile_image-150x150.png?imenable=1&impolicy=user-profile-picture&imwidth=100","55009","MiniFoxx","16140","3960","18","3","1127","-68","277","false","true","English","MiniFoxx"
"https://static-cdn.jtvnw.net/jtv_user_pictures/30af8f75-0667-4f1a-9a73-55331493d731-profile_image-150x150.png?imenable=1&impolicy=user-profile-picture&imwidth=100","55010","Synchrostar","3300","840","9","3","1127","-4","42","false","true","English","Synchrostar"
"https://static-cdn.jtvnw.net/jtv_user_pictures/maryminersgaming-profile_image-552f9c1224ad7d8a-150x150.jpeg?imenable=1&impolicy=user-profile-picture&imwidth=100","55011","MaryMinersGaming","3840","1035","8","3","1127","-300","73","false","false","","MaryMinersGaming"
"https://static-cdn.jtvnw.net/jtv_user_pictures/f340d97c-3cca-4a49-a40d-b1fe50b83df6-profile_image-150x150.png?imenable=1&impolicy=user-profile-picture&imwidth=100","55012","TheSurrealBox","54165","3315","35","15","1127","37","339","false","true","English","TheSurrealBox"
"https://static-cdn.jtvnw.net/jtv_user_pictures/ghettoizm-profile_image-a6bfe6c96a22da94-150x150.png?imenable=1&impolicy=user-profile-picture&imwidth=100","55013","Ghettoizm","17760","2685","11","6","1127","40","28","false","true","English","Ghettoizm"
"https://static-cdn.jtvnw.net/jtv_user_pictures/scoloff-profile_image-fe733da414258cad-150x150.jpeg?imenable=1&impolicy=user-profile-picture&imwidth=100","55014","Scoloff","6165","1635","9","3","1127","30","213","false","false","Russian","Scoloff"
"https://static-cdn.jtvnw.net/jtv_user_pictures/ff66722e-4a13-41a9-b04d-56aa9222e723-profile_image-150x150.png?imenable=1&impolicy=user-profile-picture&imwidth=100","55015","hardreadch","28110","1290","114","21","1126","69","794","false","false","English","hardreadch"
"https://static-cdn.jtvnw.net/jtv_user_pictures/9d320596-e477-4268-b514-09ea8d65e1a9-profile_image-150x150.png?imenable=1&impolicy=user-profile-picture&imwidth=100","55016","lzeeus","90","120","3","0","1126","2","8","false","false","Spanish","lzeeus"
"https://static-cdn.jtvnw.net/jtv_user_pictures/737fec40-209c-48c7-861b-ec4c4d5d505b-profile_image-150x150.png?imenable=1&impolicy=user-profile-picture&imwidth=100","55017","VerySydney","6345","1185","10","4","1126","16","62","false","false","English","VerySydney"
"https://static-cdn.jtvnw.net/jtv_user_pictures/1000tyrese-profile_image-e47af309161fad6d-150x150.jpeg?imenable=1&impolicy=user-profile-picture&imwidth=100","55018","1000TYRESE","90","45","6","2","1126","0","0","false","true","","1000TYRESE"
"https://static-cdn.jtvnw.net/jtv_user_pictures/b132b014-82c9-44c2-a8f8-df906c63085e-profile_image-150x150.png?imenable=1&impolicy=user-profile-picture&imwidth=100","55019","kalas_gg","13320","5295","53","2","1126","90","434","false","true","French","kalas_gg"
"https://static-cdn.jtvnw.net/jtv_user_pictures/c916a649-65c7-42bc-b016-d863b5fb36f8-profile_image-150x150.png?imenable=1&impolicy=user-profile-picture&imwidth=100","55020","ManBearZac","960","1545","6","0","1126","20","18","false","true","English","ManBearZac"
"https://static-cdn.jtvnw.net/jtv_user_pictures/3b8adfba-6502-46a7-8838-6d54213b9f9a-profile_image-150x150.jpeg?imenable=1&impolicy=user-profile-picture&imwidth=100","55021","DollpartsFTP","2685","570","10","4","1126","5","23","false","true","English","DollpartsFTP"
"https://static-cdn.jtvnw.net/jtv_user_pictures/7d87d822ab214d49-profile_image-150x150.jpeg?imenable=1&impolicy=user-profile-picture&imwidth=100","55022","corleone516","4785","975","9","4","1126","33","29","false","false","English","corleone516"
"https://static-cdn.jtvnw.net/jtv_user_pictures/newphilips-profile_image-3dd8737d5aa16f09-150x150.jpeg?imenable=1&impolicy=user-profile-picture&imwidth=100","55023","許喆勝 (newphilips)","21855","8325","10","2","1126","-11","281","false","false","Chinese","許喆勝 (newphilips)"
"https://static-cdn.jtvnw.net/jtv_user_pictures/514f6109-ddb3-4faf-bd6e-03cf9122de95-profile_image-150x150.jpg?imenable=1&impolicy=user-profile-picture&imwidth=100","55024","Halyavshik","44490","3270","79","13","1126","54","3107","false","true","Russian","Halyavshik"
"https://static-cdn.jtvnw.net/jtv_user_pictures/2d853492-80d2-4106-89bc-178b4dda2f12-profile_image-150x150.png?imenable=1&impolicy=user-profile-picture&imwidth=100","55025","GhosttSZN","150","90","4","1","1126","0","0","false","false","English","GhosttSZN"
"https://static-cdn.jtvnw.net/jtv_user_pictures/2dd756de-dab0-4f44-be97-33c99ccd6701-profile_image-150x150.png?imenable=1&impolicy=user-profile-picture&imwidth=100","55026","Pugsyxd","915","75","16","12","1126","5","0","false","false","English","Pugsyxd"
"https://static-cdn.jtvnw.net/jtv_user_pictures/fe1a19d7-6f79-40e9-948f-18fb0770522f-profile_image-150x150.png?imenable=1&impolicy=user-profile-picture&imwidth=100","55027","Sniklfritz291","30","30","2","1","1126","0","0","false","true","English","Sniklfritz291"
"https://static-cdn.jtvnw.net/jtv_user_pictures/8584cc81-d058-4c97-8b48-dab6147868b2-profile_image-150x150.png?imenable=1&impolicy=user-profile-picture&imwidth=100","55028","Joshkiehl","75","60","2","1","1126","0","0","false","true","English","Joshkiehl"
"https://static-cdn.jtvnw.net/jtv_user_pictures/d67782f9-f12d-40ed-82c4-03e2616e2b49-profile_image-150x150.png?imenable=1&impolicy=user-profile-picture&imwidth=100","55029","GabFreakyPieQC","510","315","6","1","1126","1083","24","false","false","English","GabFreakyPieQC"
"https://static-cdn.jtvnw.net/jtv_user_pictures/cd7764e8-6435-42f7-ac5e-0f5f4ca1098b-profile_image-150x150.png?imenable=1&impolicy=user-profile-picture&imwidth=100","55030","Kusheerr","3465","1005","10","2","1126","17","277","false","false","Spanish","Kusheerr"
"https://static-cdn.jtvnw.net/user-default-pictures-uv/215b7342-def9-11e9-9a66-784f43822e80-profile_image-150x150.png?imenable=1&impolicy=user-profile-picture&imwidth=100","55031","Jeppzenb","60","30","3","2","1126","-12","8","false","false","Swedish","Jeppzenb"
"https://static-cdn.jtvnw.net/jtv_user_pictures/gabrielbmendes-profile_image-3de7412c7add1ab7-150x150.jpeg?imenable=1&impolicy=user-profile-picture&imwidth=100","55032","GabrielBMendes","101790","3000","59","33","1126","215","2553","false","true","","GabrielBMendes"
"https://static-cdn.jtvnw.net/jtv_user_pictures/bfd396f4-7e91-49b2-ac4a-9fa280f12093-profile_image-150x150.png?imenable=1&impolicy=user-profile-picture&imwidth=100","55033","LynnDrumm","4740","780","12","5","1126","3","64","false","true","English","LynnDrumm"
"https://static-cdn.jtvnw.net/jtv_user_pictures/arimus-profile_image-44a8fe18cb7bb5fb-150x150.jpeg?imenable=1&impolicy=user-profile-picture&imwidth=100","55034","Arimus","2415","210","42","11","1126","7","47","false","true","English","Arimus"
"https://static-cdn.jtvnw.net/jtv_user_pictures/99ec8a07-e15a-4bab-a342-1fb4d052662d-profile_image-150x150.png?imenable=1&impolicy=user-profile-picture&imwidth=100","55035","DIMASS5","64500","4650","55","13","1126","308","2732","false","false","Russian","DIMASS5"
"https://static-cdn.jtvnw.net/jtv_user_pictures/06fd53ad-c8c2-457a-9f74-ffdb12e6623d-profile_image-150x150.jpg?imenable=1&impolicy=user-profile-picture&imwidth=100","55036","nationMMY","14850","1035","37","14","1126","27","326","false","false","English","nationMMY"
"https://static-cdn.jtvnw.net/jtv_user_pictures/surferslayapkr-profile_image-507a05c3cae9c7fa-150x150.jpeg?imenable=1&impolicy=user-profile-picture&imwidth=100","55037","SurferSlayaPKR","70665","5595","52","12","1126","102","638","false","false","","SurferSlayaPKR"
"https://static-cdn.jtvnw.net/jtv_user_pictures/e4220bcf-8cb4-49fa-819a-1af71f055c68-profile_image-150x150.jpg?imenable=1&impolicy=user-profile-picture&imwidth=100","55038","Hellfoes","8775","1560","16","5","1126","2","94","false","false","English","Hellfoes"
"https://static-cdn.jtvnw.net/jtv_user_pictures/c113bead-10d9-4af9-86ef-0a7067bf7baf-profile_image-150x150.png?imenable=1&impolicy=user-profile-picture&imwidth=100","55039","GOD_Bulle","255","135","3","1","1126","1","4","false","true","French","GOD_Bulle"
"https://static-cdn.jtvnw.net/jtv_user_pictures/b11791e3-3455-43fd-acf4-1fe9e84a79ff-profile_image-150x150.png?imenable=1&impolicy=user-profile-picture&imwidth=100","55040","sorryaboutyourface","0","15","0","0","1126","0","0","false","true","English","sorryaboutyourface"
"https://static-cdn.jtvnw.net/jtv_user_pictures/zarmony-profile_image-32c0afa2e59072e4-150x150.jpeg?imenable=1&impolicy=user-profile-picture&imwidth=100","55041","Zarmony","52725","2445","88","21","1126","113","1061","true","false","English","Zarmony"
"https://static-cdn.jtvnw.net/jtv_user_pictures/a1ae967e-f4d0-4a03-8ba2-1a23c6b82cfb-profile_image-150x150.png?imenable=1&impolicy=user-profile-picture&imwidth=100","55042","Halouette","22530","3615","14","5","1126","13","338","false","false","French","Halouette"
"https://static-cdn.jtvnw.net/jtv_user_pictures/0de69c22-447f-4c68-8a02-2fed3731f883-profile_image-150x150.png?imenable=1&impolicy=user-profile-picture&imwidth=100","55043","MisterUlle","14970","900","33","16","1126","77","271","false","true","German","MisterUlle"
"https://static-cdn.jtvnw.net/jtv_user_pictures/hexan97cz-profile_image-b35c3e5430193a41-150x150.png?imenable=1&impolicy=user-profile-picture&imwidth=100","55044","Hexan97CZ","13920","3240","10","3","1126","85","95","false","false","Czech","Hexan97CZ"
"https://static-cdn.jtvnw.net/jtv_user_pictures/uspenguin-profile_image-5eff557d2b1f40bd-150x150.jpeg?imenable=1&impolicy=user-profile-picture&imwidth=100","55045","uspenguin","29985","8265","22","3","1126","11","250","false","true","English","uspenguin"
"https://static-cdn.jtvnw.net/jtv_user_pictures/sir_campz_allot-profile_image-c5a984b7f22516c2-150x150.png?imenable=1&impolicy=user-profile-picture&imwidth=100","55046","SiR_CaMPz_ALLoT","270","1605","1","0","1126","-7","26","false","true","English","SiR_CaMPz_ALLoT"
"https://static-cdn.jtvnw.net/jtv_user_pictures/prismaticblack-profile_image-a68b15a312490956-150x150.jpeg?imenable=1&impolicy=user-profile-picture&imwidth=100","55047","PrismaticBlack","27135","2295","29","11","1126","7","65","false","true","English","PrismaticBlack"
"https://static-cdn.jtvnw.net/jtv_user_pictures/10741cb0-7f72-490a-957e-d789682e0419-profile_image-150x150.png?imenable=1&impolicy=user-profile-picture&imwidth=100","55048","AUFORMAT","14265","4530","10","2","1126","14","600","false","false","Russian","AUFORMAT"
"https://static-cdn.jtvnw.net/jtv_user_pictures/nikolyassik-profile_image-4dfae653ec11b242-150x150.jpeg?imenable=1&impolicy=user-profile-picture&imwidth=100","55049","NikolyASSik","34005","5160","17","6","1126","51","701","false","true","Russian","NikolyASSik"
"https://static-cdn.jtvnw.net/jtv_user_pictures/escef-profile_image-d0ea7d14eda1e4f7-150x150.jpeg?imenable=1&impolicy=user-profile-picture&imwidth=100","55050","Escef","145065","4335","76","33","1126","56","763","false","true","English","Escef"
"https://static-cdn.jtvnw.net/jtv_user_pictures/16e1ecaa-e7bc-4d2a-b777-02c1ef5dad05-profile_image-150x150.png?imenable=1&impolicy=user-profile-picture&imwidth=100","55051","DLLN","2670","3675","6","0","1126","-3","74","false","false","English","DLLN"
"https://static-cdn.jtvnw.net/jtv_user_pictures/arianynx-profile_image-17e6813dcca57a8a-150x150.jpeg?imenable=1&impolicy=user-profile-picture&imwidth=100","55052","Arianynx","6240","795","16","7","1126","20","28","false","false","English","Arianynx"
"https://static-cdn.jtvnw.net/jtv_user_pictures/f784c8df-b262-44b3-9c8b-2b90e9fc012e-profile_image-150x150.png?imenable=1&impolicy=user-profile-picture&imwidth=100","55053","WhizBangs","30","30","1","1","1126","0","0","false","true","English","WhizBangs"
"https://static-cdn.jtvnw.net/jtv_user_pictures/superduperlogar-profile_image-2ab7ae8cb7f33ba2-150x150.png?imenable=1&impolicy=user-profile-picture&imwidth=100","55054","SuperDuperLogar","2055","105","28","19","1126","10","0","false","false","English","SuperDuperLogar"
"https://static-cdn.jtvnw.net/jtv_user_pictures/603490ef6d3b2667-profile_image-150x150.png?imenable=1&impolicy=user-profile-picture&imwidth=100","55055","Laaash","23250","6150","23","3","1126","-166","341","false","true","English","Laaash"
"https://static-cdn.jtvnw.net/jtv_user_pictures/nukeonic-profile_image-92c1ccce9343134b-150x150.jpeg?imenable=1&impolicy=user-profile-picture&imwidth=100","55056","NukeOnic","30825","7230","14","3","1126","63","81","false","false","English","NukeOnic"
"https://static-cdn.jtvnw.net/jtv_user_pictures/bc85460c-d236-4488-b3c5-20b1d8a04c1f-profile_image-150x150.png?imenable=1&impolicy=user-profile-picture&imwidth=100","55057","rtm_es","48150","1020","151","46","1126","40","1198","true","false","Spanish","rtm_es"
"https://static-cdn.jtvnw.net/jtv_user_pictures/unknovvngamer-profile_image-2e470f53012e1919-150x150.jpeg?imenable=1&impolicy=user-profile-picture&imwidth=100","55058","UnknovvnGamer","615","345","5","1","1126","5","1","false","false","English","UnknovvnGamer"
"https://static-cdn.jtvnw.net/jtv_user_pictures/fml_its_me-profile_image-865db345783e664d-150x150.jpeg?imenable=1&impolicy=user-profile-picture&imwidth=100","55059","Fml_its_Me","5730","330","48","17","1126","15","65","false","false","English","Fml_its_Me"
"https://static-cdn.jtvnw.net/jtv_user_pictures/0a050f54-e322-428f-8b3f-eb5637b1f657-profile_image-150x150.png?imenable=1&impolicy=user-profile-picture&imwidth=100","55060","Luna_Sky","4620","1110","13","3","1126","10","86","false","true","English","Luna_Sky"
"https://static-cdn.jtvnw.net/jtv_user_pictures/62d67eff670a5ec1-profile_image-150x150.png?imenable=1&impolicy=user-profile-picture&imwidth=100","55061","snorkkx","4815","1470","9","2","1126","-3","28","false","true","Norwegian","snorkkx"
"https://static-cdn.jtvnw.net/jtv_user_pictures/f08740f4-6392-433a-8936-0e9fa5d6a357-profile_image-150x150.png?imenable=1&impolicy=user-profile-picture&imwidth=100","55062","CondorPlaysGames","15","15","1","1","1125","0","0","false","false","English","CondorPlaysGames"
"https://static-cdn.jtvnw.net/jtv_user_pictures/maxou103-profile_image-72e0897249c3e5d4-150x150.jpeg?imenable=1&impolicy=user-profile-picture&imwidth=100","55063","MaxOu103","150","150","2","1","1125","0","21","false","false","Chinese","MaxOu103"
"https://static-cdn.jtvnw.net/jtv_user_pictures/g13_tv-profile_image-b405f484248f385a-150x150.jpeg?imenable=1&impolicy=user-profile-picture&imwidth=100","55064","G13_TV","5280","3090","14","1","1125","53","139","false","true","Russian","G13_TV"
"https://static-cdn.jtvnw.net/jtv_user_pictures/zoebz-profile_image-ab0f20099f67ff15-150x150.jpeg?imenable=1&impolicy=user-profile-picture&imwidth=100","55065","Zoebz","45","45","2","1","1125","0","0","false","false","","Zoebz"
"https://static-cdn.jtvnw.net/jtv_user_pictures/hippohawk-profile_image-d93dacc884040d8b-150x150.png?imenable=1&impolicy=user-profile-picture&imwidth=100","55066","hippohawk","19785","4200","13","4","1125","127","119","false","false","English","hippohawk"
"https://static-cdn.jtvnw.net/jtv_user_pictures/d73033e7-7197-4789-a69d-f33e1c14484b-profile_image-150x150.png?imenable=1&impolicy=user-profile-picture&imwidth=100","55067","Hannu","75","135","2","0","1125","-269","1","false","true","English","Hannu"
"https://static-cdn.jtvnw.net/jtv_user_pictures/4f83b111-564c-454d-b1d7-a4f6d5ec6a60-profile_image-150x150.png?imenable=1&impolicy=user-profile-picture&imwidth=100","55068","グレイガ (grega12076318)","585","510","3","1","1125","0","10","false","true","Chinese","グレイガ (grega12076318)"
"https://static-cdn.jtvnw.net/jtv_user_pictures/e6038a52-9b1d-4979-8ffe-e34d2efab31d-profile_image-150x150.png?imenable=1&impolicy=user-profile-picture&imwidth=100","55069","funzaa","3960","3750","4","0","1125","8","153","false","false","French","funzaa"
"https://static-cdn.jtvnw.net/jtv_user_pictures/e7275d87-4da9-415e-a62a-1bdc5d172648-profile_image-150x150.png?imenable=1&impolicy=user-profile-picture&imwidth=100","55070","리그렛 (regretpd)","30","15","2","2","1125","0","0","false","false","Korean","리그렛 (regretpd)"
"https://static-cdn.jtvnw.net/jtv_user_pictures/e1136afb-ad75-42f3-bc44-9a634396fcff-profile_image-150x150.png?imenable=1&impolicy=user-profile-picture&imwidth=100","55071","瑪克兔 (bettywmk2)","1515","2415","3","0","1125","6","79","false","true","Chinese","瑪克兔 (bettywmk2)"
"https://static-cdn.jtvnw.net/jtv_user_pictures/e4abbff0-47c9-473d-baee-493d16c0bbe1-profile_image-150x150.png?imenable=1&impolicy=user-profile-picture&imwidth=100","55072","CatharsisGx","60","30","4","2","1125","0","0","false","false","Spanish","CatharsisGx"
"https://static-cdn.jtvnw.net/jtv_user_pictures/nk_inc-profile_image-b74975c419428e90-150x150.png?imenable=1&impolicy=user-profile-picture&imwidth=100","55073","Nk_Inc","1635","750","4","2","1125","-7","10","true","true","English","Nk_Inc"
"https://static-cdn.jtvnw.net/jtv_user_pictures/7c4659bf-490e-41b9-8a32-9b1217506263-profile_image-150x150.png?imenable=1&impolicy=user-profile-picture&imwidth=100","55074","brawlboxgaming","10875","1650","31","6","1125","77","258","false","true","English","brawlboxgaming"
"https://static-cdn.jtvnw.net/jtv_user_pictures/ti_ti92-profile_image-15ac5b3270b08d2b-150x150.jpeg?imenable=1&impolicy=user-profile-picture&imwidth=100","55075","Ti_ti92","30585","4770","28","5","1125","110","688","false","true","French","Ti_ti92"
"https://static-cdn.jtvnw.net/jtv_user_pictures/10ced060-d1b2-4a1d-a80c-3e7e61e921d7-profile_image-150x150.jpeg?imenable=1&impolicy=user-profile-picture&imwidth=100","55076","demonseed2k","1290","540","14","2","1125","-558","21","false","false","English","demonseed2k"
"https://static-cdn.jtvnw.net/jtv_user_pictures/ee2f7f0b-9a97-4c78-b703-d37227ca6063-profile_image-150x150.jpg?imenable=1&impolicy=user-profile-picture&imwidth=100","55077","Kiwiliciouz","375","420","2","0","1125","2","10","false","true","English","Kiwiliciouz"
"https://static-cdn.jtvnw.net/jtv_user_pictures/d10f230a-ea55-4ec8-af93-2821f05f80b3-profile_image-150x150.png?imenable=1&impolicy=user-profile-picture&imwidth=100","55078","DomX3","5595","2115","9","2","1125","15","8","false","true","English","DomX3"
"https://static-cdn.jtvnw.net/jtv_user_pictures/af3c9ee8b80f3662-profile_image-150x150.jpeg?imenable=1&impolicy=user-profile-picture&imwidth=100","55079","GwZMadCat","180","120","3","1","1125","1","2","false","false","German","GwZMadCat"
"https://static-cdn.jtvnw.net/jtv_user_pictures/0d704f82-6a35-4049-92be-a73b214852ba-profile_image-150x150.png?imenable=1&impolicy=user-profile-picture&imwidth=100","55080","1UPLIFEtv","13455","5145","26","2","1125","104","159","false","false","English","1UPLIFEtv"
"https://static-cdn.jtvnw.net/jtv_user_pictures/robinkausf-profile_image-312ec3d163e8905a-150x150.jpeg?imenable=1&impolicy=user-profile-picture&imwidth=100","55081","RobinKausF","2265","225","17","9","1125","-188","83","false","false","German","RobinKausF"
"https://static-cdn.jtvnw.net/jtv_user_pictures/281d6265-2f17-4ea4-85a1-e44eb8c77896-profile_image-150x150.png?imenable=1&impolicy=user-profile-picture&imwidth=100","55082","The_mexican5241","30","45","1","0","1125","0","0","false","false","English","The_mexican5241"
"https://static-cdn.jtvnw.net/jtv_user_pictures/92582cc8-8ac7-4110-9d03-35bf599be0cb-profile_image-150x150.png?imenable=1&impolicy=user-profile-picture&imwidth=100","55083","GhostKiro","7365","795","18","8","1125","22","146","false","false","German","GhostKiro"
"https://static-cdn.jtvnw.net/jtv_user_pictures/2a32ed10-9f48-4ee0-994f-a7b1284ea6da-profile_image-150x150.png?imenable=1&impolicy=user-profile-picture&imwidth=100","55084","Edge0fHeaven","4185","1095","8","3","1125","20","39","false","true","English","Edge0fHeaven"
"https://static-cdn.jtvnw.net/jtv_user_pictures/354c29fd-fd8e-4e8a-99e4-b4413de41244-profile_image-150x150.png?imenable=1&impolicy=user-profile-picture&imwidth=100","55085","professorpineco","14925","915","50","16","1125","75","93","false","false","English","professorpineco"
"https://static-cdn.jtvnw.net/jtv_user_pictures/99dfa637-c57f-4dc2-b2eb-cdc9c62e679c-profile_image-150x150.png?imenable=1&impolicy=user-profile-picture&imwidth=100","55086","Rhinomeister156","15","240","1","0","1125","0","0","false","true","English","Rhinomeister156"
"https://static-cdn.jtvnw.net/jtv_user_pictures/87f11e56-a98d-473f-91f5-a225e24b8536-profile_image-150x150.png?imenable=1&impolicy=user-profile-picture&imwidth=100","55087","cutetightasian","7965","315","36","25","1125","25","119","false","false","Swedish","cutetightasian"
"https://static-cdn.jtvnw.net/jtv_user_pictures/fb4b3d0d-58d9-4ae9-8724-36936ee13b53-profile_image-150x150.png?imenable=1&impolicy=user-profile-picture&imwidth=100","55088","Sechari","13515","1350","18","9","1125","11","54","false","true","English","Sechari"
"https://static-cdn.jtvnw.net/jtv_user_pictures/4ed03f43-0d3f-4452-a7b4-f9cd75603330-profile_image-150x150.png?imenable=1&impolicy=user-profile-picture&imwidth=100","55089","quoooo","2250","300","13","6","1125","10","30","false","false","English","quoooo"
"https://static-cdn.jtvnw.net/jtv_user_pictures/gordlockom-profile_image-8398b1e954295f50-150x150.png?imenable=1&impolicy=user-profile-picture&imwidth=100","55090","Gordlockom","5985","1785","9","3","1125","11","97","false","true","French","Gordlockom"
"https://static-cdn.jtvnw.net/jtv_user_pictures/dankdabsalot-profile_image-33c9934522913b66-150x150.jpeg?imenable=1&impolicy=user-profile-picture&imwidth=100","55091","DankDabsAlot","10935","3930","7","2","1125","37","73","false","false","English","DankDabsAlot"
"https://static-cdn.jtvnw.net/jtv_user_pictures/afflikshin-profile_image-8b98fad2d3c3b3ce-150x150.png?imenable=1&impolicy=user-profile-picture&imwidth=100","55092","Afflikshin","9870","3690","10","2","1125","16","116","false","false","English","Afflikshin"
"https://static-cdn.jtvnw.net/jtv_user_pictures/noobs_on_fire-profile_image-41e5295d9fd115fe-150x150.png?imenable=1&impolicy=user-profile-picture&imwidth=100","55093","Noobs_on_Fire","29190","3720","20","7","1125","27","332","false","false","","Noobs_on_Fire"
"https://static-cdn.jtvnw.net/jtv_user_pictures/lukeheeger-profile_image-9078b87e9203fde1-150x150.jpeg?imenable=1&impolicy=user-profile-picture&imwidth=100","55094","Lukeheeger","600","90","9","6","1125","0","0","false","false","English","Lukeheeger"
"https://static-cdn.jtvnw.net/jtv_user_pictures/3de60c22-443b-4a18-86a3-2de65945c54b-profile_image-150x150.png?imenable=1&impolicy=user-profile-picture&imwidth=100","55095","kerolf","12855","1095","35","11","1124","73","269","false","false","Polish","kerolf"
"https://static-cdn.jtvnw.net/jtv_user_pictures/h8edhero-profile_image-e7ba9ead90dddae0-150x150.jpeg?imenable=1&impolicy=user-profile-picture&imwidth=100","55096","H8edHero","855","225","13","3","1124","0","7","false","true","English","H8edHero"
"https://static-cdn.jtvnw.net/jtv_user_pictures/7a18ad8f-e1ef-437a-9f49-72f6ac08f74e-profile_image-150x150.png?imenable=1&impolicy=user-profile-picture&imwidth=100","55097","808ash","90","90","2","1","1124","0","0","false","true","English","808ash"
"https://static-cdn.jtvnw.net/jtv_user_pictures/1bit__-profile_image-8c3b78667dee121c-150x150.png?imenable=1&impolicy=user-profile-picture&imwidth=100","55098","1Bit__","90","90","2","1","1124","1","0","false","false","English","1Bit__"
"https://static-cdn.jtvnw.net/jtv_user_pictures/005dacfa-11da-4075-a5e7-fd7bf572046e-profile_image-150x150.jpeg?imenable=1&impolicy=user-profile-picture&imwidth=100","55099","Lightsourced","58890","4140","67","13","1124","318","724","false","true","English","Lightsourced"
"https://static-cdn.jtvnw.net/jtv_user_pictures/bb03a782-0193-4515-aaa0-882d1f86982d-profile_image-150x150.png?imenable=1&impolicy=user-profile-picture&imwidth=100","55100","drift_wanted","120","135","2","0","1124","1","5","false","false","Danish","drift_wanted"