"","","Channel","Watch time","Stream time","Peak viewers","Average viewers","Followers","Followers gained","Views gained","Partnered","Mature","Language",""
"https://static-cdn.jtvnw.net/jtv_user_pictures/d09b3594-18c9-4639-b642-7fefdc8ff363-profile_image-150x150.png?imenable=1&impolicy=user-profile-picture&imwidth=100","64401","acLOOTGOBLIN","0","15","0","0","882","0","0","false","true","English","acLOOTGOBLIN"
"https://static-cdn.jtvnw.net/jtv_user_pictures/xconsutron-profile_image-b99dac178199a930-150x150.png?imenable=1&impolicy=user-profile-picture&imwidth=100","64402","xConsutron","15105","1335","104","11","882","89","1026","false","false","Italian","xConsutron"
"https://static-cdn.jtvnw.net/jtv_user_pictures/3687779a-ff11-4be8-b930-ef0b1d87929a-profile_image-150x150.jpg?imenable=1&impolicy=user-profile-picture&imwidth=100","64403","Miss_nelyana","0","15","0","0","882","0","0","false","false","French","Miss_nelyana"
"https://static-cdn.jtvnw.net/jtv_user_pictures/64070258-6c52-4e82-8dee-9a15d1ffb663-profile_image-150x150.png?imenable=1&impolicy=user-profile-picture&imwidth=100","64404","Djaroule","90","45","3","2","882","1","0","false","true","French","Djaroule"
"https://static-cdn.jtvnw.net/jtv_user_pictures/c32b079a-f87d-4a8a-8c21-490d3ebeaee7-profile_image-150x150.png?imenable=1&impolicy=user-profile-picture&imwidth=100","64405","PST_GuTsHoT","615","420","4","1","882","3","32","false","true","German","PST_GuTsHoT"
"https://static-cdn.jtvnw.net/jtv_user_pictures/megaberna-profile_image-f3fb3f025b02f8fb-150x150.jpeg?imenable=1&impolicy=user-profile-picture&imwidth=100","64406","Megaberna","5370","1215","12","4","882","17","238","false","true","English","Megaberna"
"https://static-cdn.jtvnw.net/jtv_user_pictures/porofamily-profile_image-430051f74578c672-150x150.png?imenable=1&impolicy=user-profile-picture&imwidth=100","64407","Porofamily","39735","4800","34","7","882","302","443","false","false","French","Porofamily"
"https://static-cdn.jtvnw.net/jtv_user_pictures/8cd30670-a0de-4c73-91b0-528564954612-profile_image-150x150.jpg?imenable=1&impolicy=user-profile-picture&imwidth=100","64408","Foaya","6795","1170","19","5","882","26","104","false","false","French","Foaya"
"https://static-cdn.jtvnw.net/jtv_user_pictures/bcfca9c77d373220-profile_image-150x150.jpeg?imenable=1&impolicy=user-profile-picture&imwidth=100","64409","AlissinhoW","330","240","4","0","882","2","62","false","false","Portuguese","AlissinhoW"
"https://static-cdn.jtvnw.net/jtv_user_pictures/redbyl-profile_image-192722400e8e44b6-150x150.jpeg?imenable=1&impolicy=user-profile-picture&imwidth=100","64410","redbyl","8385","1410","16","5","882","2","128","false","false","Russian","redbyl"
"https://static-cdn.jtvnw.net/jtv_user_pictures/eb7bb3fb-9e1e-4a0a-97ff-550b6c805826-profile_image-150x150.jpg?imenable=1&impolicy=user-profile-picture&imwidth=100","64411","SrNarco","675","480","4","1","882","4","17","false","true","Spanish","SrNarco"
"https://static-cdn.jtvnw.net/jtv_user_pictures/1107ee41-97fe-4446-a1cf-955fc4cf3adf-profile_image-150x150.jpeg?imenable=1&impolicy=user-profile-picture&imwidth=100","64412","v_Lorcan","42900","1380","69","30","882","33","138","false","false","English","v_Lorcan"
"https://static-cdn.jtvnw.net/jtv_user_pictures/ba0d81aa-9e24-40b1-bf56-af1442cb75eb-profile_image-150x150.png?imenable=1&impolicy=user-profile-picture&imwidth=100","64413","Kangen","6915","105","86","65","882","965","0","false","true","English","Kangen"
"https://static-cdn.jtvnw.net/jtv_user_pictures/yiffyshonryu-profile_image-5bacc511d0f2c79f-150x150.jpeg?imenable=1&impolicy=user-profile-picture&imwidth=100","64414","YiffyShonryu","11340","1230","34","8","882","25","29","false","false","English","YiffyShonryu"
"https://static-cdn.jtvnw.net/jtv_user_pictures/65a304c5-d2aa-4a9f-baa6-9dddbf6b21bd-profile_image-150x150.png?imenable=1&impolicy=user-profile-picture&imwidth=100","64415","Zipzimo","75","60","2","1","882","0","0","false","false","Danish","Zipzimo"
"https://static-cdn.jtvnw.net/jtv_user_pictures/a32b558a-e651-4a20-bd06-c21591e40883-profile_image-150x150.jpg?imenable=1&impolicy=user-profile-picture&imwidth=100","64416","AntyiglaPL","1305","225","12","5","882","21","61","false","false","Polish","AntyiglaPL"
"https://static-cdn.jtvnw.net/jtv_user_pictures/c1bf1710-3702-406b-b025-b21064702410-profile_image-150x150.jpg?imenable=1&impolicy=user-profile-picture&imwidth=100","64417","ProcraftSins","5790","1845","16","2","882","15","52","false","false","English","ProcraftSins"
"https://static-cdn.jtvnw.net/jtv_user_pictures/8c891f16-5fba-4d1d-a66c-c5ec175798b5-profile_image-150x150.png?imenable=1&impolicy=user-profile-picture&imwidth=100","64418","ImTAz1309","75","75","1","1","882","0","0","false","false","French","ImTAz1309"
"https://static-cdn.jtvnw.net/jtv_user_pictures/3d57ef89-4f15-49ff-9ce4-f9a03108ad02-profile_image-150x150.png?imenable=1&impolicy=user-profile-picture&imwidth=100","64419","VengefulTorture","0","15","0","0","882","0","0","false","true","English","VengefulTorture"
"https://static-cdn.jtvnw.net/jtv_user_pictures/2f525508-0bdc-490c-bbb0-c4c9a3873884-profile_image-150x150.png?imenable=1&impolicy=user-profile-picture&imwidth=100","64420","ryluck","345","135","4","2","882","2","7","false","true","English","ryluck"
"https://static-cdn.jtvnw.net/jtv_user_pictures/cabc713e-b525-4521-a56a-65ae0c87ae78-profile_image-150x150.png?imenable=1&impolicy=user-profile-picture&imwidth=100","64421","Alttiz","12225","2130","24","5","882","18","143","false","false","Finnish","Alttiz"
"https://static-cdn.jtvnw.net/user-default-pictures-uv/75305d54-c7cc-40d1-bb9c-91fbe85943c7-profile_image-150x150.png?imenable=1&impolicy=user-profile-picture&imwidth=100","64422","Fcjechowy","45","45","2","1","882","0","0","false","false","Polish","Fcjechowy"
"https://static-cdn.jtvnw.net/user-default-pictures-uv/215b7342-def9-11e9-9a66-784f43822e80-profile_image-150x150.png?imenable=1&impolicy=user-profile-picture&imwidth=100","64423","EvilMindsGFX","75","75","3","1","882","0","0","false","true","English","EvilMindsGFX"
"https://static-cdn.jtvnw.net/jtv_user_pictures/hurbs-profile_image-94a01e502d35f421-150x150.jpeg?imenable=1&impolicy=user-profile-picture&imwidth=100","64424","Hurbs","2055","675","12","2","882","0","49","false","true","English","Hurbs"
"https://static-cdn.jtvnw.net/jtv_user_pictures/8ca69738-f185-4468-99cc-45514f5a7128-profile_image-150x150.png?imenable=1&impolicy=user-profile-picture&imwidth=100","64425","swordmas_","750","465","4","1","882","1","3","false","false","English","swordmas_"
"https://static-cdn.jtvnw.net/jtv_user_pictures/jolomaggins-profile_image-cbd8410d0e1341dd-150x150.png?imenable=1&impolicy=user-profile-picture&imwidth=100","64426","JOLOMAGGINS","62595","10035","125","5","882","128","402","false","false","English","JOLOMAGGINS"
"https://static-cdn.jtvnw.net/jtv_user_pictures/617f9c2c4831e3d9-profile_image-150x150.png?imenable=1&impolicy=user-profile-picture&imwidth=100","64427","Tetrart","13575","2895","12","4","882","85","176","false","false","English","Tetrart"
"https://static-cdn.jtvnw.net/jtv_user_pictures/iwuzhere-profile_image-3bbec043b61520ac-150x150.png?imenable=1&impolicy=user-profile-picture&imwidth=100","64428","Iwuzhere","22290","4890","12","4","882","7","107","false","false","English","Iwuzhere"
"https://static-cdn.jtvnw.net/jtv_user_pictures/05c9b8e6-f5e9-47f0-a7ae-12b2d6dc901f-profile_image-150x150.png?imenable=1&impolicy=user-profile-picture&imwidth=100","64429","itsspikeow","210","75","4","2","882","3","2","false","false","English","itsspikeow"
"https://static-cdn.jtvnw.net/jtv_user_pictures/897958ef-660c-4f60-8b04-cd44b8fc207a-profile_image-150x150.png?imenable=1&impolicy=user-profile-picture&imwidth=100","64430","Arthurthe1234","7875","2985","10","2","882","22","56","false","false","English","Arthurthe1234"
"https://static-cdn.jtvnw.net/jtv_user_pictures/f296c51a-baec-4e7e-9c3a-e448cb40923c-profile_image-150x150.png?imenable=1&impolicy=user-profile-picture&imwidth=100","64431","LightSkilled","69855","11400","30","5","882","20","985","false","true","English","LightSkilled"
"https://static-cdn.jtvnw.net/jtv_user_pictures/668d6697-3f56-4487-9f24-c9a432bdc43f-profile_image-150x150.png?imenable=1&impolicy=user-profile-picture&imwidth=100","64432","DemiGodReviews","870","225","9","3","882","-260","6","false","true","English","DemiGodReviews"
"https://static-cdn.jtvnw.net/jtv_user_pictures/ad2d0b3e-8016-4d9a-b954-88d4b6d21d67-profile_image-150x150.png?imenable=1&impolicy=user-profile-picture&imwidth=100","64433","TailsDeveraux","12360","3720","9","2","882","5","76","false","true","English","TailsDeveraux"
"https://static-cdn.jtvnw.net/jtv_user_pictures/506c0cdd-61e3-481e-a650-645281431628-profile_image-150x150.png?imenable=1&impolicy=user-profile-picture&imwidth=100","64434","GamingShow1000","5625","660","19","8","882","28","182","false","false","English","GamingShow1000"
"https://static-cdn.jtvnw.net/jtv_user_pictures/ichigochou-profile_image-a668657608939d13-150x150.jpeg?imenable=1&impolicy=user-profile-picture&imwidth=100","64435","Ichigochou","4560","795","14","5","882","18","147","false","false","French","Ichigochou"
"https://static-cdn.jtvnw.net/jtv_user_pictures/ff285224-5b2f-45c9-8777-fc32eb73f413-profile_image-150x150.png?imenable=1&impolicy=user-profile-picture&imwidth=100","64436","ImJustX","4725","1335","9","3","882","4","43","false","true","English","ImJustX"
"https://static-cdn.jtvnw.net/jtv_user_pictures/avenger8o5-profile_image-23fcf7f78377cf14-150x150.jpeg?imenable=1&impolicy=user-profile-picture&imwidth=100","64437","Avenger8o5","9795","1095","34","8","882","29","66","false","false","English","Avenger8o5"
"https://static-cdn.jtvnw.net/jtv_user_pictures/55e90ee1-9930-49a6-8cf3-3fcad406bfef-profile_image-150x150.png?imenable=1&impolicy=user-profile-picture&imwidth=100","64438","Adtr210","90","570","2","0","882","0","1","false","false","English","Adtr210"
"https://static-cdn.jtvnw.net/jtv_user_pictures/2c2a271a-2209-4689-9a03-d0c59f389c39-profile_image-150x150.png?imenable=1&impolicy=user-profile-picture&imwidth=100","64439","omfgimdabomb","180","45","8","4","881","0","0","false","false","English","omfgimdabomb"
"https://static-cdn.jtvnw.net/jtv_user_pictures/itsmagichere-profile_image-e9c6a3eaee1dc4e2-150x150.jpeg?imenable=1&impolicy=user-profile-picture&imwidth=100","64440","ItsMagicHere","17370","660","44","26","881","187","353","false","false","English","ItsMagicHere"
"https://static-cdn.jtvnw.net/jtv_user_pictures/titanlco-profile_image-4dea7bca0a3a3ba5-150x150.jpeg?imenable=1&impolicy=user-profile-picture&imwidth=100","64441","TiTaNlCo","21615","6300","42","2","881","115","1411","false","true","Portuguese","TiTaNlCo"
"https://static-cdn.jtvnw.net/jtv_user_pictures/mikedrucker-profile_image-6e90fa24a04711e4-150x150.png?imenable=1&impolicy=user-profile-picture&imwidth=100","64442","Mikedrucker","225","45","15","5","881","0","0","false","false","English","Mikedrucker"
"https://static-cdn.jtvnw.net/jtv_user_pictures/playgrime-profile_image-d13b52bc1d1e45eb-150x150.jpeg?imenable=1&impolicy=user-profile-picture&imwidth=100","64443","Playgrime","225","165","4","1","881","3","26","false","false","Russian","Playgrime"
"https://static-cdn.jtvnw.net/jtv_user_pictures/thesonicshow-profile_image-8efa91e4a50c725f-150x150.jpeg?imenable=1&impolicy=user-profile-picture&imwidth=100","64444","TheSonicShow","14655","375","67","39","881","20","244","false","false","English","TheSonicShow"
"https://static-cdn.jtvnw.net/jtv_user_pictures/980df936-6ef9-4e63-8cf5-5d91e11e0331-profile_image-150x150.png?imenable=1&impolicy=user-profile-picture&imwidth=100","64445","ItsStokesy_","0","15","0","0","881","0","0","false","true","English","ItsStokesy_"
"https://static-cdn.jtvnw.net/jtv_user_pictures/abfaf172-e79e-4e74-b0be-9c6dbb333985-profile_image-150x150.png?imenable=1&impolicy=user-profile-picture&imwidth=100","64446","SomeeoneeK","30","15","2","2","881","0","0","false","false","Swedish","SomeeoneeK"
"https://static-cdn.jtvnw.net/jtv_user_pictures/cbb8d644-aecd-4ea2-b5bd-c1172cd8ce45-profile_image-150x150.png?imenable=1&impolicy=user-profile-picture&imwidth=100","64447","Bretz22","690","645","4","0","881","2","6","false","false","English","Bretz22"
"https://static-cdn.jtvnw.net/jtv_user_pictures/skotopendra-profile_image-2c0bd30da31cd65d-150x150.jpeg?imenable=1&impolicy=user-profile-picture&imwidth=100","64448","skotopendra","2205","510","27","4","881","24","398","false","true","Russian","skotopendra"
"https://static-cdn.jtvnw.net/jtv_user_pictures/e9680d96-d1a3-4bcc-a5a2-412275113e09-profile_image-150x150.png?imenable=1&impolicy=user-profile-picture&imwidth=100","64449","Winamice","255","15","17","17","881","0","0","false","false","Portuguese","Winamice"
"https://static-cdn.jtvnw.net/jtv_user_pictures/b8103528-d1fc-4b06-96ee-691ab93c60c5-profile_image-150x150.png?imenable=1&impolicy=user-profile-picture&imwidth=100","64450","Leefy24","11115","4410","13","1","881","73","87","false","false","English","Leefy24"
"https://static-cdn.jtvnw.net/jtv_user_pictures/ez_rival_tv-profile_image-28461da59ed03f82-150x150.png?imenable=1&impolicy=user-profile-picture&imwidth=100","64451","Ez_Rival_Tv","4590","1335","13","3","881","29","61","false","false","Danish","Ez_Rival_Tv"
"https://static-cdn.jtvnw.net/jtv_user_pictures/b5a472fc4baf8de9-profile_image-150x150.jpeg?imenable=1&impolicy=user-profile-picture&imwidth=100","64452","Unspoxen","29175","1575","35","17","881","69","124","false","false","English","Unspoxen"
"https://static-cdn.jtvnw.net/jtv_user_pictures/7114baed-9473-4cc4-8591-e7569fb1622c-profile_image-150x150.png?imenable=1&impolicy=user-profile-picture&imwidth=100","64453","ArakuTV","120","285","2","0","881","0","0","false","true","English","ArakuTV"
"https://static-cdn.jtvnw.net/jtv_user_pictures/07abd5b9-6ef9-4751-8e9d-47b876a3095a-profile_image-150x150.png?imenable=1&impolicy=user-profile-picture&imwidth=100","64454","MaxPunches","1125","1365","3","0","881","2","2","false","true","English","MaxPunches"
"https://static-cdn.jtvnw.net/jtv_user_pictures/goryushko-profile_image-d571b26560318a45-150x150.jpeg?imenable=1&impolicy=user-profile-picture&imwidth=100","64455","goryushko","143700","4575","874","30","881","-83","3648","false","false","Russian","goryushko"
"https://static-cdn.jtvnw.net/jtv_user_pictures/1e8c4704-55f1-4c17-81ad-50b1fb0ac284-profile_image-150x150.png?imenable=1&impolicy=user-profile-picture&imwidth=100","64456","EGGs_ZEUS","60","75","4","0","881","0","0","false","false","English","EGGs_ZEUS"
"https://static-cdn.jtvnw.net/jtv_user_pictures/975ee2ca-5375-4472-a21f-bb0474edaee9-profile_image-150x150.png?imenable=1&impolicy=user-profile-picture&imwidth=100","64457","espmoller","6405","1965","10","2","881","11","46","false","false","Danish","espmoller"
"https://static-cdn.jtvnw.net/jtv_user_pictures/4945e08a-115a-4427-b092-a1c68f0ef455-profile_image-150x150.png?imenable=1&impolicy=user-profile-picture&imwidth=100","64458","baalzebuv","0","15","0","0","881","0","0","false","false","English","baalzebuv"
"https://static-cdn.jtvnw.net/jtv_user_pictures/oshawa_god-profile_image-dad916990e355c94-150x150.png?imenable=1&impolicy=user-profile-picture&imwidth=100","64459","Oshawa_God","13500","2400","15","5","881","71","23","false","false","English","Oshawa_God"
"https://static-cdn.jtvnw.net/jtv_user_pictures/f0219716-8b3b-47fa-9257-b20c8aa97318-profile_image-150x150.png?imenable=1&impolicy=user-profile-picture&imwidth=100","64460","Swooncraft","12045","5070","8","1","881","36","61","false","true","English","Swooncraft"
"https://static-cdn.jtvnw.net/jtv_user_pictures/85523344-a164-40e9-9e49-3a2ed3f937b6-profile_image-150x150.png?imenable=1&impolicy=user-profile-picture&imwidth=100","64461","AlexBOAJ","180","225","2","0","881","1","10","false","false","English","AlexBOAJ"
"https://static-cdn.jtvnw.net/jtv_user_pictures/z0rd1337-profile_image-80fca8f5af77ae44-150x150.jpeg?imenable=1&impolicy=user-profile-picture&imwidth=100","64462","z0rd1337","80835","690","169","116","881","-1","169","false","false","English","z0rd1337"
"https://static-cdn.jtvnw.net/jtv_user_pictures/theguyjc-profile_image-b25d69459bf1b099-150x150.png?imenable=1&impolicy=user-profile-picture&imwidth=100","64463","TheGuyJc","2550","1620","4","0","881","13","43","false","false","English","TheGuyJc"
"https://static-cdn.jtvnw.net/jtv_user_pictures/xdenso95x-profile_image-07fc73aa01748f7f-150x150.png?imenable=1&impolicy=user-profile-picture&imwidth=100","64464","xDenso95x","68445","10815","19","5","881","209","808","false","false","German","xDenso95x"
"https://static-cdn.jtvnw.net/jtv_user_pictures/9182f518-ba50-40af-b919-7ab46cf19926-profile_image-150x150.png?imenable=1&impolicy=user-profile-picture&imwidth=100","64465","Mewkiemew","9225","1170","25","7","881","-2","373","false","false","English","Mewkiemew"
"https://static-cdn.jtvnw.net/jtv_user_pictures/06861ad3-94ea-4a49-b454-dd713b69845d-profile_image-150x150.png?imenable=1&impolicy=user-profile-picture&imwidth=100","64466","IshTheF1sh","5865","1575","13","3","881","14","8","false","true","English","IshTheF1sh"
"https://static-cdn.jtvnw.net/user-default-pictures-uv/ead5c8b2-a4c9-4724-b1dd-9f00b46cbd3d-profile_image-150x150.png?imenable=1&impolicy=user-profile-picture&imwidth=100","64467","bourgeois67","2250","810","11","2","881","14","82","false","true","English","bourgeois67"
"https://static-cdn.jtvnw.net/jtv_user_pictures/489a78c2-2206-493d-8e5f-8f51e74b0323-profile_image-150x150.png?imenable=1&impolicy=user-profile-picture&imwidth=100","64468","poKo877","18825","4935","17","3","881","40","137","false","false","Czech","poKo877"
"https://static-cdn.jtvnw.net/jtv_user_pictures/e61912dd-10bf-4462-beb5-4667e37545c9-profile_image-150x150.png?imenable=1&impolicy=user-profile-picture&imwidth=100","64469","alistarado","525","285","6","1","881","0","19","false","false","Portuguese","alistarado"
"https://static-cdn.jtvnw.net/jtv_user_pictures/6bb82e70-6d4f-4223-b6a4-1f0d9dd2629d-profile_image-150x150.png?imenable=1&impolicy=user-profile-picture&imwidth=100","64470","JamesBlack47","8310","1095","19","7","881","17","120","false","false","English","JamesBlack47"
"https://static-cdn.jtvnw.net/jtv_user_pictures/c0be5cae-886b-48be-bf2f-b7d1a683d9fa-profile_image-150x150.png?imenable=1&impolicy=user-profile-picture&imwidth=100","64471","TilSynS","10815","5670","8","1","881","37","157","false","false","French","TilSynS"
"https://static-cdn.jtvnw.net/jtv_user_pictures/10dc0703-ad6d-4dee-866e-8c1ad6c9fc64-profile_image-150x150.jpeg?imenable=1&impolicy=user-profile-picture&imwidth=100","64472","AxeToM0uth","120","150","2","0","881","-1","0","false","true","English","AxeToM0uth"
"https://static-cdn.jtvnw.net/jtv_user_pictures/8219d1ba-cc57-4f8f-8939-d8e44f34108f-profile_image-150x150.png?imenable=1&impolicy=user-profile-picture&imwidth=100","64473","MNovakGG","2985","1740","7","1","881","13","44","false","false","English","MNovakGG"
"https://static-cdn.jtvnw.net/jtv_user_pictures/d49c9cc7-7860-4854-a009-f7d8fd6537c6-profile_image-150x150.png?imenable=1&impolicy=user-profile-picture&imwidth=100","64474","HeyArizona1","1260","150","37","8","881","2","21","false","true","English","HeyArizona1"
"https://static-cdn.jtvnw.net/jtv_user_pictures/31a4051d-3dbd-452e-9de8-b4952c1ec533-profile_image-150x150.png?imenable=1&impolicy=user-profile-picture&imwidth=100","64475","Zorksus","30","30","1","1","881","0","0","false","false","English","Zorksus"
"https://static-cdn.jtvnw.net/jtv_user_pictures/f22453d9-4cbe-4f78-b35c-7347e6c1c5b5-profile_image-150x150.png?imenable=1&impolicy=user-profile-picture&imwidth=100","64476","Frostfury","840","135","13","6","881","0","0","false","false","English","Frostfury"
"https://static-cdn.jtvnw.net/jtv_user_pictures/647b6cf9-c516-456e-b987-39461171b15a-profile_image-150x150.jpg?imenable=1&impolicy=user-profile-picture&imwidth=100","64477","Cryptarch_","10875","2355","51","4","881","183","474","false","true","English","Cryptarch_"
"https://static-cdn.jtvnw.net/jtv_user_pictures/9a94968d-c986-4abe-a42e-2eabd241a7b3-profile_image-150x150.png?imenable=1&impolicy=user-profile-picture&imwidth=100","64478","Queuethulu","1020","330","6","2","881","0","25","false","true","English","Queuethulu"
"https://static-cdn.jtvnw.net/jtv_user_pictures/chaddoxtv-profile_image-86540a6e952a6b3e-150x150.jpeg?imenable=1&impolicy=user-profile-picture&imwidth=100","64479","ChaddoxTV","375","195","6","1","881","3","10","false","false","English","ChaddoxTV"
"https://static-cdn.jtvnw.net/jtv_user_pictures/9b4cca1c-c6d4-45c8-8838-e9c13ea6244e-profile_image-150x150.png?imenable=1&impolicy=user-profile-picture&imwidth=100","64480","zIJayP","7140","6075","10","0","881","29","94","false","true","German","zIJayP"
"https://static-cdn.jtvnw.net/jtv_user_pictures/2cd37cd1-af9b-4071-b756-7204086a510c-profile_image-150x150.png?imenable=1&impolicy=user-profile-picture&imwidth=100","64481","krelbit","30","15","2","2","881","0","0","false","true","English","krelbit"
"https://static-cdn.jtvnw.net/jtv_user_pictures/3f983d6f-4eb1-4779-a5c9-7322a43104c9-profile_image-150x150.png?imenable=1&impolicy=user-profile-picture&imwidth=100","64482","Alekive","15","15","1","1","881","0","0","false","true","English","Alekive"
"https://static-cdn.jtvnw.net/jtv_user_pictures/0d81ad4b5ff00113-profile_image-150x150.jpeg?imenable=1&impolicy=user-profile-picture&imwidth=100","64483","FRbencsgo","60","30","2","2","881","1","0","false","true","French","FRbencsgo"
"https://static-cdn.jtvnw.net/user-default-pictures/cd618d3e-f14d-4960-b7cf-094231b04735-profile_image-150x150.jpg?imenable=1&impolicy=user-profile-picture&imwidth=100","64484","Uncle_Ike","11055","3555","25","2","881","35","47","false","false","English","Uncle_Ike"
"https://static-cdn.jtvnw.net/jtv_user_pictures/syberchapa-profile_image-b35d225bc767e8b4-150x150.png?imenable=1&impolicy=user-profile-picture&imwidth=100","64485","SyberChapa","266505","10140","79","25","881","131","1579","false","true","Russian","SyberChapa"
"https://static-cdn.jtvnw.net/jtv_user_pictures/5947c832-5efb-4c9c-9f35-334c875a6862-profile_image-150x150.png?imenable=1&impolicy=user-profile-picture&imwidth=100","64486","stenniolol","3075","1305","12","1","881","2","147","false","false","Portuguese","stenniolol"
"https://static-cdn.jtvnw.net/jtv_user_pictures/2a7c144d-2f87-4023-b134-1210b2b8753b-profile_image-150x150.jpeg?imenable=1&impolicy=user-profile-picture&imwidth=100","64487","shockzzfps","8745","4335","84","1","881","34","130","false","false","English","shockzzfps"
"https://static-cdn.jtvnw.net/jtv_user_pictures/berthelot8-profile_image-2574370a7bb35628-150x150.png?imenable=1&impolicy=user-profile-picture&imwidth=100","64488","berthelot8","135","90","2","1","881","0","1","false","false","French","berthelot8"
"https://static-cdn.jtvnw.net/jtv_user_pictures/763c8877-3527-44dd-9a25-d0b0addd2a91-profile_image-150x150.png?imenable=1&impolicy=user-profile-picture&imwidth=100","64489","HairyCabbage","1485","255","13","5","881","1","10","false","true","English","HairyCabbage"
"https://static-cdn.jtvnw.net/jtv_user_pictures/mentalys-profile_image-ff8b1d4d39ddecc0-150x150.jpeg?imenable=1&impolicy=user-profile-picture&imwidth=100","64490","Mentalys","2475","960","6","2","881","-3","101","false","true","French","Mentalys"
"https://static-cdn.jtvnw.net/jtv_user_pictures/c9885c5f-e083-4f9c-b453-8265d988c541-profile_image-150x150.png?imenable=1&impolicy=user-profile-picture&imwidth=100","64491","StormStopper","150","120","3","1","881","0","1","false","false","English","StormStopper"
"https://static-cdn.jtvnw.net/jtv_user_pictures/jomatth-profile_image-8cdb92e830686c4e-150x150.jpeg?imenable=1&impolicy=user-profile-picture&imwidth=100","64492","Jomatth","5625","885","19","6","881","46","60","false","false","French","Jomatth"
"https://static-cdn.jtvnw.net/ttv-boxart/404_boxart.png?imenable=1&impolicy=user-profile-picture&imwidth=100","64493","ZZZZZZZZ-ZZZZ-ZZZZ-ZZZZ-ZZZZZZZZZZZZ (rookgotgame)","105","30","7","3","881","-730","0","false","false","English","ZZZZZZZZ-ZZZZ-ZZZZ-ZZZZ-ZZZZZZZZZZZZ (rookgotgame)"
"https://static-cdn.jtvnw.net/jtv_user_pictures/b7426637-444f-4cb0-8517-0f21ba275a93-profile_image-150x150.png?imenable=1&impolicy=user-profile-picture&imwidth=100","64494","PatOrick_Star","21585","11220","9","1","881","-232","105","false","false","English","PatOrick_Star"
"https://static-cdn.jtvnw.net/jtv_user_pictures/383b7e4b-f6d7-424a-9188-524f941028d0-profile_image-150x150.png?imenable=1&impolicy=user-profile-picture&imwidth=100","64495","CHOBBANKO","17820","3855","11","4","881","19","120","false","false","English","CHOBBANKO"
"https://static-cdn.jtvnw.net/jtv_user_pictures/56cce5ea-2bcd-4409-be5c-0498bdaebd7d-profile_image-150x150.png?imenable=1&impolicy=user-profile-picture&imwidth=100","64496","Koga73","690","135","7","5","881","-1","3","false","true","English","Koga73"
"https://static-cdn.jtvnw.net/jtv_user_pictures/rinkirito-profile_image-4f231cb0d3108d78-150x150.jpeg?imenable=1&impolicy=user-profile-picture&imwidth=100","64497","RinKirito","11805","1515","16","7","881","6","151","false","false","Spanish","RinKirito"
"https://static-cdn.jtvnw.net/jtv_user_pictures/fumbrars-profile_image-69687569f85d839d-150x150.jpeg?imenable=1&impolicy=user-profile-picture&imwidth=100","64498","FumbraRS","90","15","6","6","881","0","0","false","false","English","FumbraRS"
"https://static-cdn.jtvnw.net/jtv_user_pictures/423a8bbc-6ced-4180-aaef-17ebc864cb17-profile_image-150x150.png?imenable=1&impolicy=user-profile-picture&imwidth=100","64499","darkryoken","195","1800","2","0","881","5","136","false","true","French","darkryoken"
"https://static-cdn.jtvnw.net/jtv_user_pictures/kittylilly-profile_image-e1fd8a3d59cc5968-150x150.jpeg?imenable=1&impolicy=user-profile-picture&imwidth=100","64500","KittyLilly","52710","6075","38","8","881","-167","994","false","true","German","KittyLilly"