"","","Channel","Watch time","Stream time","Peak viewers","Average viewers","Followers","Followers gained","Views gained","Partnered","Mature","Language",""
"https://static-cdn.jtvnw.net/jtv_user_pictures/ddoradori-profile_image-c1d352a3022d77a0-150x150.jpeg?imenable=1&impolicy=user-profile-picture&imwidth=100","69201","뻔뻔이 (ddoradori)","16110","3000","19","4","782","18","216","false","false","Korean","뻔뻔이 (ddoradori)"
"https://static-cdn.jtvnw.net/jtv_user_pictures/c84bf3c4c9fae27f-profile_image-150x150.png?imenable=1&impolicy=user-profile-picture&imwidth=100","69202","loubargaming","0","300","2","0","782","0","0","false","false","French","loubargaming"
"https://static-cdn.jtvnw.net/user-default-pictures-uv/ce57700a-def9-11e9-842d-784f43822e80-profile_image-150x150.png?imenable=1&impolicy=user-profile-picture&imwidth=100","69203","TommmesOB","1140","45","30","25","782","0","0","false","false","English","TommmesOB"
"https://static-cdn.jtvnw.net/jtv_user_pictures/flashstep_tv-profile_image-b99639935c645a84-150x150.jpeg?imenable=1&impolicy=user-profile-picture&imwidth=100","69204","flashstep_tv","2565","870","7","2","782","20","11","true","true","English","flashstep_tv"
"https://static-cdn.jtvnw.net/jtv_user_pictures/pimpact-profile_image-61a0dd954aa91c48-150x150.png?imenable=1&impolicy=user-profile-picture&imwidth=100","69205","PiMpAct","2655","465","9","5","782","5","167","false","true","English","PiMpAct"
"https://static-cdn.jtvnw.net/jtv_user_pictures/reecedow-profile_image-9db7061427a442c0-150x150.png?imenable=1&impolicy=user-profile-picture&imwidth=100","69206","ReeCeDoW","105","270","2","0","782","1","25","false","true","English","ReeCeDoW"
"https://static-cdn.jtvnw.net/jtv_user_pictures/72992f1e19336fab-profile_image-150x150.png?imenable=1&impolicy=user-profile-picture&imwidth=100","69207","CrakeEx","405","435","3","0","782","-1","3","false","true","English","CrakeEx"
"https://static-cdn.jtvnw.net/jtv_user_pictures/40cfa073-c367-4078-8238-914aff73082c-profile_image-150x150.jpg?imenable=1&impolicy=user-profile-picture&imwidth=100","69208","silverture","285","585","2","0","782","0","1","false","false","Chinese","silverture"
"https://static-cdn.jtvnw.net/jtv_user_pictures/leagueofthedutch-profile_image-a49f5fc5ebf3c2cd-150x150.png?imenable=1&impolicy=user-profile-picture&imwidth=100","69209","LeagueOfTheDutch","8565","495","36","17","782","49","133","false","false","Dutch","LeagueOfTheDutch"
"https://static-cdn.jtvnw.net/jtv_user_pictures/e10d69b2-20aa-42bb-bc28-6847fa3886c0-profile_image-150x150.jpg?imenable=1&impolicy=user-profile-picture&imwidth=100","69210","grodyjenner","1185","750","10","1","782","2","17","false","false","English","grodyjenner"
"https://static-cdn.jtvnw.net/jtv_user_pictures/b0b48847-9bdd-4762-9862-8fcf778c077c-profile_image-150x150.png?imenable=1&impolicy=user-profile-picture&imwidth=100","69211","WhisperingStars","495","285","3","1","782","2","4","false","false","English","WhisperingStars"
"https://static-cdn.jtvnw.net/jtv_user_pictures/7973fbe9-4a33-44cc-bcea-a41dfffd885f-profile_image-150x150.png?imenable=1&impolicy=user-profile-picture&imwidth=100","69212","viztagiggles","540","270","5","2","782","2","21","false","false","English","viztagiggles"
"https://static-cdn.jtvnw.net/jtv_user_pictures/dependon0102-profile_image-0ba2158ef513c6ae-150x150.jpeg?imenable=1&impolicy=user-profile-picture&imwidth=100","69213","87瑄兒 (dependon0102)","3705","690","10","5","782","-5","167","false","false","Chinese","87瑄兒 (dependon0102)"
"https://static-cdn.jtvnw.net/jtv_user_pictures/71e629e51e52bfdd-profile_image-150x150.jpeg?imenable=1&impolicy=user-profile-picture&imwidth=100","69214","Budakinns","1245","480","6","2","782","2","21","false","true","English","Budakinns"
"https://static-cdn.jtvnw.net/ttv-boxart/404_boxart.png?imenable=1&impolicy=user-profile-picture&imwidth=100","69215","Mystob","2310","1320","7","1","782","33","79","false","false","Slovak","Mystob"
"https://static-cdn.jtvnw.net/jtv_user_pictures/theofficialaliminator-profile_image-0caf98db49150317-150x150.png?imenable=1&impolicy=user-profile-picture&imwidth=100","69216","TheOfficialALIMINATOR","5220","960","13","5","782","-77","65","false","true","English","TheOfficialALIMINATOR"
"https://static-cdn.jtvnw.net/jtv_user_pictures/c602cd0a-91e0-4a39-a1ae-e84d4d58e440-profile_image-150x150.jpeg?imenable=1&impolicy=user-profile-picture&imwidth=100","69217","LT_SMASH_LUKE16","480","255","3","1","782","2","53","false","true","English","LT_SMASH_LUKE16"
"https://static-cdn.jtvnw.net/jtv_user_pictures/b4e98b0d-437a-4be8-bb38-eb15cf271e19-profile_image-150x150.png?imenable=1&impolicy=user-profile-picture&imwidth=100","69218","UprisingColosseum","12615","3510","14","3","782","23","96","false","true","English","UprisingColosseum"
"https://static-cdn.jtvnw.net/jtv_user_pictures/dt_sykesy-profile_image-0fa12787b6db7722-150x150.jpeg?imenable=1&impolicy=user-profile-picture&imwidth=100","69219","DT_Sykesy","1545","660","6","2","782","-1","89","false","false","English","DT_Sykesy"
"https://static-cdn.jtvnw.net/jtv_user_pictures/aae2c56c0c0fd1b4-profile_image-150x150.png?imenable=1&impolicy=user-profile-picture&imwidth=100","69220","NumiSC2","34650","4755","46","6","782","22","244","false","true","English","NumiSC2"
"https://static-cdn.jtvnw.net/jtv_user_pictures/1f9a4d8e-5434-41ed-b15c-fedce83c7c28-profile_image-150x150.png?imenable=1&impolicy=user-profile-picture&imwidth=100","69221","RawWarfare","810","135","8","6","782","0","0","false","true","English","RawWarfare"
"https://static-cdn.jtvnw.net/jtv_user_pictures/443b95b5-ceac-45d3-8c55-700d37e15b34-profile_image-150x150.png?imenable=1&impolicy=user-profile-picture&imwidth=100","69222","Finfy","1170","300","7","3","782","0","38","false","true","English","Finfy"
"https://static-cdn.jtvnw.net/jtv_user_pictures/mirchtv-profile_image-cef0ab0cd57d14ee-150x150.jpeg?imenable=1&impolicy=user-profile-picture&imwidth=100","69223","mirchTV","33750","3180","23","10","782","58","772","false","true","Romanian","mirchTV"
"https://static-cdn.jtvnw.net/jtv_user_pictures/northee-profile_image-099ea0c4e9437354-150x150.png?imenable=1&impolicy=user-profile-picture&imwidth=100","69224","Northee","13560","2145","17","6","782","11","157","false","true","English","Northee"
"https://static-cdn.jtvnw.net/jtv_user_pictures/459ce1fc-7581-4b74-8d21-a445cd0140f2-profile_image-150x150.jpg?imenable=1&impolicy=user-profile-picture&imwidth=100","69225","maymee99","16650","2955","22","5","782","26","218","false","true","English","maymee99"
"https://static-cdn.jtvnw.net/user-default-pictures-uv/215b7342-def9-11e9-9a66-784f43822e80-profile_image-150x150.png?imenable=1&impolicy=user-profile-picture&imwidth=100","69226","krtk","6075","555","33","10","782","-4","125","false","false","Czech","krtk"
"https://static-cdn.jtvnw.net/jtv_user_pictures/gamingkev01-profile_image-7898fd11f6325ef6-150x150.png?imenable=1&impolicy=user-profile-picture&imwidth=100","69227","gamingkev01","14235","3465","12","3","782","8","115","false","true","English","gamingkev01"
"https://static-cdn.jtvnw.net/jtv_user_pictures/wildcraze-profile_image-074439fb2b255270-150x150.png?imenable=1&impolicy=user-profile-picture&imwidth=100","69228","WildCraze","3945","2040","8","1","782","15","13","false","false","English","WildCraze"
"https://static-cdn.jtvnw.net/jtv_user_pictures/ec043f71-16ed-46f2-9324-936c31384ce0-profile_image-150x150.jpeg?imenable=1&impolicy=user-profile-picture&imwidth=100","69229","isoulsearch","14670","2730","23","4","782","30","74","false","false","English","isoulsearch"
"https://static-cdn.jtvnw.net/jtv_user_pictures/91c3fdca-1c9a-4d5e-9674-d96c1d36374d-profile_image-150x150.png?imenable=1&impolicy=user-profile-picture&imwidth=100","69230","zuppsy","4680","2550","8","1","782","10","26","false","false","English","zuppsy"
"https://static-cdn.jtvnw.net/jtv_user_pictures/trollyasha-profile_image-da333818c2332393-150x150.png?imenable=1&impolicy=user-profile-picture&imwidth=100","69231","Trollyasha","3075","2445","9","0","782","20","20","false","true","English","Trollyasha"
"https://static-cdn.jtvnw.net/jtv_user_pictures/protocai-profile_image-e8ff448a6b00a8a4-150x150.jpeg?imenable=1&impolicy=user-profile-picture&imwidth=100","69232","ProtoCai","4365","2190","9","1","782","4","16","false","true","English","ProtoCai"
"https://static-cdn.jtvnw.net/jtv_user_pictures/kif1re-profile_image-7dd8f96ee3291054-150x150.jpeg?imenable=1&impolicy=user-profile-picture&imwidth=100","69233","KiF1rE","29895","5310","121","5","782","42","263","false","false","English","KiF1rE"
"https://static-cdn.jtvnw.net/jtv_user_pictures/goodigo-profile_image-a553d5f3b728619f-150x150.png?imenable=1&impolicy=user-profile-picture&imwidth=100","69234","Goodigo","510","165","6","3","782","3","3","false","false","English","Goodigo"
"https://static-cdn.jtvnw.net/jtv_user_pictures/40bcf537-993e-4140-8c37-8eb09a1f5297-profile_image-150x150.jpeg?imenable=1&impolicy=user-profile-picture&imwidth=100","69235","3unpo","195","210","1","0","781","1","8","false","false","Russian","3unpo"
"https://static-cdn.jtvnw.net/jtv_user_pictures/vincent_cs-profile_image-ca85c6f7af587b8f-150x150.jpeg?imenable=1&impolicy=user-profile-picture&imwidth=100","69236","vincent_cs","0","45","0","0","781","0","-8","false","false","German","vincent_cs"
"https://static-cdn.jtvnw.net/jtv_user_pictures/fearlessfamily-profile_image-72bb1f4ca160a592-150x150.png?imenable=1&impolicy=user-profile-picture&imwidth=100","69237","FearlessFamily","8280","1455","30","5","781","43","16","false","false","English","FearlessFamily"
"https://static-cdn.jtvnw.net/jtv_user_pictures/hohoban-profile_image-06f17f68fb02b105-150x150.jpeg?imenable=1&impolicy=user-profile-picture&imwidth=100","69238","Hohoban","1290","1290","4","0","781","1","24","false","false","Russian","Hohoban"
"https://static-cdn.jtvnw.net/jtv_user_pictures/07daec1b01a783aa-profile_image-150x150.jpeg?imenable=1&impolicy=user-profile-picture&imwidth=100","69239","litluha","1575","735","6","1","781","4","110","false","true","Russian","litluha"
"https://static-cdn.jtvnw.net/jtv_user_pictures/cb0e07be-b0fd-4157-b397-92cf0a0bf8fc-profile_image-150x150.jpg?imenable=1&impolicy=user-profile-picture&imwidth=100","69240","alpaca837","0","15","0","0","781","0","0","false","false","English","alpaca837"
"https://static-cdn.jtvnw.net/jtv_user_pictures/c04e462e-cb59-4bcc-8d8d-cca18b10cec2-profile_image-150x150.png?imenable=1&impolicy=user-profile-picture&imwidth=100","69241","niiinx","29595","1110","55","26","781","100","520","false","true","Finnish","niiinx"
"https://static-cdn.jtvnw.net/jtv_user_pictures/ef39ba1d-f51c-42a9-9fdc-47a9184acec6-profile_image-150x150.png?imenable=1&impolicy=user-profile-picture&imwidth=100","69242","gamerenrag3d","240","405","3","0","781","2","1","false","false","English","gamerenrag3d"
"https://static-cdn.jtvnw.net/jtv_user_pictures/04a9f879-312b-4fef-9584-33846d393885-profile_image-150x150.png?imenable=1&impolicy=user-profile-picture&imwidth=100","69243","BabyPicklesTV","30","15","2","2","781","0","0","false","false","English","BabyPicklesTV"
"https://static-cdn.jtvnw.net/jtv_user_pictures/void-profile_image-6d334646bc49f7e8-150x150.png?imenable=1&impolicy=user-profile-picture&imwidth=100","69244","Void","525","180","4","2","781","0","18","false","false","English","Void"
"https://static-cdn.jtvnw.net/jtv_user_pictures/2d49c861-404c-411d-b89a-e00fa93b45c0-profile_image-150x150.png?imenable=1&impolicy=user-profile-picture&imwidth=100","69245","im_eleven","6690","1905","25","3","781","17","37","false","false","German","im_eleven"
"https://static-cdn.jtvnw.net/jtv_user_pictures/b4c72b93-9d51-43df-b38b-2d20d53420b2-profile_image-150x150.jpg?imenable=1&impolicy=user-profile-picture&imwidth=100","69246","Pre28hundred","13905","1965","24","6","781","36","89","false","false","Danish","Pre28hundred"
"https://static-cdn.jtvnw.net/jtv_user_pictures/41a099b1c614b107-profile_image-150x150.jpeg?imenable=1&impolicy=user-profile-picture&imwidth=100","69247","BomberCanuck","5910","4335","7","0","781","5","33","false","false","English","BomberCanuck"
"https://static-cdn.jtvnw.net/jtv_user_pictures/2afe4aab-1b25-4e0d-b4d8-ff4f4a611052-profile_image-150x150.png?imenable=1&impolicy=user-profile-picture&imwidth=100","69248","Thuum","1620","765","6","2","781","6","12","false","false","English","Thuum"
"https://static-cdn.jtvnw.net/jtv_user_pictures/nooles-profile_image-d1f03c6995d61acb-150x150.jpeg?imenable=1&impolicy=user-profile-picture&imwidth=100","69249","Nooles","2250","1980","9","0","781","13","222","false","false","Russian","Nooles"
"https://static-cdn.jtvnw.net/jtv_user_pictures/c12b7dbe-82d8-44ef-b062-cc478ffdf554-profile_image-150x150.png?imenable=1&impolicy=user-profile-picture&imwidth=100","69250","iam_flashtime","360","270","3","1","781","1","7","false","false","German","iam_flashtime"
"https://static-cdn.jtvnw.net/jtv_user_pictures/3420dd80a07f9732-profile_image-150x150.png?imenable=1&impolicy=user-profile-picture&imwidth=100","69251","AlwaysTiiM","360","75","7","4","781","0","0","false","true","English","AlwaysTiiM"
"https://static-cdn.jtvnw.net/jtv_user_pictures/82bf5c53-5699-4605-8cee-3fb323ef9c38-profile_image-150x150.png?imenable=1&impolicy=user-profile-picture&imwidth=100","69252","Clayn3","39660","7500","83","4","781","625","514","false","true","Swedish","Clayn3"
"https://static-cdn.jtvnw.net/jtv_user_pictures/8b478f2a-cc6a-4f89-973e-4eecf6b8b962-profile_image-150x150.png?imenable=1&impolicy=user-profile-picture&imwidth=100","69253","Azeriax","2055","615","8","2","781","12","18","false","true","Dutch","Azeriax"
"https://static-cdn.jtvnw.net/jtv_user_pictures/h3licase-profile_image-79e3ee9377de0797-150x150.jpeg?imenable=1&impolicy=user-profile-picture&imwidth=100","69254","H3licase","150","45","4","3","781","0","0","false","true","English","H3licase"
"https://static-cdn.jtvnw.net/jtv_user_pictures/e7d79f2e-6ae7-40b8-9cb8-4e3816512be8-profile_image-150x150.png?imenable=1&impolicy=user-profile-picture&imwidth=100","69255","piotruslotrus","645","1575","8","0","781","14","160","false","false","Polish","piotruslotrus"
"https://static-cdn.jtvnw.net/jtv_user_pictures/gaattv-profile_image-6678b0761a79454e-150x150.png?imenable=1&impolicy=user-profile-picture&imwidth=100","69256","GAATTV","25215","990","86","25","781","100","819","false","false","English","GAATTV"
"https://static-cdn.jtvnw.net/jtv_user_pictures/b6d003cb-6e73-4170-ab51-c2b67cc2d937-profile_image-150x150.png?imenable=1&impolicy=user-profile-picture&imwidth=100","69257","Wurstamdula","570","360","4","1","781","-3","15","false","true","German","Wurstamdula"
"https://static-cdn.jtvnw.net/jtv_user_pictures/2e9e734d-07c1-4628-87bc-7d22249b18dc-profile_image-150x150.png?imenable=1&impolicy=user-profile-picture&imwidth=100","69258","Conmxn","0","45","0","0","781","0","0","false","true","English","Conmxn"
"https://static-cdn.jtvnw.net/jtv_user_pictures/3f1576b8-0115-4d36-841f-f546216fc1f0-profile_image-150x150.jpeg?imenable=1&impolicy=user-profile-picture&imwidth=100","69259","rerankar","1020","1065","6","0","781","1","36","false","false","Russian","rerankar"
"https://static-cdn.jtvnw.net/jtv_user_pictures/5ae2a1a6-68f5-446f-bc60-f24b1b57c528-profile_image-150x150.png?imenable=1&impolicy=user-profile-picture&imwidth=100","69260","bananaduck_gaming","705","885","5","0","781","5","20","false","true","English","bananaduck_gaming"
"https://static-cdn.jtvnw.net/jtv_user_pictures/ad04d84c-16ec-4b97-b004-0ee9a8ae713e-profile_image-150x150.png?imenable=1&impolicy=user-profile-picture&imwidth=100","69261","lilemmet","600","525","5","1","781","3","11","false","true","English","lilemmet"
"https://static-cdn.jtvnw.net/jtv_user_pictures/581da442-ba8d-48e8-bd6d-fab35e6d0d95-profile_image-150x150.png?imenable=1&impolicy=user-profile-picture&imwidth=100","69262","Sancra","0","30","1","0","781","0","-3","false","false","Turkish","Sancra"
"https://static-cdn.jtvnw.net/jtv_user_pictures/b032de98-1bfd-4729-ba85-1b1e10abae87-profile_image-150x150.png?imenable=1&impolicy=user-profile-picture&imwidth=100","69263","Muussie","330","270","3","1","781","0","4","false","false","Dutch","Muussie"
"https://static-cdn.jtvnw.net/jtv_user_pictures/edecdae2-479d-42c7-a3ed-f1fa0380bf3a-profile_image-150x150.png?imenable=1&impolicy=user-profile-picture&imwidth=100","69264","Kuhlmatt","60","60","2","1","781","1","0","false","false","English","Kuhlmatt"
"https://static-cdn.jtvnw.net/jtv_user_pictures/bb5eeca7d0604b8e-profile_image-150x150.jpeg?imenable=1&impolicy=user-profile-picture&imwidth=100","69265","WLF359","12645","1350","32","8","781","18","108","false","false","English","WLF359"
"https://static-cdn.jtvnw.net/jtv_user_pictures/pbase1-profile_image-056766785131252c-150x150.png?imenable=1&impolicy=user-profile-picture&imwidth=100","69266","pbase1","53430","3000","76","17","781","238","316","false","true","English","pbase1"
"https://static-cdn.jtvnw.net/jtv_user_pictures/323e60e5-0f14-4417-862a-8223cebca4d4-profile_image-150x150.png?imenable=1&impolicy=user-profile-picture&imwidth=100","69267","STARSZY_BRAT","1035","330","9","2","781","-5","60","false","false","Polish","STARSZY_BRAT"
"https://static-cdn.jtvnw.net/jtv_user_pictures/kaufman__tv-profile_image-18da16b0ee38ac53-150x150.jpeg?imenable=1&impolicy=user-profile-picture&imwidth=100","69268","Kaufman__TV","315","360","3","0","781","-1","22","false","false","Russian","Kaufman__TV"
"https://static-cdn.jtvnw.net/jtv_user_pictures/8e10bef6-8896-4b1a-9672-323eb25dfa11-profile_image-150x150.png?imenable=1&impolicy=user-profile-picture&imwidth=100","69269","Chacytee","8385","735","89","11","781","78","265","false","false","English","Chacytee"
"https://static-cdn.jtvnw.net/jtv_user_pictures/jimmyqballs-profile_image-accac613554e51e3-150x150.jpeg?imenable=1&impolicy=user-profile-picture&imwidth=100","69270","Jimmyqballs","21300","2310","33","8","781","16","203","false","true","English","Jimmyqballs"
"https://static-cdn.jtvnw.net/jtv_user_pictures/evo9ams-profile_image-06b83c2e513a5c0d-150x150.jpeg?imenable=1&impolicy=user-profile-picture&imwidth=100","69271","EVO9AMS","2340","1815","5","0","781","1","55","false","false","English","EVO9AMS"
"https://static-cdn.jtvnw.net/jtv_user_pictures/96f70ada-34a4-464d-8a12-c642641bf15d-profile_image-150x150.png?imenable=1&impolicy=user-profile-picture&imwidth=100","69272","johnnygam1ng","1290","555","18","2","781","18","78","false","true","English","johnnygam1ng"
"https://static-cdn.jtvnw.net/jtv_user_pictures/nohope2k-profile_image-46e1522b0a10bcf7-150x150.jpeg?imenable=1&impolicy=user-profile-picture&imwidth=100","69273","NoHope2k","13020","2880","14","4","781","-7","109","false","false","English","NoHope2k"
"https://static-cdn.jtvnw.net/jtv_user_pictures/coolcoachdan-profile_image-e32234e1fd50a231-150x150.jpeg?imenable=1&impolicy=user-profile-picture&imwidth=100","69274","CoolCoachDan","1740","2085","4","0","781","-4","21","false","false","English","CoolCoachDan"
"https://static-cdn.jtvnw.net/jtv_user_pictures/89406359-95e7-4094-b8d2-9499d7777824-profile_image-150x150.png?imenable=1&impolicy=user-profile-picture&imwidth=100","69275","xmidzko","990","1500","3","0","781","4","29","false","true","English","xmidzko"
"https://static-cdn.jtvnw.net/jtv_user_pictures/speedlimit55-profile_image-42c60da6aaba2763-150x150.jpeg?imenable=1&impolicy=user-profile-picture&imwidth=100","69276","SpeedLimit55","180840","3450","132","51","781","42","686","false","false","English","SpeedLimit55"
"https://static-cdn.jtvnw.net/jtv_user_pictures/b9053f3e8e043f65-profile_image-150x150.jpeg?imenable=1&impolicy=user-profile-picture&imwidth=100","69277","Totalsickness22","4455","660","30","6","781","19","7","false","false","English","Totalsickness22"
"https://static-cdn.jtvnw.net/jtv_user_pictures/warstinger-profile_image-830eb8913eef015e-150x150.png?imenable=1&impolicy=user-profile-picture&imwidth=100","69278","Warstinger","315","1080","6","0","781","-2","29","false","false","English","Warstinger"
"https://static-cdn.jtvnw.net/jtv_user_pictures/25023ac4-422c-41c6-942c-63ba4ebede86-profile_image-150x150.png?imenable=1&impolicy=user-profile-picture&imwidth=100","69279","watchthenerd","1020","825","4","0","781","0","1","false","false","English","watchthenerd"
"https://static-cdn.jtvnw.net/jtv_user_pictures/8d0ead1f-6968-41ca-ae5e-2cf81c49a3e0-profile_image-150x150.png?imenable=1&impolicy=user-profile-picture&imwidth=100","69280","cmb3309","50025","6870","52","6","781","20","195","false","false","English","cmb3309"
"https://static-cdn.jtvnw.net/jtv_user_pictures/affajapoz-profile_image-c860b1ea3531e462-150x150.png?imenable=1&impolicy=user-profile-picture&imwidth=100","69281","Affajapoz","15255","10695","6","1","781","9","28","false","true","English","Affajapoz"
"https://static-cdn.jtvnw.net/jtv_user_pictures/shnapi63-profile_image-9cf25e1a9364007e-150x150.jpeg?imenable=1&impolicy=user-profile-picture&imwidth=100","69282","Shnapi63","4815","765","11","5","781","2","14","false","false","French","Shnapi63"
"https://static-cdn.jtvnw.net/jtv_user_pictures/955e21f2-3864-4e0f-8926-b4f9cb7574dd-profile_image-150x150.png?imenable=1&impolicy=user-profile-picture&imwidth=100","69283","KraKenZer","4260","3420","8","0","781","23","140","false","false","French","KraKenZer"
"https://static-cdn.jtvnw.net/jtv_user_pictures/daa501e5-86f5-4c17-92a1-6cc60e8ae74c-profile_image-150x150.png?imenable=1&impolicy=user-profile-picture&imwidth=100","69284","KingTay","330","465","3","0","781","1","1","false","false","English","KingTay"
"https://static-cdn.jtvnw.net/jtv_user_pictures/vicariousgreg-profile_image-47b050aa0fcb4ef3-150x150.png?imenable=1&impolicy=user-profile-picture&imwidth=100","69285","VicariousGreg","6720","3885","6","1","781","0","18","false","true","English","VicariousGreg"
"https://static-cdn.jtvnw.net/jtv_user_pictures/endlevel_gd-profile_image-165687d7ae131f17-150x150.png?imenable=1&impolicy=user-profile-picture&imwidth=100","69286","EndLevel_GD","165","165","5","0","780","3","3","false","false","English","EndLevel_GD"
"https://static-cdn.jtvnw.net/jtv_user_pictures/9db568d8a73d7b42-profile_image-150x150.png?imenable=1&impolicy=user-profile-picture&imwidth=100","69287","OneShotForAll","90","45","3","2","780","0","-1","false","false","English","OneShotForAll"
"https://static-cdn.jtvnw.net/jtv_user_pictures/noirenpeignoirtv-profile_image-e8fc07760b9ffd73-150x150.jpeg?imenable=1&impolicy=user-profile-picture&imwidth=100","69288","NoirEnPeignoirTV","45","30","2","1","780","0","0","false","false","French","NoirEnPeignoirTV"
"https://static-cdn.jtvnw.net/user-default-pictures-uv/ead5c8b2-a4c9-4724-b1dd-9f00b46cbd3d-profile_image-150x150.png?imenable=1&impolicy=user-profile-picture&imwidth=100","69289","Lohpez","60","75","1","0","780","0","4","false","false","English","Lohpez"
"https://static-cdn.jtvnw.net/jtv_user_pictures/tru3shots-profile_image-39028dc980847064-150x150.png?imenable=1&impolicy=user-profile-picture&imwidth=100","69290","tru3shots","33255","7860","86","3","780","210","483","false","false","Bulgarian","tru3shots"
"https://static-cdn.jtvnw.net/jtv_user_pictures/e0c29834-30f5-4fbd-a4bf-0713ed447d68-profile_image-150x150.png?imenable=1&impolicy=user-profile-picture&imwidth=100","69291","yosoyrick","6945","1770","13","3","780","59","109","false","false","Spanish","yosoyrick"
"https://static-cdn.jtvnw.net/jtv_user_pictures/61400b76d07053c5-profile_image-150x150.jpeg?imenable=1&impolicy=user-profile-picture&imwidth=100","69292","johnthebeasttv","390","570","4","0","780","4","1","false","false","English","johnthebeasttv"
"https://static-cdn.jtvnw.net/jtv_user_pictures/55702d46-3e77-40c8-8217-58e864fbf405-profile_image-150x150.png?imenable=1&impolicy=user-profile-picture&imwidth=100","69293","th3_avenger","195","105","3","1","780","0","2","false","true","English","th3_avenger"
"https://static-cdn.jtvnw.net/jtv_user_pictures/capta1n_giggles-profile_image-9c1a83b166967756-150x150.jpeg?imenable=1&impolicy=user-profile-picture&imwidth=100","69294","capta1n_giggles","1035","540","5","1","780","5","0","false","false","English","capta1n_giggles"
"https://static-cdn.jtvnw.net/jtv_user_pictures/9c4912893cf222ca-profile_image-150x150.jpeg?imenable=1&impolicy=user-profile-picture&imwidth=100","69295","Killacapri","0","90","0","0","780","0","0","false","false","English","Killacapri"
"https://static-cdn.jtvnw.net/jtv_user_pictures/official_rpg-profile_image-15d54969667b47a7-150x150.png?imenable=1&impolicy=user-profile-picture&imwidth=100","69296","Official_RPG","34320","930","99","36","780","21","991","true","true","English","Official_RPG"
"https://static-cdn.jtvnw.net/jtv_user_pictures/girlonahippo-profile_image-960595d7ca4b9ea6-150x150.jpeg?imenable=1&impolicy=user-profile-picture&imwidth=100","69297","Girlonahippo","19725","795","56","24","780","273","151","false","false","English","Girlonahippo"
"https://static-cdn.jtvnw.net/jtv_user_pictures/aeros_tv-profile_image-a8e664211d887ad9-150x150.png?imenable=1&impolicy=user-profile-picture&imwidth=100","69298","Aeros_TV","13875","630","55","21","780","43","277","false","true","English","Aeros_TV"
"https://static-cdn.jtvnw.net/jtv_user_pictures/zilentv-profile_image-c84c85327d0a6d64-150x150.jpeg?imenable=1&impolicy=user-profile-picture&imwidth=100","69299","ZilenTV","45","15","3","3","780","0","0","false","false","English","ZilenTV"
"https://static-cdn.jtvnw.net/jtv_user_pictures/a268b8ed-f9a1-463a-932d-be1723b380ce-profile_image-150x150.png?imenable=1&impolicy=user-profile-picture&imwidth=100","69300","hitman71485","45","660","1","0","780","0","0","false","true","English","hitman71485"