"","","Channel","Watch time","Stream time","Peak viewers","Average viewers","Followers","Followers gained","Views gained","Partnered","Mature","Language",""
"https://static-cdn.jtvnw.net/jtv_user_pictures/salazar2121-profile_image-025249a3ed9ddeb0-150x150.jpeg?imenable=1&impolicy=user-profile-picture&imwidth=100","73601","Salazar2121","38415","6045","14","5","704","-1","134","false","true","English","Salazar2121"
"https://static-cdn.jtvnw.net/jtv_user_pictures/mattjf-profile_image-1675adba767b0146-150x150.jpeg?imenable=1&impolicy=user-profile-picture&imwidth=100","73602","Mattjf","5250","960","21","5","704","11","69","false","false","English","Mattjf"
"https://static-cdn.jtvnw.net/jtv_user_pictures/72fb97d4-e42a-4b35-953f-1e75944388f0-profile_image-150x150.png?imenable=1&impolicy=user-profile-picture&imwidth=100","73603","aizendota2","7455","1590","15","4","704","21","233","false","false","German","aizendota2"
"https://static-cdn.jtvnw.net/jtv_user_pictures/cc3319f1-58b3-403a-826c-827b93efb7ed-profile_image-150x150.png?imenable=1&impolicy=user-profile-picture&imwidth=100","73604","Startricker","2100","300","13","6","704","2","4","false","false","English","Startricker"
"https://static-cdn.jtvnw.net/jtv_user_pictures/803a2f2b-4e26-4b91-8f3a-c66e10ca18f2-profile_image-150x150.png?imenable=1&impolicy=user-profile-picture&imwidth=100","73605","BOB9399","1545","780","7","1","704","1","16","false","false","English","BOB9399"
"https://static-cdn.jtvnw.net/jtv_user_pictures/ti4toalesha-profile_image-281cc3caeeba96db-150x150.jpeg?imenable=1&impolicy=user-profile-picture&imwidth=100","73606","TI4TOALESHA","10770","4185","23","2","704","-176","415","false","false","Russian","TI4TOALESHA"
"https://static-cdn.jtvnw.net/jtv_user_pictures/natural_awesome-profile_image-61b5611e289e7a06-150x150.jpeg?imenable=1&impolicy=user-profile-picture&imwidth=100","73607","Natural_Awesome","22650","8790","15","2","704","16","115","false","true","English","Natural_Awesome"
"https://static-cdn.jtvnw.net/jtv_user_pictures/ac9eeb03-710c-496b-9081-9d70eadde31a-profile_image-150x150.png?imenable=1&impolicy=user-profile-picture&imwidth=100","73608","SU7Live","2775","330","20","7","704","44","74","false","true","English","SU7Live"
"https://static-cdn.jtvnw.net/jtv_user_pictures/5520d2a4-82fd-4fd2-8b07-a59c5c5cc2cb-profile_image-150x150.png?imenable=1&impolicy=user-profile-picture&imwidth=100","73609","HealingParties","1200","675","6","1","704","1","20","false","true","English","HealingParties"
"https://static-cdn.jtvnw.net/jtv_user_pictures/mcslyer-profile_image-de921ed1be75c236-150x150.png?imenable=1&impolicy=user-profile-picture&imwidth=100","73610","Mcslyer","19770","2640","17","6","704","156","81","false","false","English","Mcslyer"
"https://static-cdn.jtvnw.net/jtv_user_pictures/giacurserver-profile_image-6c3a899882ebe163-150x150.jpeg?imenable=1&impolicy=user-profile-picture&imwidth=100","73611","giacurserver","0","15","0","0","703","0","0","false","false","Italian","giacurserver"
"https://static-cdn.jtvnw.net/jtv_user_pictures/b7ec3ff6-38ff-4548-a990-a29af3b1599c-profile_image-150x150.jpg?imenable=1&impolicy=user-profile-picture&imwidth=100","73612","MouseyKnight","120","105","2","0","703","2","1","false","true","English","MouseyKnight"
"https://static-cdn.jtvnw.net/jtv_user_pictures/alphagaminglounge-profile_image-bebfe56ffafbd7a4-150x150.png?imenable=1&impolicy=user-profile-picture&imwidth=100","73613","AlphaGamingLounge","90","120","3","0","703","0","0","false","false","English","AlphaGamingLounge"
"https://static-cdn.jtvnw.net/jtv_user_pictures/a46ac39f-a74a-4c13-89c7-14531d173992-profile_image-150x150.png?imenable=1&impolicy=user-profile-picture&imwidth=100","73614","Lehuhh","2145","345","14","6","703","15","86","false","true","English","Lehuhh"
"https://static-cdn.jtvnw.net/jtv_user_pictures/b38fda17-84b5-49de-b3b9-a92b4cb14b54-profile_image-150x150.png?imenable=1&impolicy=user-profile-picture&imwidth=100","73615","McJasik","0","15","0","0","703","0","0","false","false","English","McJasik"
"https://static-cdn.jtvnw.net/jtv_user_pictures/69d2e2b2-1b76-49b3-ab27-7e35aebd7a37-profile_image-150x150.png?imenable=1&impolicy=user-profile-picture&imwidth=100","73616","yuriyzakk","0","30","0","0","703","0","0","false","false","English","yuriyzakk"
"https://static-cdn.jtvnw.net/jtv_user_pictures/68215700-6b53-4227-8b86-2396c6979b42-profile_image-150x150.png?imenable=1&impolicy=user-profile-picture&imwidth=100","73617","SavageKionii","180","960","3","0","703","1","23","false","false","English","SavageKionii"
"https://static-cdn.jtvnw.net/jtv_user_pictures/ae072142-84ee-4e4e-93e1-efbf7afce880-profile_image-150x150.png?imenable=1&impolicy=user-profile-picture&imwidth=100","73618","evacid","2880","405","16","6","703","4","162","false","true","Spanish","evacid"
"https://static-cdn.jtvnw.net/jtv_user_pictures/0676afca-e10f-4940-8d83-587e9e780bcf-profile_image-150x150.jpeg?imenable=1&impolicy=user-profile-picture&imwidth=100","73619","GeeketteYoshi","3540","390","15","8","703","58","63","false","true","French","GeeketteYoshi"
"https://static-cdn.jtvnw.net/jtv_user_pictures/bf28c39a-b2f0-437d-b237-0a37b9c56b2a-profile_image-150x150.png?imenable=1&impolicy=user-profile-picture&imwidth=100","73620","JzkTx","135","45","8","3","703","-1","0","false","true","English","JzkTx"
"https://static-cdn.jtvnw.net/user-default-pictures/0ecbb6c3-fecb-4016-8115-aa467b7c36ed-profile_image-150x150.jpg?imenable=1&impolicy=user-profile-picture&imwidth=100","73621","dutchieboysfc","37425","2730","49","13","703","348","512","false","false","Dutch","dutchieboysfc"
"https://static-cdn.jtvnw.net/jtv_user_pictures/11067cb5-f745-451a-a6fe-ad055d03f042-profile_image-150x150.png?imenable=1&impolicy=user-profile-picture&imwidth=100","73622","tsarap","720","540","5","0","703","6","191","false","false","Russian","tsarap"
"https://static-cdn.jtvnw.net/jtv_user_pictures/3ea585b4-df1d-495d-94a6-a1cb647e56c7-profile_image-150x150.jpg?imenable=1&impolicy=user-profile-picture&imwidth=100","73623","Skylara","255","660","2","0","703","2","2","false","true","English","Skylara"
"https://static-cdn.jtvnw.net/jtv_user_pictures/84510018-993f-415a-9206-883d308c9d87-profile_image-150x150.png?imenable=1&impolicy=user-profile-picture&imwidth=100","73624","Rebel17TV","615","1005","3","0","703","1","0","false","true","English","Rebel17TV"
"https://static-cdn.jtvnw.net/jtv_user_pictures/9591ed09-dbcf-4de8-ac3e-59c070095bf3-profile_image-150x150.png?imenable=1&impolicy=user-profile-picture&imwidth=100","73625","kingkiio","360","300","5","1","703","0","2","false","false","English","kingkiio"
"https://static-cdn.jtvnw.net/jtv_user_pictures/8cbc0734-6fe1-49d2-a971-2ad3b0b00123-profile_image-150x150.png?imenable=1&impolicy=user-profile-picture&imwidth=100","73626","mz_thikk","4590","4485","5","0","703","34","24","false","true","English","mz_thikk"
"https://static-cdn.jtvnw.net/jtv_user_pictures/e8e3863c-be3b-443d-af1a-cb6074eafba1-profile_image-150x150.png?imenable=1&impolicy=user-profile-picture&imwidth=100","73627","sky4378","210","450","3","0","703","5","47","false","true","Other","sky4378"
"https://static-cdn.jtvnw.net/jtv_user_pictures/teddyrufstuff-profile_image-18311af06b8d7721-150x150.png?imenable=1&impolicy=user-profile-picture&imwidth=100","73628","TeddyRufStuff","2970","3285","4","0","703","27","58","false","true","English","TeddyRufStuff"
"https://static-cdn.jtvnw.net/jtv_user_pictures/daxogamingtv-profile_image-790ebcce7fcb3a89-150x150.jpeg?imenable=1&impolicy=user-profile-picture&imwidth=100","73629","daxogamingtv","975","735","5","1","703","6","81","false","false","Polish","daxogamingtv"
"https://static-cdn.jtvnw.net/jtv_user_pictures/2c12b882-607f-4520-8ad2-f1255e579de3-profile_image-150x150.png?imenable=1&impolicy=user-profile-picture&imwidth=100","73630","iSkyLines_","270","2205","2","0","703","2","1","false","true","English","iSkyLines_"
"https://static-cdn.jtvnw.net/jtv_user_pictures/98a896f7-f46c-467d-9cb4-92f600c4e470-profile_image-150x150.png?imenable=1&impolicy=user-profile-picture&imwidth=100","73631","JeraSpites","2445","1125","6","1","703","1","52","false","true","English","JeraSpites"
"https://static-cdn.jtvnw.net/jtv_user_pictures/813b8a5b-bace-42e2-adc9-c603e84b4502-profile_image-150x150.png?imenable=1&impolicy=user-profile-picture&imwidth=100","73632","Nawura","6945","4695","10","1","703","23","87","false","true","French","Nawura"
"https://static-cdn.jtvnw.net/jtv_user_pictures/48fd2b09-2c7a-4bc0-9e88-a0fe829ee253-profile_image-150x150.png?imenable=1&impolicy=user-profile-picture&imwidth=100","73633","noonbody","300","210","5","1","703","0","13","false","false","Portuguese","noonbody"
"https://static-cdn.jtvnw.net/jtv_user_pictures/6bb8418b-4438-4034-bbc0-82d7903eec88-profile_image-150x150.png?imenable=1&impolicy=user-profile-picture&imwidth=100","73634","PowerWangZ","5745","2700","7","1","703","4","23","false","true","English","PowerWangZ"
"https://static-cdn.jtvnw.net/jtv_user_pictures/7178ee6b-0854-48ae-a087-b17d692bf0cc-profile_image-150x150.png?imenable=1&impolicy=user-profile-picture&imwidth=100","73635","VinnyoftheDead","60990","8400","56","6","703","117","479","false","true","English","VinnyoftheDead"
"https://static-cdn.jtvnw.net/jtv_user_pictures/rejdystv-profile_image-3f441d54b14a9ae9-150x150.png?imenable=1&impolicy=user-profile-picture&imwidth=100","73636","rejdystv","225","600","4","0","703","6","59","false","true","Polish","rejdystv"
"https://static-cdn.jtvnw.net/jtv_user_pictures/67baee8f-24a4-43d8-a254-0a98ee1efc47-profile_image-150x150.png?imenable=1&impolicy=user-profile-picture&imwidth=100","73637","Technickle","6810","1455","14","4","703","17","61","false","true","English","Technickle"
"https://static-cdn.jtvnw.net/jtv_user_pictures/sadpandana-profile_image-05164eeb17b44ea5-150x150.jpeg?imenable=1&impolicy=user-profile-picture&imwidth=100","73638","SadPandaNA","2985","465","16","6","703","9","18","false","false","English","SadPandaNA"
"https://static-cdn.jtvnw.net/jtv_user_pictures/mpmicke-profile_image-dcbaa6969ba17ea8-150x150.jpeg?imenable=1&impolicy=user-profile-picture&imwidth=100","73639","mpmicke","105","105","1","1","703","0","0","false","false","English","mpmicke"
"https://static-cdn.jtvnw.net/jtv_user_pictures/arkangel_vros-profile_image-5f3820b87798d858-150x150.jpeg?imenable=1&impolicy=user-profile-picture&imwidth=100","73640","Arkangel_Vros","120075","3735","69","31","703","226","2977","false","false","Spanish","Arkangel_Vros"
"https://static-cdn.jtvnw.net/jtv_user_pictures/1e0268be-2804-4f6d-948f-83d778e1532e-profile_image-150x150.png?imenable=1&impolicy=user-profile-picture&imwidth=100","73641","benmontmagny","0","15","0","0","703","0","0","false","true","English","benmontmagny"
"https://static-cdn.jtvnw.net/jtv_user_pictures/30612016-298e-4c0f-9611-6ac7ef6c9476-profile_image-150x150.png?imenable=1&impolicy=user-profile-picture&imwidth=100","73642","Invictus_itachi","720","180","14","3","703","2","13","false","false","German","Invictus_itachi"
"https://static-cdn.jtvnw.net/jtv_user_pictures/kimahrey-profile_image-71d1326695dd2ec0-150x150.jpeg?imenable=1&impolicy=user-profile-picture&imwidth=100","73643","Kimahrey","12915","930","28","13","703","21","227","false","false","German","Kimahrey"
"https://static-cdn.jtvnw.net/jtv_user_pictures/801f251a-bdc7-4c7c-bb63-f0e636beb285-profile_image-150x150.jpg?imenable=1&impolicy=user-profile-picture&imwidth=100","73644","sondreal","3240","1725","6","1","703","7","38","false","true","Norwegian","sondreal"
"https://static-cdn.jtvnw.net/jtv_user_pictures/bea1cbd8-b96d-4b66-9c26-2fe552a3a89a-profile_image-150x150.png?imenable=1&impolicy=user-profile-picture&imwidth=100","73645","秋刀魚先生 (saury_tw)","135","195","3","0","703","-1","25","false","true","Chinese","秋刀魚先生 (saury_tw)"
"https://static-cdn.jtvnw.net/jtv_user_pictures/jenetatv-profile_image-9f984746627da64e-150x150.jpeg?imenable=1&impolicy=user-profile-picture&imwidth=100","73646","JenetaTV","960","1110","3","0","703","5","38","false","false","Russian","JenetaTV"
"https://static-cdn.jtvnw.net/jtv_user_pictures/orlando__fox-profile_image-4f4844b6b9763c06-150x150.png?imenable=1&impolicy=user-profile-picture&imwidth=100","73647","Orlando__Fox","3495","300","41","11","703","12","37","false","false","English","Orlando__Fox"
"https://static-cdn.jtvnw.net/jtv_user_pictures/75508807-9830-408b-b1ac-afcac981bcda-profile_image-150x150.png?imenable=1&impolicy=user-profile-picture&imwidth=100","73648","Sustainna","3210","1230","9","1","703","16","13","false","false","English","Sustainna"
"https://static-cdn.jtvnw.net/jtv_user_pictures/5997b865-99c6-42f6-8d2e-cbac94f115c0-profile_image-150x150.png?imenable=1&impolicy=user-profile-picture&imwidth=100","73649","Bhfior","45","15","3","3","703","0","0","false","true","English","Bhfior"
"https://static-cdn.jtvnw.net/jtv_user_pictures/9d14d5f0-e134-456e-afb6-4c7243c498a0-profile_image-150x150.png?imenable=1&impolicy=user-profile-picture&imwidth=100","73650","Mefiresu","17580","630","44","27","703","15","450","false","false","Russian","Mefiresu"
"https://static-cdn.jtvnw.net/jtv_user_pictures/digitalwaffles-profile_image-1078315b891b38d1-150x150.jpeg?imenable=1&impolicy=user-profile-picture&imwidth=100","73651","DigitalWaffles","3075","750","9","3","703","-1","24","false","false","English","DigitalWaffles"
"https://static-cdn.jtvnw.net/jtv_user_pictures/23f2ca40-51b6-46ce-aad9-1a526843d37f-profile_image-150x150.png?imenable=1&impolicy=user-profile-picture&imwidth=100","73652","sixpathspanda","420","75","8","5","703","0","14","false","false","German","sixpathspanda"
"https://static-cdn.jtvnw.net/jtv_user_pictures/3f20a7ef-f7aa-491e-aa67-c3901ec94637-profile_image-150x150.png?imenable=1&impolicy=user-profile-picture&imwidth=100","73653","SquidSeb","0","15","0","0","703","0","0","false","false","English","SquidSeb"
"https://static-cdn.jtvnw.net/jtv_user_pictures/eeca1f47-74e4-4bf5-abc2-d6620a13456c-profile_image-150x150.png?imenable=1&impolicy=user-profile-picture&imwidth=100","73654","HigsTV","645","1245","4","0","703","3","27","false","false","English","HigsTV"
"https://static-cdn.jtvnw.net/jtv_user_pictures/b01razor_2-profile_image-7cd0a83afbabed15-150x150.jpeg?imenable=1&impolicy=user-profile-picture&imwidth=100","73655","b01razor_2","12480","1635","22","7","703","12","211","false","true","English","b01razor_2"
"https://static-cdn.jtvnw.net/jtv_user_pictures/c7c168ba-e56f-42a4-8c0f-648a96bdcfb3-profile_image-150x150.png?imenable=1&impolicy=user-profile-picture&imwidth=100","73656","keepwatukill","255","1470","2","0","703","1","1","false","false","English","keepwatukill"
"https://static-cdn.jtvnw.net/jtv_user_pictures/9c0c237c-d952-4df1-9c79-3728f3018d9e-profile_image-150x150.png?imenable=1&impolicy=user-profile-picture&imwidth=100","73657","Silenas","14820","4035","13","3","703","45","334","false","false","Russian","Silenas"
"https://static-cdn.jtvnw.net/jtv_user_pictures/e5805e60-bd0f-4582-a92f-81bf3a0a0e1f-profile_image-150x150.png?imenable=1&impolicy=user-profile-picture&imwidth=100","73658","Zanzaken","2355","615","11","3","703","1","7","false","true","English","Zanzaken"
"https://static-cdn.jtvnw.net/jtv_user_pictures/3687e015-8d87-4370-aea3-6c88b470198a-profile_image-150x150.png?imenable=1&impolicy=user-profile-picture&imwidth=100","73659","Johnnylchase","645","765","4","0","703","0","10","false","true","English","Johnnylchase"
"https://static-cdn.jtvnw.net/jtv_user_pictures/miss_hezzy-profile_image-8eb339fcc987f5da-150x150.jpeg?imenable=1&impolicy=user-profile-picture&imwidth=100","73660","miss_hezzy","6075","1395","16","3","703","20","77","false","true","English","miss_hezzy"
"https://static-cdn.jtvnw.net/jtv_user_pictures/c4ba3d7c-9772-4169-812d-b0ee94831d05-profile_image-150x150.png?imenable=1&impolicy=user-profile-picture&imwidth=100","73661","rubletrillions","11655","855","26","13","703","56","104","false","true","English","rubletrillions"
"https://static-cdn.jtvnw.net/jtv_user_pictures/5e218b13-72ff-4d32-a776-0311187421c2-profile_image-150x150.png?imenable=1&impolicy=user-profile-picture&imwidth=100","73662","micheiruu","6780","645","29","10","703","16","433","false","false","Spanish","micheiruu"
"https://static-cdn.jtvnw.net/jtv_user_pictures/7935de826888dfb9-profile_image-150x150.jpeg?imenable=1&impolicy=user-profile-picture&imwidth=100","73663","kellybobellyyyy","555","150","7","3","703","1","1","false","false","English","kellybobellyyyy"
"https://static-cdn.jtvnw.net/jtv_user_pictures/52cd4a96-230c-466b-90bd-a63e9bd76c13-profile_image-150x150.jpg?imenable=1&impolicy=user-profile-picture&imwidth=100","73664","maichen_","5280","1035","9","4","703","2","80","false","true","German","maichen_"
"https://static-cdn.jtvnw.net/jtv_user_pictures/8ba23649-575e-454a-b94b-5f0f59a799bc-profile_image-150x150.png?imenable=1&impolicy=user-profile-picture&imwidth=100","73665","JohnWickSticks","4755","4065","7","0","703","7","26","false","true","English","JohnWickSticks"
"https://static-cdn.jtvnw.net/jtv_user_pictures/the_judge_78-profile_image-d505a9c1c4654fb1-150x150.jpeg?imenable=1&impolicy=user-profile-picture&imwidth=100","73666","The_Judge_78","1620","180","13","9","703","5","14","false","true","Greek","The_Judge_78"
"https://static-cdn.jtvnw.net/jtv_user_pictures/ms_0ops-profile_image-98de15a8a09be3bc-150x150.jpeg?imenable=1&impolicy=user-profile-picture&imwidth=100","73667","ms_0ops","60","45","2","1","703","-1","11","false","false","English","ms_0ops"
"https://static-cdn.jtvnw.net/jtv_user_pictures/clanon-profile_image-093e9f6923c50cc5-150x150.jpeg?imenable=1&impolicy=user-profile-picture&imwidth=100","73668","Clanon","6195","900","20","6","703","11","105","false","true","Russian","Clanon"
"https://static-cdn.jtvnw.net/jtv_user_pictures/f03c528dc074653c-profile_image-150x150.jpeg?imenable=1&impolicy=user-profile-picture&imwidth=100","73669","Mookake","15165","2565","23","5","703","32","66","false","true","English","Mookake"
"https://static-cdn.jtvnw.net/jtv_user_pictures/b8b2ce91-3f81-4a69-8097-022ae040018b-profile_image-150x150.png?imenable=1&impolicy=user-profile-picture&imwidth=100","73670","SlyHayatoBLUR","2070","1155","16","1","703","4","7","false","true","English","SlyHayatoBLUR"
"https://static-cdn.jtvnw.net/jtv_user_pictures/deepndat-profile_image-7751197017f458dc-150x150.jpeg?imenable=1&impolicy=user-profile-picture&imwidth=100","73671","DeepNDat","32055","9780","10","2","703","38","132","false","true","English","DeepNDat"
"https://static-cdn.jtvnw.net/jtv_user_pictures/9ff2e374-73f4-46d7-b948-26205b64aa99-profile_image-150x150.png?imenable=1&impolicy=user-profile-picture&imwidth=100","73672","LiLEazy4","79095","2355","71","33","703","-34","163","false","true","English","LiLEazy4"
"https://static-cdn.jtvnw.net/jtv_user_pictures/f2a447f5-757e-4fd6-aae6-0cd4b651283a-profile_image-150x150.png?imenable=1&impolicy=user-profile-picture&imwidth=100","73673","크리스탈리티 (crystalseed)","12225","2040","102","5","703","39","520","false","false","Korean","크리스탈리티 (crystalseed)"
"https://static-cdn.jtvnw.net/jtv_user_pictures/264baeb2-6773-4def-b4d3-d706c12f2cc5-profile_image-150x150.png?imenable=1&impolicy=user-profile-picture&imwidth=100","73674","IBeLegit","1770","885","9","1","703","2","40","false","true","English","IBeLegit"
"https://static-cdn.jtvnw.net/jtv_user_pictures/3684fe30-648f-4bde-ba12-94c408db0eb0-profile_image-150x150.png?imenable=1&impolicy=user-profile-picture&imwidth=100","73675","CrocksLMT","315","195","3","1","703","0","1","false","true","English","CrocksLMT"
"https://static-cdn.jtvnw.net/jtv_user_pictures/3a43e7d6-7580-4e09-8a39-46c3844f13ce-profile_image-150x150.jpg?imenable=1&impolicy=user-profile-picture&imwidth=100","73676","Blood","60","90","2","0","703","0","1","true","false","English","Blood"
"https://static-cdn.jtvnw.net/jtv_user_pictures/f91abd4f-a099-4564-80f6-7d1fccf2c092-profile_image-150x150.png?imenable=1&impolicy=user-profile-picture&imwidth=100","73677","inteur","3540","1350","7","2","703","12","110","false","true","French","inteur"
"https://static-cdn.jtvnw.net/jtv_user_pictures/b2f39b5c8afc5c82-profile_image-150x150.jpeg?imenable=1&impolicy=user-profile-picture&imwidth=100","73678","cnsbmkpsr","15","60","1","0","703","0","1","false","false","French","cnsbmkpsr"
"https://static-cdn.jtvnw.net/jtv_user_pictures/tilda89-profile_image-297596d86f3a0906-150x150.jpeg?imenable=1&impolicy=user-profile-picture&imwidth=100","73679","tilda89","16335","2340","19","6","703","41","104","false","false","Swedish","tilda89"
"https://static-cdn.jtvnw.net/jtv_user_pictures/traum29-profile_image-1aeb29c02cb7656e-150x150.jpeg?imenable=1&impolicy=user-profile-picture&imwidth=100","73680","traum29","0","15","0","0","702","0","0","false","false","Russian","traum29"
"https://static-cdn.jtvnw.net/jtv_user_pictures/efacb0c4-d9af-4fef-b5bd-321118ec9c1e-profile_image-150x150.png?imenable=1&impolicy=user-profile-picture&imwidth=100","73681","stikkerN","330","660","2","0","702","1","0","false","true","Danish","stikkerN"
"https://static-cdn.jtvnw.net/jtv_user_pictures/as1kss-profile_image-6b32eff0c87a40b3-150x150.png?imenable=1&impolicy=user-profile-picture&imwidth=100","73682","AS1KSS","2040","675","9","2","702","23","75","false","false","Russian","AS1KSS"
"https://static-cdn.jtvnw.net/jtv_user_pictures/cd144fa3-a3eb-46dc-9cdb-e6a75b69489c-profile_image-150x150.png?imenable=1&impolicy=user-profile-picture&imwidth=100","73683","fornofn","0","150","0","0","702","0","0","false","true","English","fornofn"
"https://static-cdn.jtvnw.net/jtv_user_pictures/1b4053db-743c-4224-b9d1-459560b3f333-profile_image-150x150.png?imenable=1&impolicy=user-profile-picture&imwidth=100","73684","thuro76","105","120","2","0","702","0","18","false","false","Italian","thuro76"
"https://static-cdn.jtvnw.net/jtv_user_pictures/f6a6828e-7cae-4f23-bfb7-68784d14d38f-profile_image-150x150.png?imenable=1&impolicy=user-profile-picture&imwidth=100","73685","SrLink16","150","120","3","0","702","1","40","false","true","Spanish","SrLink16"
"https://static-cdn.jtvnw.net/jtv_user_pictures/d4b789b9-1c78-448d-a118-69bfc481a3f7-profile_image-150x150.png?imenable=1&impolicy=user-profile-picture&imwidth=100","73686","RCKST4R","210","75","5","2","702","0","5","false","true","English","RCKST4R"
"https://static-cdn.jtvnw.net/jtv_user_pictures/sevensilver-profile_image-cedeaa557648262e-150x150.jpeg?imenable=1&impolicy=user-profile-picture&imwidth=100","73687","sevensilver","8310","6105","6","0","702","18","264","false","false","Russian","sevensilver"
"https://static-cdn.jtvnw.net/jtv_user_pictures/3ecca848a29fb18e-profile_image-150x150.png?imenable=1&impolicy=user-profile-picture&imwidth=100","73688","TEAKKZ","600","285","5","1","702","3","53","false","false","German","TEAKKZ"
"https://static-cdn.jtvnw.net/jtv_user_pictures/4552fde0-36d3-4666-98f3-9ee46b3bc558-profile_image-150x150.png?imenable=1&impolicy=user-profile-picture&imwidth=100","73689","SunriseChild","658935","9780","235","66","702","519","12027","false","false","Russian","SunriseChild"
"https://static-cdn.jtvnw.net/jtv_user_pictures/41abf34049fd869b-profile_image-150x150.png?imenable=1&impolicy=user-profile-picture&imwidth=100","73690","Aerlien","4005","1260","7","2","702","8","38","false","true","English","Aerlien"
"https://static-cdn.jtvnw.net/jtv_user_pictures/6326bbc9-2b0d-4c25-a87c-84c76753125c-profile_image-150x150.jpeg?imenable=1&impolicy=user-profile-picture&imwidth=100","73691","xJollyLlama","450","225","5","1","702","0","5","false","true","English","xJollyLlama"
"https://static-cdn.jtvnw.net/jtv_user_pictures/a96d79fa-a41c-4b71-9d37-6b97f461eed1-profile_image-150x150.png?imenable=1&impolicy=user-profile-picture&imwidth=100","73692","Saker_OW","45","30","2","1","702","1","12","false","false","English","Saker_OW"
"https://static-cdn.jtvnw.net/jtv_user_pictures/064daf91-40c1-4f12-945c-e6927559c171-profile_image-150x150.png?imenable=1&impolicy=user-profile-picture&imwidth=100","73693","CAKobra","510","315","5","1","702","6","0","false","true","English","CAKobra"
"https://static-cdn.jtvnw.net/jtv_user_pictures/fcbece77-83ed-4a28-8e27-015e8fda9ac0-profile_image-150x150.jpeg?imenable=1&impolicy=user-profile-picture&imwidth=100","73694","Jabba_AU","615","225","6","1","702","0","6","false","false","English","Jabba_AU"
"https://static-cdn.jtvnw.net/jtv_user_pictures/a4c094f4-aff1-413f-9f96-7bdeb74e9ac2-profile_image-150x150.jpg?imenable=1&impolicy=user-profile-picture&imwidth=100","73695","amburr","6225","1350","20","4","702","42","35","false","false","English","amburr"
"https://static-cdn.jtvnw.net/jtv_user_pictures/nevotex-profile_image-402c579c64ed7c4f-150x150.png?imenable=1&impolicy=user-profile-picture&imwidth=100","73696","NevoTex","22365","3795","33","5","702","87","151","false","false","German","NevoTex"
"https://static-cdn.jtvnw.net/jtv_user_pictures/cd60b090-ab8d-46e1-9d9c-6d7c025fb5a7-profile_image-150x150.png?imenable=1&impolicy=user-profile-picture&imwidth=100","73697","Grradie","255","90","5","2","702","2","0","false","false","English","Grradie"
"https://static-cdn.jtvnw.net/jtv_user_pictures/2114b389-51a2-4c17-93ea-152392234517-profile_image-150x150.jpeg?imenable=1&impolicy=user-profile-picture&imwidth=100","73698","SenseiJei","390","375","3","0","702","1","3","false","true","English","SenseiJei"
"https://static-cdn.jtvnw.net/jtv_user_pictures/ee967021-0acf-4399-9383-cbec866822dc-profile_image-150x150.png?imenable=1&impolicy=user-profile-picture&imwidth=100","73699","KE1TH0N","0","15","0","0","702","0","0","false","false","English","KE1TH0N"
"https://static-cdn.jtvnw.net/jtv_user_pictures/132971fe00bcf61f-profile_image-150x150.jpeg?imenable=1&impolicy=user-profile-picture&imwidth=100","73700","Lunar_Princess","90","30","4","3","702","0","0","false","true","English","Lunar_Princess"