"","","Channel","Watch time","Stream time","Peak viewers","Average viewers","Followers","Followers gained","Views gained","Partnered","Mature","Language",""
"https://static-cdn.jtvnw.net/jtv_user_pictures/7e508a7e-f7f9-49ef-80b0-aa07647eba47-profile_image-150x150.png?imenable=1&impolicy=user-profile-picture&imwidth=100","89401","toxichomie","4470","1980","13","1","506","24","127","false","false","English","toxichomie"
"https://static-cdn.jtvnw.net/jtv_user_pictures/xpertkill1-profile_image-4af87fc18aabbcc3-150x150.png?imenable=1&impolicy=user-profile-picture&imwidth=100","89402","XpertKill1","6480","645","22","9","506","-197","33","false","true","English","XpertKill1"
"https://static-cdn.jtvnw.net/jtv_user_pictures/64a9f9f8-8332-4d93-89b0-a2f1b94b43ea-profile_image-150x150.png?imenable=1&impolicy=user-profile-picture&imwidth=100","89403","Alfclaw","960","180","11","4","506","1","17","false","false","English","Alfclaw"
"https://static-cdn.jtvnw.net/jtv_user_pictures/26a88717-1afa-4e96-a5ac-1e182e1e60b1-profile_image-150x150.png?imenable=1&impolicy=user-profile-picture&imwidth=100","89404","Wuixslot","9570","3975","8","1","506","33","266","false","false","French","Wuixslot"
"https://static-cdn.jtvnw.net/jtv_user_pictures/ecffeb23-af2d-4207-b4ca-4d9544f8ac1f-profile_image-150x150.png?imenable=1&impolicy=user-profile-picture&imwidth=100","89405","ChocoQ","6285","6210","8","0","506","37","125","false","true","English","ChocoQ"
"https://static-cdn.jtvnw.net/jtv_user_pictures/003d16e5-28a1-47b0-a8bc-bebd0cd08e59-profile_image-150x150.jpeg?imenable=1&impolicy=user-profile-picture&imwidth=100","89406","RoyalTnoY","60","120","2","0","506","0","3","false","false","English","RoyalTnoY"
"https://static-cdn.jtvnw.net/jtv_user_pictures/b129e84b-e1cc-4ba9-949c-fbe42d6e6301-profile_image-150x150.png?imenable=1&impolicy=user-profile-picture&imwidth=100","89407","Dyslooxia","5025","3045","50","1","506","22","179","false","true","English","Dyslooxia"
"https://static-cdn.jtvnw.net/jtv_user_pictures/e_d1-profile_image-a5793abef0df3199-150x150.png?imenable=1&impolicy=user-profile-picture&imwidth=100","89408","E_d1","75","120","3","0","506","0","2","false","false","English","E_d1"
"https://static-cdn.jtvnw.net/jtv_user_pictures/durkanator-profile_image-a1c38f05544ad1ef-150x150.jpeg?imenable=1&impolicy=user-profile-picture&imwidth=100","89409","Durkanator","3240","480","56","6","506","-293","36","false","true","English","Durkanator"
"https://static-cdn.jtvnw.net/jtv_user_pictures/8433fdab-0763-46f9-8a1c-ad890ac38b0c-profile_image-150x150.png?imenable=1&impolicy=user-profile-picture&imwidth=100","89410","Citnas","870","150","9","5","506","1","14","false","true","English","Citnas"
"https://static-cdn.jtvnw.net/jtv_user_pictures/2846efaf-83ed-41c4-85f7-1884ab3ef81e-profile_image-150x150.jpg?imenable=1&impolicy=user-profile-picture&imwidth=100","89411","eekciV","35640","3540","80","9","506","379","623","false","false","English","eekciV"
"https://static-cdn.jtvnw.net/jtv_user_pictures/41266947-3475-49ce-9d28-534e6e1dd06a-profile_image-150x150.png?imenable=1&impolicy=user-profile-picture&imwidth=100","89412","Bubbles188","1695","375","10","4","506","4","15","false","true","English","Bubbles188"
"https://static-cdn.jtvnw.net/jtv_user_pictures/c6c01e15-c2c2-46c9-b555-4653c5b5890d-profile_image-150x150.png?imenable=1&impolicy=user-profile-picture&imwidth=100","89413","NanaShirai","720","120","8","5","506","7","19","false","true","English","NanaShirai"
"https://static-cdn.jtvnw.net/jtv_user_pictures/jo654-profile_image-eb2a0d54240337e8-150x150.jpeg?imenable=1&impolicy=user-profile-picture&imwidth=100","89414","嘎逼 (jo654)","16965","930","55","17","506","10","424","false","false","Chinese","嘎逼 (jo654)"
"https://static-cdn.jtvnw.net/jtv_user_pictures/9f2be769-8242-4ead-a1ed-e1b83753d8dc-profile_image-150x150.png?imenable=1&impolicy=user-profile-picture&imwidth=100","89415","laitock","33105","5925","23","5","506","42","558","false","false","German","laitock"
"https://static-cdn.jtvnw.net/jtv_user_pictures/d4fa4378-e304-4536-8cf9-357c1b53bc28-profile_image-150x150.png?imenable=1&impolicy=user-profile-picture&imwidth=100","89416","xScrillax","90","2505","2","0","506","3","4","false","false","English","xScrillax"
"https://static-cdn.jtvnw.net/jtv_user_pictures/f8209852-585a-4f0d-831c-7149447051b3-profile_image-150x150.jpg?imenable=1&impolicy=user-profile-picture&imwidth=100","89417","Cazyxo","7155","1080","19","6","506","28","87","false","true","English","Cazyxo"
"https://static-cdn.jtvnw.net/jtv_user_pictures/f8f0af2bae3d4901-profile_image-150x150.png?imenable=1&impolicy=user-profile-picture&imwidth=100","89418","YreT1","6240","735","17","7","506","66","73","false","false","English","YreT1"
"https://static-cdn.jtvnw.net/jtv_user_pictures/3831608c-2be2-4d9b-9e42-3462b494fef2-profile_image-150x150.png?imenable=1&impolicy=user-profile-picture&imwidth=100","89419","Jumpnjak","1215","810","4","1","506","1","23","false","true","English","Jumpnjak"
"https://static-cdn.jtvnw.net/jtv_user_pictures/chubbyhamster1-profile_image-aeb65cb032fc79aa-150x150.jpeg?imenable=1&impolicy=user-profile-picture&imwidth=100","89420","ChubbyHamster1","30","30","1","1","506","0","0","false","false","English","ChubbyHamster1"
"https://static-cdn.jtvnw.net/jtv_user_pictures/wizdude_-profile_image-f1c524913b6f93a4-150x150.jpeg?imenable=1&impolicy=user-profile-picture&imwidth=100","89421","wizdude_","2820","810","9","3","506","26","36","false","false","English","wizdude_"
"https://static-cdn.jtvnw.net/jtv_user_pictures/8901ea49-4569-4f39-ae01-a45dc7c93d39-profile_image-150x150.png?imenable=1&impolicy=user-profile-picture&imwidth=100","89422","NiceGaming123","0","15","0","0","506","0","0","false","false","Danish","NiceGaming123"
"https://static-cdn.jtvnw.net/jtv_user_pictures/ito_kyoshiro-profile_image-a82b51e0c1aa89c4-150x150.png?imenable=1&impolicy=user-profile-picture&imwidth=100","89423","Ito_Kyoshiro","6465","1005","12","6","506","15","227","false","false","Spanish","Ito_Kyoshiro"
"https://static-cdn.jtvnw.net/jtv_user_pictures/phyranosenpai-profile_image-db6b98bcbd3ed6dd-150x150.jpeg?imenable=1&impolicy=user-profile-picture&imwidth=100","89424","PhyranoSenpai","360","105","5","3","506","-1","1","false","false","Danish","PhyranoSenpai"
"https://static-cdn.jtvnw.net/jtv_user_pictures/65523e6e-04bf-4f91-8c55-90b442551550-profile_image-150x150.jpeg?imenable=1&impolicy=user-profile-picture&imwidth=100","89425","KawaiiVersace","2175","765","77","2","506","76","11","false","false","English","KawaiiVersace"
"https://static-cdn.jtvnw.net/jtv_user_pictures/dankizdurty-profile_image-14b1e820d9673eb5-150x150.jpeg?imenable=1&impolicy=user-profile-picture&imwidth=100","89426","Dankizdurty","6600","2415","8","2","506","16","63","false","true","English","Dankizdurty"
"https://static-cdn.jtvnw.net/jtv_user_pictures/hankstartv-profile_image-ec28b378321601c5-150x150.jpeg?imenable=1&impolicy=user-profile-picture&imwidth=100","89427","hankstartv","16350","2985","20","4","506","16","103","false","false","Danish","hankstartv"
"https://static-cdn.jtvnw.net/jtv_user_pictures/jimmyvulmer-profile_image-f65e4ca7964f4b81-150x150.jpeg?imenable=1&impolicy=user-profile-picture&imwidth=100","89428","JimmyVulmer","75","75","3","0","506","0","1","false","true","English","JimmyVulmer"
"https://static-cdn.jtvnw.net/jtv_user_pictures/scottishnutcase83-profile_image-bd44a98988914dd0-150x150.jpeg?imenable=1&impolicy=user-profile-picture&imwidth=100","89429","ScottishNutcase83","7875","1080","33","6","506","-83","34","false","false","English","ScottishNutcase83"
"https://static-cdn.jtvnw.net/jtv_user_pictures/thezomberkids-profile_image-d21dda4d0201ee01-150x150.jpeg?imenable=1&impolicy=user-profile-picture&imwidth=100","89430","thezomberkids","18795","1665","48","10","506","90","183","false","false","Spanish","thezomberkids"
"https://static-cdn.jtvnw.net/jtv_user_pictures/blimpogaming-profile_image-a578b10224bf68b9-150x150.png?imenable=1&impolicy=user-profile-picture&imwidth=100","89431","BlimpoGaming","1215","120","13","10","506","1","18","false","false","English","BlimpoGaming"
"https://static-cdn.jtvnw.net/jtv_user_pictures/freshlemonade_-profile_image-e2701d67c8b283b1-150x150.jpeg?imenable=1&impolicy=user-profile-picture&imwidth=100","89432","FreshLemonade_","1185","255","7","4","506","2","8","false","false","English","FreshLemonade_"
"https://static-cdn.jtvnw.net/jtv_user_pictures/its_aurum-profile_image-b86a872948729223-150x150.jpeg?imenable=1&impolicy=user-profile-picture&imwidth=100","89433","its_Aurum","60","60","1","1","506","2","8","false","false","English","its_Aurum"
"https://static-cdn.jtvnw.net/jtv_user_pictures/max_attax-profile_image-9943d4028bd3696a-150x150.png?imenable=1&impolicy=user-profile-picture&imwidth=100","89434","Max_Attax","13770","1620","96","8","506","27","260","false","false","English","Max_Attax"
"https://static-cdn.jtvnw.net/jtv_user_pictures/english_muffin21-profile_image-bed626323504a451-150x150.jpeg?imenable=1&impolicy=user-profile-picture&imwidth=100","89435","English_Muffin21","50940","7380","30","6","506","87","115","false","true","English","English_Muffin21"
"https://static-cdn.jtvnw.net/jtv_user_pictures/doberman4ik-profile_image-fc470191a61f9c60-150x150.jpeg?imenable=1&impolicy=user-profile-picture&imwidth=100","89436","Doberman4ik","495","225","5","1","506","2","5","false","false","Russian","Doberman4ik"
"https://static-cdn.jtvnw.net/jtv_user_pictures/millermincha-profile_image-2ed0eb1835c4d4f3-150x150.png?imenable=1&impolicy=user-profile-picture&imwidth=100","89437","MillerMincha","5640","1470","9","3","506","-4","83","false","true","German","MillerMincha"
"https://static-cdn.jtvnw.net/jtv_user_pictures/incompared-profile_image-020a5d1db0565143-150x150.jpeg?imenable=1&impolicy=user-profile-picture&imwidth=100","89438","Incompared","6135","1425","10","3","506","8","19","false","false","English","Incompared"
"https://static-cdn.jtvnw.net/jtv_user_pictures/2a77ffa9-daae-4bd6-bb0c-f0a9afe099a7-profile_image-150x150.png?imenable=1&impolicy=user-profile-picture&imwidth=100","89439","牛柳 (tmv3v)","6840","3615","10","1","506","2","562","false","true","Chinese","牛柳 (tmv3v)"
"https://static-cdn.jtvnw.net/jtv_user_pictures/0229538d-b37d-487a-94f0-0b080ec744c1-profile_image-150x150.png?imenable=1&impolicy=user-profile-picture&imwidth=100","89440","AngeredOwl","480","225","5","1","506","-1","3","false","true","English","AngeredOwl"
"https://static-cdn.jtvnw.net/jtv_user_pictures/edgarallenpwnz-profile_image-617bc7b263af59c9-150x150.jpeg?imenable=1&impolicy=user-profile-picture&imwidth=100","89441","EdgarAllenPwnz","8985","3120","6","2","506","-3","44","false","true","English","EdgarAllenPwnz"
"https://static-cdn.jtvnw.net/jtv_user_pictures/officialedn-profile_image-ec115cd8d0f0c6b3-150x150.png?imenable=1&impolicy=user-profile-picture&imwidth=100","89442","officialedn","45","60","2","0","505","0","0","false","true","French","officialedn"
"https://static-cdn.jtvnw.net/jtv_user_pictures/bc5d61b6-59dd-42de-96bf-5ed17374b26b-profile_image-150x150.png?imenable=1&impolicy=user-profile-picture&imwidth=100","89443","ProfessorVEGA","630","210","4","2","505","4","21","false","true","Polish","ProfessorVEGA"
"https://static-cdn.jtvnw.net/user-default-pictures/b83b1794-7df9-4878-916c-88c2ad2e4f9f-profile_image-150x150.jpg?imenable=1&impolicy=user-profile-picture&imwidth=100","89444","Carlosiscool123MCPVP","60","30","4","2","505","0","12","false","false","English","Carlosiscool123MCPVP"
"https://static-cdn.jtvnw.net/jtv_user_pictures/b854de0a-c2dc-4eaf-acf7-363022a1760c-profile_image-150x150.png?imenable=1&impolicy=user-profile-picture&imwidth=100","89445","alexrorsh","405","795","2","0","505","1","70","false","false","Russian","alexrorsh"
"https://static-cdn.jtvnw.net/jtv_user_pictures/c96ef00b3a536b54-profile_image-150x150.jpeg?imenable=1&impolicy=user-profile-picture&imwidth=100","89446","DeagleNo1","30","45","1","0","505","2","11","false","true","German","DeagleNo1"
"https://static-cdn.jtvnw.net/jtv_user_pictures/41df0bdc-f5e7-41ff-89ec-f9ec1dfd44c4-profile_image-150x150.jpeg?imenable=1&impolicy=user-profile-picture&imwidth=100","89447","K0ali","4215","945","9","4","505","18","172","false","false","German","K0ali"
"https://static-cdn.jtvnw.net/jtv_user_pictures/1112eec2-cc9a-4589-841c-a19b4f4acaac-profile_image-150x150.jpg?imenable=1&impolicy=user-profile-picture&imwidth=100","89448","MrSkulljoke","420","240","3","1","505","2","10","false","true","English","MrSkulljoke"
"https://static-cdn.jtvnw.net/jtv_user_pictures/02c399a1-947c-4c94-adca-a13ed3bd8cea-profile_image-150x150.png?imenable=1&impolicy=user-profile-picture&imwidth=100","89449","Hyka_","2460","1995","4","0","505","0","14","false","false","Russian","Hyka_"
"https://static-cdn.jtvnw.net/jtv_user_pictures/kattejoik-profile_image-2abe8f686ade01b9-150x150.jpeg?imenable=1&impolicy=user-profile-picture&imwidth=100","89450","Kattejoik","16380","2745","13","5","505","56","265","false","false","Norwegian","Kattejoik"
"https://static-cdn.jtvnw.net/jtv_user_pictures/9ef9dbdc-49c6-4c3c-ac40-4e6c07116ff4-profile_image-150x150.png?imenable=1&impolicy=user-profile-picture&imwidth=100","89451","makikitv","5190","2835","7","1","505","38","57","false","false","French","makikitv"
"https://static-cdn.jtvnw.net/jtv_user_pictures/af29f223-1201-49d1-b75c-f12e2d0250ce-profile_image-150x150.png?imenable=1&impolicy=user-profile-picture&imwidth=100","89452","FinexesTV","1395","420","7","3","505","5","98","false","true","German","FinexesTV"
"https://static-cdn.jtvnw.net/jtv_user_pictures/101c5292fbbc37c6-profile_image-150x150.jpeg?imenable=1&impolicy=user-profile-picture&imwidth=100","89453","connorcrews","105","105","3","1","505","2","3","false","true","English","connorcrews"
"https://static-cdn.jtvnw.net/jtv_user_pictures/5bec9f21-c9f3-4cf3-a97c-d6e2ce1ba9fc-profile_image-150x150.png?imenable=1&impolicy=user-profile-picture&imwidth=100","89454","misscupcake15","3060","1185","9","2","505","11","28","false","true","English","misscupcake15"
"https://static-cdn.jtvnw.net/jtv_user_pictures/54c37b97-e108-41de-bdd7-b004004c1aa1-profile_image-150x150.png?imenable=1&impolicy=user-profile-picture&imwidth=100","89455","Edrialyse","0","165","0","0","505","0","0","false","true","English","Edrialyse"
"https://static-cdn.jtvnw.net/jtv_user_pictures/a810b3b7-90f7-4da3-9a13-5a6b421a4d86-profile_image-150x150.png?imenable=1&impolicy=user-profile-picture&imwidth=100","89456","EmeraldGamerCaleb","60","90","2","0","505","0","0","false","true","English","EmeraldGamerCaleb"
"https://static-cdn.jtvnw.net/user-default-pictures-uv/ce57700a-def9-11e9-842d-784f43822e80-profile_image-150x150.png?imenable=1&impolicy=user-profile-picture&imwidth=100","89457","NolanGaming","660","90","13","6","505","8","29","false","false","English","NolanGaming"
"https://static-cdn.jtvnw.net/jtv_user_pictures/55e677aa-619b-4c15-952c-5d6371cb1f3f-profile_image-150x150.png?imenable=1&impolicy=user-profile-picture&imwidth=100","89458","thunder_pals","660","285","6","1","505","0","6","false","false","English","thunder_pals"
"https://static-cdn.jtvnw.net/jtv_user_pictures/b86d6c58-d484-48a2-ab7e-e12d18357470-profile_image-150x150.png?imenable=1&impolicy=user-profile-picture&imwidth=100","89459","VimmtoGG","8475","8790","5","0","505","19","26","false","true","English","VimmtoGG"
"https://static-cdn.jtvnw.net/jtv_user_pictures/d428d98f-ff93-41e3-ad28-13642c1a4a5e-profile_image-150x150.png?imenable=1&impolicy=user-profile-picture&imwidth=100","89460","hypeshredz","6120","2910","9","1","505","62","45","false","false","English","hypeshredz"
"https://static-cdn.jtvnw.net/jtv_user_pictures/a21e5e15-0173-495d-9948-6ca3f36dfe9d-profile_image-150x150.png?imenable=1&impolicy=user-profile-picture&imwidth=100","89461","Id3FIk5","885","540","6","1","505","7","19","false","true","German","Id3FIk5"
"https://static-cdn.jtvnw.net/jtv_user_pictures/xxxbubblegumxxx-profile_image-39752b9402a69789-150x150.jpeg?imenable=1&impolicy=user-profile-picture&imwidth=100","89462","xXxBubblegumxXx","1365","960","7","1","505","16","0","false","false","English","xXxBubblegumxXx"
"https://static-cdn.jtvnw.net/jtv_user_pictures/d1e051b7-1f41-45a1-a776-1f66918b41bd-profile_image-150x150.png?imenable=1&impolicy=user-profile-picture&imwidth=100","89463","snakev_","2130","735","6","2","505","17","51","false","false","German","snakev_"
"https://static-cdn.jtvnw.net/jtv_user_pictures/2d91fc43-28bc-49a7-980d-6a1744c6e1ff-profile_image-150x150.png?imenable=1&impolicy=user-profile-picture&imwidth=100","89464","Lorkonos","375","105","7","3","505","1","0","false","true","English","Lorkonos"
"https://static-cdn.jtvnw.net/jtv_user_pictures/eff43a7a-ade1-49cc-90fb-51342615c310-profile_image-150x150.png?imenable=1&impolicy=user-profile-picture&imwidth=100","89465","TheEmoHealer","90","45","2","2","505","0","-1","false","true","English","TheEmoHealer"
"https://static-cdn.jtvnw.net/jtv_user_pictures/6cdaf371-941f-40d5-80a4-e0b00434745a-profile_image-150x150.png?imenable=1&impolicy=user-profile-picture&imwidth=100","89466","mrknolle89","1200","405","7","2","505","2","49","false","false","German","mrknolle89"
"https://static-cdn.jtvnw.net/jtv_user_pictures/aileena-profile_image-31939b970f6db05b-150x150.jpeg?imenable=1&impolicy=user-profile-picture&imwidth=100","89467","Aileena","25275","6465","18","3","505","69","612","false","false","English","Aileena"
"https://static-cdn.jtvnw.net/jtv_user_pictures/1b02a70b4b5a768b-profile_image-150x150.jpeg?imenable=1&impolicy=user-profile-picture&imwidth=100","89468","jPagel","0","15","0","0","505","0","0","false","false","English","jPagel"
"https://static-cdn.jtvnw.net/jtv_user_pictures/bloodyxgunzz-profile_image-f4f0006a91e037b7-150x150.jpeg?imenable=1&impolicy=user-profile-picture&imwidth=100","89469","Bloodyxgunzz","30","75","1","0","505","0","3","false","false","English","Bloodyxgunzz"
"https://static-cdn.jtvnw.net/jtv_user_pictures/aedious-profile_image-32426da362635569-150x150.png?imenable=1&impolicy=user-profile-picture&imwidth=100","89470","Aedious","11700","3030","20","3","505","59","327","false","false","French","Aedious"
"https://static-cdn.jtvnw.net/jtv_user_pictures/b2ac7c2a-54cf-42c6-8128-335f146a6487-profile_image-150x150.png?imenable=1&impolicy=user-profile-picture&imwidth=100","89471","Dalus","2400","2040","4","0","505","6","42","false","true","English","Dalus"
"https://static-cdn.jtvnw.net/jtv_user_pictures/alto_escape-profile_image-41fe772390e8940b-150x150.jpeg?imenable=1&impolicy=user-profile-picture&imwidth=100","89472","aLto_escape","12855","420","66","30","505","14","172","false","true","English","aLto_escape"
"https://static-cdn.jtvnw.net/jtv_user_pictures/f99df7a2-9c45-403b-ada5-fa3ccfc4bf03-profile_image-150x150.png?imenable=1&impolicy=user-profile-picture&imwidth=100","89473","yaboi_red","195","45","6","4","505","1","0","false","false","Hungarian","yaboi_red"
"https://static-cdn.jtvnw.net/jtv_user_pictures/guxkimk-profile_image-50d4495ab460636b-150x150.jpeg?imenable=1&impolicy=user-profile-picture&imwidth=100","89474","GuxKimK","0","60","0","0","505","0","0","false","false","German","GuxKimK"
"https://static-cdn.jtvnw.net/jtv_user_pictures/af65467d88681e07-profile_image-150x150.jpeg?imenable=1&impolicy=user-profile-picture&imwidth=100","89475","N1kitikitavi","15","135","1","0","505","1","10","false","false","Russian","N1kitikitavi"
"https://static-cdn.jtvnw.net/jtv_user_pictures/kantsu_ken-profile_image-24841ea8c5c68b8c-150x150.png?imenable=1&impolicy=user-profile-picture&imwidth=100","89476","관검 (kantsu_ken)","360","300","2","1","505","0","5","false","false","Korean","관검 (kantsu_ken)"
"https://static-cdn.jtvnw.net/jtv_user_pictures/adeya_-profile_image-ccb4d2634608258a-150x150.jpeg?imenable=1&impolicy=user-profile-picture&imwidth=100","89477","Adeya_","1560","870","9","1","505","-63","34","false","false","English","Adeya_"
"https://static-cdn.jtvnw.net/jtv_user_pictures/03602a79-048e-4097-94b4-52cd3dd5e31e-profile_image-150x150.png?imenable=1&impolicy=user-profile-picture&imwidth=100","89478","p0lskiy","31980","4050","28","7","505","33","197","false","true","Russian","p0lskiy"
"https://static-cdn.jtvnw.net/jtv_user_pictures/ff2e534c-504f-4425-9c5a-4f7e260c3165-profile_image-150x150.png?imenable=1&impolicy=user-profile-picture&imwidth=100","89479","Ohtacaro","90","120","2","0","505","-2","1","false","false","English","Ohtacaro"
"https://static-cdn.jtvnw.net/jtv_user_pictures/5a1bfdde-8d6d-4684-903e-f5add275d4f4-profile_image-150x150.png?imenable=1&impolicy=user-profile-picture&imwidth=100","89480","Rambosh","75","60","2","1","505","2","7","false","false","Arabic","Rambosh"
"https://static-cdn.jtvnw.net/jtv_user_pictures/8ee05cd0-6bd1-4454-bc77-0fb5122ba7dc-profile_image-150x150.png?imenable=1&impolicy=user-profile-picture&imwidth=100","89481","HotJacob","5010","1350","10","3","505","20","72","false","false","English","HotJacob"
"https://static-cdn.jtvnw.net/jtv_user_pictures/08f1d2a0-96f4-4f8e-9d79-6225530181ce-profile_image-150x150.png?imenable=1&impolicy=user-profile-picture&imwidth=100","89482","AFooiishPanda","45","45","1","1","505","0","0","false","true","English","AFooiishPanda"
"https://static-cdn.jtvnw.net/jtv_user_pictures/middlle-profile_image-fccba4b458669f8e-150x150.jpeg?imenable=1&impolicy=user-profile-picture&imwidth=100","89483","Middlle","780","420","8","1","505","8","49","false","false","English","Middlle"
"https://static-cdn.jtvnw.net/jtv_user_pictures/fd077018-7b38-4cba-bcdb-9efa1c47beaa-profile_image-150x150.png?imenable=1&impolicy=user-profile-picture&imwidth=100","89484","TwiggyTwiggy","1170","465","6","2","505","6","46","false","false","English","TwiggyTwiggy"
"https://static-cdn.jtvnw.net/jtv_user_pictures/21ec8a55-0fec-46b0-8db6-7f983c81b41f-profile_image-150x150.jpg?imenable=1&impolicy=user-profile-picture&imwidth=100","89485","killdesito","1335","165","10","7","505","21","50","false","false","Spanish","killdesito"
"https://static-cdn.jtvnw.net/jtv_user_pictures/c727f262529e8d19-profile_image-150x150.png?imenable=1&impolicy=user-profile-picture&imwidth=100","89486","Skoop_TV","88455","5895","46","14","505","170","1891","false","true","German","Skoop_TV"
"https://static-cdn.jtvnw.net/jtv_user_pictures/muttips-profile_image-ef8bf24d357e3974-150x150.png?imenable=1&impolicy=user-profile-picture&imwidth=100","89487","MUTtips","405","180","4","2","505","1","0","false","false","English","MUTtips"
"https://static-cdn.jtvnw.net/jtv_user_pictures/abb2ddea-ee4a-4b46-be7f-7b8afef93c3e-profile_image-150x150.png?imenable=1&impolicy=user-profile-picture&imwidth=100","89488","IsolationArts","1560","525","8","2","505","-1","40","false","true","English","IsolationArts"
"https://static-cdn.jtvnw.net/jtv_user_pictures/541ed582-3bde-43fc-a9af-b28194ecd58d-profile_image-150x150.png?imenable=1&impolicy=user-profile-picture&imwidth=100","89489","棉寶 (mianpoo)","180","60","6","3","505","0","19","false","false","Chinese (Hong Kong SAR)","棉寶 (mianpoo)"
"https://static-cdn.jtvnw.net/jtv_user_pictures/12b4b31d-6128-4515-b30c-6e62e137df6c-profile_image-150x150.jpg?imenable=1&impolicy=user-profile-picture&imwidth=100","89490","seotini","45","15","3","3","505","0","0","false","false","English","seotini"
"https://static-cdn.jtvnw.net/jtv_user_pictures/angyaldj-profile_image-b11f26c8db39cd69-150x150.png?imenable=1&impolicy=user-profile-picture&imwidth=100","89491","angyaldj","29070","1140","47","25","505","50","479","false","false","Hungarian","angyaldj"
"https://static-cdn.jtvnw.net/jtv_user_pictures/pastorlemaster-profile_image-b43248de15c978ae-150x150.png?imenable=1&impolicy=user-profile-picture&imwidth=100","89492","Pastorlemaster","5160","1200","9","3","505","6","39","false","true","English","Pastorlemaster"
"https://static-cdn.jtvnw.net/jtv_user_pictures/brehurbad-profile_image-510d016ef9168319-150x150.png?imenable=1&impolicy=user-profile-picture&imwidth=100","89493","BrehUrBad","69300","6060","59","10","505","330","1006","false","false","English","BrehUrBad"
"https://static-cdn.jtvnw.net/jtv_user_pictures/vinid223-profile_image-01989cb70af94af5-150x150.png?imenable=1&impolicy=user-profile-picture&imwidth=100","89494","vinid223","7605","2580","8","2","505","4","38","false","true","English","vinid223"
"https://static-cdn.jtvnw.net/jtv_user_pictures/61629e20-416d-4d1c-8bf7-9e48bb1d4475-profile_image-150x150.png?imenable=1&impolicy=user-profile-picture&imwidth=100","89495","megainkk","13620","1050","70","12","505","25","520","false","false","French","megainkk"
"https://static-cdn.jtvnw.net/jtv_user_pictures/ibrodofraggins-profile_image-f0b8e66234641588-150x150.png?imenable=1&impolicy=user-profile-picture&imwidth=100","89496","iBrodoFraggins","8040","3195","16","2","505","3","50","false","true","English","iBrodoFraggins"
"https://static-cdn.jtvnw.net/jtv_user_pictures/b1a60f87-c301-46b5-a23f-5716dee2965e-profile_image-150x150.png?imenable=1&impolicy=user-profile-picture&imwidth=100","89497","Battle_Version","1635","300","17","5","505","5","10","false","true","English","Battle_Version"
"https://static-cdn.jtvnw.net/jtv_user_pictures/ebfc6d3d-81b5-4e2e-8600-dd33d4bd14e5-profile_image-150x150.jpg?imenable=1&impolicy=user-profile-picture&imwidth=100","89498","kach1loman","30","30","2","1","505","0","0","false","false","Spanish","kach1loman"
"https://static-cdn.jtvnw.net/jtv_user_pictures/71343d74-5c7a-484c-9afc-f83550fb54a5-profile_image-150x150.png?imenable=1&impolicy=user-profile-picture&imwidth=100","89499","oolahk","24450","4665","12","4","505","31","274","false","false","English","oolahk"
"https://static-cdn.jtvnw.net/jtv_user_pictures/9c36fe56-3203-4952-a5e2-5a77bb9f2bb7-profile_image-150x150.png?imenable=1&impolicy=user-profile-picture&imwidth=100","89500","tenari","7830","2460","20","2","505","20","26","false","true","English","tenari"