"","","Channel","Watch time","Stream time","Peak viewers","Average viewers","Followers","Followers gained","Views gained","Partnered","Mature","Language",""
"https://static-cdn.jtvnw.net/jtv_user_pictures/63defd76-bc0a-4877-ba41-72f68f30ccb4-profile_image-150x150.png?imenable=1&impolicy=user-profile-picture&imwidth=100","73001","ugage1","1125","825","5","1","713","6","12","false","false","English","ugage1"
"https://static-cdn.jtvnw.net/jtv_user_pictures/8ad3a295-90af-4588-9da3-41d1832a4754-profile_image-150x150.png?imenable=1&impolicy=user-profile-picture&imwidth=100","73002","the_dodo_b34n","11130","2100","47","4","713","23","59","false","true","English","the_dodo_b34n"
"https://static-cdn.jtvnw.net/jtv_user_pictures/pyros_tv-profile_image-c1c3f90b49f5d72b-150x150.png?imenable=1&impolicy=user-profile-picture&imwidth=100","73003","Pyros_TV","68310","960","99","70","713","349","306","false","false","German","Pyros_TV"
"https://static-cdn.jtvnw.net/jtv_user_pictures/kingstun-profile_image-7675f7716f6c9c86-150x150.png?imenable=1&impolicy=user-profile-picture&imwidth=100","73004","kingstun","1170","510","9","1","713","-1","9","false","false","English","kingstun"
"https://static-cdn.jtvnw.net/jtv_user_pictures/dc1e4b8d-c2be-4335-994c-21c093c55afd-profile_image-150x150.png?imenable=1&impolicy=user-profile-picture&imwidth=100","73005","xZACHEDELICx","15","15","1","1","713","0","0","false","false","English","xZACHEDELICx"
"https://static-cdn.jtvnw.net/jtv_user_pictures/03ff2511-763f-42da-b3e6-af023c6c3440-profile_image-150x150.png?imenable=1&impolicy=user-profile-picture&imwidth=100","73006","ihydav","0","15","0","0","713","0","0","false","false","English","ihydav"
"https://static-cdn.jtvnw.net/jtv_user_pictures/afb2b0e9-f5dc-4d57-8582-4f7c23467cb4-profile_image-150x150.png?imenable=1&impolicy=user-profile-picture&imwidth=100","73007","ozmond__","1965","1500","5","0","713","107","73","false","false","English","ozmond__"
"https://static-cdn.jtvnw.net/jtv_user_pictures/5df0edac-b22c-41ce-a947-9d95157ca968-profile_image-150x150.jpg?imenable=1&impolicy=user-profile-picture&imwidth=100","73008","NVMExo","4395","1830","6","2","713","18","70","false","true","English","NVMExo"
"https://static-cdn.jtvnw.net/jtv_user_pictures/morecoin-profile_image-2f6e0546c77d05c4-150x150.jpeg?imenable=1&impolicy=user-profile-picture&imwidth=100","73009","MoreCoin","3330","90","38","37","713","892","4","false","false","Italian","MoreCoin"
"https://static-cdn.jtvnw.net/jtv_user_pictures/fb7fdc23dc6b184e-profile_image-150x150.jpeg?imenable=1&impolicy=user-profile-picture&imwidth=100","73010","Shandani","27600","1425","51","18","713","93","507","false","false","Swedish","Shandani"
"https://static-cdn.jtvnw.net/jtv_user_pictures/c153c5a7-804e-4e34-8ced-cc63f9f52f5d-profile_image-150x150.png?imenable=1&impolicy=user-profile-picture&imwidth=100","73011","rigotheamigo","630","1215","7","0","713","1","4","false","true","English","rigotheamigo"
"https://static-cdn.jtvnw.net/jtv_user_pictures/5cf9aa28-bd72-4f85-beee-f5fd385ec1d7-profile_image-150x150.png?imenable=1&impolicy=user-profile-picture&imwidth=100","73012","Rotzem","23160","6660","16","3","713","39","902","false","false","Spanish","Rotzem"
"https://static-cdn.jtvnw.net/jtv_user_pictures/7613a972-64ad-4b0f-a216-107d1a0e7954-profile_image-150x150.png?imenable=1&impolicy=user-profile-picture&imwidth=100","73013","theeerumpel","0","30","0","0","713","0","0","false","true","English","theeerumpel"
"https://static-cdn.jtvnw.net/jtv_user_pictures/gungasaur314-profile_image-8b75161af08e0ba8-150x150.png?imenable=1&impolicy=user-profile-picture&imwidth=100","73014","Gungasaur314","4740","645","11","7","713","9","30","false","true","English","Gungasaur314"
"https://static-cdn.jtvnw.net/jtv_user_pictures/crixycore-profile_image-b5c73329080d483f-150x150.jpeg?imenable=1&impolicy=user-profile-picture&imwidth=100","73015","CRIXYCORE","4140","615","17","6","713","44","140","false","false","French","CRIXYCORE"
"https://static-cdn.jtvnw.net/jtv_user_pictures/umopapisdnpuaq-profile_image-067bc115f3295cf6-150x150.jpeg?imenable=1&impolicy=user-profile-picture&imwidth=100","73016","umopapisdnpuaq","1500","255","9","5","713","0","0","false","true","English","umopapisdnpuaq"
"https://static-cdn.jtvnw.net/jtv_user_pictures/spicy_cerberus-profile_image-e5042a0e1b3b7245-150x150.png?imenable=1&impolicy=user-profile-picture&imwidth=100","73017","Spicy_Cerberus","390","285","4","0","713","3","6","false","false","English","Spicy_Cerberus"
"https://static-cdn.jtvnw.net/jtv_user_pictures/4855cccb-a17d-43d9-b26a-efe2c746de15-profile_image-150x150.png?imenable=1&impolicy=user-profile-picture&imwidth=100","73018","botmfeeder","660","510","3","1","713","2","12","false","true","English","botmfeeder"
"https://static-cdn.jtvnw.net/jtv_user_pictures/df146842-4f0b-4758-ad67-be5caa6be4f4-profile_image-150x150.png?imenable=1&impolicy=user-profile-picture&imwidth=100","73019","taiyaki","270","210","2","1","713","0","8","false","true","English","taiyaki"
"https://static-cdn.jtvnw.net/jtv_user_pictures/spikeezc-profile_image-02d99c9e3df0ac01-150x150.jpeg?imenable=1&impolicy=user-profile-picture&imwidth=100","73020","spikeezc","75","90","2","0","713","-1","10","false","true","English","spikeezc"
"https://static-cdn.jtvnw.net/jtv_user_pictures/5a605fff410d9019-profile_image-150x150.jpeg?imenable=1&impolicy=user-profile-picture&imwidth=100","73021","aWxrrior","2910","1155","7","2","713","67","89","false","false","English","aWxrrior"
"https://static-cdn.jtvnw.net/jtv_user_pictures/robinquadriceps-profile_image-69ebf0f60e4d4d19-150x150.jpeg?imenable=1&impolicy=user-profile-picture&imwidth=100","73022","RobinQuadriceps","1755","3945","8","0","713","3","95","false","false","English","RobinQuadriceps"
"https://static-cdn.jtvnw.net/jtv_user_pictures/b5a177ab-a6c6-4a56-898e-01092f9362ee-profile_image-150x150.jpg?imenable=1&impolicy=user-profile-picture&imwidth=100","73023","tt2468","30","45","2","0","713","0","0","false","false","English","tt2468"
"https://static-cdn.jtvnw.net/jtv_user_pictures/e1e043c3-13ad-42b5-9b4b-60f81f11f113-profile_image-150x150.png?imenable=1&impolicy=user-profile-picture&imwidth=100","73024","CajunGeek","60","105","3","0","713","0","0","false","true","English","CajunGeek"
"https://static-cdn.jtvnw.net/jtv_user_pictures/0bb4a90e-7619-4cc8-9de1-31230ecd4f67-profile_image-150x150.jpg?imenable=1&impolicy=user-profile-picture&imwidth=100","73025","Lio4577","0","45","1","0","713","0","0","false","false","French","Lio4577"
"https://static-cdn.jtvnw.net/jtv_user_pictures/99d153d3-6d21-4e1d-b0cc-dd078c15fb61-profile_image-150x150.png?imenable=1&impolicy=user-profile-picture&imwidth=100","73026","Riikkuuuu","105","90","2","1","713","0","5","false","true","English","Riikkuuuu"
"https://static-cdn.jtvnw.net/jtv_user_pictures/e1330135-7e43-4b6f-8f48-734adea154e4-profile_image-150x150.png?imenable=1&impolicy=user-profile-picture&imwidth=100","73027","DIMUDAK","240","915","3","0","713","-1","34","false","false","Russian","DIMUDAK"
"https://static-cdn.jtvnw.net/jtv_user_pictures/0fb72be3-e228-42d0-a2fc-1aadaac612fa-profile_image-150x150.png?imenable=1&impolicy=user-profile-picture&imwidth=100","73028","Hipoot","10380","1200","27","8","713","32","70","false","true","English","Hipoot"
"https://static-cdn.jtvnw.net/jtv_user_pictures/74a87821-4a64-4026-977b-94d6225820de-profile_image-150x150.png?imenable=1&impolicy=user-profile-picture&imwidth=100","73029","Foxleouf","5100","1410","11","3","713","7","132","false","true","French","Foxleouf"
"https://static-cdn.jtvnw.net/jtv_user_pictures/2ceda627-d588-4f6a-8053-e8f91ae15297-profile_image-150x150.png?imenable=1&impolicy=user-profile-picture&imwidth=100","73030","Snaffou","15","30","1","0","713","0","1","false","true","French","Snaffou"
"https://static-cdn.jtvnw.net/jtv_user_pictures/sudeki1337-profile_image-d8ee7ecce89c378f-150x150.jpeg?imenable=1&impolicy=user-profile-picture&imwidth=100","73031","SuDeKi1337","15600","6840","14","1","713","45","408","false","false","German","SuDeKi1337"
"https://static-cdn.jtvnw.net/jtv_user_pictures/48b2b5c9-e0fe-4522-902e-b5341369537d-profile_image-150x150.png?imenable=1&impolicy=user-profile-picture&imwidth=100","73032","ridik_TV","210","90","4","2","713","0","0","false","true","English","ridik_TV"
"https://static-cdn.jtvnw.net/jtv_user_pictures/forsenrofl-profile_image-0c58f0bc91917fa4-150x150.jpeg?imenable=1&impolicy=user-profile-picture&imwidth=100","73033","Forsenrofl","10065","135","240","74","713","53","707","false","false","Swedish","Forsenrofl"
"https://static-cdn.jtvnw.net/jtv_user_pictures/f7c80198-ef13-48da-8dc0-4c831f66ae8b-profile_image-150x150.png?imenable=1&impolicy=user-profile-picture&imwidth=100","73034","ra_bz","24690","1980","41","12","713","16","596","false","true","English","ra_bz"
"https://static-cdn.jtvnw.net/jtv_user_pictures/hundtit-profile_image-22e48eafcd972ab9-150x150.png?imenable=1&impolicy=user-profile-picture&imwidth=100","73035","HundtiT","105","15","7","7","713","0","0","false","true","English","HundtiT"
"https://static-cdn.jtvnw.net/jtv_user_pictures/j4sontv-profile_image-fb3b99861ea4c1f2-150x150.jpeg?imenable=1&impolicy=user-profile-picture&imwidth=100","73036","j4sontv","1005","675","4","1","713","-7","4","false","true","English","j4sontv"
"https://static-cdn.jtvnw.net/jtv_user_pictures/8c5a2eaa-6bea-4344-b1f1-0acd7d1ced7f-profile_image-150x150.jpg?imenable=1&impolicy=user-profile-picture&imwidth=100","73037","EssentialGrap_e","20310","7350","11","2","713","101","220","false","false","English","EssentialGrap_e"
"https://static-cdn.jtvnw.net/jtv_user_pictures/anyril-profile_image-7f6118a0bfd1f7c6-150x150.jpeg?imenable=1&impolicy=user-profile-picture&imwidth=100","73038","Anyril","27180","3300","25","7","713","27","555","false","true","German","Anyril"
"https://static-cdn.jtvnw.net/jtv_user_pictures/a6bd6dedbf20301d-profile_image-150x150.png?imenable=1&impolicy=user-profile-picture&imwidth=100","73039","idmPasta","390","135","9","2","713","3","10","false","true","English","idmPasta"
"https://static-cdn.jtvnw.net/jtv_user_pictures/a41c150c-fe8d-4a06-bc33-0bc623e13c8b-profile_image-150x150.png?imenable=1&impolicy=user-profile-picture&imwidth=100","73040","EsferaLocNar","36630","2475","34","14","713","50","821","false","true","Spanish","EsferaLocNar"
"https://static-cdn.jtvnw.net/jtv_user_pictures/smilewatermelon-profile_image-10b0168a3ba20079-150x150.jpeg?imenable=1&impolicy=user-profile-picture&imwidth=100","73041","微笑西瓜汁 (smilewatermelon)","5040","1035","15","4","713","-7","157","false","false","Chinese","微笑西瓜汁 (smilewatermelon)"
"https://static-cdn.jtvnw.net/jtv_user_pictures/coreythelaw-profile_image-a9dccc32c3b96c16-150x150.png?imenable=1&impolicy=user-profile-picture&imwidth=100","73042","CoreyTheLaw","270","450","2","0","713","2","4","false","true","English","CoreyTheLaw"
"https://static-cdn.jtvnw.net/jtv_user_pictures/8d4176f6-cec7-490f-9c5e-590e828de89e-profile_image-150x150.png?imenable=1&impolicy=user-profile-picture&imwidth=100","73043","Zekyo","1500","675","4","2","713","0","46","false","true","English","Zekyo"
"https://static-cdn.jtvnw.net/jtv_user_pictures/c2b781cf-9667-4d8c-b037-1dc7fd59e6fc-profile_image-150x150.png?imenable=1&impolicy=user-profile-picture&imwidth=100","73044","papiholi","12555","2040","63","5","713","12","77","false","false","English","papiholi"
"https://static-cdn.jtvnw.net/jtv_user_pictures/bestplayer450-profile_image-5f70c9ce502f11bc-150x150.jpeg?imenable=1&impolicy=user-profile-picture&imwidth=100","73045","BestPlayer450","105","15","7","7","713","0","0","false","false","Russian","BestPlayer450"
"https://static-cdn.jtvnw.net/jtv_user_pictures/99e85666-b1ab-41c2-9a9d-dcb2802beb87-profile_image-150x150.png?imenable=1&impolicy=user-profile-picture&imwidth=100","73046","icyfoxproductions","39735","5055","87","7","713","110","111","false","true","English","icyfoxproductions"
"https://static-cdn.jtvnw.net/jtv_user_pictures/boing_loings-profile_image-5c1cdbf7e137160e-150x150.png?imenable=1&impolicy=user-profile-picture&imwidth=100","73047","boing_loings","6015","2550","11","1","713","14","44","false","true","English","boing_loings"
"https://static-cdn.jtvnw.net/jtv_user_pictures/nathacsa-profile_image-5b5228729db17bbe-150x150.jpeg?imenable=1&impolicy=user-profile-picture&imwidth=100","73048","Nathacsa","1785","255","9","6","713","-2","29","false","true","Portuguese","Nathacsa"
"https://static-cdn.jtvnw.net/jtv_user_pictures/joecow-profile_image-461e251a221f648c-150x150.png?imenable=1&impolicy=user-profile-picture&imwidth=100","73049","JoeCow","17520","6360","30","2","713","45","142","false","false","English","JoeCow"
"https://static-cdn.jtvnw.net/jtv_user_pictures/kubazeto-profile_image-46e23064add15ef9-150x150.png?imenable=1&impolicy=user-profile-picture&imwidth=100","73050","Kubazeto","90","15","7","6","713","0","0","false","false","Polish","Kubazeto"
"https://static-cdn.jtvnw.net/jtv_user_pictures/luckb0xx-profile_image-5ba3fb6d23a9638c-150x150.jpeg?imenable=1&impolicy=user-profile-picture&imwidth=100","73051","Luckb0xX","3345","420","24","7","713","-4","81","false","false","English","Luckb0xX"
"https://static-cdn.jtvnw.net/jtv_user_pictures/jamnzy-profile_image-1f69fa9f31dbbeb1-150x150.jpeg?imenable=1&impolicy=user-profile-picture&imwidth=100","73052","Jamnzy","11400","2040","16","5","713","47","60","false","false","English","Jamnzy"
"https://static-cdn.jtvnw.net/jtv_user_pictures/abe6410d-29e2-43ac-90aa-e7b36d2e4962-profile_image-150x150.png?imenable=1&impolicy=user-profile-picture&imwidth=100","73053","MrBumbie","120","180","2","0","713","0","0","false","true","English","MrBumbie"
"https://static-cdn.jtvnw.net/jtv_user_pictures/hamofmoose-profile_image-d1d6fcdd5d7e8492-150x150.png?imenable=1&impolicy=user-profile-picture&imwidth=100","73054","HamOfMoose","2970","3555","7","0","713","-2","39","false","true","English","HamOfMoose"
"https://static-cdn.jtvnw.net/jtv_user_pictures/le_hyenal-profile_image-dda52cdaefd8e370-150x150.jpeg?imenable=1&impolicy=user-profile-picture&imwidth=100","73055","Le_hyenal","10890","2940","13","3","713","9","42","false","false","English","Le_hyenal"
"https://static-cdn.jtvnw.net/jtv_user_pictures/5e3e9a54-fff8-48fb-8cc1-74ef3c212cf8-profile_image-150x150.png?imenable=1&impolicy=user-profile-picture&imwidth=100","73056","ZsocaTV","0","15","0","0","712","0","0","false","true","Hungarian","ZsocaTV"
"https://static-cdn.jtvnw.net/jtv_user_pictures/6b00db69-9355-4cb5-91f6-935333a451a5-profile_image-150x150.png?imenable=1&impolicy=user-profile-picture&imwidth=100","73057","MMOJoe","105","105","1","1","712","5","1","false","false","English","MMOJoe"
"https://static-cdn.jtvnw.net/jtv_user_pictures/ferzandio-profile_image-3547d1e988bd2d97-150x150.jpeg?imenable=1&impolicy=user-profile-picture&imwidth=100","73058","FerZandio","255","105","6","2","712","0","28","false","true","Spanish","FerZandio"
"https://static-cdn.jtvnw.net/jtv_user_pictures/4c4528e5-6867-4cbc-ad0e-596c2875c196-profile_image-150x150.png?imenable=1&impolicy=user-profile-picture&imwidth=100","73059","splashicles","60","15","4","4","712","0","0","false","false","English","splashicles"
"https://static-cdn.jtvnw.net/jtv_user_pictures/d47c185c-c8ae-4c89-addc-632e9c8df8b1-profile_image-150x150.png?imenable=1&impolicy=user-profile-picture&imwidth=100","73060","tommypickles9323","435","285","3","1","712","2","23","false","true","English","tommypickles9323"
"https://static-cdn.jtvnw.net/jtv_user_pictures/847835a8-3cdd-406d-9037-38298ef7eb91-profile_image-150x150.png?imenable=1&impolicy=user-profile-picture&imwidth=100","73061","PhNatic","11820","2910","12","3","712","21","71","false","false","English","PhNatic"
"https://static-cdn.jtvnw.net/jtv_user_pictures/8097b9c1-e2ab-49b5-93e8-7748cd1f7607-profile_image-150x150.png?imenable=1&impolicy=user-profile-picture&imwidth=100","73062","RealLOUDNinja","150","150","1","1","712","0","0","false","true","English","RealLOUDNinja"
"https://static-cdn.jtvnw.net/jtv_user_pictures/wavytot-profile_image-246558aa63d0d025-150x150.jpeg?imenable=1&impolicy=user-profile-picture&imwidth=100","73063","WavyToT","4965","810","15","5","712","101","294","false","false","Other","WavyToT"
"https://static-cdn.jtvnw.net/jtv_user_pictures/f6a4a097-8b64-4db2-8e7d-1d1c964d5b4b-profile_image-150x150.png?imenable=1&impolicy=user-profile-picture&imwidth=100","73064","claymorrz","5715","3105","6","1","712","21","31","false","false","English","claymorrz"
"https://static-cdn.jtvnw.net/jtv_user_pictures/0bd59011-4e38-4b84-8b13-6735cb4fecdc-profile_image-150x150.png?imenable=1&impolicy=user-profile-picture&imwidth=100","73065","timeywimeygirl_","45","45","2","1","712","0","2","false","true","English","timeywimeygirl_"
"https://static-cdn.jtvnw.net/jtv_user_pictures/ddbf9daa-a6fb-427a-b333-93834469df28-profile_image-150x150.png?imenable=1&impolicy=user-profile-picture&imwidth=100","73066","Velenorion","330","420","1","0","712","0","7","false","false","English","Velenorion"
"https://static-cdn.jtvnw.net/jtv_user_pictures/f7e3d70c-2164-42e0-b9e3-f8ff05748720-profile_image-150x150.png?imenable=1&impolicy=user-profile-picture&imwidth=100","73067","AlahertReborn","3525","525","19","6","712","52","77","false","false","Italian","AlahertReborn"
"https://static-cdn.jtvnw.net/jtv_user_pictures/vangetta-profile_image-5f86258eb2999b41-150x150.jpeg?imenable=1&impolicy=user-profile-picture&imwidth=100","73068","Vangetta","0","60","1","0","712","0","0","false","false","Turkish","Vangetta"
"https://static-cdn.jtvnw.net/jtv_user_pictures/shado_chimera-profile_image-55c50937959c3009-150x150.png?imenable=1&impolicy=user-profile-picture&imwidth=100","73069","Shado_Chimera","120","240","3","0","712","0","5","false","true","English","Shado_Chimera"
"https://static-cdn.jtvnw.net/jtv_user_pictures/13c39723-1c3a-4864-a000-e8c9115f460b-profile_image-150x150.png?imenable=1&impolicy=user-profile-picture&imwidth=100","73070","Geometry_Dash_Sean","3780","570","13","6","712","31","176","false","false","English","Geometry_Dash_Sean"
"https://static-cdn.jtvnw.net/jtv_user_pictures/09bf44e3-a71d-4b92-b7b4-7de356dd5df0-profile_image-150x150.jpeg?imenable=1&impolicy=user-profile-picture&imwidth=100","73071","Get_Snooped","0","15","0","0","712","0","0","false","false","English","Get_Snooped"
"https://static-cdn.jtvnw.net/jtv_user_pictures/2cbd5234-e5b3-4242-998c-406afd6183a7-profile_image-150x150.png?imenable=1&impolicy=user-profile-picture&imwidth=100","73072","BolaroLIVE","840","210","7","3","712","2","9","false","false","French","BolaroLIVE"
"https://static-cdn.jtvnw.net/jtv_user_pictures/gravecaptor-profile_image-f74be08178c8476d-150x150.png?imenable=1&impolicy=user-profile-picture&imwidth=100","73073","GraveCaptor","9615","4650","12","1","712","39","132","false","true","German","GraveCaptor"
"https://static-cdn.jtvnw.net/jtv_user_pictures/themirageisland-profile_image-69a24eb7742c2f75-150x150.png?imenable=1&impolicy=user-profile-picture&imwidth=100","73074","TheMirageIsland","28995","300","163","96","712","39","440","false","false","English","TheMirageIsland"
"https://static-cdn.jtvnw.net/jtv_user_pictures/2e677cad-e032-4f6b-add0-5dd9ec7ace79-profile_image-150x150.png?imenable=1&impolicy=user-profile-picture&imwidth=100","73075","piruh","645","705","3","0","712","1","6","false","true","Spanish","piruh"
"https://static-cdn.jtvnw.net/jtv_user_pictures/9c2e9bf8-b089-4fc3-a414-d78d3b9ef01d-profile_image-150x150.png?imenable=1&impolicy=user-profile-picture&imwidth=100","73076","ThatFyeGuy","7575","2880","18","2","712","25","80","false","false","English","ThatFyeGuy"
"https://static-cdn.jtvnw.net/user-default-pictures-uv/ce57700a-def9-11e9-842d-784f43822e80-profile_image-150x150.png?imenable=1&impolicy=user-profile-picture&imwidth=100","73077","Nazzizombie1992","810","1230","4","0","712","1","6","false","false","English","Nazzizombie1992"
"https://static-cdn.jtvnw.net/jtv_user_pictures/e62c98bf0f48279c-profile_image-150x150.png?imenable=1&impolicy=user-profile-picture&imwidth=100","73078","DaMack88","7800","915","20","7","712","7","38","false","true","English","DaMack88"
"https://static-cdn.jtvnw.net/jtv_user_pictures/b24c132a-4937-4aec-b0ae-ac1786ee3c50-profile_image-150x150.png?imenable=1&impolicy=user-profile-picture&imwidth=100","73079","HellGamePlus","45","45","2","1","712","0","0","false","true","English","HellGamePlus"
"https://static-cdn.jtvnw.net/jtv_user_pictures/904a8fb1-0c48-4abd-ae81-f2540202cfed-profile_image-150x150.jpg?imenable=1&impolicy=user-profile-picture&imwidth=100","73080","Milounit","14520","2955","13","4","712","67","24","false","false","English","Milounit"
"https://static-cdn.jtvnw.net/jtv_user_pictures/61335751-0037-4d45-98ca-efca7042db51-profile_image-150x150.png?imenable=1&impolicy=user-profile-picture&imwidth=100","73081","Emmzan","5520","315","26","17","712","-21","53","false","true","Swedish","Emmzan"
"https://static-cdn.jtvnw.net/jtv_user_pictures/a964129b-a58a-4dbc-bbf6-6d42833131dc-profile_image-150x150.jpg?imenable=1&impolicy=user-profile-picture&imwidth=100","73082","DankVilin","4155","975","10","4","712","6","84","false","false","English","DankVilin"
"https://static-cdn.jtvnw.net/jtv_user_pictures/ciyon-profile_image-65bbaf3e0e922cf0-150x150.png?imenable=1&impolicy=user-profile-picture&imwidth=100","73083","Ciyon","285","165","3","1","712","0","0","false","false","English","Ciyon"
"https://static-cdn.jtvnw.net/jtv_user_pictures/browly-profile_image-fc30fa461bcb543b-150x150.jpeg?imenable=1&impolicy=user-profile-picture&imwidth=100","73084","browly","45","30","2","1","712","0","6","false","false","German","browly"
"https://static-cdn.jtvnw.net/jtv_user_pictures/f1a2b6bb-d77b-4ddb-a481-91b03a146f17-profile_image-150x150.png?imenable=1&impolicy=user-profile-picture&imwidth=100","73085","Gladius6","25095","5760","52","3","712","41","217","false","true","English","Gladius6"
"https://static-cdn.jtvnw.net/jtv_user_pictures/eb10eacc-098e-45b3-b5e3-d5f73d293bc6-profile_image-150x150.png?imenable=1&impolicy=user-profile-picture&imwidth=100","73086","SOLOTURKuray","1245","225","9","5","712","1","4","false","false","Turkish","SOLOTURKuray"
"https://static-cdn.jtvnw.net/jtv_user_pictures/7e2a4f3f-a6f0-4622-88e2-1d31c6bc9cb3-profile_image-150x150.jpg?imenable=1&impolicy=user-profile-picture&imwidth=100","73087","holymolycs","30","15","2","2","712","0","0","false","false","Portuguese","holymolycs"
"https://static-cdn.jtvnw.net/jtv_user_pictures/13bb27ac-a2df-4f2c-a93a-a17e8a647fe4-profile_image-150x150.png?imenable=1&impolicy=user-profile-picture&imwidth=100","73088","E__A__G__L__E","6315","3150","8","1","712","-1","34","false","true","English","E__A__G__L__E"
"https://static-cdn.jtvnw.net/jtv_user_pictures/7263b702-83ed-4368-9e46-f4d5f9b71897-profile_image-150x150.jpg?imenable=1&impolicy=user-profile-picture&imwidth=100","73089","JusRachel","2310","660","8","3","712","1","28","false","false","English","JusRachel"
"https://static-cdn.jtvnw.net/jtv_user_pictures/them3ss-profile_image-badd3097c440d04c-150x150.jpeg?imenable=1&impolicy=user-profile-picture&imwidth=100","73090","TheM3ss","30330","5400","20","5","712","62","783","false","true","Portuguese","TheM3ss"
"https://static-cdn.jtvnw.net/jtv_user_pictures/33297bad-7129-44b4-9480-03bd7fa8d002-profile_image-150x150.png?imenable=1&impolicy=user-profile-picture&imwidth=100","73091","ILady_AngelI","525","270","4","1","712","2","8","false","true","English","ILady_AngelI"
"https://static-cdn.jtvnw.net/jtv_user_pictures/envyerz-profile_image-f31157b3139ec692-150x150.jpeg?imenable=1&impolicy=user-profile-picture&imwidth=100","73092","Envyerz","315","105","5","3","712","1","0","false","false","English","Envyerz"
"https://static-cdn.jtvnw.net/jtv_user_pictures/78f91533-dbc3-4657-8132-3a3c8b4576b2-profile_image-150x150.png?imenable=1&impolicy=user-profile-picture&imwidth=100","73093","Failgamer36","735","510","5","0","712","1","10","false","false","German","Failgamer36"
"https://static-cdn.jtvnw.net/jtv_user_pictures/2111b4cf-bb62-468e-a1df-40ed12021080-profile_image-150x150.png?imenable=1&impolicy=user-profile-picture&imwidth=100","73094","BrosGame4LYF","495","255","8","1","712","1","2","false","false","English","BrosGame4LYF"
"https://static-cdn.jtvnw.net/jtv_user_pictures/8126d0a8-0b0e-40fe-9ab0-45dc52fafa82-profile_image-150x150.png?imenable=1&impolicy=user-profile-picture&imwidth=100","73095","AmarielleEU","120","60","3","2","712","3","19","false","true","English","AmarielleEU"
"https://static-cdn.jtvnw.net/jtv_user_pictures/ureshiisekai69-profile_image-ceb0a87b49440d11-150x150.jpeg?imenable=1&impolicy=user-profile-picture&imwidth=100","73096","Ureshiisekai69","12135","1815","33","6","712","17","75","false","false","French","Ureshiisekai69"
"https://static-cdn.jtvnw.net/jtv_user_pictures/cfa98518-a00f-4176-a1da-90258a41a6b5-profile_image-150x150.png?imenable=1&impolicy=user-profile-picture&imwidth=100","73097","CrimsonMask","495","300","3","1","712","0","10","false","true","English","CrimsonMask"
"https://static-cdn.jtvnw.net/jtv_user_pictures/ead975a6-45bb-4b0a-9427-f8d3582f2155-profile_image-150x150.png?imenable=1&impolicy=user-profile-picture&imwidth=100","73098","Majubster","2820","825","11","3","712","9","258","false","true","Portuguese","Majubster"
"https://static-cdn.jtvnw.net/jtv_user_pictures/696f5b97-7147-496b-9745-5b1209d51ef3-profile_image-150x150.png?imenable=1&impolicy=user-profile-picture&imwidth=100","73099","KwantumNight","60","30","2","2","712","0","0","false","true","English","KwantumNight"
"https://static-cdn.jtvnw.net/jtv_user_pictures/b38b50aa80f5a077-profile_image-150x150.jpeg?imenable=1&impolicy=user-profile-picture&imwidth=100","73100","Ishadaha","4350","570","14","7","712","11","42","false","true","English","Ishadaha"