"","","Channel","Watch time","Stream time","Peak viewers","Average viewers","Followers","Followers gained","Views gained","Partnered","Mature","Language",""
"https://static-cdn.jtvnw.net/jtv_user_pictures/64a920b7-91a5-43bf-b58b-a29c0aa6537b-profile_image-150x150.png?imenable=1&impolicy=user-profile-picture&imwidth=100","4401","AriianYT","22755","630","90","35","36961","129","939","true","false","Spanish","AriianYT"
"https://static-cdn.jtvnw.net/jtv_user_pictures/aae35f39771c2fe6-profile_image-150x150.png?imenable=1&impolicy=user-profile-picture&imwidth=100","4402","Gamechamp3k","2205","3330","5","0","36946","12","37","false","false","English","Gamechamp3k"
"https://static-cdn.jtvnw.net/jtv_user_pictures/reasten-profile_image-6c5038b4e9250d85-150x150.jpeg?imenable=1&impolicy=user-profile-picture&imwidth=100","4403","REASTEN","909840","5520","543","164","36942","1037","10535","true","false","Norwegian","REASTEN"
"https://static-cdn.jtvnw.net/jtv_user_pictures/3f0db9f5-7ea5-4823-b520-2541b909d29f-profile_image-150x150.png?imenable=1&impolicy=user-profile-picture&imwidth=100","4404","charborg","3030","240","19","12","36932","32","50","true","false","English","charborg"
"https://static-cdn.jtvnw.net/jtv_user_pictures/15c503a23990fb89-profile_image-150x150.png?imenable=1&impolicy=user-profile-picture&imwidth=100","4405","KZ_FREW","31410","510","118","60","36913","11","302","true","true","English","KZ_FREW"
"https://static-cdn.jtvnw.net/jtv_user_pictures/natalie_moore-profile_image-1cefe5eed1f3e80b-150x150.png?imenable=1&impolicy=user-profile-picture&imwidth=100","4406","Natalie_Moore","169110","3885","179","43","36893","1057","4894","true","false","Russian","Natalie_Moore"
"https://static-cdn.jtvnw.net/jtv_user_pictures/924901af6cb06366-profile_image-150x150.png?imenable=1&impolicy=user-profile-picture&imwidth=100","4407","재성 (jaesungbns)","9749070","7650","4973","1274","36883","15175","79156","true","false","Korean","재성 (jaesungbns)"
"https://static-cdn.jtvnw.net/jtv_user_pictures/8809d7ec-7233-424d-a8a7-4edbdac89cef-profile_image-150x150.jpg?imenable=1&impolicy=user-profile-picture&imwidth=100","4408","Filel1","24630","2160","49","11","36881","135","282","true","false","Czech","Filel1"
"https://static-cdn.jtvnw.net/jtv_user_pictures/preparedwow-profile_image-8905d444b45b23aa-150x150.jpeg?imenable=1&impolicy=user-profile-picture&imwidth=100","4409","PreparedWoW","1094355","6990","537","156","36879","-517","14391","false","true","English","PreparedWoW"
"https://static-cdn.jtvnw.net/jtv_user_pictures/5935f5b9-cd42-45a3-bb21-84473b34869b-profile_image-150x150.png?imenable=1&impolicy=user-profile-picture&imwidth=100","4410","przo","1349160","5055","931","266","36878","859","36030","true","false","Portuguese","przo"
"https://static-cdn.jtvnw.net/jtv_user_pictures/marco-profile_image-90b1c16d157a3bcb-150x150.jpeg?imenable=1&impolicy=user-profile-picture&imwidth=100","4411","Marco","448875","3705","414","120","36877","166","4626","true","false","French","Marco"
"https://static-cdn.jtvnw.net/jtv_user_pictures/infamousjakee-profile_image-e5e967267641e1ce-150x150.png?imenable=1&impolicy=user-profile-picture&imwidth=100","4412","Infamousjakee","617280","2535","571","243","36872","631","739","false","true","English","Infamousjakee"
"https://static-cdn.jtvnw.net/jtv_user_pictures/e179af0d-6ea8-4437-950d-b059fe7c29e5-profile_image-150x150.jpeg?imenable=1&impolicy=user-profile-picture&imwidth=100","4413","PanixR6","7785","900","36","8","36858","28","234","true","false","French","PanixR6"
"https://static-cdn.jtvnw.net/jtv_user_pictures/radiojamfm-profile_image-44efe0de390bb847-150x150.png?imenable=1&impolicy=user-profile-picture&imwidth=100","4414","RADIOJAMFM","2445","285","19","8","36834","24","140","true","false","German","RADIOJAMFM"
"https://static-cdn.jtvnw.net/jtv_user_pictures/9f91e3ce-4843-4f95-9a01-71448fb7e39d-profile_image-150x150.png?imenable=1&impolicy=user-profile-picture&imwidth=100","4415","KleiEntertainment","105600","285","662","370","36833","262","14837","true","false","English","KleiEntertainment"
"https://static-cdn.jtvnw.net/jtv_user_pictures/c9b3475b-a8bf-466e-9436-2ffb360c499b-profile_image-150x150.png?imenable=1&impolicy=user-profile-picture&imwidth=100","4416","Hendys","240","60","5","4","36827","0","0","true","false","Czech","Hendys"
"https://static-cdn.jtvnw.net/jtv_user_pictures/a7a07614-9eab-4ea9-ac97-cd44bf10382a-profile_image-150x150.png?imenable=1&impolicy=user-profile-picture&imwidth=100","4417","Silly","129165","4230","149","30","36827","383","619","true","false","English","Silly"
"https://static-cdn.jtvnw.net/jtv_user_pictures/bed219f28a382833-profile_image-150x150.jpeg?imenable=1&impolicy=user-profile-picture&imwidth=100","4418","bulochkaaa","30","15","2","2","36808","0","0","true","true","Russian","bulochkaaa"
"https://static-cdn.jtvnw.net/jtv_user_pictures/477963f4-bf9b-4fd8-9f40-c09661d6dadd-profile_image-150x150.png?imenable=1&impolicy=user-profile-picture&imwidth=100","4419","Cyarin","30195","285","186","105","36805","459","1553","true","false","English","Cyarin"
"https://static-cdn.jtvnw.net/jtv_user_pictures/b05b9849-4a35-42d6-ab0a-7d631c56cf1f-profile_image-150x150.png?imenable=1&impolicy=user-profile-picture&imwidth=100","4420","PhaseGames","162600","5985","61","26","36799","-3339","1430","false","false","English","PhaseGames"
"https://static-cdn.jtvnw.net/jtv_user_pictures/436b8d3b31ebe625-profile_image-150x150.jpeg?imenable=1&impolicy=user-profile-picture&imwidth=100","4421","padden","1500","60","29","25","36798","5","-81","true","false","Turkish","padden"
"https://static-cdn.jtvnw.net/jtv_user_pictures/6cbad141-6ad0-47b0-a960-a1c8d4587085-profile_image-150x150.png?imenable=1&impolicy=user-profile-picture&imwidth=100","4422","rizhaya","963000","8490","271","112","36793","1547","21697","true","true","Russian","rizhaya"
"https://static-cdn.jtvnw.net/jtv_user_pictures/6c6bce8ea6af4202-profile_image-150x150.jpeg?imenable=1&impolicy=user-profile-picture&imwidth=100","4423","capndesdes","98550","510","248","192","36790","216","1168","true","false","English","capndesdes"
"https://static-cdn.jtvnw.net/jtv_user_pictures/juriabzianidze-profile_image-615a2548c2a0cd1f-150x150.jpeg?imenable=1&impolicy=user-profile-picture&imwidth=100","4424","JuriAbzianidze","1275510","5115","658","248","36778","972","17606","true","true","","JuriAbzianidze"
"https://static-cdn.jtvnw.net/jtv_user_pictures/affenklappe-profile_image-c067573841feb164-150x150.jpeg?imenable=1&impolicy=user-profile-picture&imwidth=100","4425","Affenklappe","860220","6210","441","138","36770","298","23053","true","false","German","Affenklappe"
"https://static-cdn.jtvnw.net/jtv_user_pictures/6467c985-e4f8-4fec-9b6a-2dd62afc7444-profile_image-150x150.png?imenable=1&impolicy=user-profile-picture&imwidth=100","4426","Yumima","170625","8895","95","18","36761","570","5712","true","false","German","Yumima"
"https://static-cdn.jtvnw.net/jtv_user_pictures/97968b6fbaa81bc3-profile_image-150x150.png?imenable=1&impolicy=user-profile-picture&imwidth=100","4427","Kregme","31590","6540","21","4","36743","185","204","true","false","Danish","Kregme"
"https://static-cdn.jtvnw.net/jtv_user_pictures/fswag-profile_image-4040a5ebeaeed6b0-150x150.png?imenable=1&impolicy=user-profile-picture&imwidth=100","4428","Fswag","367890","2295","876","159","36740","451","1630","true","true","English","Fswag"
"https://static-cdn.jtvnw.net/jtv_user_pictures/f8bb7c31-7b36-4ed7-aaf5-8ea68e1f50fe-profile_image-150x150.png?imenable=1&impolicy=user-profile-picture&imwidth=100","4429","di_ray21","30","30","1","1","36724","0","0","true","false","Russian","di_ray21"
"https://static-cdn.jtvnw.net/jtv_user_pictures/alfrea-profile_image-33f66c56a9cfd86e-150x150.jpeg?imenable=1&impolicy=user-profile-picture&imwidth=100","4430","らいじん (alfrea)","4185","2415","7","1","36716","1","35","true","false","Japanese","らいじん (alfrea)"
"https://static-cdn.jtvnw.net/jtv_user_pictures/bf070c9e-f1fd-4fc5-a87e-1a85b4414e1c-profile_image-150x150.png?imenable=1&impolicy=user-profile-picture&imwidth=100","4431","MadBrosPlays","514920","1920","510","267","36714","2322","3874","true","false","Czech","MadBrosPlays"
"https://static-cdn.jtvnw.net/jtv_user_pictures/a9c226eb-1fbd-4241-b11f-7a54309db2f6-profile_image-150x150.png?imenable=1&impolicy=user-profile-picture&imwidth=100","4432","Sal_Rosenberg","241590","5100","232","46","36710","149","1052","true","true","English","Sal_Rosenberg"
"https://static-cdn.jtvnw.net/jtv_user_pictures/3b620a4b-83ff-4997-b21f-af30f21f4f98-profile_image-150x150.png?imenable=1&impolicy=user-profile-picture&imwidth=100","4433","TurntheSlayer","2455410","10965","740","223","36698","237","26837","true","true","Russian","TurntheSlayer"
"https://static-cdn.jtvnw.net/jtv_user_pictures/aferatv-profile_image-ccdd1cae0c80ee38-150x150.jpeg?imenable=1&impolicy=user-profile-picture&imwidth=100","4434","aferaTV","6630","165","148","39","36662","205","1041","false","false","Russian","aferaTV"
"https://static-cdn.jtvnw.net/jtv_user_pictures/de7c9126-b7c4-4be5-9dee-f2716dd39931-profile_image-150x150.png?imenable=1&impolicy=user-profile-picture&imwidth=100","4435","HoodlumCallum","115620","240","594","481","36647","572","495","true","false","English","HoodlumCallum"
"https://static-cdn.jtvnw.net/jtv_user_pictures/4b7d6efc-e762-49e0-b492-c4585b555d93-profile_image-150x150.png?imenable=1&impolicy=user-profile-picture&imwidth=100","4436","TurboMotionZ","44085","3555","131","11","36622","11","315","false","false","English","TurboMotionZ"
"https://static-cdn.jtvnw.net/jtv_user_pictures/joaos92-profile_image-0471ccabbe195d38-150x150.jpeg?imenable=1&impolicy=user-profile-picture&imwidth=100","4437","Joaos92","567810","1605","573","353","36617","279","5897","true","false","Portuguese","Joaos92"
"https://static-cdn.jtvnw.net/jtv_user_pictures/yolotvstream-profile_image-3bb1b1109e3a4668-150x150.jpeg?imenable=1&impolicy=user-profile-picture&imwidth=100","4438","YoloTvStream","743190","3480","582","213","36610","1507","4722","true","false","Danish","YoloTvStream"
"https://static-cdn.jtvnw.net/jtv_user_pictures/inozemec-profile_image-fbfb5200144f47d9-150x150.png?imenable=1&impolicy=user-profile-picture&imwidth=100","4439","inozemec","1545360","3060","1977","504","36608","675","9043","false","false","Russian","inozemec"
"https://static-cdn.jtvnw.net/jtv_user_pictures/8fc66774-2286-437e-83a9-4098cf9eb386-profile_image-150x150.png?imenable=1&impolicy=user-profile-picture&imwidth=100","4440","ninasc2","691245","5025","407","137","36602","198","4375","true","false","English","ninasc2"
"https://static-cdn.jtvnw.net/jtv_user_pictures/0ba03905-d644-4061-839a-de8a2a6d7cdc-profile_image-150x150.png?imenable=1&impolicy=user-profile-picture&imwidth=100","4441","iamBrandon","203370","3945","139","51","36599","437","1200","true","true","English","iamBrandon"
"https://static-cdn.jtvnw.net/jtv_user_pictures/zakreble-profile_image-060fb84f43b3ecb3-150x150.jpeg?imenable=1&impolicy=user-profile-picture&imwidth=100","4442","Zakreble","326520","1950","402","167","36598","875","12391","true","false","Polish","Zakreble"
"https://static-cdn.jtvnw.net/jtv_user_pictures/855f96af-9de5-47e6-b3f5-e50c2c60fe02-profile_image-150x150.png?imenable=1&impolicy=user-profile-picture&imwidth=100","4443","iamEP1C","389100","12135","175","31","36589","77","1578","true","true","English","iamEP1C"
"https://static-cdn.jtvnw.net/jtv_user_pictures/686f7289-9f68-4e91-ba81-7c84ec63292d-profile_image-150x150.png?imenable=1&impolicy=user-profile-picture&imwidth=100","4444","UpSushi","30","15","2","2","36578","0","0","true","false","Spanish","UpSushi"
"https://static-cdn.jtvnw.net/jtv_user_pictures/limpy-profile_image-d3a8bdad90978eea-150x150.jpeg?imenable=1&impolicy=user-profile-picture&imwidth=100","4445","Limpy","4025400","7410","902","542","36560","-375","4127","true","true","English","Limpy"
"https://static-cdn.jtvnw.net/jtv_user_pictures/8014c625-90ca-4664-886e-53699ddeb332-profile_image-150x150.png?imenable=1&impolicy=user-profile-picture&imwidth=100","4446","MilesRonan","2112000","9780","786","215","36553","835","11522","true","true","English","MilesRonan"
"https://static-cdn.jtvnw.net/jtv_user_pictures/b0ae57eb-21ab-4db7-a8d8-fc43033a23bb-profile_image-150x150.png?imenable=1&impolicy=user-profile-picture&imwidth=100","4447","CallOfCthulhu","1840725","10020","775","183","36545","984","8816","true","false","English","CallOfCthulhu"
"https://static-cdn.jtvnw.net/jtv_user_pictures/kage_848-profile_image-33d1eed31fc8d4e2-150x150.png?imenable=1&impolicy=user-profile-picture&imwidth=100","4448","Kage_848","520365","3225","261","161","36541","496","6788","true","false","English","Kage_848"
"https://static-cdn.jtvnw.net/jtv_user_pictures/6d193574-3a07-40f9-9d15-5a4b8647b18f-profile_image-150x150.png?imenable=1&impolicy=user-profile-picture&imwidth=100","4449","MeleeEveryday","296955","1710","1236","173","36529","309","1492","true","true","English","MeleeEveryday"
"https://static-cdn.jtvnw.net/jtv_user_pictures/c5e5d27e-138b-4f79-b423-5163f6b55d2d-profile_image-150x150.png?imenable=1&impolicy=user-profile-picture&imwidth=100","4450","cristy_","630","270","6","2","36518","3","8","true","true","Slovak","cristy_"