"","","Channel","Watch time","Stream time","Peak viewers","Average viewers","Followers","Followers gained","Views gained","Partnered","Mature","Language",""
"https://static-cdn.jtvnw.net/jtv_user_pictures/b455755b-012c-44fe-ae75-6b6ad9eed4f3-profile_image-150x150.png?imenable=1&impolicy=user-profile-picture&imwidth=100","3551","Veneea","1790640","5025","2792","355","47455","6929","38509","true","true","Polish","Veneea"
"https://static-cdn.jtvnw.net/jtv_user_pictures/5fbb6e32-59af-4352-abb6-f2884a50eaaa-profile_image-150x150.png?imenable=1&impolicy=user-profile-picture&imwidth=100","3552","Otaku","1362795","15450","305","87","47448","756","8234","true","false","English","Otaku"
"https://static-cdn.jtvnw.net/jtv_user_pictures/ecf18482-d071-4908-bfb7-d5f67bfb9ac1-profile_image-150x150.png?imenable=1&impolicy=user-profile-picture&imwidth=100","3553","STkTirano","531045","2310","928","229","47440","939","16498","true","true","Portuguese","STkTirano"
"https://static-cdn.jtvnw.net/jtv_user_pictures/e9135d27-eb18-4c97-b0bb-8f3c075612a0-profile_image-150x150.png?imenable=1&impolicy=user-profile-picture&imwidth=100","3554","JeremyFrieser","25425","240","307","105","47438","459","252","true","false","Dutch","JeremyFrieser"
"https://static-cdn.jtvnw.net/jtv_user_pictures/d5889c9c-a4ba-4e79-9ce6-82c096310d13-profile_image-150x150.png?imenable=1&impolicy=user-profile-picture&imwidth=100","3555","Wootystyle","492510","4740","211","103","47409","119","2084","true","false","English","Wootystyle"
"https://static-cdn.jtvnw.net/jtv_user_pictures/psikololtv-profile_image-4fb7a6ccbb848daa-150x150.jpeg?imenable=1&impolicy=user-profile-picture&imwidth=100","3556","PsikololTV","25275","60","504","421","47383","37","0","true","false","Turkish","PsikololTV"
"https://static-cdn.jtvnw.net/jtv_user_pictures/3afa8b0d-5179-43ca-8889-4b405e790c19-profile_image-150x150.png?imenable=1&impolicy=user-profile-picture&imwidth=100","3557","SenseiCJ","349530","5415","134","64","47372","520","739","true","false","English","SenseiCJ"
"https://static-cdn.jtvnw.net/jtv_user_pictures/b55be8c8-9bad-4479-b656-5fbc2e5610c4-profile_image-150x150.png?imenable=1&impolicy=user-profile-picture&imwidth=100","3558","MeggyByte","72180","945","163","75","47349","208","424","true","true","English","MeggyByte"
"https://static-cdn.jtvnw.net/jtv_user_pictures/38f04fb1-b9dc-4042-b678-51bfa448eda0-profile_image-150x150.png?imenable=1&impolicy=user-profile-picture&imwidth=100","3559","TwoBiers","1890615","9210","619","204","47337","1483","22541","true","false","English","TwoBiers"
"https://static-cdn.jtvnw.net/jtv_user_pictures/liquidwifi-profile_image-aad62552156ef7a4-150x150.jpeg?imenable=1&impolicy=user-profile-picture&imwidth=100","3560","LiquidWiFi","1497975","6570","1902","227","47299","795","46885","true","false","English","LiquidWiFi"
"https://static-cdn.jtvnw.net/jtv_user_pictures/9fb7cec4-3d65-40a1-ae14-20a7d9531b91-profile_image-150x150.png?imenable=1&impolicy=user-profile-picture&imwidth=100","3561","launders","1352625","9630","4381","140","47298","3063","14235","true","false","English","launders"
"https://static-cdn.jtvnw.net/jtv_user_pictures/amnesia_sc-profile_image-404dbccaaa2e803f-150x150.png?imenable=1&impolicy=user-profile-picture&imwidth=100","3562","Amnesia_sc","1439775","1650","6884","871","47275","-573","10134","true","false","English","Amnesia_sc"
"https://static-cdn.jtvnw.net/jtv_user_pictures/ba27f0f9-1278-47ae-92b1-561fe7f60b33-profile_image-150x150.png?imenable=1&impolicy=user-profile-picture&imwidth=100","3563","ProHenis","6045","1020","15","5","47252","32","186","false","false","English","ProHenis"
"https://static-cdn.jtvnw.net/jtv_user_pictures/anger-profile_image-771e6bed8abd0653-150x150.jpeg?imenable=1&impolicy=user-profile-picture&imwidth=100","3564","anger","26355","810","79","32","47241","-136","522","true","true","English","anger"
"https://static-cdn.jtvnw.net/jtv_user_pictures/bd6c33cd-b9b1-4119-9284-61cf0051fbd5-profile_image-150x150.png?imenable=1&impolicy=user-profile-picture&imwidth=100","3565","frozenballz","474660","6255","208","75","47215","635","3540","true","true","English","frozenballz"
"https://static-cdn.jtvnw.net/jtv_user_pictures/82e3f78d-94f3-4fdd-aacb-77e3e75e485f-profile_image-150x150.png?imenable=1&impolicy=user-profile-picture&imwidth=100","3566","MeLeBron","406470","10050","111","39","47207","579","3100","true","false","Bulgarian","MeLeBron"
"https://static-cdn.jtvnw.net/jtv_user_pictures/f1e367597f1e0e42-profile_image-150x150.jpeg?imenable=1&impolicy=user-profile-picture&imwidth=100","3567","LilVallo","287100","450","1097","637","47203","1563","7136","true","false","Spanish","LilVallo"
"https://static-cdn.jtvnw.net/jtv_user_pictures/playzonecz-profile_image-dd8d75a617cc849a-150x150.png?imenable=1&impolicy=user-profile-picture&imwidth=100","3568","PLAYzoneCZ","839160","2775","880","301","47159","1091","13342","true","false","Czech","PLAYzoneCZ"
"https://static-cdn.jtvnw.net/jtv_user_pictures/10397bd5-39df-4d00-845b-321cf8020067-profile_image-150x150.jpg?imenable=1&impolicy=user-profile-picture&imwidth=100","3569","Vendetha","2415570","2430","1885","993","47137","1500","45784","true","false","Spanish","Vendetha"
"https://static-cdn.jtvnw.net/jtv_user_pictures/1bba122e-1381-43ca-8e00-e625c69c7969-profile_image-150x150.jpg?imenable=1&impolicy=user-profile-picture&imwidth=100","3570","warkry","428445","4065","240","104","47110","-375","6768","true","true","Russian","warkry"
"https://static-cdn.jtvnw.net/jtv_user_pictures/b4e250fc61802cca-profile_image-150x150.jpeg?imenable=1&impolicy=user-profile-picture&imwidth=100","3571","JonRisinger","213885","1665","490","128","47109","1313","3226","true","true","English","JonRisinger"
"https://static-cdn.jtvnw.net/jtv_user_pictures/1db04411-e20d-4065-99be-659b32a84698-profile_image-150x150.png?imenable=1&impolicy=user-profile-picture&imwidth=100","3572","WaffleyShy","979680","3780","1086","258","47107","1970","14540","true","false","English","WaffleyShy"
"https://static-cdn.jtvnw.net/jtv_user_pictures/80b64615ad8be15f-profile_image-150x150.jpeg?imenable=1&impolicy=user-profile-picture&imwidth=100","3573","Unkind1baby","242565","13140","48","18","47101","189","1800","true","false","Bulgarian","Unkind1baby"
"https://static-cdn.jtvnw.net/jtv_user_pictures/c5360526-ae3c-4ba7-b3e8-392223854da7-profile_image-150x150.png?imenable=1&impolicy=user-profile-picture&imwidth=100","3574","JimSauce","574290","2910","461","196","47089","528","5835","true","false","English","JimSauce"
"https://static-cdn.jtvnw.net/jtv_user_pictures/8495182f-9554-41de-8013-307a25fdfdf6-profile_image-150x150.png?imenable=1&impolicy=user-profile-picture&imwidth=100","3575","Gamingo","540","195","5","2","47065","12","18","true","true","French","Gamingo"
"https://static-cdn.jtvnw.net/jtv_user_pictures/d2net-profile_image-5918e86b905c8c41-150x150.png?imenable=1&impolicy=user-profile-picture&imwidth=100","3576","D2Net","29430","60","723","490","47053","-56","195709","true","false","Russian","D2Net"
"https://static-cdn.jtvnw.net/jtv_user_pictures/767ec2fb-4add-4eeb-9872-79f26d15cda3-profile_image-150x150.png?imenable=1&impolicy=user-profile-picture&imwidth=100","3577","Xocliw","220215","3285","179","66","47047","432","2524","true","false","English","Xocliw"
"https://static-cdn.jtvnw.net/jtv_user_pictures/fnc_spirit-profile_image-ac865f14b7ed19fb-150x150.png?imenable=1&impolicy=user-profile-picture&imwidth=100","3578","fnc_spirit","4952145","1140","15387","4343","47038","19377","85673","true","false","","fnc_spirit"
"https://static-cdn.jtvnw.net/jtv_user_pictures/4738443a-0956-447f-829c-f85c6d39dae8-profile_image-150x150.png?imenable=1&impolicy=user-profile-picture&imwidth=100","3579","Akrololz","1221705","8040","498","151","47035","421","15600","true","true","Russian","Akrololz"
"https://static-cdn.jtvnw.net/jtv_user_pictures/f79361d7-8c82-4261-9d50-922eaa8e4f01-profile_image-150x150.png?imenable=1&impolicy=user-profile-picture&imwidth=100","3580","Jasmina","415215","4380","608","94","47033","902","3906","true","false","English","Jasmina"
"https://static-cdn.jtvnw.net/jtv_user_pictures/a1d69e55227e008b-profile_image-150x150.jpeg?imenable=1&impolicy=user-profile-picture&imwidth=100","3581","mozol6ka  (mozol6ka)","957780","2760","591","346","47029","2394","26200","true","false","Russian","mozol6ka  (mozol6ka)"
"https://static-cdn.jtvnw.net/jtv_user_pictures/korea10-profile_image-a64f69bcd75a26e0-150x150.jpeg?imenable=1&impolicy=user-profile-picture&imwidth=100","3582","KOREA10","2049570","14190","1000","143","47019","998","11389","true","false","English","KOREA10"
"https://static-cdn.jtvnw.net/jtv_user_pictures/a6d617fcdad6ac3a-profile_image-150x150.png?imenable=1&impolicy=user-profile-picture&imwidth=100","3583","M4st3rJ3y","36645","8340","17","3","47016","59","335","true","true","German","M4st3rJ3y"
"https://static-cdn.jtvnw.net/jtv_user_pictures/02f74859-68f9-4e42-90e8-c0b80508f120-profile_image-150x150.png?imenable=1&impolicy=user-profile-picture&imwidth=100","3584","BigCheeseKIT","12270","1695","18","6","46988","65","103","true","false","English","BigCheeseKIT"
"https://static-cdn.jtvnw.net/jtv_user_pictures/1dcc2e5d-a929-4fbc-b2e4-64d1346126d6-profile_image-150x150.png?imenable=1&impolicy=user-profile-picture&imwidth=100","3585","Killars","1243920","11610","719","106","46976","282","7264","true","false","English","Killars"
"https://static-cdn.jtvnw.net/jtv_user_pictures/8999c3eb-3d1d-4ca7-aacc-103d22734df0-profile_image-150x150.png?imenable=1&impolicy=user-profile-picture&imwidth=100","3586","JakeeY","289995","10065","116","28","46955","-199","2427","true","false","German","JakeeY"
"https://static-cdn.jtvnw.net/jtv_user_pictures/big_c_richy-profile_image-067dacbb9926a25d-150x150.jpeg?imenable=1&impolicy=user-profile-picture&imwidth=100","3587","Big_C_Richy","747885","3645","460","204","46936","1925","1413","true","true","English","Big_C_Richy"
"https://static-cdn.jtvnw.net/jtv_user_pictures/luckygraafnl-profile_image-ba7ffa9e7d0ed961-150x150.png?imenable=1&impolicy=user-profile-picture&imwidth=100","3588","LuckyGraafNL","989640","495","4540","1998","46925","3486","10967","true","false","Dutch","LuckyGraafNL"
"https://static-cdn.jtvnw.net/jtv_user_pictures/2gd-profile_image-d87811355a4fb4a7-150x150.jpeg?imenable=1&impolicy=user-profile-picture&imwidth=100","3589","2GD","13425","105","182","127","46868","1","89","true","false","English","2GD"
"https://static-cdn.jtvnw.net/jtv_user_pictures/shilin-profile_image-d4484695453dc245-150x150.png?imenable=1&impolicy=user-profile-picture&imwidth=100","3590","Shilin","436950","1980","1001","220","46864","1282","31324","true","false","English","Shilin"
"https://static-cdn.jtvnw.net/jtv_user_pictures/f72b29b9-40b5-45b0-bbdc-ed2955e92c76-profile_image-150x150.png?imenable=1&impolicy=user-profile-picture&imwidth=100","3591","Ephey","1791750","6495","1020","275","46863","2412","24037","true","false","English","Ephey"
"https://static-cdn.jtvnw.net/jtv_user_pictures/65adaac8-1d02-4d40-a06d-6b9475bfc80f-profile_image-150x150.jpg?imenable=1&impolicy=user-profile-picture&imwidth=100","3592","Aleria","1332720","6750","417","196","46858","1908","29768","true","false","Spanish","Aleria"
"https://static-cdn.jtvnw.net/jtv_user_pictures/dolphinchemist-profile_image-ecf61830fb690f96-150x150.png?imenable=1&impolicy=user-profile-picture&imwidth=100","3593","DolphinChemist","519885","9300","178","55","46858","317","2126","true","false","English","DolphinChemist"
"https://static-cdn.jtvnw.net/jtv_user_pictures/54cbdeee-3320-460d-a352-118db0b2ce16-profile_image-150x150.png?imenable=1&impolicy=user-profile-picture&imwidth=100","3594","Kuschel","1351860","4230","3508","319","46856","4905","7112","true","false","German","Kuschel"
"https://static-cdn.jtvnw.net/jtv_user_pictures/bcb51c50-2d8d-4e5b-ba1e-00c161d204e3-profile_image-150x150.png?imenable=1&impolicy=user-profile-picture&imwidth=100","3595","HollieBB","395700","2760","406","142","46846","557","2860","true","false","English","HollieBB"
"https://static-cdn.jtvnw.net/jtv_user_pictures/regibang-profile_image-89939820ae541173-150x150.jpeg?imenable=1&impolicy=user-profile-picture&imwidth=100","3596","RegiBang","530940","3540","394","149","46832","680","7217","true","false","German","RegiBang"
"https://static-cdn.jtvnw.net/jtv_user_pictures/fce33895-bb6d-482a-953f-5bf1b9b15e9c-profile_image-150x150.png?imenable=1&impolicy=user-profile-picture&imwidth=100","3597","TheGamersJoint","303885","1125","606","269","46831","925","4939","true","false","English","TheGamersJoint"
"https://static-cdn.jtvnw.net/jtv_user_pictures/3c80bede-1061-49b1-8ce9-8f0f7e698ded-profile_image-150x150.png?imenable=1&impolicy=user-profile-picture&imwidth=100","3598","KazimirTV","3930360","14340","552","273","46829","1195","70742","true","false","German","KazimirTV"
"https://static-cdn.jtvnw.net/jtv_user_pictures/5a5bf2c4-037d-4423-81ea-dba758b02aed-profile_image-150x150.png?imenable=1&impolicy=user-profile-picture&imwidth=100","3599","fineokay","855","600","5","1","46825","3","12","true","false","English","fineokay"
"https://static-cdn.jtvnw.net/jtv_user_pictures/2a965d82-86b9-4153-85f7-bda519c2020c-profile_image-150x150.jpeg?imenable=1&impolicy=user-profile-picture&imwidth=100","3600","catypo","288750","6630","216","42","46811","1233","2541","true","false","English","catypo"