"","","Channel","Watch time","Stream time","Peak viewers","Average viewers","Followers","Followers gained","Views gained","Partnered","Mature","Language",""
"https://static-cdn.jtvnw.net/jtv_user_pictures/00a3875f-724c-486f-887f-6805747807ef-profile_image-150x150.png?imenable=1&impolicy=user-profile-picture&imwidth=100","4951","MisatCustom","933645","3930","859","237","31666","4714","5011","true","false","French","MisatCustom"
"https://static-cdn.jtvnw.net/jtv_user_pictures/prettyprime-profile_image-328d173f098b4be4-150x150.png?imenable=1&impolicy=user-profile-picture&imwidth=100","4952","PrettyPriMe","380760","6525","488","57","31648","398","3794","true","false","English","PrettyPriMe"
"https://static-cdn.jtvnw.net/jtv_user_pictures/7321f0dc-3271-4452-b3df-b055c33cc4aa-profile_image-150x150.png?imenable=1&impolicy=user-profile-picture&imwidth=100","4953","CBAD","36360","1230","92","29","31641","166","321","true","false","English","CBAD"
"https://static-cdn.jtvnw.net/jtv_user_pictures/weallplaycast-profile_image-ec087e7d61340fd2-150x150.png?imenable=1&impolicy=user-profile-picture&imwidth=100","4954","weallplaycast","329340","3360","1078","97","31639","337","1475","true","true","English","weallplaycast"
"https://static-cdn.jtvnw.net/jtv_user_pictures/fruitbats-profile_image-49da8c2e594436d2-150x150.png?imenable=1&impolicy=user-profile-picture&imwidth=100","4955","Fruitbats","1194840","10665","576","111","31598","271","3656","true","false","English","Fruitbats"
"https://static-cdn.jtvnw.net/jtv_user_pictures/f40a77fd-3bb1-4a6f-a942-30829f649edf-profile_image-150x150.png?imenable=1&impolicy=user-profile-picture&imwidth=100","4956","Pojken","884535","13230","452","66","31595","739","4456","true","true","Swedish","Pojken"
"https://static-cdn.jtvnw.net/jtv_user_pictures/thereplayflynn-profile_image-6f7cc0ff07feb5d7-150x150.jpeg?imenable=1&impolicy=user-profile-picture&imwidth=100","4957","TheReplayFlynn","297975","38535","27","7","31593","89","1362","true","false","","TheReplayFlynn"
"https://static-cdn.jtvnw.net/jtv_user_pictures/58331cb3-947f-4a40-9aea-d2b3e33e2711-profile_image-150x150.png?imenable=1&impolicy=user-profile-picture&imwidth=100","4958","Swordmouse","400350","14310","57","27","31581","219","1238","true","true","English","Swordmouse"
"https://static-cdn.jtvnw.net/jtv_user_pictures/kiwian-profile_image-f326f1eea6a468f7-150x150.jpeg?imenable=1&impolicy=user-profile-picture&imwidth=100","4959","kiwian","327060","4545","321","71","31578","241","3578","true","false","Korean","kiwian"
"https://static-cdn.jtvnw.net/jtv_user_pictures/lemination-profile_image-742de614114be8b5-150x150.jpeg?imenable=1&impolicy=user-profile-picture&imwidth=100","4960","Lemination","38400","135","352","284","31565","70","152","true","false","English","Lemination"
"https://static-cdn.jtvnw.net/jtv_user_pictures/11330e6b-be97-417c-9221-1be4538fd8d5-profile_image-150x150.png?imenable=1&impolicy=user-profile-picture&imwidth=100","4961","PRAWUS","120735","1980","891","60","31560","493","4511","true","false","Polish","PRAWUS"
"https://static-cdn.jtvnw.net/jtv_user_pictures/e35f81f0-04e7-4761-ae35-55ccd18d24a7-profile_image-150x150.png?imenable=1&impolicy=user-profile-picture&imwidth=100","4962","Rasta","3645","1005","11","2","31537","2","11","true","true","English","Rasta"
"https://static-cdn.jtvnw.net/jtv_user_pictures/f8909ca6-a911-43e5-ac62-ab67b503ffe9-profile_image-150x150.jpg?imenable=1&impolicy=user-profile-picture&imwidth=100","4963","P4pita","327945","1995","493","164","31537","536","5968","true","false","Spanish","P4pita"
"https://static-cdn.jtvnw.net/jtv_user_pictures/amyzzin-profile_image-dedc350fedaf5356-150x150.png?imenable=1&impolicy=user-profile-picture&imwidth=100","4964","Amyzzin","998610","8160","301","121","31530","695","10124","true","false","English","Amyzzin"
"https://static-cdn.jtvnw.net/jtv_user_pictures/72c876f0-332f-4bd2-9474-bcadcea12c48-profile_image-150x150.png?imenable=1&impolicy=user-profile-picture&imwidth=100","4965","Sebflix","225165","765","562","293","31523","178","4651","true","true","German","Sebflix"
"https://static-cdn.jtvnw.net/jtv_user_pictures/4c942b5a-467d-4cc2-9f69-07fa1ecfd0d5-profile_image-150x150.png?imenable=1&impolicy=user-profile-picture&imwidth=100","4966","ATK","16050","1230","29","12","31522","-27","423","true","false","Korean","ATK"
"https://static-cdn.jtvnw.net/jtv_user_pictures/c8720a67-c103-4884-897e-1d9daf54b10a-profile_image-150x150.png?imenable=1&impolicy=user-profile-picture&imwidth=100","4967","LlDER","17085","1260","30","13","31518","35","296","true","false","English","LlDER"
"https://static-cdn.jtvnw.net/jtv_user_pictures/siilencedxbl-profile_image-e41d74e52f2e2f68-150x150.png?imenable=1&impolicy=user-profile-picture&imwidth=100","4968","Siilencedxbl","149295","480","422","310","31518","253","1430","true","false","English","Siilencedxbl"
"https://static-cdn.jtvnw.net/jtv_user_pictures/9acc8c96-9f2b-4d53-a628-6c1e15ed472a-profile_image-150x150.png?imenable=1&impolicy=user-profile-picture&imwidth=100","4969","WhosImmortal","1740","255","9","6","31513","19","17","true","false","English","WhosImmortal"
"https://static-cdn.jtvnw.net/jtv_user_pictures/d9f6aa30-8589-44f1-9e17-a02216bec04a-profile_image-150x150.png?imenable=1&impolicy=user-profile-picture&imwidth=100","4970","Nyancifer","383280","4005","191","95","31511","567","2755","true","false","English","Nyancifer"
"https://static-cdn.jtvnw.net/jtv_user_pictures/badmanonline-profile_image-bfdf0a54cd4caf4f-150x150.jpeg?imenable=1&impolicy=user-profile-picture&imwidth=100","4971","BadmanOnline","366090","1350","736","270","31509","3157","9403","true","true","English","BadmanOnline"
"https://static-cdn.jtvnw.net/jtv_user_pictures/e5a230fb-cbd8-4bdf-9b64-9cd14d0fd2e3-profile_image-150x150.jpeg?imenable=1&impolicy=user-profile-picture&imwidth=100","4972","goreckitv","16590","255","118","64","31498","90","166","true","true","English","goreckitv"
"https://static-cdn.jtvnw.net/jtv_user_pictures/gunny629-profile_image-cfd4d8d0ee23bca8-150x150.png?imenable=1&impolicy=user-profile-picture&imwidth=100","4973","Gunny629","425205","6630","835","63","31494","123","1687","true","true","English","Gunny629"
"https://static-cdn.jtvnw.net/jtv_user_pictures/65cc4a42eb5e60cc-profile_image-150x150.jpeg?imenable=1&impolicy=user-profile-picture&imwidth=100","4974","sienimiili","83325","2295","82","35","31493","-86","1195","true","false","English","sienimiili"
"https://static-cdn.jtvnw.net/jtv_user_pictures/db639f85b0e74f23-profile_image-150x150.jpeg?imenable=1&impolicy=user-profile-picture&imwidth=100","4975","ZatcharyGaming","192810","8745","357","21","31474","144","919","true","true","English","ZatcharyGaming"
"https://static-cdn.jtvnw.net/jtv_user_pictures/kovarnbiu_krab-profile_image-402f95ac37f038d7-150x150.jpeg?imenable=1&impolicy=user-profile-picture&imwidth=100","4976","Kovarnbiu_Krab","163065","6930","178","23","31469","1837","2111","false","false","Russian","Kovarnbiu_Krab"
"https://static-cdn.jtvnw.net/jtv_user_pictures/857659c3-8eac-463f-b89f-b0bf241c0237-profile_image-150x150.png?imenable=1&impolicy=user-profile-picture&imwidth=100","4977","ZombieKingNY","344940","5760","166","59","31463","-1220","570","true","true","English","ZombieKingNY"
"https://static-cdn.jtvnw.net/jtv_user_pictures/bbaf0eb1-41ac-411f-8f3d-207ecbc30d08-profile_image-150x150.png?imenable=1&impolicy=user-profile-picture&imwidth=100","4978","xPopularStranger","2895","120","37","24","31462","30","19","true","true","English","xPopularStranger"
"https://static-cdn.jtvnw.net/jtv_user_pictures/f492cb98-2aff-4ab1-a60d-90c6b10150e9-profile_image-150x150.png?imenable=1&impolicy=user-profile-picture&imwidth=100","4979","Triceppps","27030","4080","20","6","31444","-166","437","true","true","English","Triceppps"
"https://static-cdn.jtvnw.net/jtv_user_pictures/ba72173c-dd1e-4126-9aa7-ad55b71a795d-profile_image-150x150.png?imenable=1&impolicy=user-profile-picture&imwidth=100","4980","xxxDESPERADOxxx","1464285","11160","408","130","31440","1597","1545","true","false","English","xxxDESPERADOxxx"
"https://static-cdn.jtvnw.net/jtv_user_pictures/c57a0cc2-22db-4a3a-8316-1bf4cfee2fd0-profile_image-150x150.png?imenable=1&impolicy=user-profile-picture&imwidth=100","4981","TolerantLoL","4635","1695","9","2","31421","6","120","true","false","Turkish","TolerantLoL"
"https://static-cdn.jtvnw.net/jtv_user_pictures/4fcb315e-55cb-46bd-9060-83365076c98f-profile_image-150x150.png?imenable=1&impolicy=user-profile-picture&imwidth=100","4982","mipo_mapo_meepo","32250","1395","140","22","31409","92","215","true","false","Russian","mipo_mapo_meepo"
"https://static-cdn.jtvnw.net/jtv_user_pictures/meleeitonme-profile_image-dcce1d7537988d91-150x150.png?imenable=1&impolicy=user-profile-picture&imwidth=100","4983","MeleeItOnMe  (meleeitonme)","1022595","1785","3349","572","31406","1457","9709","true","false","English","MeleeItOnMe  (meleeitonme)"
"https://static-cdn.jtvnw.net/jtv_user_pictures/elmagus-profile_image-e993646da162ab44-150x150.png?imenable=1&impolicy=user-profile-picture&imwidth=100","4984","eLmaGus","1643175","10815","385","151","31400","151","5745","true","true","English","eLmaGus"
"https://static-cdn.jtvnw.net/jtv_user_pictures/8d13d536-ff13-46aa-afea-742ec818ef45-profile_image-150x150.png?imenable=1&impolicy=user-profile-picture&imwidth=100","4985","허블렛 (hubblet)","525","225","5","2","31383","6","33","true","false","Korean","허블렛 (hubblet)"
"https://static-cdn.jtvnw.net/jtv_user_pictures/b1dfc77457000458-profile_image-150x150.jpeg?imenable=1&impolicy=user-profile-picture&imwidth=100","4986","EvScape","110400","4575","120","23","31377","121","1238","false","false","English","EvScape"
"https://static-cdn.jtvnw.net/jtv_user_pictures/f3ae604f-e5ae-4e74-bb34-8f9f00961f82-profile_image-150x150.png?imenable=1&impolicy=user-profile-picture&imwidth=100","4987","MissAyalah","382695","6930","136","54","31375","-5884","3267","true","false","English","MissAyalah"
"https://static-cdn.jtvnw.net/jtv_user_pictures/anabooo-profile_image-702d3805dd5c3ec9-150x150.jpeg?imenable=1&impolicy=user-profile-picture&imwidth=100","4988","AnaBooo","169185","3780","91","44","31371","413","2195","true","true","English","AnaBooo"
"https://static-cdn.jtvnw.net/jtv_user_pictures/kingranny-profile_image-d54d4a8b8b74e1b6-150x150.png?imenable=1&impolicy=user-profile-picture&imwidth=100","4989","KingRanny","4140","285","111","14","31352","13","43","true","true","English","KingRanny"
"https://static-cdn.jtvnw.net/jtv_user_pictures/150df391-558d-4793-913e-8257d19a76a9-profile_image-150x150.png?imenable=1&impolicy=user-profile-picture&imwidth=100","4990","Lulaboo","485355","1530","959","316","31345","467","3846","true","false","English","Lulaboo"
"https://static-cdn.jtvnw.net/jtv_user_pictures/4a8eaa1e-841b-4900-970c-76f78a5c696b-profile_image-150x150.png?imenable=1&impolicy=user-profile-picture&imwidth=100","4991","Dota2ruhub4","1478625","2250","6375","656","31337","1450","54927","true","false","Russian","Dota2ruhub4"
"https://static-cdn.jtvnw.net/jtv_user_pictures/e92cfed3-4277-4faf-8ad4-ab58a0cbeda8-profile_image-150x150.png?imenable=1&impolicy=user-profile-picture&imwidth=100","4992","Torina","60","60","2","1","31322","0","0","true","false","English","Torina"
"https://static-cdn.jtvnw.net/jtv_user_pictures/4e6dac8b-e5c8-4731-93c8-28579da505d0-profile_image-150x150.png?imenable=1&impolicy=user-profile-picture&imwidth=100","4993","AlphaDelta06","3615","105","54","34","31318","6","25","true","false","French","AlphaDelta06"
"https://static-cdn.jtvnw.net/jtv_user_pictures/c209d2f0-cba5-4568-96e4-2321df448c62-profile_image-150x150.png?imenable=1&impolicy=user-profile-picture&imwidth=100","4994","SixenTv","61755","2010","84","30","31315","130","1212","true","true","French","SixenTv"
"https://static-cdn.jtvnw.net/jtv_user_pictures/ad32a48f-91d3-4806-923f-93b85e282ce3-profile_image-150x150.png?imenable=1&impolicy=user-profile-picture&imwidth=100","4995","ZombiesFaktory","90690","405","511","223","31301","409","824","true","true","French","ZombiesFaktory"
"https://static-cdn.jtvnw.net/jtv_user_pictures/ikealyou-profile_image-ed7dbfe1711275a9-150x150.jpeg?imenable=1&impolicy=user-profile-picture&imwidth=100","4996","Ikealyou","2029980","8355","745","242","31297","1235","16700","true","false","Polish","Ikealyou"
"https://static-cdn.jtvnw.net/jtv_user_pictures/c9385155-4f44-48e5-97c8-b29589af2d3a-profile_image-150x150.png?imenable=1&impolicy=user-profile-picture&imwidth=100","4997","Sotarks","405","120","6","3","31290","6","14","true","true","English","Sotarks"
"https://static-cdn.jtvnw.net/jtv_user_pictures/75d22270-408c-4f88-bdbc-b82d83a1b94a-profile_image-150x150.png?imenable=1&impolicy=user-profile-picture&imwidth=100","4998","Cyborgbaron","539805","5760","372","93","31281","-1639","517","true","false","English","Cyborgbaron"
"https://static-cdn.jtvnw.net/jtv_user_pictures/6da2a50e-e3d6-409e-a321-bcf941a20ffa-profile_image-150x150.png?imenable=1&impolicy=user-profile-picture&imwidth=100","4999","Sharkktooth","91575","3690","53","24","31279","-80","173","true","true","English","Sharkktooth"
"https://static-cdn.jtvnw.net/jtv_user_pictures/4f5acb00-b289-4ee6-b522-258354d7d1f4-profile_image-150x150.jpeg?imenable=1&impolicy=user-profile-picture&imwidth=100","5000","MissMudMonkey","48915","1110","100","43","31265","1826","554","false","false","English","MissMudMonkey"