"","","Channel","Watch time","Stream time","Peak viewers","Average viewers","Followers","Followers gained","Views gained","Partnered","Mature","Language",""
"https://static-cdn.jtvnw.net/jtv_user_pictures/shigetora-profile_image-dc64611ef64915f3-150x150.png?imenable=1&impolicy=user-profile-picture&imwidth=100","1001","shigetora","12280305","2655","9276","4624","183185","11857","153050","true","false","English","shigetora"
"https://static-cdn.jtvnw.net/jtv_user_pictures/110cfdb5-c422-4531-b5d9-3202d3c947a4-profile_image-150x150.png?imenable=1&impolicy=user-profile-picture&imwidth=100","1002","AntVenom","170520","510","441","333","182970","345","1319","true","false","English","AntVenom"
"https://static-cdn.jtvnw.net/jtv_user_pictures/72adcd8aef825961-profile_image-150x150.png?imenable=1&impolicy=user-profile-picture&imwidth=100","1003","sadaplays","2440290","6855","736","355","182816","1394","20096","true","true","English","sadaplays"
"https://static-cdn.jtvnw.net/jtv_user_pictures/ece30d3a-5e81-48e2-b3f7-3b3a303c4e70-profile_image-150x150.png?imenable=1&impolicy=user-profile-picture&imwidth=100","1004","DrFeelgood","11768925","5295","9839","2222","182744","20482","148037","true","false","French","DrFeelgood"
"https://static-cdn.jtvnw.net/jtv_user_pictures/32846130-e7fe-46b7-9bc2-3bafbcdcd65a-profile_image-150x150.png?imenable=1&impolicy=user-profile-picture&imwidth=100","1005","PBYKaptan","3090","120","36","25","182457","25","102","true","false","Turkish","PBYKaptan"
"https://static-cdn.jtvnw.net/jtv_user_pictures/e2208f12-0683-4be9-a2c1-7af21f7ab3c7-profile_image-150x150.png?imenable=1&impolicy=user-profile-picture&imwidth=100","1006","FireDragon","13956660","10755","2863","1297","182373","3863","44430","true","false","English","FireDragon"
"https://static-cdn.jtvnw.net/jtv_user_pictures/valkrin-profile_image-c1ddf094221b8055-150x150.png?imenable=1&impolicy=user-profile-picture&imwidth=100","1007","Valkrin","92001975","10305","23673","8927","182327","36207","502584","true","false","English","Valkrin"
"https://static-cdn.jtvnw.net/jtv_user_pictures/pantsaredragon-profile_image-c5fe62c04b52a9b1-150x150.png?imenable=1&impolicy=user-profile-picture&imwidth=100","1008","PantsAreDragon","550065","2265","1274","242","182231","1839","8213","true","false","English","PantsAreDragon"
"https://static-cdn.jtvnw.net/jtv_user_pictures/5f6f7322-326c-4783-8aba-49174ded3e41-profile_image-150x150.png?imenable=1&impolicy=user-profile-picture&imwidth=100","1009","Neevi","8685","375","49","23","182225","18","551","true","false","German","Neevi"
"https://static-cdn.jtvnw.net/jtv_user_pictures/01fd1fbc-362f-448f-83b0-661e667160c6-profile_image-150x150.png?imenable=1&impolicy=user-profile-picture&imwidth=100","1010","tecoNe","98760","5625","88","17","182213","482","2332","true","false","Turkish","tecoNe"
"https://static-cdn.jtvnw.net/jtv_user_pictures/109ace-profile_image-579a869e5635763f-150x150.png?imenable=1&impolicy=user-profile-picture&imwidth=100","1011","철면수심 (109ace)","3743955","7005","3267","534","181915","2080","19160","true","false","Korean","철면수심 (109ace)"
"https://static-cdn.jtvnw.net/jtv_user_pictures/nukemdukem-profile_image-b652bade5eab5558-150x150.png?imenable=1&impolicy=user-profile-picture&imwidth=100","1012","NukemDukem","826845","9615","835","85","181897","2476","13127","true","false","English","NukemDukem"
"https://static-cdn.jtvnw.net/jtv_user_pictures/90cf618e-41d7-463f-94b0-80cd66b38a67-profile_image-150x150.png?imenable=1&impolicy=user-profile-picture&imwidth=100","1013","Pokket","3930690","5850","1919","671","181802","2076","38868","true","true","English","Pokket"
"https://static-cdn.jtvnw.net/jtv_user_pictures/6327cf1b-913f-4747-9515-e8f346879d9e-profile_image-150x150.png?imenable=1&impolicy=user-profile-picture&imwidth=100","1014","ChloeLock","293535","3690","774","79","180957","1476","10607","true","true","English","ChloeLock"
"https://static-cdn.jtvnw.net/jtv_user_pictures/6c63a1bce7805b3b-profile_image-150x150.png?imenable=1&impolicy=user-profile-picture&imwidth=100","1015","Arcadum","4905","1005","11","4","180897","1","49","true","false","English","Arcadum"
"https://static-cdn.jtvnw.net/jtv_user_pictures/dddf1838-b2f9-47a0-985b-7b686efd716e-profile_image-150x150.png?imenable=1&impolicy=user-profile-picture&imwidth=100","1016","QUICKHUNTIK","15","15","1","1","180872","0","0","true","false","Russian","QUICKHUNTIK"
"https://static-cdn.jtvnw.net/jtv_user_pictures/twoepicbuddies-profile_image-bf1947c19b2eed5e-150x150.png?imenable=1&impolicy=user-profile-picture&imwidth=100","1017","TwoEpicBuddies","4232400","1545","5675","2738","180815","16402","31856","true","false","German","TwoEpicBuddies"
"https://static-cdn.jtvnw.net/jtv_user_pictures/calebhart42-profile_image-7b4b7f6f663bf4a6-150x150.jpeg?imenable=1&impolicy=user-profile-picture&imwidth=100","1018","Calebhart42","5886720","8370","1445","702","180765","-141","21042","true","false","English","Calebhart42"
"https://static-cdn.jtvnw.net/jtv_user_pictures/bfd65c5b-3136-44be-83e3-05ec4bc1ccf7-profile_image-150x150.png?imenable=1&impolicy=user-profile-picture&imwidth=100","1019","Electrokidi","4231575","10650","1378","396","180756","2731","90801","true","false","Spanish","Electrokidi"
"https://static-cdn.jtvnw.net/jtv_user_pictures/c1e7281e-bab7-4faa-adad-78abaeb05756-profile_image-150x150.png?imenable=1&impolicy=user-profile-picture&imwidth=100","1020","Tangent","9429915","12630","1777","746","180752","3488","29576","true","false","English","Tangent"
"https://static-cdn.jtvnw.net/jtv_user_pictures/gorilanerd-profile_image-6c40baf921eddbe5-150x150.png?imenable=1&impolicy=user-profile-picture&imwidth=100","1021","GorilaNerd","5625465","8265","3050","680","180578","8438","72387","true","true","Spanish","GorilaNerd"
"https://static-cdn.jtvnw.net/jtv_user_pictures/2a10ce05-a150-49cd-8268-7a3661fd87b4-profile_image-150x150.jpg?imenable=1&impolicy=user-profile-picture&imwidth=100","1022","BeyondTheSummit2","6610305","2430","9245","2719","180464","618","167757","true","false","English","BeyondTheSummit2"
"https://static-cdn.jtvnw.net/jtv_user_pictures/problemwright-profile_image-b002907f396f414e-150x150.png?imenable=1&impolicy=user-profile-picture&imwidth=100","1023","ProblemWright","4291920","7860","2607","545","180211","2612","79565","true","false","English","ProblemWright"
"https://static-cdn.jtvnw.net/jtv_user_pictures/53755cd0003952b1-profile_image-150x150.png?imenable=1&impolicy=user-profile-picture&imwidth=100","1024","Richard_Hammer","17183970","9120","5339","1883","180087","560","49370","true","true","English","Richard_Hammer"
"https://static-cdn.jtvnw.net/jtv_user_pictures/0d2c2ac8-38be-4efb-96ff-76af59f931d2-profile_image-150x150.png?imenable=1&impolicy=user-profile-picture&imwidth=100","1025","device","4404705","2205","9646","1997","180076","14967","68293","true","false","English","device"
"https://static-cdn.jtvnw.net/jtv_user_pictures/keanelol-profile_image-63eac4aef801db54-150x150.png?imenable=1&impolicy=user-profile-picture&imwidth=100","1026","keanelol","1070715","4350","1163","245","180044","-34","9022","true","false","English","keanelol"
"https://static-cdn.jtvnw.net/jtv_user_pictures/04701284-c22b-47a3-a198-e5c0613a2aef-profile_image-150x150.jpg?imenable=1&impolicy=user-profile-picture&imwidth=100","1027","RedCityBoy23","5344335","17325","1195","308","179981","7357","12943","true","false","English","RedCityBoy23"
"https://static-cdn.jtvnw.net/jtv_user_pictures/9021632e-9520-469a-a8a9-0f1ee1eb8dca-profile_image-150x150.png?imenable=1&impolicy=user-profile-picture&imwidth=100","1028","Dheylo","237345","975","346","242","179950","461","5686","true","false","Spanish","Dheylo"
"https://static-cdn.jtvnw.net/jtv_user_pictures/953ab63f-bdf7-46b4-bd54-0f03ebfa7dc4-profile_image-150x150.jpg?imenable=1&impolicy=user-profile-picture&imwidth=100","1029","Milschbaum","265770","1845","292","143","179726","893","11859","true","false","German","Milschbaum"
"https://static-cdn.jtvnw.net/jtv_user_pictures/9f65791b-055f-4897-973e-46bb477886be-profile_image-150x150.png?imenable=1&impolicy=user-profile-picture&imwidth=100","1030","Sharp","5108295","13935","1581","366","179511","6576","56737","true","false","English","Sharp"
"https://static-cdn.jtvnw.net/jtv_user_pictures/t90official-profile_image-7fc20fb92b417c92-150x150.png?imenable=1&impolicy=user-profile-picture&imwidth=100","1031","T90Official","159315","3855","130","40","178977","167","1772","true","false","English","T90Official"
"https://static-cdn.jtvnw.net/jtv_user_pictures/jessicanigri-profile_image-ae80eb3b9b4bc5f9-150x150.jpeg?imenable=1&impolicy=user-profile-picture&imwidth=100","1032","jessicanigri","244485","105","2729","2328","178791","1885","14012","true","false","English","jessicanigri"
"https://static-cdn.jtvnw.net/jtv_user_pictures/36efff15-97e6-46af-9c3f-03e68c309fdc-profile_image-150x150.png?imenable=1&impolicy=user-profile-picture&imwidth=100","1033","illumina1337","2640","480","13","4","178472","4","41","true","false","English","illumina1337"
"https://static-cdn.jtvnw.net/jtv_user_pictures/e9ff7e10-cee6-40af-a887-741ff5cd5107-profile_image-150x150.jpg?imenable=1&impolicy=user-profile-picture&imwidth=100","1034","nappy","5491755","2070","10176","2652","178432","3625","36699","true","false","English","nappy"
"https://static-cdn.jtvnw.net/jtv_user_pictures/riotlan-profile_image-ace24cadb53c6b52-150x150.png?imenable=1&impolicy=user-profile-picture&imwidth=100","1035","RiotLAN","58830","75","1047","784","178410","39","0","true","false","Spanish","RiotLAN"
"https://static-cdn.jtvnw.net/jtv_user_pictures/0849c624-ea32-437a-85b6-0ee49ae4a729-profile_image-150x150.png?imenable=1&impolicy=user-profile-picture&imwidth=100","1036","SONII","95505","825","324","115","178229","121","1276","true","false","English","SONII"
"https://static-cdn.jtvnw.net/jtv_user_pictures/262bfb4688af2c15-profile_image-150x150.jpeg?imenable=1&impolicy=user-profile-picture&imwidth=100","1037","플러리 (flurry1989)","1136685","4125","951","275","178197","706","8783","true","false","Korean","플러리 (flurry1989)"
"https://static-cdn.jtvnw.net/jtv_user_pictures/6cd67dd3-f1f6-43df-a6e4-a4b0381054b0-profile_image-150x150.png?imenable=1&impolicy=user-profile-picture&imwidth=100","1038","Zade","270","45","7","6","178144","0","0","true","true","Turkish","Zade"
"https://static-cdn.jtvnw.net/jtv_user_pictures/zfg1-profile_image-2643dd004eceaf08-150x150.png?imenable=1&impolicy=user-profile-picture&imwidth=100","1039","Zfg1","2993415","2955","2176","1012","178050","2163","15071","true","false","English","Zfg1"
"https://static-cdn.jtvnw.net/jtv_user_pictures/28890604-3028-4d8e-ab0c-30bc4e73812b-profile_image-150x150.png?imenable=1&impolicy=user-profile-picture&imwidth=100","1040","Mr_Mammal","15072540","7905","8460","1906","178024","4514","66746","true","false","English","Mr_Mammal"
"https://static-cdn.jtvnw.net/jtv_user_pictures/4f371842-f9d0-44ce-af94-f2338691779b-profile_image-150x150.jpg?imenable=1&impolicy=user-profile-picture&imwidth=100","1041","SchviftyFive","2470935","14115","676","174","177889","3157","11903","true","true","English","SchviftyFive"
"https://static-cdn.jtvnw.net/jtv_user_pictures/d0b9d755-7d62-427e-afcc-17784545460c-profile_image-150x150.jpeg?imenable=1&impolicy=user-profile-picture&imwidth=100","1042","Sick_Nerd","1208325","1830","1296","659","177815","17","7232","true","false","English","Sick_Nerd"
"https://static-cdn.jtvnw.net/jtv_user_pictures/2ceffe1a-95cd-4928-aa90-d429346ce70c-profile_image-150x150.png?imenable=1&impolicy=user-profile-picture&imwidth=100","1043","y0nd","14097405","14700","5182","958","177723","3330","167733","true","false","Russian","y0nd"
"https://static-cdn.jtvnw.net/jtv_user_pictures/sumayyl-profile_image-d8f68c78cd65ee5d-150x150.jpeg?imenable=1&impolicy=user-profile-picture&imwidth=100","1044","sumayyl","4124895","570","12140","7236","177484","3663","25080","true","false","English","sumayyl"
"https://static-cdn.jtvnw.net/jtv_user_pictures/3ce6ba9a-43cf-4611-8025-315a841cbeca-profile_image-150x150.png?imenable=1&impolicy=user-profile-picture&imwidth=100","1045","TheRunningManZ","5282205","11805","957","446","177465","4141","28356","true","false","English","TheRunningManZ"
"https://static-cdn.jtvnw.net/jtv_user_pictures/060a655d-4560-43be-923b-a8af04a06e82-profile_image-150x150.png?imenable=1&impolicy=user-profile-picture&imwidth=100","1046","ChaseShaco","375","210","4","1","177438","3","11","true","false","English","ChaseShaco"
"https://static-cdn.jtvnw.net/jtv_user_pictures/a3aab897-9b06-447f-8ea4-0fe1c2351c98-profile_image-150x150.png?imenable=1&impolicy=user-profile-picture&imwidth=100","1047","NichtNilo","2728050","5415","1975","503","177370","16202","21375","true","true","German","NichtNilo"
"https://static-cdn.jtvnw.net/jtv_user_pictures/afe3f039-9c7d-4ba1-b1ba-fbfc22aaec15-profile_image-150x150.png?imenable=1&impolicy=user-profile-picture&imwidth=100","1048","Huahwi","4580880","7605","2528","601","177048","8305","42704","true","false","English","Huahwi"
"https://static-cdn.jtvnw.net/jtv_user_pictures/3db59963-eed6-4425-80dd-97f4c5ca9f49-profile_image-150x150.png?imenable=1&impolicy=user-profile-picture&imwidth=100","1049","AHugeGorilla","2476425","6510","1899","380","176778","4762","17005","true","false","English","AHugeGorilla"
"https://static-cdn.jtvnw.net/jtv_user_pictures/ziggydlive-profile_image-7c551aab8c3233e6-150x150.jpeg?imenable=1&impolicy=user-profile-picture&imwidth=100","1050","ZiggyDLive","8908125","6945","2679","1282","176765","1976","55549","true","false","English","ZiggyDLive"