"","","Channel","Watch time","Stream time","Peak viewers","Average viewers","Followers","Followers gained","Views gained","Partnered","Mature","Language",""
"https://static-cdn.jtvnw.net/jtv_user_pictures/d231cd26-bac8-4230-adcc-6383aa706037-profile_image-150x150.png?imenable=1&impolicy=user-profile-picture&imwidth=100","4301","pixl_pit","3975","465","20","8","37829","36","51","true","true","English","pixl_pit"
"https://static-cdn.jtvnw.net/jtv_user_pictures/9c2aca2d-36aa-4afa-ac23-0344e57becdb-profile_image-150x150.png?imenable=1&impolicy=user-profile-picture&imwidth=100","4302","Faellu","931845","8370","2572","110","37827","1535","11555","true","true","English","Faellu"
"https://static-cdn.jtvnw.net/jtv_user_pictures/ca542147-65da-4d43-90c2-2d0302653c71-profile_image-150x150.png?imenable=1&impolicy=user-profile-picture&imwidth=100","4303","PHombie","806355","6000","216","133","37827","987","3501","true","false","Russian","PHombie"
"https://static-cdn.jtvnw.net/jtv_user_pictures/5fcb7028-6e26-49d4-8495-dcce4ce543e9-profile_image-150x150.png?imenable=1&impolicy=user-profile-picture&imwidth=100","4304","rAx1337","76140","1635","159","46","37808","91","4371","true","false","German","rAx1337"
"https://static-cdn.jtvnw.net/jtv_user_pictures/05830a0b-cdaf-407e-b675-5c7b7ae5377d-profile_image-150x150.png?imenable=1&impolicy=user-profile-picture&imwidth=100","4305","KToWn____VaGzY","635250","7650","1975","82","37807","-1266","1464","false","false","English","KToWn____VaGzY"
"https://static-cdn.jtvnw.net/jtv_user_pictures/68144ea6-2fd1-4278-8602-37b7b464c75b-profile_image-150x150.png?imenable=1&impolicy=user-profile-picture&imwidth=100","4306","FyrBorne","24105","8100","13","2","37806","39","100","true","false","English","FyrBorne"
"https://static-cdn.jtvnw.net/jtv_user_pictures/geekdomo-profile_image-d30206fccf9febd4-150x150.png?imenable=1&impolicy=user-profile-picture&imwidth=100","4307","Geekdomo","1903200","10680","434","177","37803","-311","11121","true","true","English","Geekdomo"
"https://static-cdn.jtvnw.net/jtv_user_pictures/a0dc9831-a99e-412d-8d4d-b1f5e67ba852-profile_image-150x150.png?imenable=1&impolicy=user-profile-picture&imwidth=100","4308","Wyvern","1124085","9345","582","119","37795","390","6032","true","false","English","Wyvern"
"https://static-cdn.jtvnw.net/jtv_user_pictures/c3f0ed0eee842422-profile_image-150x150.jpeg?imenable=1&impolicy=user-profile-picture&imwidth=100","4309","mashed8","79545","585","187","135","37786","207","2010","true","true","German","mashed8"
"https://static-cdn.jtvnw.net/jtv_user_pictures/thyak-profile_image-bac8f78a33790612-150x150.png?imenable=1&impolicy=user-profile-picture&imwidth=100","4310","thyak","5027610","5550","1835","905","37783","2301","86239","true","false","Spanish","thyak"
"https://static-cdn.jtvnw.net/jtv_user_pictures/4c4fafe4-0b57-4ca7-9df2-c07f4f2ab545-profile_image-150x150.png?imenable=1&impolicy=user-profile-picture&imwidth=100","4311","KingBalor","529950","9045","174","58","37778","80","1497","true","false","English","KingBalor"
"https://static-cdn.jtvnw.net/jtv_user_pictures/korbendetka-profile_image-eeb7f500ac48bd20-150x150.png?imenable=1&impolicy=user-profile-picture&imwidth=100","4312","KorbenDetka","2411715","2385","1539","1010","37774","1582","35378","true","false","Russian","KorbenDetka"
"https://static-cdn.jtvnw.net/jtv_user_pictures/ero_g-profile_image-87791ca2c65f2e33-150x150.png?imenable=1&impolicy=user-profile-picture&imwidth=100","4313","ERO_G","410415","3150","1319","129","37770","-6981","7838","true","true","French","ERO_G"
"https://static-cdn.jtvnw.net/jtv_user_pictures/872804e9-bbab-4d41-9b5e-9d4a96dc3e3b-profile_image-150x150.png?imenable=1&impolicy=user-profile-picture&imwidth=100","4314","rapha","147480","1860","179","78","37756","316","1683","true","true","English","rapha"
"https://static-cdn.jtvnw.net/jtv_user_pictures/8ec41ec4-2efe-4852-bdfb-f9969715b1ca-profile_image-150x150.png?imenable=1&impolicy=user-profile-picture&imwidth=100","4315","TTinyyTV","14025","750","74","18","37712","43","189","true","false","English","TTinyyTV"
"https://static-cdn.jtvnw.net/jtv_user_pictures/045f4239-742c-4718-9203-f93a7156b486-profile_image-150x150.png?imenable=1&impolicy=user-profile-picture&imwidth=100","4316","hiimtwit","467055","3540","978","131","37703","622","3838","true","true","English","hiimtwit"
"https://static-cdn.jtvnw.net/jtv_user_pictures/szpero-profile_image-2d1988280287d8c9-150x150.jpeg?imenable=1&impolicy=user-profile-picture&imwidth=100","4317","SZPERO","319665","840","841","380","37689","1278","6440","true","false","Polish","SZPERO"
"https://static-cdn.jtvnw.net/jtv_user_pictures/9cfda4cf776683d9-profile_image-150x150.jpeg?imenable=1&impolicy=user-profile-picture&imwidth=100","4318","Harstem","206370","1395","1291","147","37682","184","2313","true","false","English","Harstem"
"https://static-cdn.jtvnw.net/jtv_user_pictures/02e4e9b4-276a-461d-81be-df81fcfc1d0a-profile_image-150x150.png?imenable=1&impolicy=user-profile-picture&imwidth=100","4319","JoelCP_","749580","11370","342","65","37681","738","1545","true","false","English","JoelCP_"
"https://static-cdn.jtvnw.net/jtv_user_pictures/e29afe507194ec42-profile_image-150x150.png?imenable=1&impolicy=user-profile-picture&imwidth=100","4320","SteelRain27","150795","8925","103","16","37679","399","515","true","true","English","SteelRain27"
"https://static-cdn.jtvnw.net/jtv_user_pictures/4ad6274e-3793-4f5c-8c18-898b1dfc019c-profile_image-150x150.png?imenable=1&impolicy=user-profile-picture&imwidth=100","4321","BeccisPlayground","104625","2115","128","48","37675","43","3395","true","true","German","BeccisPlayground"
"https://static-cdn.jtvnw.net/jtv_user_pictures/ryo_0814-profile_image-f409bbfe5e8945f7-150x150.jpeg?imenable=1&impolicy=user-profile-picture&imwidth=100","4322","盛夏微涼 (ryo_0814)","716565","3450","858","207","37655","718","23999","true","false","Chinese","盛夏微涼 (ryo_0814)"
"https://static-cdn.jtvnw.net/jtv_user_pictures/fisherman75931-profile_image-79091121b7c51e8f-150x150.png?imenable=1&impolicy=user-profile-picture&imwidth=100","4323","堯 (fisherman75931)","157440","1275","225","123","37643","533","5522","false","false","Chinese","堯 (fisherman75931)"
"https://static-cdn.jtvnw.net/jtv_user_pictures/osnplays-profile_image-168dcc37a9609350-150x150.png?imenable=1&impolicy=user-profile-picture&imwidth=100","4324","OSNPlays","328455","330","1494","994","37640","1545","1511","true","false","English","OSNPlays"
"https://static-cdn.jtvnw.net/jtv_user_pictures/f0da44b9-0bb8-4be5-8495-8ee3879d7d17-profile_image-150x150.png?imenable=1&impolicy=user-profile-picture&imwidth=100","4325","chrisraygun","6855","600","60","11","37638","55","108","true","false","English","chrisraygun"
"https://static-cdn.jtvnw.net/jtv_user_pictures/topangatv-profile_image-3961838839402c0c-150x150.png?imenable=1&impolicy=user-profile-picture&imwidth=100","4326","Topangatv","3490905","1065","5096","3277","37633","393","50370","true","false","Japanese","Topangatv"
"https://static-cdn.jtvnw.net/jtv_user_pictures/b748a2f1-a553-47e3-a89b-60d68a39222c-profile_image-150x150.png?imenable=1&impolicy=user-profile-picture&imwidth=100","4327","ClassyKatie","270660","2535","687","106","37614","394","1428","true","true","English","ClassyKatie"
"https://static-cdn.jtvnw.net/jtv_user_pictures/c1f58910-e264-427f-9c95-bbf8e7310efb-profile_image-150x150.png?imenable=1&impolicy=user-profile-picture&imwidth=100","4328","ScottCole","1077165","4020","536","267","37606","1928","2537","true","false","English","ScottCole"
"https://static-cdn.jtvnw.net/jtv_user_pictures/251637a6-d5ae-4f0d-807c-5a7243fa0a6a-profile_image-150x150.png?imenable=1&impolicy=user-profile-picture&imwidth=100","4329","GeeksEh","4020","1155","9","3","37601","5","19","true","false","English","GeeksEh"
"https://static-cdn.jtvnw.net/jtv_user_pictures/a7d390f0-188e-408b-a269-c5b72b7df544-profile_image-150x150.png?imenable=1&impolicy=user-profile-picture&imwidth=100","4330","ChampChong","24570","510","107","47","37597","351","703","true","false","English","ChampChong"
"https://static-cdn.jtvnw.net/jtv_user_pictures/7ce4bfdc-071d-4eda-a216-b4605edf3751-profile_image-150x150.png?imenable=1&impolicy=user-profile-picture&imwidth=100","4331","J0P_","2427810","2730","1851","888","37591","2252","23055","false","false","Finnish","J0P_"
"https://static-cdn.jtvnw.net/jtv_user_pictures/0f1fa2ca-bb44-418b-8288-ac224a359df1-profile_image-150x150.png?imenable=1&impolicy=user-profile-picture&imwidth=100","4332","CopaAmerica_ES1","981525","4200","678","233","37590","481","47443","true","false","Spanish","CopaAmerica_ES1"
"https://static-cdn.jtvnw.net/jtv_user_pictures/a6bcfefe-ad33-4c5a-a9a8-2f41af572ff3-profile_image-150x150.png?imenable=1&impolicy=user-profile-picture&imwidth=100","4333","katty_sun","1905525","7680","1838","247","37580","-313","34665","true","false","Russian","katty_sun"
"https://static-cdn.jtvnw.net/jtv_user_pictures/765ce89b-2304-4bc4-a4ab-637ef2fff01e-profile_image-150x150.jpeg?imenable=1&impolicy=user-profile-picture&imwidth=100","4334","Dacchei","13770","555","38","24","37571","74","294","true","true","English","Dacchei"
"https://static-cdn.jtvnw.net/jtv_user_pictures/59dde0e2-1c15-4e00-84d6-e762c66a6465-profile_image-150x150.png?imenable=1&impolicy=user-profile-picture&imwidth=100","4335","gunschilli","181530","3210","287","55","37556","64","1636","true","false","English","gunschilli"
"https://static-cdn.jtvnw.net/jtv_user_pictures/fad0abff-74df-4bcb-81a5-d39e98e27acc-profile_image-150x150.png?imenable=1&impolicy=user-profile-picture&imwidth=100","4336","TheManagator","942420","7245","580","129","37551","2482","3978","true","true","English","TheManagator"
"https://static-cdn.jtvnw.net/jtv_user_pictures/20b40f03-78dc-4b60-96c2-b60568e9f7e0-profile_image-150x150.png?imenable=1&impolicy=user-profile-picture&imwidth=100","4337","Anfieldw","675855","4215","405","159","37526","451","9591","true","false","English","Anfieldw"
"https://static-cdn.jtvnw.net/jtv_user_pictures/ab15e683-5bc3-4348-920b-d3dbea882ab9-profile_image-150x150.png?imenable=1&impolicy=user-profile-picture&imwidth=100","4338","Stivitybobo","395280","3045","544","129","37525","302","2328","true","true","English","Stivitybobo"
"https://static-cdn.jtvnw.net/jtv_user_pictures/cabd722d-40a0-43d4-bed1-231db51b4044-profile_image-150x150.png?imenable=1&impolicy=user-profile-picture&imwidth=100","4339","phix","89130","15195","41","5","37519","-656","477","true","false","English","phix"
"https://static-cdn.jtvnw.net/jtv_user_pictures/e33e6bf0-22a0-4a30-bad6-1332dd23d5a2-profile_image-150x150.jpg?imenable=1&impolicy=user-profile-picture&imwidth=100","4340","HelpingHans","1788390","10335","533","172","37511","461","20256","true","true","English","HelpingHans"
"https://static-cdn.jtvnw.net/jtv_user_pictures/fb24057f-2a24-40f9-b9c2-bff6197c36fc-profile_image-150x150.png?imenable=1&impolicy=user-profile-picture&imwidth=100","4341","Lazarus","21525","2610","29","7","37509","419","157","true","false","English","Lazarus"
"https://static-cdn.jtvnw.net/jtv_user_pictures/9fd99884-effd-4655-9cc3-8c052479d3b8-profile_image-150x150.png?imenable=1&impolicy=user-profile-picture&imwidth=100","4342","AustriansHope","443145","6300","259","69","37509","1287","3189","true","false","German","AustriansHope"
"https://static-cdn.jtvnw.net/jtv_user_pictures/028fd81e-1aec-43ca-920c-f595cac7a2d5-profile_image-150x150.png?imenable=1&impolicy=user-profile-picture&imwidth=100","4343","Bacon_Mom","47865","3780","116","12","37506","224","957","false","false","English","Bacon_Mom"
"https://static-cdn.jtvnw.net/jtv_user_pictures/a7e01b97-dd4a-4a1c-bdfe-9d782d604843-profile_image-150x150.png?imenable=1&impolicy=user-profile-picture&imwidth=100","4344","mackenseize","1486515","8685","409","170","37504","200","13183","true","true","English","mackenseize"
"https://static-cdn.jtvnw.net/jtv_user_pictures/e53ae4b4-2b50-4d52-946b-7c99087bd2ff-profile_image-150x150.png?imenable=1&impolicy=user-profile-picture&imwidth=100","4345","EliteDangerous","17895","150","161","119","37501","126","671","true","false","English","EliteDangerous"
"https://static-cdn.jtvnw.net/jtv_user_pictures/naniwasc2-profile_image-345195e6681919a0-150x150.jpeg?imenable=1&impolicy=user-profile-picture&imwidth=100","4346","NaNiwaSC2","2598615","3360","1778","773","37485","298","17260","true","false","Swedish","NaNiwaSC2"
"https://static-cdn.jtvnw.net/jtv_user_pictures/bruugar-profile_image-4f66155e3cd45f2e-150x150.jpeg?imenable=1&impolicy=user-profile-picture&imwidth=100","4347","Bruugar","573360","2160","679","264","37485","560","15362","true","true","German","Bruugar"
"https://static-cdn.jtvnw.net/jtv_user_pictures/stormstudio_csgob_ru-profile_image-dd9153dc6a16a1ab-150x150.png?imenable=1&impolicy=user-profile-picture&imwidth=100","4348","stormstudio_csgob_ru","5117790","1200","13513","4264","37477","3151","103738","true","false","","stormstudio_csgob_ru"
"https://static-cdn.jtvnw.net/jtv_user_pictures/19ecea29-6374-49f1-822d-a1716cb0611e-profile_image-150x150.png?imenable=1&impolicy=user-profile-picture&imwidth=100","4349","Lapis_Lauri","59865","2370","189","24","37474","92","452","true","false","English","Lapis_Lauri"
"https://static-cdn.jtvnw.net/jtv_user_pictures/8ac4334f-7bfd-48d6-b4cd-592dcdb75fa2-profile_image-150x150.png?imenable=1&impolicy=user-profile-picture&imwidth=100","4350","Bizkit047","1009830","3825","641","263","37443","465","4303","true","false","English","Bizkit047"