"","","Channel","Watch time","Stream time","Peak viewers","Average viewers","Followers","Followers gained","Views gained","Partnered","Mature","Language",""
"https://static-cdn.jtvnw.net/jtv_user_pictures/dd3487d6-bd0f-47fc-bda9-5aff0c9a3920-profile_image-150x150.png?imenable=1&impolicy=user-profile-picture&imwidth=100","3751","Iniquity","12240","420","44","28","44720","62","106","true","false","English","Iniquity"
"https://static-cdn.jtvnw.net/jtv_user_pictures/50e804d953cc0741-profile_image-150x150.png?imenable=1&impolicy=user-profile-picture&imwidth=100","3752","Morrigh4n","398790","7995","265","49","44718","923","6721","true","false","French","Morrigh4n"
"https://static-cdn.jtvnw.net/jtv_user_pictures/95b5b14d-28d1-4bad-b632-fc9e92930bcf-profile_image-150x150.png?imenable=1&impolicy=user-profile-picture&imwidth=100","3753","FTREFORMED","2550","240","15","10","44684","15","111","true","false","Spanish","FTREFORMED"
"https://static-cdn.jtvnw.net/jtv_user_pictures/8cfcffe7-017c-4e80-a5d8-2b69ddba64df-profile_image-150x150.png?imenable=1&impolicy=user-profile-picture&imwidth=100","3754","Kaylee","69120","4200","68","15","44683","-612","586","true","true","English","Kaylee"
"https://static-cdn.jtvnw.net/jtv_user_pictures/rik_leah-profile_image-7be04bc5f1ea093c-150x150.jpeg?imenable=1&impolicy=user-profile-picture&imwidth=100","3755","Rik_Leah","1881915","9600","364","195","44664","672","4896","true","true","Czech","Rik_Leah"
"https://static-cdn.jtvnw.net/jtv_user_pictures/xeniamullertv-profile_image-b8d4f9bf51b84615-150x150.png?imenable=1&impolicy=user-profile-picture&imwidth=100","3756","XeniaMullerTV","669165","11220","465","59","44658","2633","32335","false","false","English","XeniaMullerTV"
"https://static-cdn.jtvnw.net/jtv_user_pictures/0e6b486d-85ca-4309-9d50-1f9839557398-profile_image-150x150.png?imenable=1&impolicy=user-profile-picture&imwidth=100","3757","LarryX7","38520","555","115","69","44591","38","125","true","true","English","LarryX7"
"https://static-cdn.jtvnw.net/jtv_user_pictures/51752378-0efb-4b21-9ca4-14d3e482e85a-profile_image-150x150.png?imenable=1&impolicy=user-profile-picture&imwidth=100","3758","OgamingInter","21021840","5715","25455","3677","44569","2395","153774","true","false","English","OgamingInter"
"https://static-cdn.jtvnw.net/jtv_user_pictures/01dcbd2c-739d-4e5b-ad80-a58857ac4ff4-profile_image-150x150.png?imenable=1&impolicy=user-profile-picture&imwidth=100","3759","Harmaakorva","1140975","5205","528","218","44539","574","8309","true","false","Finnish","Harmaakorva"
"https://static-cdn.jtvnw.net/jtv_user_pictures/5eefe95f-b682-46ce-a2c7-6778264b5607-profile_image-150x150.png?imenable=1&impolicy=user-profile-picture&imwidth=100","3760","Baixarma","80955","1875","122","42","44536","856","8073","false","true","Portuguese","Baixarma"
"https://static-cdn.jtvnw.net/jtv_user_pictures/6bdc4a84-4c15-4b7e-aa56-7a12a411c250-profile_image-150x150.png?imenable=1&impolicy=user-profile-picture&imwidth=100","3761","BerkayBerksun","3975","435","19","8","44526","15","177","true","false","Turkish","BerkayBerksun"
"https://static-cdn.jtvnw.net/jtv_user_pictures/19fbf86a5d8814e4-profile_image-150x150.jpeg?imenable=1&impolicy=user-profile-picture&imwidth=100","3762","DeanabeanLive","169200","5100","132","32","44521","642","1603","true","false","English","DeanabeanLive"
"https://static-cdn.jtvnw.net/jtv_user_pictures/5a6f971f-e0d0-4cdf-996c-db825828af10-profile_image-150x150.png?imenable=1&impolicy=user-profile-picture&imwidth=100","3763","KhaledAloufi","165","90","6","1","44503","0","14","true","false","Arabic","KhaledAloufi"
"https://static-cdn.jtvnw.net/jtv_user_pictures/8608cddc-b242-4ff1-bcc9-3c101bde49f2-profile_image-150x150.jpg?imenable=1&impolicy=user-profile-picture&imwidth=100","3764","MichelleR","37230","1110","108","33","44495","91","602","true","true","English","MichelleR"
"https://static-cdn.jtvnw.net/jtv_user_pictures/justsaiyanhs-profile_image-a67018b14d3baea6-150x150.jpeg?imenable=1&impolicy=user-profile-picture&imwidth=100","3765","justsaiyanHS","5654775","4440","6031","1273","44492","1978","24145","true","false","English","justsaiyanHS"
"https://static-cdn.jtvnw.net/jtv_user_pictures/a6356d28-c9cd-42c0-ad3f-ab92d3e5fd35-profile_image-150x150.png?imenable=1&impolicy=user-profile-picture&imwidth=100","3766","Roxy_Rose","15345","2730","39","5","44478","51","320","true","true","Portuguese","Roxy_Rose"
"https://static-cdn.jtvnw.net/jtv_user_pictures/327bbb7e-b45a-4a1f-9937-a01fd087a4d2-profile_image-150x150.png?imenable=1&impolicy=user-profile-picture&imwidth=100","3767","cloutfc","825","930","5","0","44475","1","6","true","false","Spanish","cloutfc"
"https://static-cdn.jtvnw.net/jtv_user_pictures/liveatthebike-profile_image-9bb69830a41559ec-150x150.jpeg?imenable=1&impolicy=user-profile-picture&imwidth=100","3768","LiveattheBike","2961180","41025","748","71","44473","646","16645","false","true","English","LiveattheBike"
"https://static-cdn.jtvnw.net/jtv_user_pictures/nshadow-profile_image-f0684dfd4cafdd26-150x150.png?imenable=1&impolicy=user-profile-picture&imwidth=100","3769","NShadow","2990055","7740","1071","385","44441","1750","14234","true","false","English","NShadow"
"https://static-cdn.jtvnw.net/jtv_user_pictures/3389ddfe433c388b-profile_image-150x150.jpeg?imenable=1&impolicy=user-profile-picture&imwidth=100","3770","electrinchen","1041660","6240","933","166","44432","1132","19519","true","true","German","electrinchen"
"https://static-cdn.jtvnw.net/jtv_user_pictures/07f35d2a-9b45-4467-809c-1d842452fedb-profile_image-150x150.png?imenable=1&impolicy=user-profile-picture&imwidth=100","3771","majormaniak","161760","2880","243","55","44376","702","531","true","false","English","majormaniak"
"https://static-cdn.jtvnw.net/jtv_user_pictures/3ce78d0a-a86a-4f0d-aa45-6e0df056119d-profile_image-150x150.png?imenable=1&impolicy=user-profile-picture&imwidth=100","3772","Megs","27570","1035","51","26","44358","226","326","true","true","English","Megs"
"https://static-cdn.jtvnw.net/jtv_user_pictures/dexterjmanning-profile_image-1e2f49630aca3331-150x150.jpeg?imenable=1&impolicy=user-profile-picture&imwidth=100","3773","DexterJManning","666165","3270","481","203","44348","1546","7453","true","false","English","DexterJManning"
"https://static-cdn.jtvnw.net/jtv_user_pictures/scherpenkate-profile_image-b84bbe1be2fce171-150x150.png?imenable=1&impolicy=user-profile-picture&imwidth=100","3774","Scherpenkate","372750","2790","281","133","44347","995","3398","true","true","Dutch","Scherpenkate"
"https://static-cdn.jtvnw.net/jtv_user_pictures/solitarywolfxd-profile_image-792cd2bfc20e0ed1-150x150.png?imenable=1&impolicy=user-profile-picture&imwidth=100","3775","SolitaryWolfXD","565980","945","986","598","44341","667","6997","true","false","English","SolitaryWolfXD"
"https://static-cdn.jtvnw.net/jtv_user_pictures/eskayzockt-profile_image-6b1e38c3a33f5cc3-150x150.png?imenable=1&impolicy=user-profile-picture&imwidth=100","3776","EsKayZockt","755265","945","2008","798","44328","6528","5526","true","false","German","EsKayZockt"
"https://static-cdn.jtvnw.net/jtv_user_pictures/5c7c1e95-c5c9-4e91-9473-a099b2ec3b0e-profile_image-150x150.png?imenable=1&impolicy=user-profile-picture&imwidth=100","3777","Com2usUSA","346740","825","1183","419","44318","557","8874","false","false","English","Com2usUSA"
"https://static-cdn.jtvnw.net/jtv_user_pictures/d969142a-4c71-4e11-9dcf-7a337b6713a3-profile_image-150x150.png?imenable=1&impolicy=user-profile-picture&imwidth=100","3778","ItsHaber","1590","75","92","21","44307","-3","18","true","false","English","ItsHaber"
"https://static-cdn.jtvnw.net/jtv_user_pictures/rustlingrose-profile_image-2758888211497b9f-150x150.jpeg?imenable=1&impolicy=user-profile-picture&imwidth=100","3779","Rustlingrose","1104360","5475","966","201","44304","1299","12055","true","true","English","Rustlingrose"
"https://static-cdn.jtvnw.net/jtv_user_pictures/4fe80aff-b2c8-40f9-b661-4a9768d9bc78-profile_image-150x150.jpg?imenable=1&impolicy=user-profile-picture&imwidth=100","3780","Endeer98","25875","555","94","46","44299","417","1492","true","false","Spanish","Endeer98"
"https://static-cdn.jtvnw.net/jtv_user_pictures/yosoykush-profile_image-a33ed4b6a0c58a3f-150x150.png?imenable=1&impolicy=user-profile-picture&imwidth=100","3781","Yosoykush","51360","5055","26","9","44287","224","344","true","true","English","Yosoykush"
"https://static-cdn.jtvnw.net/jtv_user_pictures/89c8f2be-b4df-465a-9ade-3e8057f68caa-profile_image-150x150.png?imenable=1&impolicy=user-profile-picture&imwidth=100","3782","Mahyar","74535","795","155","93","44287","-209","610","true","false","English","Mahyar"
"https://static-cdn.jtvnw.net/jtv_user_pictures/twit-profile_image-bf9fbf560935e7cb-150x150.png?imenable=1&impolicy=user-profile-picture&imwidth=100","3783","TWiT","191655","43755","55","3","44280","-22","599","false","false","English","TWiT"
"https://static-cdn.jtvnw.net/jtv_user_pictures/74abc272-fdc3-41e2-a82c-eae10ddb2308-profile_image-150x150.png?imenable=1&impolicy=user-profile-picture&imwidth=100","3784","joaquimblaze","929775","8715","278","106","44273","4310","13444","true","false","English","joaquimblaze"
"https://static-cdn.jtvnw.net/jtv_user_pictures/e1c260a0-a57e-4d0a-aafe-ace45600bbc9-profile_image-150x150.png?imenable=1&impolicy=user-profile-picture&imwidth=100","3785","MSSH","573570","12000","112","47","44271","969","3219","true","true","Dutch","MSSH"
"https://static-cdn.jtvnw.net/jtv_user_pictures/231f3f73-d2cb-4cc5-bf43-c08b6bcf84db-profile_image-150x150.png?imenable=1&impolicy=user-profile-picture&imwidth=100","3786","Bayliun","36870","6195","24","5","44263","93","382","true","false","English","Bayliun"
"https://static-cdn.jtvnw.net/jtv_user_pictures/d8dbafd0-32b6-4aec-a581-17c78be7337c-profile_image-150x150.png?imenable=1&impolicy=user-profile-picture&imwidth=100","3787","ClamTaco","1344855","6390","381","209","44221","-59","5290","true","true","English","ClamTaco"
"https://static-cdn.jtvnw.net/jtv_user_pictures/182f9ce4-0a70-4a57-8f48-a2f232ba1284-profile_image-150x150.png?imenable=1&impolicy=user-profile-picture&imwidth=100","3788","steelegabr","862020","1950","1112","441","44192","2123","30153","true","false","Portuguese","steelegabr"
"https://static-cdn.jtvnw.net/jtv_user_pictures/8a864251-7b71-4ed2-a2cd-8dddb4bf48ee-profile_image-150x150.png?imenable=1&impolicy=user-profile-picture&imwidth=100","3789","Zilea","2509860","5850","2459","428","44121","1572","7404","true","false","English","Zilea"
"https://static-cdn.jtvnw.net/jtv_user_pictures/majintaj-profile_image-665aafdd20bc09eb-150x150.png?imenable=1&impolicy=user-profile-picture&imwidth=100","3790","MajinTaj","701475","11055","777","63","44106","350","2219","true","false","English","MajinTaj"
"https://static-cdn.jtvnw.net/jtv_user_pictures/58da5da75091939d-profile_image-150x150.png?imenable=1&impolicy=user-profile-picture&imwidth=100","3791","ManManGrindHard","1995","135","26","14","44056","42","9","true","true","English","ManManGrindHard"
"https://static-cdn.jtvnw.net/jtv_user_pictures/herrdekay-profile_image-64c656ea8a10815c-150x150.png?imenable=1&impolicy=user-profile-picture&imwidth=100","3792","HerrDekay","3222240","4545","1216","708","44046","232","54853","true","false","German","HerrDekay"
"https://static-cdn.jtvnw.net/jtv_user_pictures/86733bc5-59d2-4679-8412-8f671f109ff5-profile_image-150x150.png?imenable=1&impolicy=user-profile-picture&imwidth=100","3793","ToriksLV","320355","6660","181","47","44004","374","2036","true","true","English","ToriksLV"
"https://static-cdn.jtvnw.net/jtv_user_pictures/9c178d41-1083-439e-a6bd-945885114fad-profile_image-150x150.png?imenable=1&impolicy=user-profile-picture&imwidth=100","3794","oTioZero","675","195","6","3","44000","1","21","true","false","Portuguese","oTioZero"
"https://static-cdn.jtvnw.net/jtv_user_pictures/c1d7efc1-368a-430a-b494-15a8dc7dd211-profile_image-150x150.jpeg?imenable=1&impolicy=user-profile-picture&imwidth=100","3795","Cherry","264585","2325","289","113","43994","1439","2636","true","false","English","Cherry"
"https://static-cdn.jtvnw.net/jtv_user_pictures/d42126d0-ced1-4b1c-8c40-796467e5e010-profile_image-150x150.png?imenable=1&impolicy=user-profile-picture&imwidth=100","3796","Kalinuh","312675","7950","116","38","43965","421","2166","true","false","English","Kalinuh"
"https://static-cdn.jtvnw.net/jtv_user_pictures/tyky14-profile_image-5ea80fede2994265-150x150.jpeg?imenable=1&impolicy=user-profile-picture&imwidth=100","3797","TYKY14","341460","5745","122","58","43944","89","1279","true","false","Russian","TYKY14"
"https://static-cdn.jtvnw.net/jtv_user_pictures/cb20b70c-0d0e-4c0c-9867-2c92795050f1-profile_image-150x150.png?imenable=1&impolicy=user-profile-picture&imwidth=100","3798","teamcoco","144945","420","1199","344","43943","336","33409","true","false","English","teamcoco"
"https://static-cdn.jtvnw.net/jtv_user_pictures/75cad437-5e47-457d-ace7-d00025b7db45-profile_image-150x150.png?imenable=1&impolicy=user-profile-picture&imwidth=100","3799","Lyse4ka","1897755","4080","872","464","43933","4335","22233","true","false","Russian","Lyse4ka"
"https://static-cdn.jtvnw.net/jtv_user_pictures/themrzapasant-profile_image-c59eee291cf597e1-150x150.jpeg?imenable=1&impolicy=user-profile-picture&imwidth=100","3800","TheMrZapasant","26640","120","276","222","43928","59","0","true","false","English","TheMrZapasant"