"","","Channel","Watch time","Stream time","Peak viewers","Average viewers","Followers","Followers gained","Views gained","Partnered","Mature","Language",""
"https://static-cdn.jtvnw.net/jtv_user_pictures/b3e26b854632e115-profile_image-150x150.jpeg?imenable=1&impolicy=user-profile-picture&imwidth=100","62201","kokoD37","262245","6990","122","36","937","1086","660","false","false","Polish","kokoD37"
"https://static-cdn.jtvnw.net/jtv_user_pictures/bb55350f-bf0c-4500-beb8-fbe60fc786f6-profile_image-150x150.jpg?imenable=1&impolicy=user-profile-picture&imwidth=100","62202","poz_p","15","15","1","1","937","0","0","false","true","Arabic","poz_p"
"https://static-cdn.jtvnw.net/jtv_user_pictures/73b0b2fe-f756-4af7-a58d-a973ca49f8a1-profile_image-150x150.png?imenable=1&impolicy=user-profile-picture&imwidth=100","62203","schnekec","1575","1605","5","0","937","2","123","false","false","English","schnekec"
"https://static-cdn.jtvnw.net/jtv_user_pictures/a4d6c4cc-1e79-4712-ad6e-0c4d72b3df12-profile_image-150x150.png?imenable=1&impolicy=user-profile-picture&imwidth=100","62204","MathesDebull","3600","1050","7","3","937","0","208","false","true","English","MathesDebull"
"https://static-cdn.jtvnw.net/jtv_user_pictures/171cb2e0-d149-49a3-89f1-b567c1fad294-profile_image-150x150.png?imenable=1&impolicy=user-profile-picture&imwidth=100","62205","Edeanstuff","30","15","2","2","937","0","0","false","false","English","Edeanstuff"
"https://static-cdn.jtvnw.net/jtv_user_pictures/navarrolive-profile_image-1ccdddcf0aa51d58-150x150.png?imenable=1&impolicy=user-profile-picture&imwidth=100","62206","NavarroLive","240","105","6","1","937","-6","5","false","false","English","NavarroLive"
"https://static-cdn.jtvnw.net/jtv_user_pictures/unis0l-profile_image-634d8b45fc985c9d-150x150.jpeg?imenable=1&impolicy=user-profile-picture&imwidth=100","62207","Unis0l","945","705","7","1","937","-2","33","false","true","English","Unis0l"
"https://static-cdn.jtvnw.net/jtv_user_pictures/lacedtv-profile_image-86c3f46c0c790136-150x150.jpeg?imenable=1&impolicy=user-profile-picture&imwidth=100","62208","LacedTV","2190","195","15","10","937","27","21","false","false","English","LacedTV"
"https://static-cdn.jtvnw.net/jtv_user_pictures/piggleberry-profile_image-b34506f830299701-150x150.png?imenable=1&impolicy=user-profile-picture&imwidth=100","62209","Piggleberry","32190","3030","31","10","937","31","228","false","true","English","Piggleberry"
"https://static-cdn.jtvnw.net/jtv_user_pictures/838785a5-ace7-4c05-bd5c-79846e4c3590-profile_image-150x150.jpg?imenable=1&impolicy=user-profile-picture&imwidth=100","62210","Zathuw","61305","5340","101","11","937","-104","763","false","false","French","Zathuw"
"https://static-cdn.jtvnw.net/jtv_user_pictures/6ba8a6a8-df6a-41f9-9de5-eeacce8253a7-profile_image-150x150.png?imenable=1&impolicy=user-profile-picture&imwidth=100","62211","Cynne31","4125","765","16","4","937","9","28","false","false","English","Cynne31"
"https://static-cdn.jtvnw.net/jtv_user_pictures/a9098e62-9aa7-41c1-b4a4-bf636f6ba4eb-profile_image-150x150.png?imenable=1&impolicy=user-profile-picture&imwidth=100","62212","MissFoo","4155","1455","10","2","937","3","77","false","true","English","MissFoo"
"https://static-cdn.jtvnw.net/jtv_user_pictures/ca0d7215-19af-4d17-92a3-1c5de3b54ecb-profile_image-150x150.png?imenable=1&impolicy=user-profile-picture&imwidth=100","62213","Zekk_CC","12525","675","59","18","937","-368","20","false","false","English","Zekk_CC"
"https://static-cdn.jtvnw.net/jtv_user_pictures/jenthesweet123-profile_image-99590b062391ddc9-150x150.png?imenable=1&impolicy=user-profile-picture&imwidth=100","62214","Jenthesweet123","35610","1140","598","30","937","-62","46","false","true","English","Jenthesweet123"
"https://static-cdn.jtvnw.net/jtv_user_pictures/72e37d78-929d-42d5-a19c-62c22f5c1970-profile_image-150x150.jpeg?imenable=1&impolicy=user-profile-picture&imwidth=100","62215","sweetyinlove","180","165","3","1","936","2","11","false","true","German","sweetyinlove"
"https://static-cdn.jtvnw.net/jtv_user_pictures/83e0c94c-f2bd-4f2e-bce9-87be6d99e220-profile_image-150x150.png?imenable=1&impolicy=user-profile-picture&imwidth=100","62216","ayeDANG","45","45","2","1","936","0","0","false","true","English","ayeDANG"
"https://static-cdn.jtvnw.net/jtv_user_pictures/7075d68e-800c-4bb4-b296-f90162569a81-profile_image-150x150.png?imenable=1&impolicy=user-profile-picture&imwidth=100","62217","Stxcie","1260","120","16","10","936","10","3","false","false","English","Stxcie"
"https://static-cdn.jtvnw.net/jtv_user_pictures/demoriel7-profile_image-dc8010f0250e998a-150x150.jpeg?imenable=1&impolicy=user-profile-picture&imwidth=100","62218","Demoriel7","2985","1350","7","1","936","13","62","false","true","English","Demoriel7"
"https://static-cdn.jtvnw.net/jtv_user_pictures/d86f3c6e-584c-4579-958c-3e8d8e262101-profile_image-150x150.png?imenable=1&impolicy=user-profile-picture&imwidth=100","62219","INGEGAMERMX","105","165","3","0","936","2","2","false","false","Spanish","INGEGAMERMX"
"https://static-cdn.jtvnw.net/jtv_user_pictures/d1648530-1744-48d0-8aef-98846c1985b4-profile_image-150x150.png?imenable=1&impolicy=user-profile-picture&imwidth=100","62220","DIEFeuertomate","0","30","1","0","936","0","0","false","false","German","DIEFeuertomate"
"https://static-cdn.jtvnw.net/jtv_user_pictures/gizyus-profile_image-72062c14069c9031-150x150.jpeg?imenable=1&impolicy=user-profile-picture&imwidth=100","62221","GizyUS","3150","60","71","52","936","50","0","false","true","English","GizyUS"
"https://static-cdn.jtvnw.net/jtv_user_pictures/4ee41998-86c8-4602-a05e-0976f5a77c96-profile_image-150x150.png?imenable=1&impolicy=user-profile-picture&imwidth=100","62222","dbat123","34185","5205","32","6","936","13","461","false","true","Russian","dbat123"
"https://static-cdn.jtvnw.net/jtv_user_pictures/60423f34-8f91-4739-9967-4779a809628a-profile_image-150x150.png?imenable=1&impolicy=user-profile-picture&imwidth=100","62223","CellzSZN","90","45","4","1","936","1","0","false","false","English","CellzSZN"
"https://static-cdn.jtvnw.net/jtv_user_pictures/0b8408ae-82a0-4ce4-bd22-5f8fb6401e83-profile_image-150x150.png?imenable=1&impolicy=user-profile-picture&imwidth=100","62224","MadeUshipURpants","7275","2175","9","2","936","5","147","false","false","English","MadeUshipURpants"
"https://static-cdn.jtvnw.net/jtv_user_pictures/heavenslast-profile_image-08a0d0380436ecf8-150x150.jpeg?imenable=1&impolicy=user-profile-picture&imwidth=100","62225","HeavensLast","2805","2280","6","0","936","15","35","false","true","English","HeavensLast"
"https://static-cdn.jtvnw.net/jtv_user_pictures/a330c457-fdc3-41fc-8186-56f40bf97e42-profile_image-150x150.png?imenable=1&impolicy=user-profile-picture&imwidth=100","62226","JyJabbawockeez7","330","330","3","0","936","1","42","false","true","Spanish","JyJabbawockeez7"
"https://static-cdn.jtvnw.net/jtv_user_pictures/6bdc2ce7-e03d-4799-8e9a-23c5c8a71077-profile_image-150x150.png?imenable=1&impolicy=user-profile-picture&imwidth=100","62227","Holystream","525","105","7","4","936","0","8","false","true","Spanish","Holystream"
"https://static-cdn.jtvnw.net/jtv_user_pictures/sam0_0kek-profile_image-c79a1e560c8d7166-150x150.jpeg?imenable=1&impolicy=user-profile-picture&imwidth=100","62228","sam0_0kek","600","405","5","1","936","6","18","false","true","Slovak","sam0_0kek"
"https://static-cdn.jtvnw.net/jtv_user_pictures/96132cd9-7688-49a8-b2c9-9c0b35ed16de-profile_image-150x150.png?imenable=1&impolicy=user-profile-picture&imwidth=100","62229","Eyce_Man","135","135","2","1","936","1","2","false","true","English","Eyce_Man"
"https://static-cdn.jtvnw.net/jtv_user_pictures/22fb6cfc-39b3-4d48-a145-845ae3de1afc-profile_image-150x150.jpg?imenable=1&impolicy=user-profile-picture&imwidth=100","62230","chitadobr","30","30","2","1","936","0","7","false","true","Portuguese","chitadobr"
"https://static-cdn.jtvnw.net/jtv_user_pictures/1c1cb670-8ffd-47e8-b871-aeb6c36d75a3-profile_image-150x150.png?imenable=1&impolicy=user-profile-picture&imwidth=100","62231","NotAustinx","60","90","2","0","936","0","0","false","false","English","NotAustinx"
"https://static-cdn.jtvnw.net/jtv_user_pictures/36f8aa77-17f2-4b12-badb-c85ad41cdd3a-profile_image-150x150.png?imenable=1&impolicy=user-profile-picture&imwidth=100","62232","小ㅤㅤㅤㅤㅤ安 (xiaoanlol)","46890","6285","46","7","936","40","2407","false","false","Chinese","小ㅤㅤㅤㅤㅤ安 (xiaoanlol)"
"https://static-cdn.jtvnw.net/jtv_user_pictures/hazehoernchen94-profile_image-0b323a2fb1b4089d-150x150.jpeg?imenable=1&impolicy=user-profile-picture&imwidth=100","62233","Hazehoernchen94","105","60","5","1","936","2","21","false","true","Other","Hazehoernchen94"
"https://static-cdn.jtvnw.net/jtv_user_pictures/3951a35a-e8a2-49b2-9b37-8acfd9d1b5f7-profile_image-150x150.png?imenable=1&impolicy=user-profile-picture&imwidth=100","62234","JKaaiG","36450","6120","26","5","936","114","132","false","true","English","JKaaiG"
"https://static-cdn.jtvnw.net/jtv_user_pictures/kaspergutman-profile_image-3d53cd5e22c1e054-150x150.jpeg?imenable=1&impolicy=user-profile-picture&imwidth=100","62235","KasperGutman","75","75","2","1","936","0","0","false","false","English","KasperGutman"
"https://static-cdn.jtvnw.net/jtv_user_pictures/8d04620e-2e4c-4f4f-9be8-3df8979372c7-profile_image-150x150.png?imenable=1&impolicy=user-profile-picture&imwidth=100","62236","Sorn4","121245","11610","34","9","936","42","1282","false","true","Russian","Sorn4"
"https://static-cdn.jtvnw.net/jtv_user_pictures/erokhd-profile_image-8e21469e54bae7b0-150x150.jpeg?imenable=1&impolicy=user-profile-picture&imwidth=100","62237","ERokHD","315","1665","2","0","936","2","26","false","true","English","ERokHD"
"https://static-cdn.jtvnw.net/jtv_user_pictures/fd8c2cc2-e33a-46f0-82fb-9fe9664133c7-profile_image-150x150.png?imenable=1&impolicy=user-profile-picture&imwidth=100","62238","SigmaRue","1830","240","10","7","936","12","96","false","true","English","SigmaRue"
"https://static-cdn.jtvnw.net/jtv_user_pictures/1eeb9e62-c0ff-4fa5-9a7a-b21b1a8384bd-profile_image-150x150.jpg?imenable=1&impolicy=user-profile-picture&imwidth=100","62239","SkyZ06","0","60","1","0","936","0","0","false","false","French","SkyZ06"
"https://static-cdn.jtvnw.net/jtv_user_pictures/solonasau79-profile_image-a731c47cebfe7ab6-150x150.png?imenable=1&impolicy=user-profile-picture&imwidth=100","62240","SolonasAU79","45","60","1","0","936","0","27","false","false","Greek","SolonasAU79"
"https://static-cdn.jtvnw.net/jtv_user_pictures/k1cs1k-profile_image-f2e46052139349b0-150x150.jpeg?imenable=1&impolicy=user-profile-picture&imwidth=100","62241","K1CS1K","435","195","6","2","936","1","33","false","false","English","K1CS1K"
"https://static-cdn.jtvnw.net/jtv_user_pictures/373f4b9c-f207-413f-afac-c0e64775b3b2-profile_image-150x150.png?imenable=1&impolicy=user-profile-picture&imwidth=100","62242","Venem","4755","990","12","4","936","8","16","false","false","English","Venem"
"https://static-cdn.jtvnw.net/jtv_user_pictures/7536891e12f68fa1-profile_image-150x150.png?imenable=1&impolicy=user-profile-picture&imwidth=100","62243","Eninja81","6120","3780","6","1","936","10","58","false","true","English","Eninja81"
"https://static-cdn.jtvnw.net/jtv_user_pictures/5325fac54a524bb7-profile_image-150x150.jpeg?imenable=1&impolicy=user-profile-picture&imwidth=100","62244","RaaanzL","52170","6180","23","8","936","-2","756","false","true","German","RaaanzL"
"https://static-cdn.jtvnw.net/jtv_user_pictures/2d4cb90d-52e4-49c1-8d4e-67b3896b4087-profile_image-150x150.png?imenable=1&impolicy=user-profile-picture&imwidth=100","62245","CertifiedBunnie","20985","2415","47","8","936","66","209","false","false","English","CertifiedBunnie"
"https://static-cdn.jtvnw.net/jtv_user_pictures/agoney-profile_image-9efade7a26015544-150x150.png?imenable=1&impolicy=user-profile-picture&imwidth=100","62246","Agoney","8925","4620","9","1","936","4","42","false","true","English","Agoney"
"https://static-cdn.jtvnw.net/jtv_user_pictures/8d4e7f5c-1b1d-40bb-9c91-ecd7f285b644-profile_image-150x150.png?imenable=1&impolicy=user-profile-picture&imwidth=100","62247","Roon_sc2","19605","2220","30","8","936","21","434","false","false","German","Roon_sc2"
"https://static-cdn.jtvnw.net/jtv_user_pictures/cc1df793e452a5fc-profile_image-150x150.png?imenable=1&impolicy=user-profile-picture&imwidth=100","62248","ichacontv","1830","615","8","2","936","3","0","false","false","English","ichacontv"
"https://static-cdn.jtvnw.net/jtv_user_pictures/artemru93-profile_image-cf8594073657a18f-150x150.jpeg?imenable=1&impolicy=user-profile-picture&imwidth=100","62249","ArtemRu93","46305","4215","34","10","936","91","917","false","false","Russian","ArtemRu93"
"https://static-cdn.jtvnw.net/jtv_user_pictures/spriteling-profile_image-cc779ad4eb0c891d-150x150.jpeg?imenable=1&impolicy=user-profile-picture&imwidth=100","62250","spriteling","8055","1095","17","6","935","63","25","false","true","English","spriteling"
"https://static-cdn.jtvnw.net/jtv_user_pictures/concordpokertv-profile_image-018bd3b9a5802295-150x150.png?imenable=1&impolicy=user-profile-picture&imwidth=100","62251","ConcordPokerTV","1901400","5775","941","328","935","338","42590","false","false","English","ConcordPokerTV"
"https://static-cdn.jtvnw.net/jtv_user_pictures/7f9e4325-e9af-4419-b56a-7ffa9df67759-profile_image-150x150.png?imenable=1&impolicy=user-profile-picture&imwidth=100","62252","GliffOG","330","180","3","1","935","2","6","false","false","English","GliffOG"
"https://static-cdn.jtvnw.net/jtv_user_pictures/panamafrica_-profile_image-4ea3594bff6e87e2-150x150.jpeg?imenable=1&impolicy=user-profile-picture&imwidth=100","62253","panamafrica_","13950","720","147","19","935","52","563","false","true","Russian","panamafrica_"
"https://static-cdn.jtvnw.net/jtv_user_pictures/devillobo69-profile_image-a10de484ee0d335e-150x150.jpeg?imenable=1&impolicy=user-profile-picture&imwidth=100","62254","Devillobo69","11940","3270","14","3","935","42","370","false","true","English","Devillobo69"
"https://static-cdn.jtvnw.net/jtv_user_pictures/3ac77350-a36d-443f-859a-c8f63874a57e-profile_image-150x150.png?imenable=1&impolicy=user-profile-picture&imwidth=100","62255","Tylegn","225","240","1","0","935","1","13","false","true","English","Tylegn"
"https://static-cdn.jtvnw.net/jtv_user_pictures/3bd5ef33-6823-40ab-a04a-af881bdacac0-profile_image-150x150.png?imenable=1&impolicy=user-profile-picture&imwidth=100","62256","korsiiik","180","90","7","1","935","5","14","false","false","Other","korsiiik"
"https://static-cdn.jtvnw.net/jtv_user_pictures/da021a36-ed8a-4c13-97f9-c5a44ef89201-profile_image-150x150.png?imenable=1&impolicy=user-profile-picture&imwidth=100","62257","RickyMartinez","6750","285","39","23","935","19","205","false","false","English","RickyMartinez"
"https://static-cdn.jtvnw.net/jtv_user_pictures/de7e9121-8078-47ee-8e62-ea2d5ec4cba3-profile_image-150x150.png?imenable=1&impolicy=user-profile-picture&imwidth=100","62258","Araedi","150","135","3","1","935","0","0","false","true","English","Araedi"
"https://static-cdn.jtvnw.net/jtv_user_pictures/c97c5538-c738-4ecf-a876-4dd42c9b723c-profile_image-150x150.png?imenable=1&impolicy=user-profile-picture&imwidth=100","62259","vSmudgerr","3885","2085","7","1","935","15","49","false","false","English","vSmudgerr"
"https://static-cdn.jtvnw.net/jtv_user_pictures/c381320e-f94c-4a0b-86ff-155646c98a0a-profile_image-150x150.jpg?imenable=1&impolicy=user-profile-picture&imwidth=100","62260","k4llaghars","8880","480","44","18","935","28","505","false","false","Spanish","k4llaghars"
"https://static-cdn.jtvnw.net/jtv_user_pictures/pixelconnect-profile_image-1f15b58ce0891856-150x150.jpeg?imenable=1&impolicy=user-profile-picture&imwidth=100","62261","pixelconnect","8760","855","22","9","935","48","76","false","false","German","pixelconnect"
"https://static-cdn.jtvnw.net/jtv_user_pictures/diemitdercon-profile_image-e2e912b8d8097fff-150x150.jpeg?imenable=1&impolicy=user-profile-picture&imwidth=100","62262","DieMitDerCon","360","90","7","4","935","0","0","false","true","German","DieMitDerCon"
"https://static-cdn.jtvnw.net/jtv_user_pictures/3c7aeca2-bbc3-4f6c-bbe2-3536f31ca0f3-profile_image-150x150.png?imenable=1&impolicy=user-profile-picture&imwidth=100","62263","DORKZdotnet","1605","870","3","1","935","1","4","false","false","English","DORKZdotnet"
"https://static-cdn.jtvnw.net/jtv_user_pictures/a3db6def-aa24-485e-a2ea-1517d3df1fa3-profile_image-150x150.jpeg?imenable=1&impolicy=user-profile-picture&imwidth=100","62264","bradyaraoy","9825","495","35","19","935","16","710","false","false","Chinese","bradyaraoy"
"https://static-cdn.jtvnw.net/jtv_user_pictures/kanesolo-profile_image-e8063ce5a28ba0bc-150x150.jpeg?imenable=1&impolicy=user-profile-picture&imwidth=100","62265","kanesolo","4845","330","38","14","935","0","49","false","true","Russian","kanesolo"
"https://static-cdn.jtvnw.net/jtv_user_pictures/heroiczephyr-profile_image-39d03333f72e476f-150x150.png?imenable=1&impolicy=user-profile-picture&imwidth=100","62266","HeroicZephyr","885","705","3","1","935","4","54","false","false","English","HeroicZephyr"
"https://static-cdn.jtvnw.net/jtv_user_pictures/166ca698-913c-4f07-988e-8e356f7ca121-profile_image-150x150.png?imenable=1&impolicy=user-profile-picture&imwidth=100","62267","bigmike_tv_","1080","195","8","5","935","-17","57","false","true","German","bigmike_tv_"
"https://static-cdn.jtvnw.net/jtv_user_pictures/alperozer-profile_image-3c667c5016f968ba-150x150.jpeg?imenable=1&impolicy=user-profile-picture&imwidth=100","62268","AlperOzer","60","15","4","4","935","0","0","false","false","Turkish","AlperOzer"
"https://static-cdn.jtvnw.net/jtv_user_pictures/3227bae6-b107-4311-bc92-ad3ef32072f9-profile_image-150x150.png?imenable=1&impolicy=user-profile-picture&imwidth=100","62269","AizenKyoga","480","645","3","0","935","0","10","false","true","French","AizenKyoga"
"https://static-cdn.jtvnw.net/jtv_user_pictures/056d53f3-0ac5-445c-abf2-01a4e8789927-profile_image-150x150.png?imenable=1&impolicy=user-profile-picture&imwidth=100","62270","divinesiatv","33885","2640","67","12","935","16","269","false","true","Finnish","divinesiatv"
"https://static-cdn.jtvnw.net/jtv_user_pictures/jpcoovert-profile_image-33cfcd26a3849720-150x150.jpeg?imenable=1&impolicy=user-profile-picture&imwidth=100","62271","jpcoovert","10110","1920","10","4","935","37","102","false","false","English","jpcoovert"
"https://static-cdn.jtvnw.net/jtv_user_pictures/abb522d5-6875-4ad3-a092-4143b28f5b4b-profile_image-150x150.png?imenable=1&impolicy=user-profile-picture&imwidth=100","62272","sabotageexe","1980","1170","5","1","935","2","3","false","false","Danish","sabotageexe"
"https://static-cdn.jtvnw.net/jtv_user_pictures/ed1c790d-6645-421d-8963-620ddc1f6aaa-profile_image-150x150.png?imenable=1&impolicy=user-profile-picture&imwidth=100","62273","Celila","16155","915","43","17","935","37","189","false","true","English","Celila"
"https://static-cdn.jtvnw.net/jtv_user_pictures/bb7e3afd-672e-4f2b-ad4b-299c7c598fd3-profile_image-150x150.png?imenable=1&impolicy=user-profile-picture&imwidth=100","62274","ExplicitBling","28365","5085","55","5","935","34","128","false","true","English","ExplicitBling"
"https://static-cdn.jtvnw.net/jtv_user_pictures/mcdrobeknt-profile_image-7f80089611153d58-150x150.jpeg?imenable=1&impolicy=user-profile-picture&imwidth=100","62275","McDrobekNT","9990","2790","17","3","935","53","148","false","false","Czech","McDrobekNT"
"https://static-cdn.jtvnw.net/jtv_user_pictures/grackis-profile_image-8c18528bd9ccc287-150x150.jpeg?imenable=1&impolicy=user-profile-picture&imwidth=100","62276","Grackis","28005","7560","21","3","935","-176","153","true","false","English","Grackis"
"https://static-cdn.jtvnw.net/jtv_user_pictures/09ef68c0-32e2-438b-96b1-3f4b087e93a2-profile_image-150x150.png?imenable=1&impolicy=user-profile-picture&imwidth=100","62277","PartizanN1","270","210","4","1","935","-38","22","false","false","Russian","PartizanN1"
"https://static-cdn.jtvnw.net/jtv_user_pictures/sfcsteini-profile_image-e0d9e8ed9092c6af-150x150.jpeg?imenable=1&impolicy=user-profile-picture&imwidth=100","62278","SfcSteini","4305","1335","11","2","935","-127","169","false","true","German","SfcSteini"
"https://static-cdn.jtvnw.net/jtv_user_pictures/9096522d-dd03-4cf2-ba3b-c8e930806c89-profile_image-150x150.png?imenable=1&impolicy=user-profile-picture&imwidth=100","62279","Nazralla","480","285","2","1","935","0","3","false","true","English","Nazralla"
"https://static-cdn.jtvnw.net/jtv_user_pictures/bd8f0c41-c7a3-449f-964d-bccb31fcbf65-profile_image-150x150.png?imenable=1&impolicy=user-profile-picture&imwidth=100","62280","Trenton_Pottruff","1455","210","11","6","935","6","13","false","false","English","Trenton_Pottruff"
"https://static-cdn.jtvnw.net/jtv_user_pictures/slavokiller-profile_image-6db0bf7873398bc0-150x150.jpeg?imenable=1&impolicy=user-profile-picture&imwidth=100","62281","slavokiller","15","15","1","1","935","0","0","false","false","Czech","slavokiller"
"https://static-cdn.jtvnw.net/jtv_user_pictures/32aad8fa-b6ee-408b-a6ca-ad3e0d552a63-profile_image-150x150.png?imenable=1&impolicy=user-profile-picture&imwidth=100","62282","MunsterrTV","0","30","0","0","935","0","0","false","false","English","MunsterrTV"
"https://static-cdn.jtvnw.net/jtv_user_pictures/bigseantv-profile_image-1fa80365dcd23b61-150x150.jpeg?imenable=1&impolicy=user-profile-picture&imwidth=100","62283","BigSeanTV","8835","3240","9","2","935","53","99","false","false","English","BigSeanTV"
"https://static-cdn.jtvnw.net/jtv_user_pictures/ab4b7ed29004d690-profile_image-150x150.jpeg?imenable=1&impolicy=user-profile-picture&imwidth=100","62284","TheDecalCaptain","23190","5130","11","3","935","-91","221","false","false","English","TheDecalCaptain"
"https://static-cdn.jtvnw.net/jtv_user_pictures/hazelton316-profile_image-30113fbccc5051e4-150x150.jpeg?imenable=1&impolicy=user-profile-picture&imwidth=100","62285","Hazelton316","570","180","6","2","935","-9","2","false","false","English","Hazelton316"
"https://static-cdn.jtvnw.net/jtv_user_pictures/alexwealder-profile_image-6e7f9d66a9177fea-150x150.jpeg?imenable=1&impolicy=user-profile-picture&imwidth=100","62286","AlexWealder","33435","3045","44","10","935","15","169","false","true","English","AlexWealder"
"https://static-cdn.jtvnw.net/jtv_user_pictures/ayoxpose-profile_image-c888cbbb355138cd-150x150.jpeg?imenable=1&impolicy=user-profile-picture&imwidth=100","62287","ayoxpose","0","45","0","0","934","0","0","false","false","English","ayoxpose"
"https://static-cdn.jtvnw.net/jtv_user_pictures/c3rberu55-profile_image-14018fc5baad7af7-150x150.jpeg?imenable=1&impolicy=user-profile-picture&imwidth=100","62288","c3rberu55","330","285","3","1","934","0","43","false","false","English","c3rberu55"
"https://static-cdn.jtvnw.net/jtv_user_pictures/41fb1276-25b3-4915-8fa8-2f32687b7f88-profile_image-150x150.png?imenable=1&impolicy=user-profile-picture&imwidth=100","62289","gympojken","555","270","9","1","934","6","15","false","false","Swedish","gympojken"
"https://static-cdn.jtvnw.net/jtv_user_pictures/e2f27d0d-4a88-48c5-aa0f-2fcb8a9df343-profile_image-150x150.png?imenable=1&impolicy=user-profile-picture&imwidth=100","62290","SrConsta","750","135","8","5","934","5","22","false","false","Portuguese","SrConsta"
"https://static-cdn.jtvnw.net/jtv_user_pictures/7f13680bc229ea38-profile_image-150x150.jpeg?imenable=1&impolicy=user-profile-picture&imwidth=100","62291","Tter561081","111015","6120","48","17","934","81","1868","false","true","Chinese","Tter561081"
"https://static-cdn.jtvnw.net/jtv_user_pictures/25290330-0591-405a-85b3-d2c514fbe328-profile_image-150x150.png?imenable=1&impolicy=user-profile-picture&imwidth=100","62292","Drodarious","1170","1110","4","0","934","2","6","false","true","English","Drodarious"
"https://static-cdn.jtvnw.net/jtv_user_pictures/cb0888fe-fc00-4d94-ac22-701636088d0c-profile_image-150x150.png?imenable=1&impolicy=user-profile-picture&imwidth=100","62293","Jon_Jagger","3390","990","7","2","934","17","15","false","true","English","Jon_Jagger"
"https://static-cdn.jtvnw.net/jtv_user_pictures/727938ac-a657-4127-81de-991a3e0ca65b-profile_image-150x150.png?imenable=1&impolicy=user-profile-picture&imwidth=100","62294","ThatManMocha","1755","1590","5","0","934","18","20","false","true","English","ThatManMocha"
"https://static-cdn.jtvnw.net/jtv_user_pictures/c759e852-9b4c-4b8b-b23a-562290749157-profile_image-150x150.png?imenable=1&impolicy=user-profile-picture&imwidth=100","62295","DulcetRefrain","30","30","2","1","934","0","0","false","false","English","DulcetRefrain"
"https://static-cdn.jtvnw.net/jtv_user_pictures/3b4e4223-2989-49ef-aae2-826109b28196-profile_image-150x150.png?imenable=1&impolicy=user-profile-picture&imwidth=100","62296","tudobomcomvoocs","3330","1410","5","1","934","3","72","false","true","Portuguese","tudobomcomvoocs"
"https://static-cdn.jtvnw.net/jtv_user_pictures/21aef1ef-804f-4bb3-b840-e002b6c6912b-profile_image-150x150.png?imenable=1&impolicy=user-profile-picture&imwidth=100","62297","We_Beam_TV","5565","2415","16","1","934","-478","96","false","false","English","We_Beam_TV"
"https://static-cdn.jtvnw.net/jtv_user_pictures/6cdc2667-ff45-4c1a-bbdf-23fd8468fb81-profile_image-150x150.png?imenable=1&impolicy=user-profile-picture&imwidth=100","62298","LIGHTBRINGER_OW","495","210","5","2","934","0","4","false","true","English","LIGHTBRINGER_OW"
"https://static-cdn.jtvnw.net/jtv_user_pictures/cd8f3bd4-589a-459b-928f-e85dd81b0cbd-profile_image-150x150.png?imenable=1&impolicy=user-profile-picture&imwidth=100","62299","AquaTheEuphoriaGirl","13620","2070","19","6","934","55","133","false","true","English","AquaTheEuphoriaGirl"
"https://static-cdn.jtvnw.net/jtv_user_pictures/2d5cbb60-6cdb-432a-93ca-b1f278c9c304-profile_image-150x150.png?imenable=1&impolicy=user-profile-picture&imwidth=100","62300","vyzen117","15","15","1","1","934","0","0","false","true","German","vyzen117"