"","","Channel","Watch time","Stream time","Peak viewers","Average viewers","Followers","Followers gained","Views gained","Partnered","Mature","Language",""
"https://static-cdn.jtvnw.net/jtv_user_pictures/57215a41b2b0ca56-profile_image-150x150.png?imenable=1&impolicy=user-profile-picture&imwidth=100","58801","musicolegaming","0","60","0","0","1026","0","0","false","false","English","musicolegaming"
"https://static-cdn.jtvnw.net/jtv_user_pictures/10675eaf-53d7-49a3-a65e-4d43b2a93f2c-profile_image-150x150.png?imenable=1&impolicy=user-profile-picture&imwidth=100","58802","VesardLIVE","0","15","0","0","1026","0","0","false","false","Polish","VesardLIVE"
"https://static-cdn.jtvnw.net/jtv_user_pictures/deplore-profile_image-167cc3436ed47897-150x150.jpeg?imenable=1&impolicy=user-profile-picture&imwidth=100","58803","Deplore","4155","735","13","5","1026","9","35","false","false","English","Deplore"
"https://static-cdn.jtvnw.net/jtv_user_pictures/hiddenlipp-profile_image-5307aa117125f714-150x150.png?imenable=1&impolicy=user-profile-picture&imwidth=100","58804","HiddenLipp","240","240","3","0","1026","7","11","false","true","English","HiddenLipp"
"https://static-cdn.jtvnw.net/jtv_user_pictures/fc25fe6a-f2ec-463b-bfc8-bbefbc9c2980-profile_image-150x150.png?imenable=1&impolicy=user-profile-picture&imwidth=100","58805","HellaJulian","270","300","3","0","1026","3","10","false","true","English","HellaJulian"
"https://static-cdn.jtvnw.net/jtv_user_pictures/1b87449a-7f9c-4d50-ac94-33728238004b-profile_image-150x150.png?imenable=1&impolicy=user-profile-picture&imwidth=100","58806","JotaVDn1","10140","4815","23","1","1026","54","231","false","true","Spanish","JotaVDn1"
"https://static-cdn.jtvnw.net/jtv_user_pictures/b6cbc260-b2e1-4aa7-9fed-31a5dea272b8-profile_image-150x150.png?imenable=1&impolicy=user-profile-picture&imwidth=100","58807","Druelbozo","109830","4260","56","25","1026","233","1904","false","false","English","Druelbozo"
"https://static-cdn.jtvnw.net/jtv_user_pictures/5f7386a6-8794-4d16-86b7-db1c511d2bc3-profile_image-150x150.png?imenable=1&impolicy=user-profile-picture&imwidth=100","58808","ransomeplayss","0","15","0","0","1026","0","0","false","false","English","ransomeplayss"
"https://static-cdn.jtvnw.net/jtv_user_pictures/dydg73-profile_image-42e35c40e244e206-150x150.png?imenable=1&impolicy=user-profile-picture&imwidth=100","58809","Dydg73","135885","11250","103","11","1026","1037","1580","false","true","French","Dydg73"
"https://static-cdn.jtvnw.net/jtv_user_pictures/wild_sushi-profile_image-70ef5d1cb7e6a241-150x150.png?imenable=1&impolicy=user-profile-picture&imwidth=100","58810","Wild_Sushi","90","15","6","6","1026","0","0","false","false","","Wild_Sushi"
"https://static-cdn.jtvnw.net/jtv_user_pictures/5bdf3e46-408d-4dce-8ffb-49fb49087126-profile_image-150x150.png?imenable=1&impolicy=user-profile-picture&imwidth=100","58811","mystic_girl_","105","375","3","0","1026","4","7","false","true","English","mystic_girl_"
"https://static-cdn.jtvnw.net/jtv_user_pictures/voodooironheart-profile_image-3351dd5dafba8848-150x150.jpeg?imenable=1&impolicy=user-profile-picture&imwidth=100","58812","VoodooIronHeart","1095","135","17","7","1026","5","88","true","false","Russian","VoodooIronHeart"
"https://static-cdn.jtvnw.net/jtv_user_pictures/93a544b2-376b-4463-9b15-eb357ac97f3a-profile_image-150x150.png?imenable=1&impolicy=user-profile-picture&imwidth=100","58813","Skaanz","990","210","8","4","1026","0","16","false","false","Spanish","Skaanz"
"http://static-cdn.jtvnw.net/jtv_user_pictures/twaitez-profile_image-14b97fd7b52938cf-150x150.jpeg?imenable=1&impolicy=user-profile-picture&imwidth=100","58814","twaitEZ","8130","105","80","77","1026","2","0","false","true","","twaitEZ"
"https://static-cdn.jtvnw.net/jtv_user_pictures/c6676977-6690-475d-bb0c-5452040a720e-profile_image-150x150.png?imenable=1&impolicy=user-profile-picture&imwidth=100","58815","Customizati0n","7440","1980","40","3","1026","876","10736","false","true","English","Customizati0n"
"https://static-cdn.jtvnw.net/jtv_user_pictures/4a649623-ae83-47e1-acf5-4c14b55061f1-profile_image-150x150.png?imenable=1&impolicy=user-profile-picture&imwidth=100","58816","TwichuemSMaxom","6375","585","25","10","1026","43","248","false","false","Russian","TwichuemSMaxom"
"https://static-cdn.jtvnw.net/jtv_user_pictures/8676d341-7fb2-4f7c-909f-08717516132b-profile_image-150x150.png?imenable=1&impolicy=user-profile-picture&imwidth=100","58817","gomanx_","180","90","7","1","1026","0","3","false","true","Portuguese","gomanx_"
"https://static-cdn.jtvnw.net/jtv_user_pictures/9456f0a6-1fd0-4112-a52b-8bb81ecd5543-profile_image-150x150.png?imenable=1&impolicy=user-profile-picture&imwidth=100","58818","GanstFeveral","615","390","4","1","1026","3","19","false","false","Russian","GanstFeveral"
"https://static-cdn.jtvnw.net/jtv_user_pictures/0f60c98062e26145-profile_image-150x150.png?imenable=1&impolicy=user-profile-picture&imwidth=100","58819","Husky_King","195","180","2","1","1026","0","7","false","true","English","Husky_King"
"https://static-cdn.jtvnw.net/jtv_user_pictures/sliqkilla-profile_image-c695d6763ea53038-150x150.png?imenable=1&impolicy=user-profile-picture&imwidth=100","58820","SliqKilla","360","45","8","8","1026","0","-2","false","false","English","SliqKilla"
"https://static-cdn.jtvnw.net/jtv_user_pictures/6d732923-7ec6-461e-92c0-c3969fb07a5c-profile_image-150x150.png?imenable=1&impolicy=user-profile-picture&imwidth=100","58821","ManBlueFR","9825","1515","43","6","1026","165","332","false","false","French","ManBlueFR"
"https://static-cdn.jtvnw.net/jtv_user_pictures/f69b2c6b-f8fa-4a2c-8815-5fcaa96252b9-profile_image-150x150.png?imenable=1&impolicy=user-profile-picture&imwidth=100","58822","sfshadow","2640","1755","7","1","1026","3","12","false","false","English","sfshadow"
"https://static-cdn.jtvnw.net/jtv_user_pictures/3c5c4d2a-3dfe-42b2-8256-d3808cfc390d-profile_image-150x150.png?imenable=1&impolicy=user-profile-picture&imwidth=100","58823","EpicVoiceGuy","930","180","9","4","1026","21","80","false","false","English","EpicVoiceGuy"
"https://static-cdn.jtvnw.net/jtv_user_pictures/0bdaf57b-4051-40bf-873a-11e34337fa15-profile_image-150x150.png?imenable=1&impolicy=user-profile-picture&imwidth=100","58824","MaweeKOKO","30","30","2","1","1026","0","0","false","true","French","MaweeKOKO"
"https://static-cdn.jtvnw.net/jtv_user_pictures/a806f64d-2d5d-4715-a5cf-9f46416e5e88-profile_image-150x150.jpg?imenable=1&impolicy=user-profile-picture&imwidth=100","58825","ScoutDawson","5940","2115","11","2","1026","67","67","false","true","English","ScoutDawson"
"https://static-cdn.jtvnw.net/jtv_user_pictures/themagikhour-profile_image-3dafdc834fe83def-150x150.jpeg?imenable=1&impolicy=user-profile-picture&imwidth=100","58826","TheMagikHour","165","135","3","1","1026","0","4","false","false","","TheMagikHour"
"https://static-cdn.jtvnw.net/jtv_user_pictures/ggamersprotv-profile_image-965356ab638a46da-150x150.png?imenable=1&impolicy=user-profile-picture&imwidth=100","58827","GGamersProTV","750","810","3","0","1026","-31","44","false","false","","GGamersProTV"
"https://static-cdn.jtvnw.net/jtv_user_pictures/c966b884-e6d9-4b55-9429-a4c72e2cce7c-profile_image-150x150.png?imenable=1&impolicy=user-profile-picture&imwidth=100","58828","Hail4Gaming","45","45","2","1","1026","0","0","false","true","English","Hail4Gaming"
"https://static-cdn.jtvnw.net/jtv_user_pictures/310a1549be0987ff-profile_image-150x150.jpeg?imenable=1&impolicy=user-profile-picture&imwidth=100","58829","yung1H","1860","570","40","2","1026","45","78","false","false","English","yung1H"
"https://static-cdn.jtvnw.net/jtv_user_pictures/squishei-profile_image-16da0a414bfb3481-150x150.jpeg?imenable=1&impolicy=user-profile-picture&imwidth=100","58830","Squishei","300","375","6","0","1026","3","6","false","false","English","Squishei"
"https://static-cdn.jtvnw.net/jtv_user_pictures/a0bac9e5-de2b-4b56-b6dc-76702df1b98a-profile_image-150x150.png?imenable=1&impolicy=user-profile-picture&imwidth=100","58831","該逼 (gaiby)","15","15","1","1","1026","0","0","false","true","Chinese","該逼 (gaiby)"
"https://static-cdn.jtvnw.net/jtv_user_pictures/tapegaming-profile_image-db3e9a6051d16c82-150x150.jpeg?imenable=1&impolicy=user-profile-picture&imwidth=100","58832","TAPEGaming","3090","105","36","29","1026","7","51","false","false","English","TAPEGaming"
"https://static-cdn.jtvnw.net/jtv_user_pictures/fastkarate-profile_image-bb8523e1f0285d9a-150x150.png?imenable=1&impolicy=user-profile-picture&imwidth=100","58833","fastkarate","38925","3045","21","12","1026","3","235","false","true","English","fastkarate"
"https://static-cdn.jtvnw.net/jtv_user_pictures/manojoas-profile_image-a38fc9f2c380e3b5-150x150.jpeg?imenable=1&impolicy=user-profile-picture&imwidth=100","58834","ManoJoas","3600","960","10","3","1026","10","304","false","true","Portuguese","ManoJoas"
"https://static-cdn.jtvnw.net/jtv_user_pictures/93d4c8b1-16cc-401f-ae02-89ed7c8a0fc4-profile_image-150x150.png?imenable=1&impolicy=user-profile-picture&imwidth=100","58835","CMShortboy","4215","1200","20","3","1026","30","81","false","false","English","CMShortboy"
"https://static-cdn.jtvnw.net/jtv_user_pictures/d1212b05-362a-4157-bb9b-4252b285c35b-profile_image-150x150.png?imenable=1&impolicy=user-profile-picture&imwidth=100","58836","Kingchace","71400","8430","33","7","1026","179","375","false","false","English","Kingchace"
"https://static-cdn.jtvnw.net/jtv_user_pictures/5a779706-32b8-4880-a8b6-37abd09c67e9-profile_image-150x150.jpg?imenable=1&impolicy=user-profile-picture&imwidth=100","58837","Gamefreakazoidd96","1380","660","7","1","1026","2","6","false","true","English","Gamefreakazoidd96"
"https://static-cdn.jtvnw.net/jtv_user_pictures/nubenai-profile_image-a7cc909349262d99-150x150.png?imenable=1&impolicy=user-profile-picture&imwidth=100","58838","Nubenai","5925","990","15","5","1026","0","69","false","true","","Nubenai"
"https://static-cdn.jtvnw.net/jtv_user_pictures/kirksc-profile_image-a71ee6fdecc79089-150x150.jpeg?imenable=1&impolicy=user-profile-picture&imwidth=100","58839","Kirksc","25680","2565","83","9","1026","490","65","false","false","English","Kirksc"
"https://static-cdn.jtvnw.net/jtv_user_pictures/milkncookiesss-profile_image-e499a002847e20f8-150x150.jpeg?imenable=1&impolicy=user-profile-picture&imwidth=100","58840","Milkncookiesss","30810","3090","135","9","1026","72","136","false","true","English","Milkncookiesss"
"https://static-cdn.jtvnw.net/jtv_user_pictures/c4f6458e-c33d-4303-af3a-7a69608eef9f-profile_image-150x150.jpg?imenable=1&impolicy=user-profile-picture&imwidth=100","58841","stickyicky1990","1710","495","6","3","1025","6","17","false","false","German","stickyicky1990"
"https://static-cdn.jtvnw.net/jtv_user_pictures/43732f71-0658-43fd-9793-750989cbe67f-profile_image-150x150.png?imenable=1&impolicy=user-profile-picture&imwidth=100","58842","sasukexuchihaa","0","30","0","0","1025","0","0","false","false","English","sasukexuchihaa"
"https://static-cdn.jtvnw.net/jtv_user_pictures/aa0cfad2-2542-4876-beb9-ee1215f991e2-profile_image-150x150.png?imenable=1&impolicy=user-profile-picture&imwidth=100","58843","SeanieB","1500","855","4","1","1025","4","21","false","false","English","SeanieB"
"https://static-cdn.jtvnw.net/jtv_user_pictures/7a4f7ac0-f514-4661-974f-43cf58c9e375-profile_image-150x150.png?imenable=1&impolicy=user-profile-picture&imwidth=100","58844","Grrrrrryan","1500","480","13","2","1025","16","83","false","false","English","Grrrrrryan"
"https://static-cdn.jtvnw.net/jtv_user_pictures/a66ee6eb7b1333e8-profile_image-150x150.jpeg?imenable=1&impolicy=user-profile-picture&imwidth=100","58845","EimantasTV","4440","1380","17","2","1025","67","152","false","false","English","EimantasTV"
"https://static-cdn.jtvnw.net/jtv_user_pictures/mambashane-profile_image-e075018d420ba5e2-150x150.jpeg?imenable=1&impolicy=user-profile-picture&imwidth=100","58846","MambaShane","435","375","3","0","1025","-1","6","false","false","English","MambaShane"
"https://static-cdn.jtvnw.net/jtv_user_pictures/b9d839fd-6832-443a-9703-1556acd26632-profile_image-150x150.png?imenable=1&impolicy=user-profile-picture&imwidth=100","58847","ErynLyn","1665","1620","5","0","1025","5","5","false","true","English","ErynLyn"
"https://static-cdn.jtvnw.net/jtv_user_pictures/9035fd56-2306-4688-8823-a1da1133500b-profile_image-150x150.png?imenable=1&impolicy=user-profile-picture&imwidth=100","58848","neekorofl","105","45","3","2","1025","1","9","false","false","English","neekorofl"
"https://static-cdn.jtvnw.net/jtv_user_pictures/ef4eb0b8-9339-4f09-9447-96fd136c0bdc-profile_image-150x150.png?imenable=1&impolicy=user-profile-picture&imwidth=100","58849","Fanb00y","30","165","1","0","1025","1","61","false","true","Spanish","Fanb00y"
"https://static-cdn.jtvnw.net/jtv_user_pictures/75c67cbd-62fb-47ff-ae76-1bd63a4ba8a9-profile_image-150x150.png?imenable=1&impolicy=user-profile-picture&imwidth=100","58850","rev1g","180","2070","2","0","1025","5","9","false","false","English","rev1g"
"https://static-cdn.jtvnw.net/jtv_user_pictures/45daec801c641f9c-profile_image-150x150.png?imenable=1&impolicy=user-profile-picture&imwidth=100","58851","WrecklessWayz","3435","2565","5","0","1025","10","11","false","false","English","WrecklessWayz"
"https://static-cdn.jtvnw.net/jtv_user_pictures/ea52ee88f58fc707-profile_image-150x150.jpeg?imenable=1&impolicy=user-profile-picture&imwidth=100","58852","HollywoodHonda","315","975","5","0","1025","4","13","false","false","Hungarian","HollywoodHonda"
"https://static-cdn.jtvnw.net/jtv_user_pictures/urbansssss-profile_image-4392d2d7c4b31418-150x150.jpeg?imenable=1&impolicy=user-profile-picture&imwidth=100","58853","UrbanSSSSS","12360","6180","40","1","1025","90","392","false","false","Russian","UrbanSSSSS"
"https://static-cdn.jtvnw.net/jtv_user_pictures/justjohanjr-profile_image-5b10ccafa8285ac9-150x150.png?imenable=1&impolicy=user-profile-picture&imwidth=100","58854","JustJohanJr","5925","2160","9","2","1025","15","63","false","true","Dutch","JustJohanJr"
"https://static-cdn.jtvnw.net/jtv_user_pictures/noodlles08-profile_image-3db0d5066c4df248-150x150.png?imenable=1&impolicy=user-profile-picture&imwidth=100","58855","noodlles08","25410","6765","16","3","1025","118","149","false","false","French","noodlles08"
"https://static-cdn.jtvnw.net/jtv_user_pictures/martyhollow-profile_image-e67bf5c87b9fdfec-150x150.png?imenable=1&impolicy=user-profile-picture&imwidth=100","58856","Martyhollow","163320","10950","32","14","1025","-250","328","false","true","English","Martyhollow"
"https://static-cdn.jtvnw.net/jtv_user_pictures/7f2e9662-e7fb-41e3-951a-08f020d5306d-profile_image-150x150.jpeg?imenable=1&impolicy=user-profile-picture&imwidth=100","58857","Sentrize","34065","1575","133","21","1025","29","324","false","false","English","Sentrize"
"https://static-cdn.jtvnw.net/jtv_user_pictures/6d9a6ed8-d2aa-452e-bd1b-bc1ea834d7f4-profile_image-150x150.png?imenable=1&impolicy=user-profile-picture&imwidth=100","58858","Divineprowess","1005","240","9","3","1025","3","2","false","true","English","Divineprowess"
"https://static-cdn.jtvnw.net/jtv_user_pictures/swezertv-profile_image-a9374aef8751e422-150x150.png?imenable=1&impolicy=user-profile-picture&imwidth=100","58859","SwezerTV","6240","570","33","10","1025","21","55","false","false","","SwezerTV"
"https://static-cdn.jtvnw.net/jtv_user_pictures/soniagg-profile_image-bf3c955513ae6041-150x150.jpeg?imenable=1&impolicy=user-profile-picture&imwidth=100","58860","soniaGG","4200","420","19","9","1025","18","163","false","true","English","soniaGG"
"https://static-cdn.jtvnw.net/jtv_user_pictures/14301a05-f758-4d24-a4d2-49536e772e43-profile_image-150x150.png?imenable=1&impolicy=user-profile-picture&imwidth=100","58861","mrortizgaming","15","15","1","1","1025","0","0","false","false","Spanish","mrortizgaming"
"https://static-cdn.jtvnw.net/jtv_user_pictures/tigercrazy-profile_image-3667c38fa85a146c-150x150.jpeg?imenable=1&impolicy=user-profile-picture&imwidth=100","58862","Tigercrazy","2175","135","20","16","1025","0","38","false","false","Chinese","Tigercrazy"
"https://static-cdn.jtvnw.net/jtv_user_pictures/csgospeedruns-profile_image-775403401d829f64-150x150.jpeg?imenable=1&impolicy=user-profile-picture&imwidth=100","58863","CSGOSpeedruns","13035","1800","31","6","1025","51","251","false","true","English","CSGOSpeedruns"
"https://static-cdn.jtvnw.net/jtv_user_pictures/af40acff-2f3f-4627-9b4f-1f4456d9d523-profile_image-150x150.png?imenable=1&impolicy=user-profile-picture&imwidth=100","58864","文森魚 (boxon_1012)","18870","1110","49","16","1025","8","383","false","false","Chinese","文森魚 (boxon_1012)"
"https://static-cdn.jtvnw.net/jtv_user_pictures/351f684d-3d02-4d87-89ae-fbb3c830ba96-profile_image-150x150.png?imenable=1&impolicy=user-profile-picture&imwidth=100","58865","おれす (olase)","93705","2025","1004","45","1025","29","1830","false","false","Chinese","おれす (olase)"
"https://static-cdn.jtvnw.net/jtv_user_pictures/kebradera-profile_image-a09f1366b7cb84d0-150x150.jpeg?imenable=1&impolicy=user-profile-picture&imwidth=100","58866","Kebradera","1200","195","8","5","1025","3","69","false","false","Portuguese","Kebradera"
"https://static-cdn.jtvnw.net/jtv_user_pictures/20102e18-e7f2-47e8-b084-1064eec1b5e8-profile_image-150x150.png?imenable=1&impolicy=user-profile-picture&imwidth=100","58867","JustJamesTV_","1020","960","4","0","1025","0","10","false","false","English","JustJamesTV_"
"https://static-cdn.jtvnw.net/jtv_user_pictures/53eb21fe-db33-4473-8424-2872edfdd2a3-profile_image-150x150.jpeg?imenable=1&impolicy=user-profile-picture&imwidth=100","58868","AlexNiedt","29910","600","126","49","1025","34","420","false","false","English","AlexNiedt"
"https://static-cdn.jtvnw.net/jtv_user_pictures/7d3bf778-6156-4426-9f48-01f71f64d614-profile_image-150x150.png?imenable=1&impolicy=user-profile-picture&imwidth=100","58869","That_Calypso_Guy","45","30","2","1","1025","0","0","false","true","English","That_Calypso_Guy"
"https://static-cdn.jtvnw.net/jtv_user_pictures/brej93-profile_image-4d868b0dd1492a35-150x150.jpeg?imenable=1&impolicy=user-profile-picture&imwidth=100","58870","Brej93","30810","10170","63","2","1025","136","195","false","false","French","Brej93"
"https://static-cdn.jtvnw.net/jtv_user_pictures/theother420guy-profile_image-1a9b89e5b1f93ca9-150x150.jpeg?imenable=1&impolicy=user-profile-picture&imwidth=100","58871","Theother420guy","390","2145","2","0","1025","10","8","false","false","English","Theother420guy"
"https://static-cdn.jtvnw.net/jtv_user_pictures/paddeh69-profile_image-89b849334c0e3021-150x150.jpeg?imenable=1&impolicy=user-profile-picture&imwidth=100","58872","PaddeH69","7140","705","26","9","1025","13","74","false","false","English","PaddeH69"
"https://static-cdn.jtvnw.net/jtv_user_pictures/thegeekhdd-profile_image-f6b60d13d372e01a-150x150.png?imenable=1&impolicy=user-profile-picture&imwidth=100","58873","TheGeekHDD","6930","1725","16","3","1025","82","299","false","false","","TheGeekHDD"
"https://static-cdn.jtvnw.net/jtv_user_pictures/23b171be-1a54-42b9-b1a7-9ca266759f6f-profile_image-150x150.png?imenable=1&impolicy=user-profile-picture&imwidth=100","58874","Fsink","2265","945","8","1","1025","2","19","false","true","English","Fsink"
"https://static-cdn.jtvnw.net/jtv_user_pictures/97c3068c-bfea-4d5c-8cb1-d339bc3c6041-profile_image-150x150.jpeg?imenable=1&impolicy=user-profile-picture&imwidth=100","58875","Lilletsy","7785","975","26","7","1025","8","42","false","false","English","Lilletsy"
"https://static-cdn.jtvnw.net/jtv_user_pictures/starboy_dancer-profile_image-49278c569be11c4d-150x150.jpeg?imenable=1&impolicy=user-profile-picture&imwidth=100","58876","Starboy_dancer","15","60","1","0","1025","0","15","false","false","English","Starboy_dancer"
"https://static-cdn.jtvnw.net/jtv_user_pictures/yompas-profile_image-0920980778ba0f6f-150x150.jpeg?imenable=1&impolicy=user-profile-picture&imwidth=100","58877","Yompas","12345","1380","21","8","1025","67","236","false","true","French","Yompas"
"https://static-cdn.jtvnw.net/jtv_user_pictures/rrtsales-profile_image-ef801c5cc06f4299-150x150.png?imenable=1&impolicy=user-profile-picture&imwidth=100","58878","rrtsales","780","540","4","1","1025","0","22","false","false","English","rrtsales"
"https://static-cdn.jtvnw.net/jtv_user_pictures/peterbest-profile_image-352f3dab59450754-150x150.jpeg?imenable=1&impolicy=user-profile-picture&imwidth=100","58879","PeterBest","210","45","5","4","1024","0","3","false","false","Bulgarian","PeterBest"
"https://static-cdn.jtvnw.net/jtv_user_pictures/unitedsupremes-profile_image-8d65cb9f986d4174-150x150.jpeg?imenable=1&impolicy=user-profile-picture&imwidth=100","58880","unitedsupremes","90","30","3","3","1024","0","0","false","false","Dutch","unitedsupremes"
"https://static-cdn.jtvnw.net/jtv_user_pictures/youkadota-profile_image-cb6ba47744ca616a-150x150.png?imenable=1&impolicy=user-profile-picture&imwidth=100","58881","youkadota","13260","1035","53","12","1024","39","574","false","false","Portuguese","youkadota"
"https://static-cdn.jtvnw.net/jtv_user_pictures/3bf0e05f32ab7b99-profile_image-150x150.jpeg?imenable=1&impolicy=user-profile-picture&imwidth=100","58882","RadioChevy","8325","3765","12","1","1024","23","96","false","true","French","RadioChevy"
"https://static-cdn.jtvnw.net/jtv_user_pictures/cadardossa-profile_image-5d03e83f03a79cd2-150x150.jpeg?imenable=1&impolicy=user-profile-picture&imwidth=100","58883","Cadardossa","5670","1770","13","2","1024","25","164","false","false","German","Cadardossa"
"https://static-cdn.jtvnw.net/jtv_user_pictures/0e7247e1-a3d2-4bc3-92c5-c9c9a75a7d62-profile_image-150x150.png?imenable=1&impolicy=user-profile-picture&imwidth=100","58884","VEN0MISS1","0","15","0","0","1024","0","0","false","true","English","VEN0MISS1"
"https://static-cdn.jtvnw.net/ttv-boxart/404_boxart.png?imenable=1&impolicy=user-profile-picture&imwidth=100","58885","Xawuqi","90","45","2","2","1024","0","0","false","false","Norwegian","Xawuqi"
"https://static-cdn.jtvnw.net/jtv_user_pictures/almightystars-profile_image-7bdf0e7c2251fb4e-150x150.jpeg?imenable=1&impolicy=user-profile-picture&imwidth=100","58886","almightystars","30","30","1","1","1024","0","0","false","false","English","almightystars"
"https://static-cdn.jtvnw.net/jtv_user_pictures/a86c34c3-eb86-42a3-b8bd-1d7346fee6a4-profile_image-150x150.png?imenable=1&impolicy=user-profile-picture&imwidth=100","58887","OfficialChrys","15","15","1","1","1024","0","0","false","false","English","OfficialChrys"
"https://static-cdn.jtvnw.net/jtv_user_pictures/rachbotseven-profile_image-c75ef6c94690b949-150x150.jpeg?imenable=1&impolicy=user-profile-picture&imwidth=100","58888","RachbotSeven","43770","2985","43","14","1024","193","394","false","false","English","RachbotSeven"
"https://static-cdn.jtvnw.net/jtv_user_pictures/a84773fd-dd2e-4dbb-9843-d69b3962df81-profile_image-150x150.jpg?imenable=1&impolicy=user-profile-picture&imwidth=100","58889","nog_oficial","30","15","2","2","1024","0","0","false","false","Portuguese","nog_oficial"
"https://static-cdn.jtvnw.net/jtv_user_pictures/d56c6a1a-917e-4be1-93b3-89898ea88572-profile_image-150x150.png?imenable=1&impolicy=user-profile-picture&imwidth=100","58890","PurplePoloPlayer","37245","1725","44","21","1024","89","323","false","false","English","PurplePoloPlayer"
"https://static-cdn.jtvnw.net/jtv_user_pictures/ba01006d-5d60-4c83-afd6-eade0ee2768e-profile_image-150x150.png?imenable=1&impolicy=user-profile-picture&imwidth=100","58891","bypass26","90","90","1","1","1024","0","0","false","true","Other","bypass26"
"https://static-cdn.jtvnw.net/jtv_user_pictures/687682ca-03fd-494a-962f-0e3a34c4b10d-profile_image-150x150.png?imenable=1&impolicy=user-profile-picture&imwidth=100","58892","AishyLive","1860","255","17","6","1024","21","53","false","false","French","AishyLive"
"https://static-cdn.jtvnw.net/jtv_user_pictures/bfe531fa-dc17-46e6-8f5b-bb8e86fb1d39-profile_image-150x150.jpg?imenable=1&impolicy=user-profile-picture&imwidth=100","58893","CrozzovR","3765","3555","5","0","1024","13","9","true","false","English","CrozzovR"
"https://static-cdn.jtvnw.net/jtv_user_pictures/officialjeppy-profile_image-1f84c2af42bd9bb2-150x150.jpeg?imenable=1&impolicy=user-profile-picture&imwidth=100","58894","Officialjeppy","24615","6255","22","3","1024","65","320","false","false","","Officialjeppy"
"https://static-cdn.jtvnw.net/jtv_user_pictures/c69eb26e-f533-4cdf-8abe-44264827d718-profile_image-150x150.png?imenable=1&impolicy=user-profile-picture&imwidth=100","58895","TempusNova","30","15","2","2","1024","0","0","false","true","English","TempusNova"
"https://static-cdn.jtvnw.net/jtv_user_pictures/hidan_ow-profile_image-d1b9dce32cc8cccf-150x150.jpeg?imenable=1&impolicy=user-profile-picture&imwidth=100","58896","Hidan_OW","945","330","5","2","1024","0","28","false","false","English","Hidan_OW"
"https://static-cdn.jtvnw.net/jtv_user_pictures/sarou_boy83-profile_image-94b9abcefa5ec1fe-150x150.jpeg?imenable=1&impolicy=user-profile-picture&imwidth=100","58897","Sarou_Boy83","15900","750","59","20","1024","96","89","false","true","French","Sarou_Boy83"
"https://static-cdn.jtvnw.net/jtv_user_pictures/d8c2d3e2-72e7-49f3-bb68-e4bde44d5f4c-profile_image-150x150.png?imenable=1&impolicy=user-profile-picture&imwidth=100","58898","monre4life","79725","4920","47","15","1024","77","768","false","false","Spanish","monre4life"
"https://static-cdn.jtvnw.net/jtv_user_pictures/66fb952c-7ba3-4511-8add-4981b45daf11-profile_image-150x150.png?imenable=1&impolicy=user-profile-picture&imwidth=100","58899","Smebbity","90","75","2","1","1024","0","0","false","true","English","Smebbity"
"https://static-cdn.jtvnw.net/jtv_user_pictures/3427e73b-6861-46ff-954c-95522927dcb2-profile_image-150x150.png?imenable=1&impolicy=user-profile-picture&imwidth=100","58900","IvyKilla","30","30","1","1","1024","0","0","false","true","French","IvyKilla"