"","","Channel","Watch time","Stream time","Peak viewers","Average viewers","Followers","Followers gained","Views gained","Partnered","Mature","Language",""
"https://static-cdn.jtvnw.net/jtv_user_pictures/baf3f7c9-a75d-4f5c-b493-f389907b62f4-profile_image-150x150.jpg?imenable=1&impolicy=user-profile-picture&imwidth=100","60101","EnyM0rE","39450","2610","101","14","994","296","1484","false","true","German","EnyM0rE"
"https://static-cdn.jtvnw.net/jtv_user_pictures/3b285086b6e266f2-profile_image-150x150.png?imenable=1&impolicy=user-profile-picture&imwidth=100","60102","Verbalosity","6405","1020","26","5","994","4","223","false","true","English","Verbalosity"
"https://static-cdn.jtvnw.net/jtv_user_pictures/e48bb039-c257-444b-962c-393e1782a012-profile_image-150x150.png?imenable=1&impolicy=user-profile-picture&imwidth=100","60103","tee_dust","60","690","2","0","994","1","1","false","true","English","tee_dust"
"https://static-cdn.jtvnw.net/jtv_user_pictures/4600b67f-78e6-4a79-9d39-4c087ff7aaf3-profile_image-150x150.png?imenable=1&impolicy=user-profile-picture&imwidth=100","60104","NotMasterKat","165705","12390","44","12","994","43","3743","false","true","Chinese","NotMasterKat"
"https://static-cdn.jtvnw.net/jtv_user_pictures/c5177897-6b81-4a0a-a707-d43dc28306f1-profile_image-150x150.png?imenable=1&impolicy=user-profile-picture&imwidth=100","60105","IrgendeinMist","180","180","3","1","993","0","4","false","true","German","IrgendeinMist"
"https://static-cdn.jtvnw.net/jtv_user_pictures/3b3a19ad-649a-4e1d-9059-d4b848b0768f-profile_image-150x150.png?imenable=1&impolicy=user-profile-picture&imwidth=100","60106","夜晚先生 (shenyeovo)","15","15","1","1","993","0","0","false","true","Chinese","夜晚先生 (shenyeovo)"
"https://static-cdn.jtvnw.net/jtv_user_pictures/ead57f82de1610d1-profile_image-150x150.png?imenable=1&impolicy=user-profile-picture&imwidth=100","60107","Ravenboy","195","135","3","1","993","0","3","false","true","English","Ravenboy"
"https://static-cdn.jtvnw.net/jtv_user_pictures/73f151f9-edb0-4337-b9c9-bda339e4d1fb-profile_image-150x150.png?imenable=1&impolicy=user-profile-picture&imwidth=100","60108","Millsehh","285","195","2","1","993","-1","7","false","false","English","Millsehh"
"https://static-cdn.jtvnw.net/jtv_user_pictures/17266976-d3cf-4a5e-9ede-f7c64b59f16a-profile_image-150x150.png?imenable=1&impolicy=user-profile-picture&imwidth=100","60109","Troy26","45","45","1","1","993","0","0","false","false","English","Troy26"
"https://static-cdn.jtvnw.net/jtv_user_pictures/6416cd07-5d88-4e4f-ad8d-e883435d75d9-profile_image-150x150.jpg?imenable=1&impolicy=user-profile-picture&imwidth=100","60110","Tyleroi","4935","105","96","47","993","0","14","false","false","English","Tyleroi"
"https://static-cdn.jtvnw.net/jtv_user_pictures/710a22f7-e2ee-43a0-b0f7-6bf9941437db-profile_image-150x150.png?imenable=1&impolicy=user-profile-picture&imwidth=100","60111","iunholygaming","0","120","1","0","993","0","0","false","true","English","iunholygaming"
"https://static-cdn.jtvnw.net/jtv_user_pictures/awesomeperfection1-profile_image-f98dd1a9b00baa8b-150x150.png?imenable=1&impolicy=user-profile-picture&imwidth=100","60112","AwesomePerfection1","30","30","1","1","993","0","0","false","false","English","AwesomePerfection1"
"https://static-cdn.jtvnw.net/jtv_user_pictures/sveedish_chef-profile_image-5f2aeee522fb0d20-150x150.jpeg?imenable=1&impolicy=user-profile-picture&imwidth=100","60113","Sveedish_Chef","186885","7245","88","25","993","328","1541","false","false","Swedish","Sveedish_Chef"
"https://static-cdn.jtvnw.net/jtv_user_pictures/68caa8eb-e401-47f8-9300-2be083b4569a-profile_image-150x150.png?imenable=1&impolicy=user-profile-picture&imwidth=100","60114","JFadee","1185","4395","3","0","993","1","0","false","false","English","JFadee"
"https://static-cdn.jtvnw.net/jtv_user_pictures/e5d386f3-76f7-4210-a94c-8c85ce9c6f09-profile_image-150x150.png?imenable=1&impolicy=user-profile-picture&imwidth=100","60115","BeardedGladiator","30","30","1","1","993","0","0","false","true","English","BeardedGladiator"
"https://static-cdn.jtvnw.net/jtv_user_pictures/67addaf01a62c370-profile_image-150x150.jpeg?imenable=1&impolicy=user-profile-picture&imwidth=100","60116","TheMonkey14","2505","585","16","3","993","3","14","false","false","German","TheMonkey14"
"https://static-cdn.jtvnw.net/jtv_user_pictures/cozynotahero-profile_image-3858b7969e6e07f1-150x150.jpeg?imenable=1&impolicy=user-profile-picture&imwidth=100","60117","cozynotahero","2895","855","8","2","993","9","6","false","false","English","cozynotahero"
"https://static-cdn.jtvnw.net/jtv_user_pictures/13a3d62f-cfed-41e4-934f-937aa75e8cc9-profile_image-150x150.jpg?imenable=1&impolicy=user-profile-picture&imwidth=100","60118","ultrahsbarabann","120","15","8","8","993","0","0","false","false","Russian","ultrahsbarabann"
"https://static-cdn.jtvnw.net/jtv_user_pictures/gilbesplays-profile_image-5a74abf724e5d150-150x150.jpeg?imenable=1&impolicy=user-profile-picture&imwidth=100","60119","gilbesPlays","61965","8190","17","7","993","76","141","false","false","English","gilbesPlays"
"https://static-cdn.jtvnw.net/jtv_user_pictures/b83f10ae-7ebf-4d2b-ac21-dba0593e22a0-profile_image-150x150.png?imenable=1&impolicy=user-profile-picture&imwidth=100","60120","ellieHi","13575","1725","27","7","993","43","284","false","false","English","ellieHi"
"https://static-cdn.jtvnw.net/jtv_user_pictures/9aadfe04-adda-4cbc-b4f3-07a669a9987d-profile_image-150x150.jpg?imenable=1&impolicy=user-profile-picture&imwidth=100","60121","destroyerESP","15","15","1","1","993","0","0","false","true","Spanish","destroyerESP"
"https://static-cdn.jtvnw.net/jtv_user_pictures/053f19e5-3ac8-4ccc-8f1d-8a293736b922-profile_image-150x150.png?imenable=1&impolicy=user-profile-picture&imwidth=100","60122","princesspandaaa","3075","855","8","3","993","7","14","false","true","English","princesspandaaa"
"https://static-cdn.jtvnw.net/jtv_user_pictures/6bd3f1c4-57da-4788-92da-0232f9bc827f-profile_image-150x150.png?imenable=1&impolicy=user-profile-picture&imwidth=100","60123","1mNotU","4005","2535","6","1","993","9","12","false","true","Swedish","1mNotU"
"https://static-cdn.jtvnw.net/jtv_user_pictures/44f4fb71-0f02-4be5-ba5a-35c0f6402197-profile_image-150x150.png?imenable=1&impolicy=user-profile-picture&imwidth=100","60124","mrLexuzz","12825","225","108","56","993","13","180","false","false","English","mrLexuzz"
"https://static-cdn.jtvnw.net/jtv_user_pictures/4c8b5545-0923-4bb8-99b9-6dc64b1921e0-profile_image-150x150.png?imenable=1&impolicy=user-profile-picture&imwidth=100","60125","JoykerVGC","75","135","3","0","993","1","13","false","false","French","JoykerVGC"
"https://static-cdn.jtvnw.net/jtv_user_pictures/fe785dbc-f0e8-491c-91ae-8dcf0bf93f83-profile_image-150x150.png?imenable=1&impolicy=user-profile-picture&imwidth=100","60126","beeberdeeber","7095","690","16","9","993","1","18","false","true","English","beeberdeeber"
"https://static-cdn.jtvnw.net/jtv_user_pictures/themiddlemedia-profile_image-f49af619d7f15932-150x150.jpeg?imenable=1&impolicy=user-profile-picture&imwidth=100","60127","TheMiddleMedia","870","780","4","0","993","5","2","false","false","English","TheMiddleMedia"
"https://static-cdn.jtvnw.net/user-default-pictures-uv/de130ab0-def7-11e9-b668-784f43822e80-profile_image-150x150.png?imenable=1&impolicy=user-profile-picture&imwidth=100","60128","Lakenator","3180","1455","9","1","993","5","2","false","false","English","Lakenator"
"https://static-cdn.jtvnw.net/jtv_user_pictures/c212b2c7-8fa5-466e-8457-d2ae3f5b905d-profile_image-150x150.png?imenable=1&impolicy=user-profile-picture&imwidth=100","60129","LukesterGaming","5055","1485","9","3","993","10","29","false","false","English","LukesterGaming"
"https://static-cdn.jtvnw.net/jtv_user_pictures/65baa0db-869c-4a43-b1de-b03abfa3669d-profile_image-150x150.png?imenable=1&impolicy=user-profile-picture&imwidth=100","60130","Boa_Gasiciel","40980","2835","49","13","993","188","1891","false","false","Polish","Boa_Gasiciel"
"https://static-cdn.jtvnw.net/jtv_user_pictures/dc_bartron-profile_image-b22f2fa964061c2a-150x150.png?imenable=1&impolicy=user-profile-picture&imwidth=100","60131","DC_BarTroN","43845","10200","13","3","993","106","128","false","true","English","DC_BarTroN"
"https://static-cdn.jtvnw.net/jtv_user_pictures/faley016-profile_image-b23912591e223537-150x150.jpeg?imenable=1&impolicy=user-profile-picture&imwidth=100","60132","Faley016","37185","4530","19","7","993","7","887","false","true","Russian","Faley016"
"https://static-cdn.jtvnw.net/jtv_user_pictures/1493130badfbd722-profile_image-150x150.png?imenable=1&impolicy=user-profile-picture&imwidth=100","60133","RespawnPoint","126885","3885","55","32","993","22","550","false","false","English","RespawnPoint"
"https://static-cdn.jtvnw.net/jtv_user_pictures/2e42038a-d09d-45df-beac-a80e85bb207f-profile_image-150x150.png?imenable=1&impolicy=user-profile-picture&imwidth=100","60134","Heiter","0","180","0","0","993","1","0","false","false","English","Heiter"
"https://static-cdn.jtvnw.net/jtv_user_pictures/johnnysweet87-profile_image-762a0694d0d77d0d-150x150.png?imenable=1&impolicy=user-profile-picture&imwidth=100","60135","Johnnysweet87","3405","4515","4","0","993","-50","22","false","false","English","Johnnysweet87"
"https://static-cdn.jtvnw.net/jtv_user_pictures/4829c1ca-11cb-4220-8062-79a9f59b0342-profile_image-150x150.png?imenable=1&impolicy=user-profile-picture&imwidth=100","60136","TurlinNole","150","195","4","0","993","0","0","false","true","Portuguese","TurlinNole"
"https://static-cdn.jtvnw.net/jtv_user_pictures/6404e3ec-a038-49d7-82aa-167d5d760578-profile_image-150x150.jpeg?imenable=1&impolicy=user-profile-picture&imwidth=100","60137","DexDTabuyo","31500","4350","16","6","993","24","259","false","false","English","DexDTabuyo"
"https://static-cdn.jtvnw.net/jtv_user_pictures/txkhotsauce-profile_image-dd3d1c0de743d039-150x150.png?imenable=1&impolicy=user-profile-picture&imwidth=100","60138","TXKHotSauce","38565","8205","17","4","993","65","517","false","false","English","TXKHotSauce"
"https://static-cdn.jtvnw.net/jtv_user_pictures/df26de8606263753-profile_image-150x150.jpeg?imenable=1&impolicy=user-profile-picture&imwidth=100","60139","iMeggerz","2970","915","9","2","993","0","16","false","true","English","iMeggerz"
"https://static-cdn.jtvnw.net/jtv_user_pictures/cat_derryberry-profile_image-109fc6298a38de4b-150x150.jpeg?imenable=1&impolicy=user-profile-picture&imwidth=100","60140","Cat_Derryberry","3870","375","18","10","993","5","14","false","false","English","Cat_Derryberry"
"https://static-cdn.jtvnw.net/jtv_user_pictures/icylou-profile_image-6fafa55988d32bf4-150x150.jpeg?imenable=1&impolicy=user-profile-picture&imwidth=100","60141","IcyLou","1815","1410","4","0","993","9","59","false","false","German","IcyLou"
"https://static-cdn.jtvnw.net/jtv_user_pictures/cbnx_ghost-profile_image-9ee73b8610a1e7a7-150x150.png?imenable=1&impolicy=user-profile-picture&imwidth=100","60142","cbnx_ghost","3555","2205","9","1","993","16","79","false","true","English","cbnx_ghost"
"https://static-cdn.jtvnw.net/jtv_user_pictures/c7030263-e2c5-4f14-b321-ca328b8d9a44-profile_image-150x150.png?imenable=1&impolicy=user-profile-picture&imwidth=100","60143","hyoi","1665","1185","5","0","993","-3","78","false","true","English","hyoi"
"https://static-cdn.jtvnw.net/jtv_user_pictures/6a46ad7e-562a-4f83-b61f-503941e72953-profile_image-150x150.png?imenable=1&impolicy=user-profile-picture&imwidth=100","60144","Deiwo","27660","6825","29","3","993","137","1084","false","true","Polish","Deiwo"
"https://static-cdn.jtvnw.net/jtv_user_pictures/a7e385b0e29f4bc5-profile_image-150x150.jpeg?imenable=1&impolicy=user-profile-picture&imwidth=100","60145","modigast","13890","1500","17","8","993","4","98","false","true","English","modigast"
"https://static-cdn.jtvnw.net/jtv_user_pictures/lumfish-profile_image-6d3f6dcd4a7963be-150x150.png?imenable=1&impolicy=user-profile-picture&imwidth=100","60146","Lumfish","2520","690","8","2","993","-6","17","false","true","English","Lumfish"
"https://static-cdn.jtvnw.net/jtv_user_pictures/1f5a20002bb7a5bb-profile_image-150x150.jpeg?imenable=1&impolicy=user-profile-picture&imwidth=100","60147","shaolinzinho182","4470","855","18","4","992","15","156","false","true","Portuguese","shaolinzinho182"
"https://static-cdn.jtvnw.net/jtv_user_pictures/e219ba42-bd48-4fa6-ae2b-e079e04687a5-profile_image-150x150.png?imenable=1&impolicy=user-profile-picture&imwidth=100","60148","LePampleElu","60","45","3","1","992","0","7","false","true","French","LePampleElu"
"https://static-cdn.jtvnw.net/jtv_user_pictures/78ff6a21-5cc4-4587-825e-efce8b1abb2f-profile_image-150x150.png?imenable=1&impolicy=user-profile-picture&imwidth=100","60149","ThisIsntNath","9825","1905","14","4","992","66","63","false","false","English","ThisIsntNath"
"https://static-cdn.jtvnw.net/jtv_user_pictures/26a7b527-931e-4df3-bf55-2cc9bc830d40-profile_image-150x150.png?imenable=1&impolicy=user-profile-picture&imwidth=100","60150","Egregious","128340","3945","1475","32","992","382","368","false","true","English","Egregious"
"https://static-cdn.jtvnw.net/jtv_user_pictures/papakrispy-profile_image-321dcdcd5be720de-150x150.png?imenable=1&impolicy=user-profile-picture&imwidth=100","60151","papakrispy","0","30","0","0","992","0","0","false","false","English","papakrispy"
"https://static-cdn.jtvnw.net/jtv_user_pictures/multicrashi-profile_image-576730f6353ebbe1-150x150.jpeg?imenable=1&impolicy=user-profile-picture&imwidth=100","60152","MultiCrashi","1545","135","16","11","992","16","45","false","false","German","MultiCrashi"
"https://static-cdn.jtvnw.net/jtv_user_pictures/56f5c347-b32f-41c2-8b05-c4a0a40f71d7-profile_image-150x150.jpg?imenable=1&impolicy=user-profile-picture&imwidth=100","60153","Crystalpancake","1035","2085","4","0","992","7","9","false","false","English","Crystalpancake"
"https://static-cdn.jtvnw.net/jtv_user_pictures/rarwin-profile_image-af3e7984d85fbaf3-150x150.jpeg?imenable=1&impolicy=user-profile-picture&imwidth=100","60154","rarwin","13140","7035","14","1","992","118","313","false","false","Slovak","rarwin"
"https://static-cdn.jtvnw.net/jtv_user_pictures/supore-profile_image-c8fa901bc6380f42-150x150.png?imenable=1&impolicy=user-profile-picture&imwidth=100","60155","Supore","4920","615","29","7","992","63","93","false","false","English","Supore"
"https://static-cdn.jtvnw.net/jtv_user_pictures/e4d90e28-3b25-43cb-82a3-c24a9792d7d0-profile_image-150x150.png?imenable=1&impolicy=user-profile-picture&imwidth=100","60156","Zellpree","585","615","4","0","992","2","12","false","true","English","Zellpree"
"https://static-cdn.jtvnw.net/jtv_user_pictures/reactionssj-profile_image-c2dda98d6a43ecb6-150x150.jpeg?imenable=1&impolicy=user-profile-picture&imwidth=100","60157","ReactionSSJ","5355","765","16","6","992","26","164","false","false","German","ReactionSSJ"
"https://static-cdn.jtvnw.net/jtv_user_pictures/bf892d22-197f-4299-8431-add55733a079-profile_image-150x150.png?imenable=1&impolicy=user-profile-picture&imwidth=100","60158","Andrewcook7","150","120","3","0","992","1","3","false","true","English","Andrewcook7"
"https://static-cdn.jtvnw.net/jtv_user_pictures/a228ef56-91ff-4573-92c4-089a2ebb54fb-profile_image-150x150.png?imenable=1&impolicy=user-profile-picture&imwidth=100","60159","ChicagoDriven","80790","11085","73","6","992","110","188","false","true","English","ChicagoDriven"
"https://static-cdn.jtvnw.net/jtv_user_pictures/sgform-profile_image-f5e39772d5378c13-150x150.png?imenable=1&impolicy=user-profile-picture&imwidth=100","60160","SGForm","735","420","5","1","992","-4","23","false","false","Czech","SGForm"
"https://static-cdn.jtvnw.net/jtv_user_pictures/544c9344-bbd6-4bb5-983b-29e6f6c14463-profile_image-150x150.png?imenable=1&impolicy=user-profile-picture&imwidth=100","60161","DomorekTiVi","570","135","9","3","992","39","71","false","false","Polish","DomorekTiVi"
"https://static-cdn.jtvnw.net/jtv_user_pictures/5f71c3b6-c6ec-4ae9-b480-142c93ea40dd-profile_image-150x150.png?imenable=1&impolicy=user-profile-picture&imwidth=100","60162","DoskiiLee","735","435","5","1","992","12","87","false","true","English","DoskiiLee"
"https://static-cdn.jtvnw.net/jtv_user_pictures/c46e9654-1e2c-42b3-b283-16773953d1fc-profile_image-150x150.png?imenable=1&impolicy=user-profile-picture&imwidth=100","60163","SH0RTHAMMER","75","75","3","1","992","0","0","false","false","Dutch","SH0RTHAMMER"
"https://static-cdn.jtvnw.net/jtv_user_pictures/droceanus-profile_image-11730db993f59f6f-150x150.jpeg?imenable=1&impolicy=user-profile-picture&imwidth=100","60164","DrOceanus","1530","780","9","1","992","-5","39","false","true","English","DrOceanus"
"https://static-cdn.jtvnw.net/jtv_user_pictures/tazzlol-profile_image-f921d235885e4172-150x150.jpeg?imenable=1&impolicy=user-profile-picture&imwidth=100","60165","tazzlol","2940","1050","9","2","992","8","52","false","false","English","tazzlol"
"https://static-cdn.jtvnw.net/jtv_user_pictures/omnicomms-profile_image-187ea0fd3be7b145-150x150.png?imenable=1&impolicy=user-profile-picture&imwidth=100","60166","OmniComms","75585","9615","19","7","992","16","854","false","true","English","OmniComms"
"https://static-cdn.jtvnw.net/jtv_user_pictures/39b7e371-5873-43a9-ab4d-ee21d52d1342-profile_image-150x150.png?imenable=1&impolicy=user-profile-picture&imwidth=100","60167","Masterxpatty","77925","1065","87","72","992","43","71","false","false","English","Masterxpatty"
"https://static-cdn.jtvnw.net/jtv_user_pictures/8d497b9a-4cab-40f1-ad7f-df215785d200-profile_image-150x150.png?imenable=1&impolicy=user-profile-picture&imwidth=100","60168","HSX_Mouse","1275","540","9","1","992","1","24","false","true","English","HSX_Mouse"
"https://static-cdn.jtvnw.net/jtv_user_pictures/jenosyd-profile_image-583606a9b91ab7fc-150x150.jpeg?imenable=1&impolicy=user-profile-picture&imwidth=100","60169","JenOSyd","30","30","2","1","992","0","0","false","true","French","JenOSyd"
"https://static-cdn.jtvnw.net/jtv_user_pictures/44afcb3b-f00c-4686-918a-88a3bed47ab9-profile_image-150x150.jpg?imenable=1&impolicy=user-profile-picture&imwidth=100","60170","zukaskater","26325","11235","13","1","992","75","459","false","false","Portuguese","zukaskater"
"https://static-cdn.jtvnw.net/jtv_user_pictures/aeb7d661-1976-435d-87b9-ed9fbc0642de-profile_image-150x150.png?imenable=1&impolicy=user-profile-picture&imwidth=100","60171","CapnMoran","0","150","0","0","991","0","0","false","true","English","CapnMoran"
"https://static-cdn.jtvnw.net/jtv_user_pictures/f4d755c5-c1b8-4b51-a8b8-0f7eeadf5b1a-profile_image-150x150.png?imenable=1&impolicy=user-profile-picture&imwidth=100","60172","TheRealWisconsinite","1500","1215","5","0","991","26","25","false","false","English","TheRealWisconsinite"
"https://static-cdn.jtvnw.net/jtv_user_pictures/4e19500d-60a8-4be9-b02a-251a9344f5af-profile_image-150x150.jpeg?imenable=1&impolicy=user-profile-picture&imwidth=100","60173","esLynter","2040","660","7","2","991","2","89","false","false","Portuguese","esLynter"
"https://static-cdn.jtvnw.net/jtv_user_pictures/288a374f-835c-415e-941d-8c660fab4960-profile_image-150x150.png?imenable=1&impolicy=user-profile-picture&imwidth=100","60174","WatchRaccoonGaming","1545","1110","5","0","991","4","4","false","true","English","WatchRaccoonGaming"
"https://static-cdn.jtvnw.net/jtv_user_pictures/uyghti-profile_image-3868d54cb1ae1040-150x150.png?imenable=1&impolicy=user-profile-picture&imwidth=100","60175","uyghti","15","15","1","1","991","0","0","false","false","English","uyghti"
"https://static-cdn.jtvnw.net/jtv_user_pictures/c04d19c222693a43-profile_image-150x150.jpeg?imenable=1&impolicy=user-profile-picture&imwidth=100","60176","Powerbeyd","41910","10755","15","3","991","51","818","false","true","German","Powerbeyd"
"https://static-cdn.jtvnw.net/jtv_user_pictures/32c07900-22a7-4060-acec-fcfaf68d53ad-profile_image-150x150.png?imenable=1&impolicy=user-profile-picture&imwidth=100","60177","LILBONES","30","60","1","0","991","0","0","false","false","English","LILBONES"
"https://static-cdn.jtvnw.net/jtv_user_pictures/4da75150-42b6-4664-9d6b-245fa6f55c91-profile_image-150x150.png?imenable=1&impolicy=user-profile-picture&imwidth=100","60178","Chznce","210","330","2","0","991","2","4","false","true","English","Chznce"
"https://static-cdn.jtvnw.net/jtv_user_pictures/de7a6085-8812-457a-a21a-26fec21cda62-profile_image-150x150.jpg?imenable=1&impolicy=user-profile-picture&imwidth=100","60179","DaChapter5","945","420","5","1","991","3","56","false","true","German","DaChapter5"
"https://static-cdn.jtvnw.net/jtv_user_pictures/justyoyo-profile_image-7b0cf3443cdd0f9d-150x150.jpeg?imenable=1&impolicy=user-profile-picture&imwidth=100","60180","JustYOYO","69360","6675","42","9","991","300","124","false","false","English","JustYOYO"
"https://static-cdn.jtvnw.net/jtv_user_pictures/4fb789c9-3fc0-41a2-b9fa-0117956f121e-profile_image-150x150.png?imenable=1&impolicy=user-profile-picture&imwidth=100","60181","Kexy","120","60","3","2","991","0","0","false","true","English","Kexy"
"https://static-cdn.jtvnw.net/jtv_user_pictures/robertidk-profile_image-7940c188382083b8-150x150.jpeg?imenable=1&impolicy=user-profile-picture&imwidth=100","60182","RobertIDK","3510","180","25","19","991","21","17","false","false","English","RobertIDK"
"https://static-cdn.jtvnw.net/jtv_user_pictures/e29e8691-36d0-4b17-9b35-e2a4a0915590-profile_image-150x150.png?imenable=1&impolicy=user-profile-picture&imwidth=100","60183","saucyfeelix","11100","1665","26","6","991","27","977","false","false","English","saucyfeelix"
"https://static-cdn.jtvnw.net/jtv_user_pictures/mrjuliano-profile_image-532f7fbc9419079c-150x150.png?imenable=1&impolicy=user-profile-picture&imwidth=100","60184","MrJuliano","2100","600","22","2","991","14","55","false","false","French","MrJuliano"
"https://static-cdn.jtvnw.net/jtv_user_pictures/989c6966-ee8e-4b3e-85ef-2c2db9afd28a-profile_image-150x150.jpg?imenable=1&impolicy=user-profile-picture&imwidth=100","60185","shreevey_","0","90","1","0","991","0","0","false","false","English","shreevey_"
"https://static-cdn.jtvnw.net/jtv_user_pictures/d4936329-3cdc-4ca4-ba94-660c75f5aabd-profile_image-150x150.png?imenable=1&impolicy=user-profile-picture&imwidth=100","60186","DLsaZrael01","40935","8730","18","4","991","69","401","false","true","German","DLsaZrael01"
"https://static-cdn.jtvnw.net/jtv_user_pictures/178d3c52-8f95-43e4-9312-effbf0c74bb9-profile_image-150x150.png?imenable=1&impolicy=user-profile-picture&imwidth=100","60187","Kareggan","17355","4560","253","3","991","27","257","false","true","English","Kareggan"
"https://static-cdn.jtvnw.net/jtv_user_pictures/187c5abe-2a7b-45e6-8263-0a644d60eca9-profile_image-150x150.jpg?imenable=1&impolicy=user-profile-picture&imwidth=100","60188","Mumbo101","6900","2130","7","2","991","4","10","false","false","English","Mumbo101"
"https://static-cdn.jtvnw.net/jtv_user_pictures/0d1ea987-9f17-4d84-a35d-92780527af61-profile_image-150x150.png?imenable=1&impolicy=user-profile-picture&imwidth=100","60189","LAZXRgg","2730","2265","9","0","991","2","28","true","true","English","LAZXRgg"
"https://static-cdn.jtvnw.net/jtv_user_pictures/ripushko-profile_image-0c763e5f083cbc63-150x150.jpeg?imenable=1&impolicy=user-profile-picture&imwidth=100","60190","ripushko","1380","60","26","23","991","0","0","false","true","Russian","ripushko"
"https://static-cdn.jtvnw.net/jtv_user_pictures/ruslanvasilev915-profile_image-9d60314d0f28e532-150x150.jpeg?imenable=1&impolicy=user-profile-picture&imwidth=100","60191","ruslanvasilev915","64260","3780","154","16","991","310","1469","false","false","Russian","ruslanvasilev915"
"https://static-cdn.jtvnw.net/jtv_user_pictures/hellbz-profile_image-55c15d0cae63be91-150x150.png?imenable=1&impolicy=user-profile-picture&imwidth=100","60192","HellBz","9195","4170","9","1","991","20","236","false","true","German","HellBz"
"https://static-cdn.jtvnw.net/jtv_user_pictures/12f4106d-10db-46c8-83cd-1151d0b6b378-profile_image-150x150.png?imenable=1&impolicy=user-profile-picture&imwidth=100","60193","pokaify_net","4095","6675","28","0","991","13","683","false","false","Russian","pokaify_net"
"https://static-cdn.jtvnw.net/jtv_user_pictures/beastgriff-profile_image-4355e4d88475f5de-150x150.jpeg?imenable=1&impolicy=user-profile-picture&imwidth=100","60194","Beastgriff","1140","255","8","4","991","0","1","false","true","English","Beastgriff"
"https://static-cdn.jtvnw.net/jtv_user_pictures/dd63bd45-622c-4adc-a02e-7ce62c76cb4d-profile_image-150x150.png?imenable=1&impolicy=user-profile-picture&imwidth=100","60195","ノノギ (nonogi0)","17055","2040","26","7","991","52","222","false","false","Japanese","ノノギ (nonogi0)"
"https://static-cdn.jtvnw.net/jtv_user_pictures/l29_fleury_29l-profile_image-d4b022a3ee492210-150x150.jpeg?imenable=1&impolicy=user-profile-picture&imwidth=100","60196","l29_FLEURY_29l","0","15","0","0","991","0","0","false","false","English","l29_FLEURY_29l"
"https://static-cdn.jtvnw.net/jtv_user_pictures/58768c0f-9435-439d-95b3-52f2f43f2467-profile_image-150x150.png?imenable=1&impolicy=user-profile-picture&imwidth=100","60197","OnYx_J117","22965","4560","70","4","991","164","372","false","true","French","OnYx_J117"
"https://static-cdn.jtvnw.net/jtv_user_pictures/flvshthegod-profile_image-46353bfb5af4f9f6-150x150.png?imenable=1&impolicy=user-profile-picture&imwidth=100","60198","FlvshTheGod","435","225","5","1","991","1","5","false","true","English","FlvshTheGod"
"https://static-cdn.jtvnw.net/jtv_user_pictures/mr__en-profile_image-241face9d2240251-150x150.jpeg?imenable=1&impolicy=user-profile-picture&imwidth=100","60199","Mr__eN","11400","315","76","35","991","311","742","false","false","Polish","Mr__eN"
"https://static-cdn.jtvnw.net/jtv_user_pictures/p9z_fan_23-profile_image-a1d75e830a0699f9-150x150.png?imenable=1&impolicy=user-profile-picture&imwidth=100","60200","p9z_fan_23","3465","555","14","5","991","-2","11","false","false","Danish","p9z_fan_23"