"","","Channel","Watch time","Stream time","Peak viewers","Average viewers","Followers","Followers gained","Views gained","Partnered","Mature","Language",""
"https://static-cdn.jtvnw.net/jtv_user_pictures/wingsofredemption-profile_image-1f9380477cf42172-150x150.png?imenable=1&impolicy=user-profile-picture&imwidth=100","901","WingsOfRedemption","360960","1455","607","247","201052","391","4438","true","false","English","WingsOfRedemption"
"https://static-cdn.jtvnw.net/jtv_user_pictures/6a1a3031-3fc3-4c00-ba80-0a0d9dbca180-profile_image-150x150.png?imenable=1&impolicy=user-profile-picture&imwidth=100","902","Tonton","18825","3330","24","5","200927","66","391","true","false","French","Tonton"
"https://static-cdn.jtvnw.net/jtv_user_pictures/sl1pg8r-profile_image-53430a0111d31b9b-150x150.png?imenable=1&impolicy=user-profile-picture&imwidth=100","903","Sl1pg8r","1383015","315","6129","4390","200585","4465","20406","true","false","English","Sl1pg8r"
"https://static-cdn.jtvnw.net/jtv_user_pictures/52713291fae005db-profile_image-150x150.png?imenable=1&impolicy=user-profile-picture&imwidth=100","904","SiyahliAbi","10462155","8835","2928","1183","199918","11963","204055","true","false","Turkish","SiyahliAbi"
"https://static-cdn.jtvnw.net/jtv_user_pictures/dcb14e7b-419d-49ba-9da2-9e75bd45f9de-profile_image-150x150.png?imenable=1&impolicy=user-profile-picture&imwidth=100","905","NZXT","31875","855","183","36","199906","56","1046","false","false","English","NZXT"
"https://static-cdn.jtvnw.net/jtv_user_pictures/d6c8d603-03f9-4966-89ee-efe9fe023fef-profile_image-150x150.png?imenable=1&impolicy=user-profile-picture&imwidth=100","906","Naguura","938835","4230","716","221","199334","583","17060","true","false","English","Naguura"
"https://static-cdn.jtvnw.net/jtv_user_pictures/dedc5522-3a7a-4b70-883b-d83b0a345dbe-profile_image-150x150.png?imenable=1&impolicy=user-profile-picture&imwidth=100","907","BenZaie","6120555","6075","1927","1006","198618","3188","92509","true","true","French","BenZaie"
"https://static-cdn.jtvnw.net/jtv_user_pictures/eef35969-fbc5-4b82-ad6f-268ee09cd320-profile_image-150x150.png?imenable=1&impolicy=user-profile-picture&imwidth=100","908","Tommey","829725","6330","1457","130","198546","983","7647","true","false","English","Tommey"
"https://static-cdn.jtvnw.net/jtv_user_pictures/5fd63658-a3d0-45f4-95d4-0f696a60829e-profile_image-150x150.png?imenable=1&impolicy=user-profile-picture&imwidth=100","909","Yacine","13722510","7770","5321","1765","198544","2608","69151","true","false","English","Yacine"
"https://static-cdn.jtvnw.net/jtv_user_pictures/3315f44d-004b-4b98-b06c-7e8a45036ef8-profile_image-150x150.png?imenable=1&impolicy=user-profile-picture&imwidth=100","910","NoSleeptv2020","11178375","6480","3937","1724","198496","6906","46776","false","false","English","NoSleeptv2020"
"https://static-cdn.jtvnw.net/jtv_user_pictures/semchenkokirill-profile_image-743f3bb4c03ad227-150x150.jpeg?imenable=1&impolicy=user-profile-picture&imwidth=100","911","SemchenkoKirill","751080","240","6478","3129","198062","3269","12274","false","false","Russian","SemchenkoKirill"
"https://static-cdn.jtvnw.net/jtv_user_pictures/5f338718-f9d9-458e-b1fa-99db45f2a7c5-profile_image-150x150.png?imenable=1&impolicy=user-profile-picture&imwidth=100","912","RiotGamesRU","12097695","3210","8082","3768","197783","4961","228573","true","false","Russian","RiotGamesRU"
"https://static-cdn.jtvnw.net/jtv_user_pictures/41df13a3-81ce-482f-b996-f5cbababf9be-profile_image-150x150.png?imenable=1&impolicy=user-profile-picture&imwidth=100","913","Danteh","114450","1515","221","75","197495","1596","2534","true","false","English","Danteh"
"https://static-cdn.jtvnw.net/jtv_user_pictures/gsl-profile_image-0670464b721ea8c5-150x150.png?imenable=1&impolicy=user-profile-picture&imwidth=100","914","GSL","17912280","2100","17375","8529","197288","3714","398207","true","false","English","GSL"
"https://static-cdn.jtvnw.net/jtv_user_pictures/6f8c5b2b-f4be-4621-a751-02531fe36c82-profile_image-150x150.jpg?imenable=1&impolicy=user-profile-picture&imwidth=100","915","NA_PODHVATE","16274025","12405","5245","1311","197006","13379","492241","true","true","Russian","NA_PODHVATE"
"https://static-cdn.jtvnw.net/jtv_user_pictures/f933c932-d29c-4501-b9af-4f2e6a1f9745-profile_image-150x150.png?imenable=1&impolicy=user-profile-picture&imwidth=100","916","Incon","8997960","8265","3602","1088","196931","5935","52869","true","false","English","Incon"
"https://static-cdn.jtvnw.net/jtv_user_pictures/89350884-234b-4d29-8fd8-652c33da299c-profile_image-150x150.png?imenable=1&impolicy=user-profile-picture&imwidth=100","917","ShackyHD","609735","9765","267","62","196731","1105","3510","true","true","English","ShackyHD"
"https://static-cdn.jtvnw.net/jtv_user_pictures/e4a46d5d-caf0-4ac8-9b52-751fde9c0371-profile_image-150x150.png?imenable=1&impolicy=user-profile-picture&imwidth=100","918","Smoke","5565","2160","8","2","196686","13","29","true","false","English","Smoke"
"https://static-cdn.jtvnw.net/jtv_user_pictures/0520d6da-3b70-4bd5-82e7-541c168d3199-profile_image-150x150.png?imenable=1&impolicy=user-profile-picture&imwidth=100","919","Razer","103980","30","3499","3466","196669","220","-4653","true","false","English","Razer"
"https://static-cdn.jtvnw.net/jtv_user_pictures/0ca4fa5c-551b-48ef-8170-d16f7f1f089f-profile_image-150x150.png?imenable=1&impolicy=user-profile-picture&imwidth=100","920","RedmercyLoL","2084655","840","6650","2481","196555","5412","26881","true","false","English","RedmercyLoL"
"https://static-cdn.jtvnw.net/jtv_user_pictures/1bc7442b-8b2f-4db1-ada1-3cd5846df44b-profile_image-150x150.png?imenable=1&impolicy=user-profile-picture&imwidth=100","921","Censor","98295","405","360","242","196487","1129","443","true","false","English","Censor"
"https://static-cdn.jtvnw.net/jtv_user_pictures/quill18-profile_image-d95e9812bdacd7bf-150x150.png?imenable=1&impolicy=user-profile-picture&imwidth=100","922","Quill18","1094265","780","2401","1402","196471","716","12010","true","false","English","Quill18"
"https://static-cdn.jtvnw.net/jtv_user_pictures/c14d6c98-32f6-4822-98c5-c7aac1dc3b89-profile_image-150x150.png?imenable=1&impolicy=user-profile-picture&imwidth=100","923","Sunni","214155","6540","82","32","196359","1500","2162","true","false","English","Sunni"
"https://static-cdn.jtvnw.net/jtv_user_pictures/dd33268a-f82c-4cd6-9ee1-9742bb523a24-profile_image-150x150.png?imenable=1&impolicy=user-profile-picture&imwidth=100","924","mimimimichaela","372195","2385","2208","155","195923","536","8541","true","false","English","mimimimichaela"
"https://static-cdn.jtvnw.net/jtv_user_pictures/ff3d57338aab3974-profile_image-150x150.png?imenable=1&impolicy=user-profile-picture&imwidth=100","925","Weak3n","4801215","8040","1453","596","195858","3465","25724","true","false","English","Weak3n"
"https://static-cdn.jtvnw.net/jtv_user_pictures/b939e13f-d9f8-43d9-983c-697a168cf49b-profile_image-150x150.png?imenable=1&impolicy=user-profile-picture&imwidth=100","926","JinNynaja","19995","60","400","333","195598","25","0","true","false","Thai","JinNynaja"
"https://static-cdn.jtvnw.net/jtv_user_pictures/cb7aafef2eeb802f-profile_image-150x150.jpeg?imenable=1&impolicy=user-profile-picture&imwidth=100","927","pianoimproman","23607945","6375","61838","3702","195171","137147","513218","false","true","English","pianoimproman"
"https://static-cdn.jtvnw.net/jtv_user_pictures/09ef0eb5-8ba2-402f-add9-c4be26ca92ff-profile_image-150x150.png?imenable=1&impolicy=user-profile-picture&imwidth=100","928","Kalera","73815","645","245","113","195099","692","3555","true","false","Portuguese","Kalera"
"https://static-cdn.jtvnw.net/jtv_user_pictures/8991c9ff-92c6-48fa-8ccb-8bf1b8673caf-profile_image-150x150.png?imenable=1&impolicy=user-profile-picture&imwidth=100","929","OGADotaPIT","17973975","2640","21891","6807","195084","2248","318672","true","false","English","OGADotaPIT"
"https://static-cdn.jtvnw.net/jtv_user_pictures/grndpagaming-profile_image-0941014f51140c59-150x150.png?imenable=1&impolicy=user-profile-picture&imwidth=100","930","GrndPaGaming","3675","1875","7","1","195021","-6","50","true","true","English","GrndPaGaming"
"https://static-cdn.jtvnw.net/jtv_user_pictures/6f0e1166-5001-4e3e-9823-13889b33fb03-profile_image-150x150.png?imenable=1&impolicy=user-profile-picture&imwidth=100","931","PTERODACTYLSFTW","1649925","5820","969","283","194850","1553","40765","true","true","English","PTERODACTYLSFTW"
"https://static-cdn.jtvnw.net/jtv_user_pictures/e42f361e-3315-4f61-b7e2-ee821e046b68-profile_image-150x150.png?imenable=1&impolicy=user-profile-picture&imwidth=100","932","lethamyr_rl","240","690","2","0","194821","8","12","true","false","English","lethamyr_rl"
"https://static-cdn.jtvnw.net/jtv_user_pictures/4d5cbbf5-a535-4e50-a433-b9c04eef2679-profile_image-150x150.png?imenable=1&impolicy=user-profile-picture&imwidth=100","933","LoLGeranimo","18180375","14985","4396","1212","194693","2652","117343","true","true","English","LoLGeranimo"
"https://static-cdn.jtvnw.net/jtv_user_pictures/93da2c04-1ed1-4271-8db7-563bfced2b0f-profile_image-150x150.png?imenable=1&impolicy=user-profile-picture&imwidth=100","934","Jendenise","3151635","7020","2441","448","194628","837","47797","true","true","English","Jendenise"
"https://static-cdn.jtvnw.net/jtv_user_pictures/gamemeneer-profile_image-56b2eee6d013e3f2-150x150.jpeg?imenable=1&impolicy=user-profile-picture&imwidth=100","935","GameMeneer","593835","975","1236","608","194607","3903","10341","true","false","Dutch","GameMeneer"
"https://static-cdn.jtvnw.net/jtv_user_pictures/5d18a597-99d5-4923-8375-16c84aa5a22d-profile_image-150x150.png?imenable=1&impolicy=user-profile-picture&imwidth=100","936","falsesymmetry","929940","5040","413","184","194289","-135","11576","true","false","English","falsesymmetry"
"https://static-cdn.jtvnw.net/jtv_user_pictures/cirno_tv-profile_image-49d04abaf8c7d3a9-150x150.jpeg?imenable=1&impolicy=user-profile-picture&imwidth=100","937","Cirno_TV","12285615","7455","2757","1647","194266","2352","45067","true","true","English","Cirno_TV"
"https://static-cdn.jtvnw.net/jtv_user_pictures/9ef1526a-4514-409e-bd9f-9ef5ff65135f-profile_image-150x150.png?imenable=1&impolicy=user-profile-picture&imwidth=100","938","Sattelizer","2464425","11865","825","207","194054","3509","15457","true","false","English","Sattelizer"
"https://static-cdn.jtvnw.net/jtv_user_pictures/5aa520ca-98a4-4f2d-9c8b-09eb4f98d0d0-profile_image-150x150.png?imenable=1&impolicy=user-profile-picture&imwidth=100","939","EmiliaHult","917130","4815","426","189","193977","3378","15089","true","true","English","EmiliaHult"
"https://static-cdn.jtvnw.net/jtv_user_pictures/7b344850-e38e-48f6-af7b-bfeedcfd2044-profile_image-150x150.png?imenable=1&impolicy=user-profile-picture&imwidth=100","940","Soto_","16556670","7770","2974","2130","193899","15989","23671","true","false","English","Soto_"
"https://static-cdn.jtvnw.net/jtv_user_pictures/ezekiel_iii-profile_image-7ba92268a659bfec-150x150.jpeg?imenable=1&impolicy=user-profile-picture&imwidth=100","941","Ezekiel_III","9823455","7515","7945","1306","193850","2425","38446","true","true","English","Ezekiel_III"
"https://static-cdn.jtvnw.net/jtv_user_pictures/imsoosuperior-profile_image-d8aeff19c047420e-150x150.png?imenable=1&impolicy=user-profile-picture&imwidth=100","942","ImSooSuperior","60240","60","1291","1004","193537","238","0","true","false","English","ImSooSuperior"
"https://static-cdn.jtvnw.net/jtv_user_pictures/ee0f35fd9c984a4d-profile_image-150x150.jpeg?imenable=1&impolicy=user-profile-picture&imwidth=100","943","DenisSniderTV","2847720","13035","670","218","193400","417","66875","true","true","Portuguese","DenisSniderTV"
"https://static-cdn.jtvnw.net/jtv_user_pictures/74e60d79-34d9-4103-9db3-fabdc2535978-profile_image-150x150.png?imenable=1&impolicy=user-profile-picture&imwidth=100","944","Brunecia","3538395","10080","1032","350","193173","5922","119087","true","true","Polish","Brunecia"
"https://static-cdn.jtvnw.net/jtv_user_pictures/f104d75e-1ba8-44db-8bb7-3eb01a8c0cdd-profile_image-150x150.png?imenable=1&impolicy=user-profile-picture&imwidth=100","945","Pace22","62730","4230","41","14","192740","-1","318","true","true","English","Pace22"
"https://static-cdn.jtvnw.net/jtv_user_pictures/e171396a-2898-4ac3-9f2d-fd7adcbac30d-profile_image-150x150.png?imenable=1&impolicy=user-profile-picture&imwidth=100","946","NickiTaylor","1571055","5520","884","284","192710","3419","41692","true","false","English","NickiTaylor"
"https://static-cdn.jtvnw.net/jtv_user_pictures/0c4ee176-07e4-4345-921f-9e47de50cab4-profile_image-150x150.png?imenable=1&impolicy=user-profile-picture&imwidth=100","947","嬌兔 (zrush)","3741405","9885","1348","377","192632","247","62013","true","true","Chinese","嬌兔 (zrush)"
"https://static-cdn.jtvnw.net/jtv_user_pictures/chocobochoco-profile_image-645125a3613c7a12-150x150.png?imenable=1&impolicy=user-profile-picture&imwidth=100","948","ChocoboChoco","1992990","3675","1392","541","192552","5094","9301","true","false","English","ChocoboChoco"
"https://static-cdn.jtvnw.net/jtv_user_pictures/875afc55-c493-4422-a939-240c85774c34-profile_image-150x150.png?imenable=1&impolicy=user-profile-picture&imwidth=100","949","yamatonjp","189165","3495","100","53","192469","182","2970","true","false","Japanese","yamatonjp"
"https://static-cdn.jtvnw.net/jtv_user_pictures/f77d2c45-f06a-42c2-8c5f-bb5d3cd27f69-profile_image-150x150.png?imenable=1&impolicy=user-profile-picture&imwidth=100","950","Pamcakes","2433390","5070","2978","479","192454","2606","60417","true","false","English","Pamcakes"