"","","Channel","Watch time","Stream time","Peak viewers","Average viewers","Followers","Followers gained","Views gained","Partnered","Mature","Language",""
"https://static-cdn.jtvnw.net/jtv_user_pictures/momosnuggles-profile_image-1a0292a922580ac3-150x150.jpeg?imenable=1&impolicy=user-profile-picture&imwidth=100","57701","momoSnuggles","720","510","3","1","1055","1","3","false","true","English","momoSnuggles"
"https://static-cdn.jtvnw.net/jtv_user_pictures/hatedman-profile_image-4f66e4a840aeca60-150x150.jpeg?imenable=1&impolicy=user-profile-picture&imwidth=100","57702","Hatedman","60","90","1","0","1055","2","2","false","true","English","Hatedman"
"https://static-cdn.jtvnw.net/jtv_user_pictures/76397e3e-5405-4f88-83c9-c0face882ade-profile_image-150x150.png?imenable=1&impolicy=user-profile-picture&imwidth=100","57703","BeauPlaysGames","74400","8850","57","8","1055","89","409","false","true","English","BeauPlaysGames"
"https://static-cdn.jtvnw.net/jtv_user_pictures/8b54cec6-fb28-40bd-9906-d3ec203023bb-profile_image-150x150.png?imenable=1&impolicy=user-profile-picture&imwidth=100","57704","RememberingCougar","90","30","6","3","1055","0","0","false","true","English","RememberingCougar"
"https://static-cdn.jtvnw.net/jtv_user_pictures/4c9aaf88-f33e-418a-b7ac-ceb96ddd58c1-profile_image-150x150.jpg?imenable=1&impolicy=user-profile-picture&imwidth=100","57705","greglegolas","105","315","3","0","1055","3","9","false","true","French","greglegolas"
"https://static-cdn.jtvnw.net/jtv_user_pictures/4a236084-9656-49a3-82ce-1b2ab3bd10ae-profile_image-150x150.png?imenable=1&impolicy=user-profile-picture&imwidth=100","57706","angilley","75","75","2","1","1055","0","2","false","false","English","angilley"
"https://static-cdn.jtvnw.net/jtv_user_pictures/sneckstream-profile_image-31c8089d75ff7c77-150x150.png?imenable=1&impolicy=user-profile-picture&imwidth=100","57707","SneckStream","2227905","5070","1966","438","1055","611","2439","false","false","","SneckStream"
"https://static-cdn.jtvnw.net/jtv_user_pictures/crystahltv-profile_image-b6c1e61acfe9e1fb-150x150.jpeg?imenable=1&impolicy=user-profile-picture&imwidth=100","57708","Crystahltv","45","45","3","1","1055","0","0","false","false","German","Crystahltv"
"https://static-cdn.jtvnw.net/jtv_user_pictures/c29a01d1-1c23-4eb2-b831-b831055a1c29-profile_image-150x150.png?imenable=1&impolicy=user-profile-picture&imwidth=100","57709","Freshrider","26910","5640","10","4","1055","5","273","false","true","German","Freshrider"
"https://static-cdn.jtvnw.net/jtv_user_pictures/9c67b4a3-009d-4e13-9ddf-b4ad347018dc-profile_image-150x150.png?imenable=1&impolicy=user-profile-picture&imwidth=100","57710","ChebuTheJoker","15","15","1","1","1055","0","0","false","true","German","ChebuTheJoker"
"https://static-cdn.jtvnw.net/jtv_user_pictures/ff0ab263-388a-4b76-a004-b416a997f8e0-profile_image-150x150.png?imenable=1&impolicy=user-profile-picture&imwidth=100","57711","iN4CTIVE","27390","1365","94","19","1055","56","492","false","false","Russian","iN4CTIVE"
"https://static-cdn.jtvnw.net/jtv_user_pictures/c4f9b101-67c9-4424-a580-9558b00194d3-profile_image-150x150.png?imenable=1&impolicy=user-profile-picture&imwidth=100","57712","CyberWhiteTiger","13680","1830","29","7","1055","50","39","false","true","English","CyberWhiteTiger"
"https://static-cdn.jtvnw.net/jtv_user_pictures/cc8b6380-554c-4b81-ae02-4f760b200f42-profile_image-150x150.png?imenable=1&impolicy=user-profile-picture&imwidth=100","57713","youngbokchoy_","38490","3900","42","9","1055","187","124","false","true","English","youngbokchoy_"
"https://static-cdn.jtvnw.net/jtv_user_pictures/thefearlesshero-profile_image-abbb6d8e2004f42f-150x150.png?imenable=1&impolicy=user-profile-picture&imwidth=100","57714","TheFearlessHero","40365","10740","12","3","1055","-348","229","false","true","English","TheFearlessHero"
"https://static-cdn.jtvnw.net/jtv_user_pictures/b7d4229f-6219-47a6-adf0-ebf0cfd2cbdf-profile_image-150x150.png?imenable=1&impolicy=user-profile-picture&imwidth=100","57715","Leodonuts","9960","4335","7","1","1055","1","43","false","false","English","Leodonuts"
"https://static-cdn.jtvnw.net/jtv_user_pictures/e2cf95f8-1a80-407d-98f7-aeb63997aa14-profile_image-150x150.png?imenable=1&impolicy=user-profile-picture&imwidth=100","57716","mistergameek_ow","1290","1215","6","0","1055","11","52","false","false","French","mistergameek_ow"
"https://static-cdn.jtvnw.net/jtv_user_pictures/efe3953ca669dfd1-profile_image-150x150.jpeg?imenable=1&impolicy=user-profile-picture&imwidth=100","57717","RequiemOwl","2910","420","12","6","1055","-1","19","false","true","English","RequiemOwl"
"https://static-cdn.jtvnw.net/jtv_user_pictures/the_6os-profile_image-de7164d0a74491e0-150x150.jpeg?imenable=1&impolicy=user-profile-picture&imwidth=100","57718","The_6Os","570","225","6","2","1055","-1","1","false","true","","The_6Os"
"https://static-cdn.jtvnw.net/jtv_user_pictures/ee5af75f-5efd-4857-90b8-75d4e6ffb8ff-profile_image-150x150.png?imenable=1&impolicy=user-profile-picture&imwidth=100","57719","Serrible","3345","1335","8","2","1054","5","5","false","true","English","Serrible"
"https://static-cdn.jtvnw.net/jtv_user_pictures/b6f3b81a-259f-4316-b484-bf1df3d0de11-profile_image-150x150.png?imenable=1&impolicy=user-profile-picture&imwidth=100","57720","dropbearinternational","0","105","0","0","1054","0","0","false","true","English","dropbearinternational"
"https://static-cdn.jtvnw.net/jtv_user_pictures/randomlydecided-profile_image-a117756a829b270e-150x150.jpeg?imenable=1&impolicy=user-profile-picture&imwidth=100","57721","randomlydecided","45","75","1","0","1054","0","8","false","true","English","randomlydecided"
"https://static-cdn.jtvnw.net/jtv_user_pictures/eb6628b7-a415-42f7-af90-fb9628fff211-profile_image-150x150.png?imenable=1&impolicy=user-profile-picture&imwidth=100","57722","kabritex","390","765","3","0","1054","4","101","false","false","Portuguese","kabritex"
"https://static-cdn.jtvnw.net/jtv_user_pictures/d5d18219-c02a-46de-a659-d8c1c016de5e-profile_image-150x150.png?imenable=1&impolicy=user-profile-picture&imwidth=100","57723","BattleAndBrew","1515","225","8","6","1054","6","5","false","true","English","BattleAndBrew"
"https://static-cdn.jtvnw.net/jtv_user_pictures/4994ac518acbf8eb-profile_image-150x150.jpeg?imenable=1&impolicy=user-profile-picture&imwidth=100","57724","mcc111","2220","90","33","24","1054","10","34","false","false","English","mcc111"
"https://static-cdn.jtvnw.net/jtv_user_pictures/inuandyoshi-profile_image-dc5e359d18da8092-150x150.png?imenable=1&impolicy=user-profile-picture&imwidth=100","57725","inuandyoshi","79620","7665","30","9","1054","140","1185","false","false","","inuandyoshi"
"https://static-cdn.jtvnw.net/jtv_user_pictures/1ea1d08c-cf52-41a1-8e97-cb58096bd99d-profile_image-150x150.jpg?imenable=1&impolicy=user-profile-picture&imwidth=100","57726","ThatBoatDude","0","690","3","0","1054","0","43","false","true","English","ThatBoatDude"
"https://static-cdn.jtvnw.net/jtv_user_pictures/20f2d43a-1838-4cf1-ab24-aec736995914-profile_image-150x150.png?imenable=1&impolicy=user-profile-picture&imwidth=100","57727","twitch_get","113460","6330","378","17","1054","751","2165","false","true","German","twitch_get"
"https://static-cdn.jtvnw.net/jtv_user_pictures/0734ecb7-80ee-4368-89a2-095cb9306f21-profile_image-150x150.png?imenable=1&impolicy=user-profile-picture&imwidth=100","57728","tacolmao","3000","3045","4","0","1054","3","14","false","true","English","tacolmao"
"https://static-cdn.jtvnw.net/jtv_user_pictures/f0ae1bae-2df9-404e-a16b-50ede7abbd5f-profile_image-150x150.png?imenable=1&impolicy=user-profile-picture&imwidth=100","57729","SimplementAxel_A2c","6705","2325","10","2","1054","46","26","false","false","French","SimplementAxel_A2c"
"https://static-cdn.jtvnw.net/jtv_user_pictures/7f070ea7-936d-4d2e-b563-5e9d122be93f-profile_image-150x150.png?imenable=1&impolicy=user-profile-picture&imwidth=100","57730","punisherposse","16005","8775","11","1","1054","108","181","false","false","English","punisherposse"
"https://static-cdn.jtvnw.net/jtv_user_pictures/aj213-profile_image-bb3c80174f42c1ed-150x150.png?imenable=1&impolicy=user-profile-picture&imwidth=100","57731","AJ213","53895","10020","23","4","1054","156","550","false","false","English","AJ213"
"https://static-cdn.jtvnw.net/jtv_user_pictures/superbatm12-profile_image-a06dfb3c5281c378-150x150.jpeg?imenable=1&impolicy=user-profile-picture&imwidth=100","57732","Superbatm12","165","345","2","0","1054","5","26","false","false","English","Superbatm12"
"https://static-cdn.jtvnw.net/jtv_user_pictures/1e22e1a7-c047-451e-9d50-5cf3adcefcd7-profile_image-150x150.png?imenable=1&impolicy=user-profile-picture&imwidth=100","57733","Gokiburi","150","150","1","1","1054","0","0","true","false","English","Gokiburi"
"https://static-cdn.jtvnw.net/jtv_user_pictures/19c4c410-bef9-43a2-a4c5-a47451a05990-profile_image-150x150.png?imenable=1&impolicy=user-profile-picture&imwidth=100","57734","nukye","7080","1080","34","6","1054","8","354","false","true","English","nukye"
"https://static-cdn.jtvnw.net/jtv_user_pictures/chapolln-profile_image-c0aaf938d89485c9-150x150.png?imenable=1&impolicy=user-profile-picture&imwidth=100","57735","ChapoLln","33300","3780","33","8","1054","112","1802","false","false","","ChapoLln"
"https://static-cdn.jtvnw.net/jtv_user_pictures/2ecab7c8-eccc-4edf-90a4-159fbee55fc2-profile_image-150x150.png?imenable=1&impolicy=user-profile-picture&imwidth=100","57736","JuggernautPlays","12525","4590","9","2","1054","64","531","false","false","Spanish","JuggernautPlays"
"https://static-cdn.jtvnw.net/jtv_user_pictures/d7f0c79f-563c-4ddc-8a6a-382ab06a9fa2-profile_image-150x150.png?imenable=1&impolicy=user-profile-picture&imwidth=100","57737","SishOOn","64860","13500","18","4","1054","139","880","false","false","Polish","SishOOn"
"https://static-cdn.jtvnw.net/jtv_user_pictures/bb085147-45f5-4843-891d-e707b064bbd0-profile_image-150x150.png?imenable=1&impolicy=user-profile-picture&imwidth=100","57738","TheExoticPear","47685","7050","32","6","1054","81","304","false","true","English","TheExoticPear"
"https://static-cdn.jtvnw.net/jtv_user_pictures/darkpandar-profile_image-8e1eb89bcf8e0b5b-150x150.jpeg?imenable=1&impolicy=user-profile-picture&imwidth=100","57739","darkpandar","60","105","2","0","1054","0","0","false","false","English","darkpandar"
"https://static-cdn.jtvnw.net/jtv_user_pictures/dna_expose-profile_image-e47fddcb58f9d725-150x150.png?imenable=1&impolicy=user-profile-picture&imwidth=100","57740","DnA_Expose","3000","825","9","3","1054","27","63","false","false","","DnA_Expose"
"https://static-cdn.jtvnw.net/jtv_user_pictures/moneybowisse-profile_image-09abf3444a56e08b-150x150.png?imenable=1&impolicy=user-profile-picture&imwidth=100","57741","MoneyBowisse","3615","660","15","4","1054","14","88","false","false","French","MoneyBowisse"
"https://static-cdn.jtvnw.net/jtv_user_pictures/rickybobbyhd-profile_image-34e0696d4d0769c6-150x150.jpeg?imenable=1&impolicy=user-profile-picture&imwidth=100","57742","RickyBobbyHD","315","105","5","3","1054","1","5","false","true","English","RickyBobbyHD"
"https://static-cdn.jtvnw.net/jtv_user_pictures/f41d2f74-3fc4-4b66-80b1-d0e7060c61ac-profile_image-150x150.png?imenable=1&impolicy=user-profile-picture&imwidth=100","57743","antepzgg","1170","285","8","3","1054","18","17","false","false","English","antepzgg"
"https://static-cdn.jtvnw.net/jtv_user_pictures/xtolka-profile_image-830815041e94d642-150x150.png?imenable=1&impolicy=user-profile-picture&imwidth=100","57744","xTolka","2700","90","116","30","1054","2","0","false","false","","xTolka"
"https://static-cdn.jtvnw.net/jtv_user_pictures/32247971-8ef4-430a-bfc9-b0c7f05361d4-profile_image-150x150.png?imenable=1&impolicy=user-profile-picture&imwidth=100","57745","RSMisto","270","390","2","0","1054","-1566","2","false","false","English","RSMisto"
"https://static-cdn.jtvnw.net/jtv_user_pictures/f9f242e0-001e-442d-80fa-208c32aeb718-profile_image-150x150.png?imenable=1&impolicy=user-profile-picture&imwidth=100","57746","seko221circus","270","150","4","1","1054","0","0","false","false","Russian","seko221circus"
"https://static-cdn.jtvnw.net/jtv_user_pictures/tenteisai-profile_image-3af4fa027cb28802-150x150.jpeg?imenable=1&impolicy=user-profile-picture&imwidth=100","57747","tenteisai","165","600","2","0","1054","0","2","false","true","English","tenteisai"
"https://static-cdn.jtvnw.net/jtv_user_pictures/50b6cbb7-749c-412e-a857-b02209ecd93f-profile_image-150x150.png?imenable=1&impolicy=user-profile-picture&imwidth=100","57748","nicerd1cer","18285","2205","30","7","1054","365","596","false","false","German","nicerd1cer"
"https://static-cdn.jtvnw.net/jtv_user_pictures/202e0f77-18a5-480a-b2c1-fa0626fc3a1f-profile_image-150x150.png?imenable=1&impolicy=user-profile-picture&imwidth=100","57749","JunaeBenne","975","315","10","2","1054","5","33","false","false","English","JunaeBenne"
"https://static-cdn.jtvnw.net/jtv_user_pictures/daktorian-profile_image-6777b7153fbc99d6-150x150.png?imenable=1&impolicy=user-profile-picture&imwidth=100","57750","Daktorian","165","705","4","0","1054","0","0","false","false","English","Daktorian"
"https://static-cdn.jtvnw.net/jtv_user_pictures/76e97a10-dfcf-4086-af50-ef0177397ce4-profile_image-150x150.jpeg?imenable=1&impolicy=user-profile-picture&imwidth=100","57751","Korthid_","11220","2640","10","3","1054","91","230","false","false","Spanish","Korthid_"
"https://static-cdn.jtvnw.net/jtv_user_pictures/90de1a14-c6c7-4b85-aac0-197f761daa19-profile_image-150x150.png?imenable=1&impolicy=user-profile-picture&imwidth=100","57752","Stopbopnheal","33300","2310","116","13","1054","34","387","false","false","English","Stopbopnheal"
"https://static-cdn.jtvnw.net/jtv_user_pictures/e58a7fe9-461a-4e2f-a8e3-2bf64a9311e7-profile_image-150x150.png?imenable=1&impolicy=user-profile-picture&imwidth=100","57753","PsiFrog","63345","9915","21","5","1054","91","574","false","true","English","PsiFrog"
"https://static-cdn.jtvnw.net/jtv_user_pictures/bfd4d612-8d35-41b8-8778-d813733179ae-profile_image-150x150.png?imenable=1&impolicy=user-profile-picture&imwidth=100","57754","Kenadian","60810","7245","29","7","1054","36","1629","false","true","English","Kenadian"
"https://static-cdn.jtvnw.net/jtv_user_pictures/9cb15d37-92a9-4e97-a898-0973a20bfb2f-profile_image-150x150.jpg?imenable=1&impolicy=user-profile-picture&imwidth=100","57755","cyber12archangel","12450","1590","22","7","1054","25","68","false","false","English","cyber12archangel"
"https://static-cdn.jtvnw.net/jtv_user_pictures/f6bb4c2d-3f9c-4c3c-809c-a3a307c8c3e0-profile_image-150x150.png?imenable=1&impolicy=user-profile-picture&imwidth=100","57756","nobleghostsix","30","135","2","0","1054","1","0","false","true","English","nobleghostsix"
"https://static-cdn.jtvnw.net/jtv_user_pictures/chindora-profile_image-d1466479dfe38438-150x150.png?imenable=1&impolicy=user-profile-picture&imwidth=100","57757","Chindora","72825","8670","24","7","1054","91","1707","false","true","Portuguese","Chindora"
"https://static-cdn.jtvnw.net/jtv_user_pictures/5981df7b74d09131-profile_image-150x150.png?imenable=1&impolicy=user-profile-picture&imwidth=100","57758","reuschtv","3120","795","10","3","1054","-1","15","false","false","English","reuschtv"
"https://static-cdn.jtvnw.net/jtv_user_pictures/magusmarisa-profile_image-7ae6740b123d1964-150x150.png?imenable=1&impolicy=user-profile-picture&imwidth=100","57759","きりさめまりさ (magusmarisa)","1185","195","9","6","1054","12","11","false","true","English","きりさめまりさ (magusmarisa)"
"https://static-cdn.jtvnw.net/jtv_user_pictures/dubplayz-profile_image-6ba46aeeb2c750bc-150x150.jpeg?imenable=1&impolicy=user-profile-picture&imwidth=100","57760","DUBplayz","29520","6435","14","4","1054","112","133","false","false","","DUBplayz"
"https://static-cdn.jtvnw.net/jtv_user_pictures/40098fd6fae67558-profile_image-150x150.png?imenable=1&impolicy=user-profile-picture&imwidth=100","57761","ImKeff","13755","5115","9","2","1054","-172","65","false","true","English","ImKeff"
"https://static-cdn.jtvnw.net/jtv_user_pictures/9e862311-1496-4fa5-a717-3fe4aab59b90-profile_image-150x150.png?imenable=1&impolicy=user-profile-picture&imwidth=100","57762","Vixenside","300","135","4","2","1053","0","0","false","true","English","Vixenside"
"https://static-cdn.jtvnw.net/jtv_user_pictures/d9f21d20-8ea8-4438-9da7-665ba0aae4ff-profile_image-150x150.png?imenable=1&impolicy=user-profile-picture&imwidth=100","57763","RenaninaCosplay","0","45","0","0","1053","0","0","false","true","Spanish","RenaninaCosplay"
"https://static-cdn.jtvnw.net/jtv_user_pictures/5f9afb48-50f8-40d2-b89c-0f6597990734-profile_image-150x150.png?imenable=1&impolicy=user-profile-picture&imwidth=100","57764","BroadcastBunch","480","120","6","4","1053","0","0","false","true","English","BroadcastBunch"
"https://static-cdn.jtvnw.net/jtv_user_pictures/e45f970f-f1ce-441c-9d09-d97cf44ff205-profile_image-150x150.png?imenable=1&impolicy=user-profile-picture&imwidth=100","57765","Aminiakk","17475","285","218","60","1053","186","877","false","false","French","Aminiakk"
"https://static-cdn.jtvnw.net/jtv_user_pictures/b74a65fa-cc39-48ff-a048-0e93cd824390-profile_image-150x150.png?imenable=1&impolicy=user-profile-picture&imwidth=100","57766","Embinhoo","1125","915","5","1","1053","3","14","false","true","Polish","Embinhoo"
"https://static-cdn.jtvnw.net/jtv_user_pictures/e5eb508a-8b5f-4aab-8289-1fa9c38761b5-profile_image-150x150.png?imenable=1&impolicy=user-profile-picture&imwidth=100","57767","RYZLIX","3075","2760","7","0","1053","17","58","false","true","Russian","RYZLIX"
"https://static-cdn.jtvnw.net/jtv_user_pictures/mobb0909-profile_image-e4895809789ba90e-150x150.jpeg?imenable=1&impolicy=user-profile-picture&imwidth=100","57768","MOBB0909","1920","975","5","1","1053","9","17","false","true","English","MOBB0909"
"https://static-cdn.jtvnw.net/jtv_user_pictures/6c52480c-8e29-4ab8-9674-42e9a3544822-profile_image-150x150.png?imenable=1&impolicy=user-profile-picture&imwidth=100","57769","neptsu","60","75","2","0","1053","0","2","false","false","German","neptsu"
"https://static-cdn.jtvnw.net/jtv_user_pictures/fdf242b7-d25d-4fad-be8b-56183b4c5e3c-profile_image-150x150.png?imenable=1&impolicy=user-profile-picture&imwidth=100","57770","iDeathawaitsyou","34395","11805","37","2","1053","71","177","false","true","English","iDeathawaitsyou"
"https://static-cdn.jtvnw.net/jtv_user_pictures/e5cbc366-48ce-4044-9cd2-f849b9faa208-profile_image-150x150.png?imenable=1&impolicy=user-profile-picture&imwidth=100","57771","LightCrowler","0","30","0","0","1053","0","0","false","false","German","LightCrowler"
"https://static-cdn.jtvnw.net/jtv_user_pictures/0b7c59f47a720664-profile_image-150x150.png?imenable=1&impolicy=user-profile-picture&imwidth=100","57772","GenApophis","105","75","3","1","1053","1","9","false","true","German","GenApophis"
"https://static-cdn.jtvnw.net/jtv_user_pictures/a21c3afa-7e08-4df3-b664-ffb9850cf324-profile_image-150x150.png?imenable=1&impolicy=user-profile-picture&imwidth=100","57773","HouseofCreation","22065","5145","20","3","1053","55","499","false","false","English","HouseofCreation"
"https://static-cdn.jtvnw.net/jtv_user_pictures/xanatoss_tv-profile_image-ba0f47e14c0ff9d0-150x150.jpeg?imenable=1&impolicy=user-profile-picture&imwidth=100","57774","Xanatoss_Tv","7920","6450","5","0","1053","10","101","false","true","German","Xanatoss_Tv"
"https://static-cdn.jtvnw.net/jtv_user_pictures/a901b92b09696640-profile_image-150x150.jpeg?imenable=1&impolicy=user-profile-picture&imwidth=100","57775","IBreakJaw","21630","465","81","45","1053","954","5703","false","false","English","IBreakJaw"
"https://static-cdn.jtvnw.net/jtv_user_pictures/f615b20a-e8ef-4682-b500-12b76ed12867-profile_image-150x150.png?imenable=1&impolicy=user-profile-picture&imwidth=100","57776","ddiablos","435","810","2","0","1053","5","16","false","true","Russian","ddiablos"
"https://static-cdn.jtvnw.net/jtv_user_pictures/gamerstuf-profile_image-d1f7c7b4a027f897-150x150.jpeg?imenable=1&impolicy=user-profile-picture&imwidth=100","57777","Gamerstuf","315","210","3","1","1053","1","14","false","false","","Gamerstuf"
"https://static-cdn.jtvnw.net/jtv_user_pictures/21edd85c-db6d-4c3d-a0ec-588da491bb2f-profile_image-150x150.png?imenable=1&impolicy=user-profile-picture&imwidth=100","57778","r0wey","960","465","5","1","1053","6","79","false","false","English","r0wey"
"https://static-cdn.jtvnw.net/jtv_user_pictures/c442194f-7c1e-4d0f-845c-ed71eb771787-profile_image-150x150.png?imenable=1&impolicy=user-profile-picture&imwidth=100","57779","Einfach_Angele","8625","1890","14","4","1053","34","336","false","false","German","Einfach_Angele"
"https://static-cdn.jtvnw.net/jtv_user_pictures/dc61bd8c-bcaa-4a46-829e-38c794def429-profile_image-150x150.png?imenable=1&impolicy=user-profile-picture&imwidth=100","57780","PRMasterx","120","120","3","0","1053","2","22","false","false","Spanish","PRMasterx"
"https://static-cdn.jtvnw.net/jtv_user_pictures/f1bb9701-e1ce-468d-988e-c7a601ccc637-profile_image-150x150.png?imenable=1&impolicy=user-profile-picture&imwidth=100","57781","Keynox","15","45","1","0","1053","0","6","false","true","French","Keynox"
"https://static-cdn.jtvnw.net/jtv_user_pictures/final1000-profile_image-24528fe25b8ca45d-150x150.png?imenable=1&impolicy=user-profile-picture&imwidth=100","57782","_真田丸_ (final1000)","102030","12285","34","7","1053","36","3393","false","false","Chinese","_真田丸_ (final1000)"
"https://static-cdn.jtvnw.net/jtv_user_pictures/758e79f6-76d4-4d5b-85dc-13b989557c6b-profile_image-150x150.png?imenable=1&impolicy=user-profile-picture&imwidth=100","57783","brody_zzz","420","660","6","0","1053","0","4","false","false","English","brody_zzz"
"https://static-cdn.jtvnw.net/jtv_user_pictures/detonategg-profile_image-42055a1cecccfdf8-150x150.png?imenable=1&impolicy=user-profile-picture&imwidth=100","57784","DetonateGG","45480","2010","154","22","1053","188","469","false","false","","DetonateGG"
"https://static-cdn.jtvnw.net/jtv_user_pictures/5f603b8a-535d-4693-9e72-7400687c735a-profile_image-150x150.png?imenable=1&impolicy=user-profile-picture&imwidth=100","57785","雞腿 (smallchickenyeh)","5370","3210","6","1","1053","7","132","false","true","Chinese","雞腿 (smallchickenyeh)"
"https://static-cdn.jtvnw.net/jtv_user_pictures/wonkywobblar-profile_image-b81ed329ddeb6fc6-150x150.png?imenable=1&impolicy=user-profile-picture&imwidth=100","57786","WonkyWobblar","1665","330","11","4","1053","-5","9","false","true","English","WonkyWobblar"
"https://static-cdn.jtvnw.net/jtv_user_pictures/4eece10b-9f40-4256-8ba9-9cc2c8054536-profile_image-150x150.png?imenable=1&impolicy=user-profile-picture&imwidth=100","57787","JakiJo","91950","2685","161","33","1053","161","549","false","false","English","JakiJo"
"https://static-cdn.jtvnw.net/jtv_user_pictures/6ec53021-87d5-4b56-8ba9-512fd2a3e169-profile_image-150x150.png?imenable=1&impolicy=user-profile-picture&imwidth=100","57788","indextr","7995","2085","18","3","1053","20","656","false","true","Turkish","indextr"
"https://static-cdn.jtvnw.net/jtv_user_pictures/giraffefizzoid-profile_image-f0fa15fb0b0cbcaa-150x150.jpeg?imenable=1&impolicy=user-profile-picture&imwidth=100","57789","giraffeFizzoid","23040","1305","91","17","1053","21","398","false","false","Russian","giraffeFizzoid"
"https://static-cdn.jtvnw.net/jtv_user_pictures/3cc5fd01-ebbf-4549-93b1-981e13beef4d-profile_image-150x150.png?imenable=1&impolicy=user-profile-picture&imwidth=100","57790","Feral2","12255","2205","22","5","1053","16","99","false","false","English","Feral2"
"https://static-cdn.jtvnw.net/jtv_user_pictures/rebelsoul808-profile_image-01211019a54a35a1-150x150.jpeg?imenable=1&impolicy=user-profile-picture&imwidth=100","57791","RebelSoul808","3900","3045","4","0","1053","5","2","false","true","English","RebelSoul808"
"https://static-cdn.jtvnw.net/jtv_user_pictures/cec1a7e7-c8ef-4704-bdf7-921e9e388b51-profile_image-150x150.jpeg?imenable=1&impolicy=user-profile-picture&imwidth=100","57792","orbhital_","15","90","1","0","1053","1","3","false","false","English","orbhital_"
"https://static-cdn.jtvnw.net/jtv_user_pictures/daec74a43798d258-profile_image-150x150.png?imenable=1&impolicy=user-profile-picture&imwidth=100","57793","beuglein","0","30","0","0","1053","0","0","false","false","German","beuglein"
"https://static-cdn.jtvnw.net/jtv_user_pictures/amooon3155_minecraft-profile_image-cfc458f9cfb4e6ba-150x150.jpeg?imenable=1&impolicy=user-profile-picture&imwidth=100","57794","AmoOon3155_minecraft","26970","2250","27","11","1053","102","1869","false","false","","AmoOon3155_minecraft"
"https://static-cdn.jtvnw.net/user-default-pictures-uv/13e5fa74-defa-11e9-809c-784f43822e80-profile_image-150x150.png?imenable=1&impolicy=user-profile-picture&imwidth=100","57795","Kaboom2015","28980","4860","20","5","1053","33","590","false","false","Polish","Kaboom2015"
"https://static-cdn.jtvnw.net/jtv_user_pictures/c54ac5ef5a90b108-profile_image-150x150.png?imenable=1&impolicy=user-profile-picture&imwidth=100","57796","Manu_The_Unicorn","30","105","1","0","1053","0","0","false","false","German","Manu_The_Unicorn"
"https://static-cdn.jtvnw.net/jtv_user_pictures/d0c51f06-d347-4fda-b5ec-462e758d501f-profile_image-150x150.png?imenable=1&impolicy=user-profile-picture&imwidth=100","57797","Chillyday","75","75","2","1","1053","0","0","false","false","English","Chillyday"
"https://static-cdn.jtvnw.net/jtv_user_pictures/themadbox-profile_image-38d599b5aad72762-150x150.jpeg?imenable=1&impolicy=user-profile-picture&imwidth=100","57798","TheMadBox","1605","855","7","1","1053","-4","17","false","false","English","TheMadBox"
"https://static-cdn.jtvnw.net/jtv_user_pictures/smithy20418-profile_image-f59ad6f8089d20c8-150x150.png?imenable=1&impolicy=user-profile-picture&imwidth=100","57799","Smithy20418","60","75","1","0","1053","-2","3","false","false","English","Smithy20418"
"https://static-cdn.jtvnw.net/jtv_user_pictures/reamerboy-profile_image-62133d8bf9a0ab09-150x150.png?imenable=1&impolicy=user-profile-picture&imwidth=100","57800","ReamerBoy","9795","1995","15","4","1053","39","449","false","false","","ReamerBoy"