"","","Channel","Watch time","Stream time","Peak viewers","Average viewers","Followers","Followers gained","Views gained","Partnered","Mature","Language",""
"https://static-cdn.jtvnw.net/jtv_user_pictures/929ae9eb-2bca-492a-a54a-ebc87041e8dc-profile_image-150x150.png?imenable=1&impolicy=user-profile-picture&imwidth=100","4851","KingProdigy","5880","975","14","5","32634","-4","59","true","false","English","KingProdigy"
"https://static-cdn.jtvnw.net/jtv_user_pictures/807671dd-a552-43e6-a83c-3f45f45e1268-profile_image-150x150.png?imenable=1&impolicy=user-profile-picture&imwidth=100","4852","VKingPlays","961245","4110","460","233","32632","523","12171","true","true","Italian","VKingPlays"
"https://static-cdn.jtvnw.net/jtv_user_pictures/1b86f8f1-4cba-40e1-9efb-e5b541e4fc32-profile_image-150x150.png?imenable=1&impolicy=user-profile-picture&imwidth=100","4853","Ghostik","36315","2535","35","13","32625","34","711","true","false","Russian","Ghostik"
"https://static-cdn.jtvnw.net/jtv_user_pictures/14de70ac-3260-4b6a-8893-7e3817fe1b54-profile_image-150x150.png?imenable=1&impolicy=user-profile-picture&imwidth=100","4854","Erwanndd","143295","3390","255","41","32625","154","1770","true","false","French","Erwanndd"
"https://static-cdn.jtvnw.net/jtv_user_pictures/bc53cf9a-611c-4f96-95e4-5a63b3214733-profile_image-150x150.png?imenable=1&impolicy=user-profile-picture&imwidth=100","4855","Liaph","212970","11610","80","17","32603","458","3133","true","false","Spanish","Liaph"
"https://static-cdn.jtvnw.net/jtv_user_pictures/d25ea530-34c0-4b3e-ab90-b0ddd3ac7e23-profile_image-150x150.png?imenable=1&impolicy=user-profile-picture&imwidth=100","4856","Rohulk2010","444765","5805","229","76","32603","874","8668","true","true","English","Rohulk2010"
"https://static-cdn.jtvnw.net/jtv_user_pictures/810c1d5a-c85a-4311-8df0-5cdc0f5ed459-profile_image-150x150.png?imenable=1&impolicy=user-profile-picture&imwidth=100","4857","dontbesaad20","71055","780","225","90","32592","377","480","true","false","English","dontbesaad20"
"https://static-cdn.jtvnw.net/jtv_user_pictures/9691bef8-e8bb-4329-b873-b7015a4bae93-profile_image-150x150.png?imenable=1&impolicy=user-profile-picture&imwidth=100","4858","ANTi","33300","570","126","58","32567","185","228","true","false","English","ANTi"
"https://static-cdn.jtvnw.net/jtv_user_pictures/80dc96b3-0c98-45ae-b631-7b80d28630dc-profile_image-150x150.png?imenable=1&impolicy=user-profile-picture&imwidth=100","4859","imnatiz","90","90","2","1","32565","0","7","false","false","German","imnatiz"
"https://static-cdn.jtvnw.net/jtv_user_pictures/nfl-profile_image-5214db088aecfe91-150x150.jpeg?imenable=1&impolicy=user-profile-picture&imwidth=100","4860","NFL","665835","510","3976","1304","32553","1784","185628","false","false","English","NFL"
"https://static-cdn.jtvnw.net/jtv_user_pictures/bd009c76-4310-49fd-a9f4-25999267ae32-profile_image-150x150.png?imenable=1&impolicy=user-profile-picture&imwidth=100","4861","LieutenantVolx","142230","1665","129","84","32552","524","2229","true","false","English","LieutenantVolx"
"https://static-cdn.jtvnw.net/jtv_user_pictures/1ecc1b1e-2f5d-4e60-8c9b-fe53d7876b2e-profile_image-150x150.png?imenable=1&impolicy=user-profile-picture&imwidth=100","4862","Flora","132510","945","337","139","32550","534","3054","true","false","French","Flora"
"https://static-cdn.jtvnw.net/jtv_user_pictures/f5a4da33-0b29-47c0-b364-6a3fd26c2192-profile_image-150x150.png?imenable=1&impolicy=user-profile-picture&imwidth=100","4863","GERBrowny","589740","8400","239","69","32545","-194","5974","true","false","German","GERBrowny"
"https://static-cdn.jtvnw.net/jtv_user_pictures/d55a13a31db6e914-profile_image-150x150.jpeg?imenable=1&impolicy=user-profile-picture&imwidth=100","4864","Brutalsim","1170","435","6","2","32542","31","51","true","false","English","Brutalsim"
"https://static-cdn.jtvnw.net/jtv_user_pictures/0fecdf14-9d55-43a4-a38a-d9aa32b4ef71-profile_image-150x150.png?imenable=1&impolicy=user-profile-picture&imwidth=100","4865","QuarantineChris","341880","7155","241","47","32539","-60","3157","true","true","English","QuarantineChris"
"https://static-cdn.jtvnw.net/jtv_user_pictures/278f01e9-1511-4b05-8cac-221ab74b5488-profile_image-150x150.png?imenable=1&impolicy=user-profile-picture&imwidth=100","4866","Metsanauris","240","195","3","1","32533","1","26","true","false","English","Metsanauris"
"https://static-cdn.jtvnw.net/jtv_user_pictures/fuzion410-profile_image-b70bd28a6601fdf0-150x150.jpeg?imenable=1&impolicy=user-profile-picture&imwidth=100","4867","fuzion410","138420","5340","124","25","32520","-87","1194","true","true","English","fuzion410"
"https://static-cdn.jtvnw.net/jtv_user_pictures/c1c2e16c-308a-4a95-b23d-6a6f5853bdd8-profile_image-150x150.png?imenable=1&impolicy=user-profile-picture&imwidth=100","4868","mosrobin","778005","1185","1610","656","32518","2174","5851","true","false","Swedish","mosrobin"
"https://static-cdn.jtvnw.net/jtv_user_pictures/952aecb1aff615ae-profile_image-150x150.jpeg?imenable=1&impolicy=user-profile-picture&imwidth=100","4869","Pinky","14565","750","86","19","32513","-6","170","true","true","English","Pinky"
"https://static-cdn.jtvnw.net/jtv_user_pictures/teamtrooper-profile_image-75f04dc76fa0fc3e-150x150.jpeg?imenable=1&impolicy=user-profile-picture&imwidth=100","4870","TeamTrooper","425310","8235","641","51","32510","1997","3998","true","false","German","TeamTrooper"
"https://static-cdn.jtvnw.net/jtv_user_pictures/lndxleo-profile_image-da9f94e61b3ba500-150x150.jpeg?imenable=1&impolicy=user-profile-picture&imwidth=100","4871","LnDxLeo","183300","2670","244","68","32475","864","8544","true","true","Russian","LnDxLeo"
"https://static-cdn.jtvnw.net/jtv_user_pictures/a5f4bc20-6231-48cf-88de-52f7fe43a330-profile_image-150x150.png?imenable=1&impolicy=user-profile-picture&imwidth=100","4872","KarmaaEdits","603375","4665","447","128","32455","1862","3661","true","false","German","KarmaaEdits"
"https://static-cdn.jtvnw.net/jtv_user_pictures/41364be2-8c60-43ab-a1e6-05f408bdcfea-profile_image-150x150.png?imenable=1&impolicy=user-profile-picture&imwidth=100","4873","Brekk1e","1030770","5205","365","197","32455","927","11303","true","true","English","Brekk1e"
"https://static-cdn.jtvnw.net/jtv_user_pictures/8292b14e-5875-4802-a9d0-7df3ff6ce86a-profile_image-150x150.png?imenable=1&impolicy=user-profile-picture&imwidth=100","4874","Chippy","326745","6585","158","49","32453","536","4406","true","false","English","Chippy"
"https://static-cdn.jtvnw.net/jtv_user_pictures/shadowfrax-profile_image-d9f30af9e07b8fc0-150x150.png?imenable=1&impolicy=user-profile-picture&imwidth=100","4875","SHADOWFRAX","585","60","11","9","32447","2","0","false","true","English","SHADOWFRAX"
"https://static-cdn.jtvnw.net/jtv_user_pictures/puwexil-profile_image-0a3da9a0ee3b69b9-150x150.jpeg?imenable=1&impolicy=user-profile-picture&imwidth=100","4876","puwexil","470100","1875","526","250","32442","244","1898","true","false","English","puwexil"
"https://static-cdn.jtvnw.net/jtv_user_pictures/d51bb622-116d-4ddf-a08f-85f5955132b2-profile_image-150x150.png?imenable=1&impolicy=user-profile-picture&imwidth=100","4877","WazzupJeronimo","0","210","0","0","32395","0","0","true","true","German","WazzupJeronimo"
"https://static-cdn.jtvnw.net/jtv_user_pictures/1ca29eb8-a86f-42a7-ad75-5ab6d48d2da4-profile_image-150x150.png?imenable=1&impolicy=user-profile-picture&imwidth=100","4878","Legend0fLucky","384750","2445","432","156","32389","655","1898","true","false","English","Legend0fLucky"
"https://static-cdn.jtvnw.net/jtv_user_pictures/d5938910-e70f-446e-b77c-8791b040ae00-profile_image-150x150.png?imenable=1&impolicy=user-profile-picture&imwidth=100","4879","BaumBlau","14160","240","110","58","32351","162","286","true","false","German","BaumBlau"
"https://static-cdn.jtvnw.net/jtv_user_pictures/c5277e73-4d18-4c64-b266-061a55c3cdd0-profile_image-150x150.png?imenable=1&impolicy=user-profile-picture&imwidth=100","4880","iJaymo_","1385940","2775","885","498","32342","-1291","880","false","false","English","iJaymo_"
"https://static-cdn.jtvnw.net/jtv_user_pictures/7dcd1940-b90a-479e-a492-54767bde5ab0-profile_image-150x150.png?imenable=1&impolicy=user-profile-picture&imwidth=100","4881","drezzdie","41280","2685","197","14","32330","157","543","true","false","English","drezzdie"
"https://static-cdn.jtvnw.net/jtv_user_pictures/a622c7ef-9ccc-4a81-ab9f-5c7efd2a457f-profile_image-150x150.jpg?imenable=1&impolicy=user-profile-picture&imwidth=100","4882","5LIVE_bGd","1128450","2700","1167","417","32321","-685","9461","false","false","Russian","5LIVE_bGd"
"https://static-cdn.jtvnw.net/jtv_user_pictures/a80eda2c-11da-441a-9393-f03f842c2075-profile_image-150x150.png?imenable=1&impolicy=user-profile-picture&imwidth=100","4883","Vladyslava","288540","1605","717","179","32313","-464","9097","true","false","English","Vladyslava"
"https://static-cdn.jtvnw.net/jtv_user_pictures/2a7e3b99-c34c-4496-81b1-bfab728fd400-profile_image-150x150.png?imenable=1&impolicy=user-profile-picture&imwidth=100","4884","Umbre","75","75","2","1","32312","0","7","true","true","English","Umbre"
"https://static-cdn.jtvnw.net/jtv_user_pictures/a7d7af05-fd52-4d85-8be4-73ac2a528669-profile_image-150x150.png?imenable=1&impolicy=user-profile-picture&imwidth=100","4885","IqueGMK","570","750","5","0","32304","1","10","true","false","Portuguese","IqueGMK"
"https://static-cdn.jtvnw.net/jtv_user_pictures/2197dc8b-4602-4344-8e93-18ff0728e3b6-profile_image-150x150.png?imenable=1&impolicy=user-profile-picture&imwidth=100","4886","Boom","315","420","3","0","32291","0","9","true","false","English","Boom"
"https://static-cdn.jtvnw.net/jtv_user_pictures/davidashotovich-profile_image-e2a192e7c7b2c82c-150x150.png?imenable=1&impolicy=user-profile-picture&imwidth=100","4887","DavidAshotovich","496560","1080","658","459","32286","773","9541","true","false","Russian","DavidAshotovich"
"https://static-cdn.jtvnw.net/jtv_user_pictures/5b8bd4bf-00ec-4cc9-b287-5dd638e781ab-profile_image-150x150.png?imenable=1&impolicy=user-profile-picture&imwidth=100","4888","Admiros","795","105","9","7","32285","15","0","true","false","Polish","Admiros"
"https://static-cdn.jtvnw.net/jtv_user_pictures/gohan15243-profile_image-bf19b5fb4b763c0a-150x150.png?imenable=1&impolicy=user-profile-picture&imwidth=100","4889","Gohan15243","455370","8985","135","50","32283","192","1511","true","true","English","Gohan15243"
"https://static-cdn.jtvnw.net/jtv_user_pictures/28ce3f8c-08b8-4279-a554-69d468289d76-profile_image-150x150.png?imenable=1&impolicy=user-profile-picture&imwidth=100","4890","BattleAthlete","237600","8610","95","27","32256","-76","820","true","false","English","BattleAthlete"
"https://static-cdn.jtvnw.net/jtv_user_pictures/bd3c2c5940a45ec9-profile_image-150x150.png?imenable=1&impolicy=user-profile-picture&imwidth=100","4891","Redeemer","4350","900","18","4","32252","11","52","true","true","English","Redeemer"
"https://static-cdn.jtvnw.net/jtv_user_pictures/fc550e54-2118-4c7c-9ac7-9e7ed17a49e4-profile_image-150x150.png?imenable=1&impolicy=user-profile-picture&imwidth=100","4892","sNowayfps","15","15","1","1","32223","0","0","false","true","Portuguese","sNowayfps"
"https://static-cdn.jtvnw.net/jtv_user_pictures/ampfy-profile_image-1b68715b3c0f7ee2-150x150.png?imenable=1&impolicy=user-profile-picture&imwidth=100","4893","ampfy","453915","14265","172","31","32222","325","999","true","false","English","ampfy"
"https://static-cdn.jtvnw.net/jtv_user_pictures/854a296e-e615-4f08-a7fe-4bdc60ce0fe8-profile_image-150x150.png?imenable=1&impolicy=user-profile-picture&imwidth=100","4894","Angry_Iceberg","677685","12660","332","53","32165","1408","1781","false","false","English","Angry_Iceberg"
"https://static-cdn.jtvnw.net/jtv_user_pictures/aedbfd86-b71c-4bc8-9a09-c695ca61c92d-profile_image-150x150.png?imenable=1&impolicy=user-profile-picture&imwidth=100","4895","Sqwizzix","6090","195","41","31","32163","94","25","true","false","English","Sqwizzix"
"https://static-cdn.jtvnw.net/jtv_user_pictures/5924eef2639edfed-profile_image-150x150.jpeg?imenable=1&impolicy=user-profile-picture&imwidth=100","4896","唄彌奈 (bemina0508)","69555","420","316","165","32157","293","2864","true","false","Chinese","唄彌奈 (bemina0508)"
"https://static-cdn.jtvnw.net/jtv_user_pictures/cf8ec5d8-6eb1-47d1-808e-9d86b684d88f-profile_image-150x150.png?imenable=1&impolicy=user-profile-picture&imwidth=100","4897","Vangoro","17715","360","95","48","32157","37","129","true","true","English","Vangoro"
"https://static-cdn.jtvnw.net/jtv_user_pictures/6a830932-a844-4328-9e5a-c10a0d77bb6f-profile_image-150x150.png?imenable=1&impolicy=user-profile-picture&imwidth=100","4898","JamalButterworth","437850","5160","193","84","32126","-104","1233","true","true","English","JamalButterworth"
"https://static-cdn.jtvnw.net/jtv_user_pictures/4630f6bd-1949-4589-9507-d02ebccf910c-profile_image-150x150.png?imenable=1&impolicy=user-profile-picture&imwidth=100","4899","JapanESports","853410","5415","1075","157","32125","672","15778","true","false","Japanese","JapanESports"
"https://static-cdn.jtvnw.net/jtv_user_pictures/kimukihun-profile_image-b346787075b3f412-150x150.png?imenable=1&impolicy=user-profile-picture&imwidth=100","4900","기무기훈 (kimukihun)","1188240","4380","1845","270","32124","3302","7504","true","false","Korean","기무기훈 (kimukihun)"