"","","Channel","Watch time","Stream time","Peak viewers","Average viewers","Followers","Followers gained","Views gained","Partnered","Mature","Language",""
"https://static-cdn.jtvnw.net/jtv_user_pictures/jeffhindla-profile_image-a1c7e1e0067ec330-150x150.png?imenable=1&impolicy=user-profile-picture&imwidth=100","3851","jeffhindla","1074375","3975","1048","269","43264","1980","8732","true","false","English","jeffhindla"
"https://static-cdn.jtvnw.net/jtv_user_pictures/sarakateee-profile_image-aa430c6a1919188f-150x150.jpeg?imenable=1&impolicy=user-profile-picture&imwidth=100","3852","Sarakateee","85170","1470","82","57","43235","548","1958","true","false","English","Sarakateee"
"https://static-cdn.jtvnw.net/jtv_user_pictures/ea1aff39-a29d-4cf2-a28d-b06002f4f23e-profile_image-150x150.png?imenable=1&impolicy=user-profile-picture&imwidth=100","3853","MattMalone","3032685","10755","502","281","43228","541","13729","true","false","English","MattMalone"
"https://static-cdn.jtvnw.net/jtv_user_pictures/bladeboques-profile_image-34f90254198e9b8e-150x150.jpeg?imenable=1&impolicy=user-profile-picture&imwidth=100","3854","BladeBoques","18375","870","47","20","43220","-24","217","true","false","English","BladeBoques"
"https://static-cdn.jtvnw.net/jtv_user_pictures/13c548a9-cafd-4cae-beeb-36721e1cd282-profile_image-150x150.png?imenable=1&impolicy=user-profile-picture&imwidth=100","3855","naviawf","53310","165","582","323","43207","84","340","true","false","Russian","naviawf"
"https://static-cdn.jtvnw.net/jtv_user_pictures/cc01454f-10dd-44f8-a219-073b5c0f0ae8-profile_image-150x150.png?imenable=1&impolicy=user-profile-picture&imwidth=100","3856","Heph","613440","6660","325","91","43187","179","3730","true","true","English","Heph"
"https://static-cdn.jtvnw.net/jtv_user_pictures/063fa66f-18f5-4259-beb7-c9d7e2157e21-profile_image-150x150.png?imenable=1&impolicy=user-profile-picture&imwidth=100","3857","MoCbka34","795","1770","6","0","43181","7","127","true","false","Russian","MoCbka34"
"https://static-cdn.jtvnw.net/jtv_user_pictures/2574266b-0091-4a23-ad70-63d12d713bf4-profile_image-150x150.png?imenable=1&impolicy=user-profile-picture&imwidth=100","3858","Mittenz","1216875","10065","970","120","43170","2847","5152","true","false","English","Mittenz"
"https://static-cdn.jtvnw.net/jtv_user_pictures/a61a6b0b-d96e-47c9-89bf-6f589d4e1675-profile_image-150x150.png?imenable=1&impolicy=user-profile-picture&imwidth=100","3859","RiceCup","768510","6315","426","121","43161","737","6761","true","false","English","RiceCup"
"https://static-cdn.jtvnw.net/jtv_user_pictures/92e02dc8-efcf-40ae-8c5b-f9915af9031c-profile_image-150x150.png?imenable=1&impolicy=user-profile-picture&imwidth=100","3860","Hirnsturz","993225","3090","758","321","43135","730","24720","true","true","German","Hirnsturz"
"https://static-cdn.jtvnw.net/jtv_user_pictures/604c111f-dc2e-4f67-a58c-d022025b8a73-profile_image-150x150.png?imenable=1&impolicy=user-profile-picture&imwidth=100","3861","Cresp1ks","914520","4245","690","215","43132","788","14378","false","false","Russian","Cresp1ks"
"https://static-cdn.jtvnw.net/jtv_user_pictures/8e94fa9f-13f7-4b5e-b404-b277adc3b146-profile_image-150x150.png?imenable=1&impolicy=user-profile-picture&imwidth=100","3862","Dibz","555","930","4","0","43112","3","14","true","false","English","Dibz"
"https://static-cdn.jtvnw.net/jtv_user_pictures/180d3f75-90ad-402a-ae3f-4c6f6e23f0a7-profile_image-150x150.png?imenable=1&impolicy=user-profile-picture&imwidth=100","3863","Failstream","176655","10620","73","16","43110","345","582","true","true","English","Failstream"
"https://static-cdn.jtvnw.net/jtv_user_pictures/392093d0-269c-458b-be8a-40b8d7d5b086-profile_image-150x150.png?imenable=1&impolicy=user-profile-picture&imwidth=100","3864","Kalimdor","2955","45","95","65","43069","0","0","true","false","Turkish","Kalimdor"
"https://static-cdn.jtvnw.net/jtv_user_pictures/f83e2434-4c86-4ad7-8fc0-ca7d6efe2c70-profile_image-150x150.png?imenable=1&impolicy=user-profile-picture&imwidth=100","3865","demaster59ru","3142755","5145","1301","610","43065","8573","50392","true","false","Russian","demaster59ru"
"https://static-cdn.jtvnw.net/jtv_user_pictures/af771acc-80db-4d71-b876-42561f85f965-profile_image-150x150.png?imenable=1&impolicy=user-profile-picture&imwidth=100","3866","Eloonn_","307485","4935","209","61","43045","813","4949","true","false","Spanish","Eloonn_"
"https://static-cdn.jtvnw.net/jtv_user_pictures/9c9f4901-e4ec-4211-972e-e9a8f1cde767-profile_image-150x150.png?imenable=1&impolicy=user-profile-picture&imwidth=100","3867","9pasha","50145","105","814","477","43041","169","714","true","false","Russian","9pasha"
"https://static-cdn.jtvnw.net/jtv_user_pictures/2fb4f4d5-bc17-44f0-bb5b-2692eff04978-profile_image-150x150.png?imenable=1&impolicy=user-profile-picture&imwidth=100","3868","OnlyAfro","60975","315","346","193","43036","266","1343","true","true","English","OnlyAfro"
"https://static-cdn.jtvnw.net/jtv_user_pictures/283dae33-dc69-454c-87a4-ec1e57980028-profile_image-150x150.png?imenable=1&impolicy=user-profile-picture&imwidth=100","3869","권이슬 (duedrop)","399270","3210","786","123","43032","2183","12449","true","false","Korean","권이슬 (duedrop)"
"https://static-cdn.jtvnw.net/jtv_user_pictures/09bdb929-d016-424d-9b44-77ed33e59245-profile_image-150x150.png?imenable=1&impolicy=user-profile-picture&imwidth=100","3870","CletusBueford","33060","2925","41","10","42998","40","210","true","true","English","CletusBueford"
"https://static-cdn.jtvnw.net/jtv_user_pictures/westballz-profile_image-f9c16e9f046fdf25-150x150.jpeg?imenable=1&impolicy=user-profile-picture&imwidth=100","3871","Westballz","176865","720","539","245","42966","1014","1431","true","true","English","Westballz"
"https://static-cdn.jtvnw.net/jtv_user_pictures/a0361eaf-299b-4ebf-9101-db67a5261784-profile_image-150x150.png?imenable=1&impolicy=user-profile-picture&imwidth=100","3872","Ferre","11535","390","104","28","42955","64","405","true","false","Italian","Ferre"
"https://static-cdn.jtvnw.net/jtv_user_pictures/a7a0448c-1545-4651-896c-10e909fbe3c5-profile_image-150x150.png?imenable=1&impolicy=user-profile-picture&imwidth=100","3873","PKMNcast","7380","150","73","49","42948","49","159","true","false","English","PKMNcast"
"https://static-cdn.jtvnw.net/jtv_user_pictures/479df4c9-b421-437f-85f3-a24846971b87-profile_image-150x150.png?imenable=1&impolicy=user-profile-picture&imwidth=100","3874","Henry","25050","945","128","26","42946","-266","336","true","false","English","Henry"
"https://static-cdn.jtvnw.net/jtv_user_pictures/09b92638-a350-4179-bf12-6f478dd32fdd-profile_image-150x150.png?imenable=1&impolicy=user-profile-picture&imwidth=100","3875","Amazonian","35595","3435","43","9","42916","108","748","true","false","English","Amazonian"
"https://static-cdn.jtvnw.net/jtv_user_pictures/42f849e5-cad4-44fc-b325-08f1b9b937b7-profile_image-150x150.png?imenable=1&impolicy=user-profile-picture&imwidth=100","3876","AivanaBG","219495","7290","79","29","42876","634","3795","true","false","Bulgarian","AivanaBG"
"https://static-cdn.jtvnw.net/jtv_user_pictures/2cbfaac2-eda5-4bd3-9fbc-08976983727d-profile_image-150x150.png?imenable=1&impolicy=user-profile-picture&imwidth=100","3877","JuliaoAnimal","30","30","1","1","42875","0","0","true","false","Portuguese","JuliaoAnimal"
"https://static-cdn.jtvnw.net/jtv_user_pictures/ffb37bf0-afa6-43a4-aa1e-40d088014b22-profile_image-150x150.png?imenable=1&impolicy=user-profile-picture&imwidth=100","3878","DoctorBenjy","179370","600","723","298","42864","564","3884","true","false","English","DoctorBenjy"
"https://static-cdn.jtvnw.net/jtv_user_pictures/dfae354f-18c4-4170-b298-372161d98da3-profile_image-150x150.jpg?imenable=1&impolicy=user-profile-picture&imwidth=100","3879","RiPTide","1124370","11580","587","96","42837","135","11178","true","true","English","RiPTide"
"https://static-cdn.jtvnw.net/jtv_user_pictures/dat_mudz-profile_image-08d454ca716ec31d-150x150.png?imenable=1&impolicy=user-profile-picture&imwidth=100","3880","Dat_Mudz","771195","8505","189","90","42827","281","6901","true","true","German","Dat_Mudz"
"https://static-cdn.jtvnw.net/jtv_user_pictures/eeb4a5b5-f622-42f6-876e-cb891792fd9a-profile_image-150x150.png?imenable=1&impolicy=user-profile-picture&imwidth=100","3881","Divi","464355","6855","213","67","42817","895","8430","true","true","German","Divi"
"https://static-cdn.jtvnw.net/jtv_user_pictures/063dec5f-ff04-42db-8e54-27e53db1a0e8-profile_image-150x150.png?imenable=1&impolicy=user-profile-picture&imwidth=100","3882","Hipks","603450","4050","190","148","42813","1036","2025","true","true","English","Hipks"
"https://static-cdn.jtvnw.net/jtv_user_pictures/79698bde9cba4fd3-profile_image-150x150.jpeg?imenable=1&impolicy=user-profile-picture&imwidth=100","3883","BhTT","710970","5595","321","126","42798","956","7563","true","false","Portuguese","BhTT"
"https://static-cdn.jtvnw.net/jtv_user_pictures/8608190c-ffc7-4d92-9a28-0b9460eaf341-profile_image-150x150.png?imenable=1&impolicy=user-profile-picture&imwidth=100","3884","DraaxLP","147570","1290","277","113","42789","708","2480","true","false","English","DraaxLP"
"https://static-cdn.jtvnw.net/jtv_user_pictures/genietfan-profile_image-1c8a34692752d2c8-150x150.png?imenable=1&impolicy=user-profile-picture&imwidth=100","3885","genietFAN","1997370","12675","391","157","42746","604","7458","true","true","English","genietFAN"
"https://static-cdn.jtvnw.net/jtv_user_pictures/ca9aa63d-960b-4d2b-99fb-9bec5cce10d2-profile_image-150x150.png?imenable=1&impolicy=user-profile-picture&imwidth=100","3886","FlynnFlyTaggart","125445","2880","99","43","42739","163","2703","true","true","Russian","FlynnFlyTaggart"
"https://static-cdn.jtvnw.net/jtv_user_pictures/c3aeae98-0bd2-4c6e-b288-8a5020720255-profile_image-150x150.png?imenable=1&impolicy=user-profile-picture&imwidth=100","3887","glermz","750615","7635","220","97","42733","874","7488","true","true","English","glermz"
"https://static-cdn.jtvnw.net/jtv_user_pictures/46d86acd-c09f-4808-b1fe-c27bb4cdc544-profile_image-150x150.png?imenable=1&impolicy=user-profile-picture&imwidth=100","3888","PokerNightTV","1299570","1365","2633","951","42719","688","78170","true","true","English","PokerNightTV"
"https://static-cdn.jtvnw.net/jtv_user_pictures/mefju23-profile_image-8bb29ad27b83647d-150x150.png?imenable=1&impolicy=user-profile-picture&imwidth=100","3889","Mefju23","105630","240","839","440","42718","1243","1839","true","false","Polish","Mefju23"
"https://static-cdn.jtvnw.net/jtv_user_pictures/9ddc52a30d506e2a-profile_image-150x150.jpeg?imenable=1&impolicy=user-profile-picture&imwidth=100","3890","Aki_997","255","135","4","1","42690","2","3","false","false","Polish","Aki_997"
"https://static-cdn.jtvnw.net/jtv_user_pictures/e4ade737-b4f4-44f5-91a8-9d5e52b111cb-profile_image-150x150.jpeg?imenable=1&impolicy=user-profile-picture&imwidth=100","3891","MatthewMcMuscles","458625","720","968","636","42667","4580","7134","true","false","English","MatthewMcMuscles"
"https://static-cdn.jtvnw.net/jtv_user_pictures/52c761ae-364a-45b7-bed0-3226ce54ca6e-profile_image-150x150.png?imenable=1&impolicy=user-profile-picture&imwidth=100","3892","Crom","493920","6675","210","73","42661","69","2301","true","false","English","Crom"
"https://static-cdn.jtvnw.net/jtv_user_pictures/e1287be3-c032-4f82-b5db-4027dd4fa5d4-profile_image-150x150.png?imenable=1&impolicy=user-profile-picture&imwidth=100","3893","HarmonyRainX","199680","6060","347","32","42655","2087","2417","true","false","English","HarmonyRainX"
"https://static-cdn.jtvnw.net/jtv_user_pictures/9ea6e057-37af-41e5-99fc-30f6332c4ea3-profile_image-150x150.png?imenable=1&impolicy=user-profile-picture&imwidth=100","3894","Jemimaru","384300","2655","234","144","42633","1354","11989","true","false","Arabic","Jemimaru"
"https://static-cdn.jtvnw.net/jtv_user_pictures/38a5f5c3-01d9-4f32-9435-6d8df2f96423-profile_image-150x150.png?imenable=1&impolicy=user-profile-picture&imwidth=100","3895","OneRandomDolly","154590","1515","191","101","42629","376","1595","true","true","English","OneRandomDolly"
"https://static-cdn.jtvnw.net/jtv_user_pictures/10265df1-3e14-43af-b140-acb8c4881fbe-profile_image-150x150.jpeg?imenable=1&impolicy=user-profile-picture&imwidth=100","3896","加加減乘除 (aga191919)","111285","3465","118","31","42610","417","4971","true","false","Chinese","加加減乘除 (aga191919)"
"https://static-cdn.jtvnw.net/jtv_user_pictures/3ef6f896-f894-457b-b8a4-5dafb40e051f-profile_image-150x150.png?imenable=1&impolicy=user-profile-picture&imwidth=100","3897","Cohdi","35040","4170","24","7","42606","225","251","true","false","English","Cohdi"
"https://static-cdn.jtvnw.net/jtv_user_pictures/ad95332133e44bad-profile_image-150x150.png?imenable=1&impolicy=user-profile-picture&imwidth=100","3898","GIRLvsDUMB","1334280","8295","728","160","42605","2016","8969","true","true","English","GIRLvsDUMB"
"https://static-cdn.jtvnw.net/jtv_user_pictures/ca3b3cc4-3abb-46a1-b127-5f7be384b412-profile_image-150x150.png?imenable=1&impolicy=user-profile-picture&imwidth=100","3899","will_shand","897570","7920","455","112","42579","274","3363","true","false","English","will_shand"
"https://static-cdn.jtvnw.net/jtv_user_pictures/84cdc646-6e97-4f16-8560-e043b89c83aa-profile_image-150x150.png?imenable=1&impolicy=user-profile-picture&imwidth=100","3900","TigressX","334650","5295","474","62","42573","252","2028","false","false","English","TigressX"