"","","Channel","Watch time","Stream time","Peak viewers","Average viewers","Followers","Followers gained","Views gained","Partnered","Mature","Language",""
"https://static-cdn.jtvnw.net/jtv_user_pictures/b2e14321c0e42ecf-profile_image-150x150.png?imenable=1&impolicy=user-profile-picture&imwidth=100","56601","Bapx3","120","165","2","0","1084","0","4","false","false","English","Bapx3"
"https://static-cdn.jtvnw.net/jtv_user_pictures/b68d5af3-a5ac-44b0-986a-0d352f40d434-profile_image-150x150.png?imenable=1&impolicy=user-profile-picture&imwidth=100","56602","Playtreta","1140","1455","6","0","1084","3","194","false","true","Portuguese","Playtreta"
"https://static-cdn.jtvnw.net/jtv_user_pictures/f01c2f102822b681-profile_image-150x150.jpeg?imenable=1&impolicy=user-profile-picture&imwidth=100","56603","ZZZZZZZZ-ZZZZ-ZZZZ-ZZZZ-ZZZZZZZZZZZZ (canadianstv)","30","30","1","1","1084","0","0","false","false","French","ZZZZZZZZ-ZZZZ-ZZZZ-ZZZZ-ZZZZZZZZZZZZ (canadianstv)"
"https://static-cdn.jtvnw.net/jtv_user_pictures/1339531d-ca0b-432b-8065-ca559acf5198-profile_image-150x150.png?imenable=1&impolicy=user-profile-picture&imwidth=100","56604","xPrayZ_TV","120","60","3","2","1084","-1","0","false","false","English","xPrayZ_TV"
"https://static-cdn.jtvnw.net/jtv_user_pictures/eaf068a1-ec42-40cd-9fff-76bed056d1d7-profile_image-150x150.jpg?imenable=1&impolicy=user-profile-picture&imwidth=100","56605","Merrcy","240","195","4","1","1084","2","5","false","true","English","Merrcy"
"https://static-cdn.jtvnw.net/jtv_user_pictures/8f32aef9-a700-4cfe-8d30-72579d2e6185-profile_image-150x150.png?imenable=1&impolicy=user-profile-picture&imwidth=100","56606","SnavsEz","3240","105","43","30","1084","94","0","false","false","Danish","SnavsEz"
"https://static-cdn.jtvnw.net/jtv_user_pictures/livedesu_puyo-profile_image-6ee84eb386277ee2-150x150.jpeg?imenable=1&impolicy=user-profile-picture&imwidth=100","56607","Livedesu_puyo","127515","1755","254","72","1084","158","1896","false","false","Japanese","Livedesu_puyo"
"https://static-cdn.jtvnw.net/jtv_user_pictures/forji-profile_image-b3845beea612b8d1-150x150.jpeg?imenable=1&impolicy=user-profile-picture&imwidth=100","56608","forji","6390","1050","23","5","1084","96","214","false","false","Czech","forji"
"https://static-cdn.jtvnw.net/jtv_user_pictures/85d3ffea-d31f-45fc-a273-9a3d99a4a427-profile_image-150x150.jpg?imenable=1&impolicy=user-profile-picture&imwidth=100","56609","eXerZcs","2865","675","29","3","1084","10","127","false","false","Spanish","eXerZcs"
"https://static-cdn.jtvnw.net/jtv_user_pictures/b70dc525-4d84-4fa2-8a2e-9a1a5dea5e2e-profile_image-150x150.png?imenable=1&impolicy=user-profile-picture&imwidth=100","56610","AnnoyedWithChat","9060","1380","68","6","1084","8","60","false","true","English","AnnoyedWithChat"
"https://static-cdn.jtvnw.net/jtv_user_pictures/83a1a89e-0b48-41fe-a14e-90638d7697e3-profile_image-150x150.png?imenable=1&impolicy=user-profile-picture&imwidth=100","56611","MasterGroudon","120","60","3","2","1084","0","0","false","true","English","MasterGroudon"
"https://static-cdn.jtvnw.net/jtv_user_pictures/cerebusx-profile_image-8350849f40d0de16-150x150.jpeg?imenable=1&impolicy=user-profile-picture&imwidth=100","56612","cerebusx","53970","2085","141","25","1084","47","240","false","false","English","cerebusx"
"https://static-cdn.jtvnw.net/jtv_user_pictures/aurrahh-profile_image-54b3ffa5877c60c4-150x150.jpeg?imenable=1&impolicy=user-profile-picture&imwidth=100","56613","Aurrahh","8970","1230","20","6","1084","92","73","false","false","English","Aurrahh"
"https://static-cdn.jtvnw.net/jtv_user_pictures/dcac3107-af59-4881-9388-18303149abf2-profile_image-150x150.png?imenable=1&impolicy=user-profile-picture&imwidth=100","56614","Deoxy247","6720","675","23","9","1084","66","299","false","false","English","Deoxy247"
"https://static-cdn.jtvnw.net/jtv_user_pictures/a6ad9c71-ee07-47a0-9bf3-5f889bec8f31-profile_image-150x150.png?imenable=1&impolicy=user-profile-picture&imwidth=100","56615","bababooey75","25950","4395","15","5","1084","6","276","false","true","Finnish","bababooey75"
"https://static-cdn.jtvnw.net/jtv_user_pictures/ad6b26a8-35a1-4a2c-b127-5102c3f87d94-profile_image-150x150.png?imenable=1&impolicy=user-profile-picture&imwidth=100","56616","SplitPixels","23820","3570","26","6","1084","-2","141","false","true","English","SplitPixels"
"https://static-cdn.jtvnw.net/jtv_user_pictures/98e0d7ca-97a8-4ab9-8e8d-166fe362ddd0-profile_image-150x150.png?imenable=1&impolicy=user-profile-picture&imwidth=100","56617","GamingPortalTurkey","9495","1155","31","7","1084","47","607","false","true","Turkish","GamingPortalTurkey"
"https://static-cdn.jtvnw.net/jtv_user_pictures/caeb5cb0-c8dc-4aab-a6fc-72f07aa33e22-profile_image-150x150.png?imenable=1&impolicy=user-profile-picture&imwidth=100","56618","GuilteTV","132795","9150","44","13","1084","209","1166","true","true","English","GuilteTV"
"https://static-cdn.jtvnw.net/jtv_user_pictures/casaf-profile_image-23aeeacf023accf3-150x150.png?imenable=1&impolicy=user-profile-picture&imwidth=100","56619","CasAF","525","210","4","2","1084","-5","2","false","true","English","CasAF"
"https://static-cdn.jtvnw.net/jtv_user_pictures/6d77b31f-639c-4abc-8c8a-7b498f1b7946-profile_image-150x150.png?imenable=1&impolicy=user-profile-picture&imwidth=100","56620","The8BitBear","5775","1830","11","2","1084","2","74","false","true","English","The8BitBear"
"https://static-cdn.jtvnw.net/jtv_user_pictures/e2843746-143e-447f-a7b6-692489eee06a-profile_image-150x150.png?imenable=1&impolicy=user-profile-picture&imwidth=100","56621","Opin_opanda","12465","2565","15","4","1084","0","471","false","false","Spanish","Opin_opanda"
"https://static-cdn.jtvnw.net/jtv_user_pictures/dranka40oz-profile_image-74cb991c22894c24-150x150.jpeg?imenable=1&impolicy=user-profile-picture&imwidth=100","56622","DRANKA40oz","110955","4725","108","22","1084","123","594","false","false","English","DRANKA40oz"
"https://static-cdn.jtvnw.net/jtv_user_pictures/bbcc5973-97e3-4a67-8030-1189aabcc019-profile_image-150x150.png?imenable=1&impolicy=user-profile-picture&imwidth=100","56623","Yazalaque","90","90","2","1","1084","1","13","false","true","Portuguese","Yazalaque"
"https://static-cdn.jtvnw.net/jtv_user_pictures/afba7fd5-73de-48b1-a81f-fee74e0bbe0d-profile_image-150x150.png?imenable=1&impolicy=user-profile-picture&imwidth=100","56624","renegade_eu","30","75","1","0","1083","4","11","false","true","English","renegade_eu"
"https://static-cdn.jtvnw.net/jtv_user_pictures/adamsk8s-profile_image-6b888b525a1cf67c-150x150.jpeg?imenable=1&impolicy=user-profile-picture&imwidth=100","56625","Adamsk8s","47235","2910","76","15","1083","604","81","false","true","","Adamsk8s"
"https://static-cdn.jtvnw.net/jtv_user_pictures/64376d4d-3b2c-4d0c-9288-51ce5ae8636f-profile_image-150x150.png?imenable=1&impolicy=user-profile-picture&imwidth=100","56626","derekjoonn","15","45","1","0","1083","0","3","false","false","English","derekjoonn"
"https://static-cdn.jtvnw.net/jtv_user_pictures/a948a07b-5b5b-450d-b170-460e34c74799-profile_image-150x150.png?imenable=1&impolicy=user-profile-picture&imwidth=100","56627","Eklipze","75","675","1","0","1083","4","1","false","true","English","Eklipze"
"https://static-cdn.jtvnw.net/jtv_user_pictures/ectilase-profile_image-3dc883d08dafc929-150x150.jpeg?imenable=1&impolicy=user-profile-picture&imwidth=100","56628","Ectilase","150","135","2","1","1083","0","21","false","false","Turkish","Ectilase"
"https://static-cdn.jtvnw.net/jtv_user_pictures/75462760-babb-41db-9be5-15faa2886f74-profile_image-150x150.png?imenable=1&impolicy=user-profile-picture&imwidth=100","56629","DragZy","1140","960","4","0","1083","8","172","false","false","German","DragZy"
"https://static-cdn.jtvnw.net/jtv_user_pictures/erzcrafterlp-profile_image-f2b0c1e803f887c8-150x150.png?imenable=1&impolicy=user-profile-picture&imwidth=100","56630","ErzCrafterLP","15","15","1","1","1083","0","0","false","false","","ErzCrafterLP"
"https://static-cdn.jtvnw.net/jtv_user_pictures/scrivox-profile_image-4e57e28edd4a912b-150x150.jpeg?imenable=1&impolicy=user-profile-picture&imwidth=100","56631","scrivox","5295","615","19","8","1083","81","122","false","false","French","scrivox"
"https://static-cdn.jtvnw.net/jtv_user_pictures/fe95863a-bd7b-456e-b597-df95aa5b6279-profile_image-150x150.png?imenable=1&impolicy=user-profile-picture&imwidth=100","56632","ImNoSoul_","7185","1065","13","6","1083","-43","186","false","false","German","ImNoSoul_"
"https://static-cdn.jtvnw.net/jtv_user_pictures/nickfromyoutube_-profile_image-b47dc0da8bbc4016-150x150.png?imenable=1&impolicy=user-profile-picture&imwidth=100","56633","NickFromYouTube_","24855","915","44","26","1083","193","209","false","false","","NickFromYouTube_"
"https://static-cdn.jtvnw.net/jtv_user_pictures/troy_pavlek-profile_image-7c902d5ea01d9df4-150x150.?imenable=1&impolicy=user-profile-picture&imwidth=100","56634","Troy_Pavlek","1095","45","28","24","1083","0","0","true","false","English","Troy_Pavlek"
"https://static-cdn.jtvnw.net/jtv_user_pictures/4241a1bf4521905a-profile_image-150x150.png?imenable=1&impolicy=user-profile-picture&imwidth=100","56635","f4ggiothestreamer","16065","3000","18","5","1083","119","732","false","false","Italian","f4ggiothestreamer"
"https://static-cdn.jtvnw.net/jtv_user_pictures/03d7ddcf-4bcd-45bf-85c6-1c854b093ea2-profile_image-150x150.png?imenable=1&impolicy=user-profile-picture&imwidth=100","56636","Dubstep","60","30","3","2","1083","0","-1","false","true","English","Dubstep"
"https://static-cdn.jtvnw.net/jtv_user_pictures/6f1d370a-317d-4d3f-91b2-6d8d7738ee2b-profile_image-150x150.png?imenable=1&impolicy=user-profile-picture&imwidth=100","56637","donutSucre","1470","480","8","2","1083","7","51","false","false","French","donutSucre"
"https://static-cdn.jtvnw.net/jtv_user_pictures/d6d07726-9fef-4e32-adf2-80010f8cb5ef-profile_image-150x150.png?imenable=1&impolicy=user-profile-picture&imwidth=100","56638","JustShamie","6705","2445","9","2","1083","9","163","false","false","English","JustShamie"
"https://static-cdn.jtvnw.net/jtv_user_pictures/neomime-profile_image-d60133d2d219a833-150x150.jpeg?imenable=1&impolicy=user-profile-picture&imwidth=100","56639","NeoMime","1575","420","9","3","1083","1","16","false","false","English","NeoMime"
"https://static-cdn.jtvnw.net/jtv_user_pictures/chosenvowels-profile_image-083aba95ad2a9cdf-150x150.jpeg?imenable=1&impolicy=user-profile-picture&imwidth=100","56640","chosenvowels","15420","240","84","64","1083","30","241","false","false","German","chosenvowels"
"https://static-cdn.jtvnw.net/jtv_user_pictures/e5c580ca-520a-4893-ae50-ebcde4ea4c99-profile_image-150x150.png?imenable=1&impolicy=user-profile-picture&imwidth=100","56641","BrockJP","11370","3990","10","2","1083","31","116","false","true","English","BrockJP"
"https://static-cdn.jtvnw.net/jtv_user_pictures/bfc6e786-dc6e-4046-8df0-479140eb8248-profile_image-150x150.jpg?imenable=1&impolicy=user-profile-picture&imwidth=100","56642","Sto5rm","360","165","4","2","1083","1","2","false","true","English","Sto5rm"
"https://static-cdn.jtvnw.net/jtv_user_pictures/cantalejo009-profile_image-8f15b9d45135bc72-150x150.jpeg?imenable=1&impolicy=user-profile-picture&imwidth=100","56643","cantalejo009","7365","885","22","8","1083","11","419","false","true","Spanish","cantalejo009"
"https://static-cdn.jtvnw.net/jtv_user_pictures/bf429fcf9d36f214-profile_image-150x150.png?imenable=1&impolicy=user-profile-picture&imwidth=100","56644","星樂 (seiyue)","39825","2190","46","17","1083","16","926","false","false","Chinese","星樂 (seiyue)"
"https://static-cdn.jtvnw.net/jtv_user_pictures/602270c7-076a-4fff-8dd0-3468468d422f-profile_image-150x150.png?imenable=1&impolicy=user-profile-picture&imwidth=100","56645","Laura_Craft","16110","1485","64","10","1083","54","481","false","true","English","Laura_Craft"
"https://static-cdn.jtvnw.net/jtv_user_pictures/7b2c6c3c-50c5-4e8f-a36b-a645ba215dd5-profile_image-150x150.png?imenable=1&impolicy=user-profile-picture&imwidth=100","56646","tpapi_","150","90","5","1","1083","0","0","false","false","English","tpapi_"
"https://static-cdn.jtvnw.net/jtv_user_pictures/2b0cf252882b2502-profile_image-150x150.png?imenable=1&impolicy=user-profile-picture&imwidth=100","56647","FriendlyNGeeks","285","315","4","0","1083","0","8","false","false","English","FriendlyNGeeks"
"https://static-cdn.jtvnw.net/jtv_user_pictures/murderbydeath-profile_image-7cff99f669668b74-150x150.jpeg?imenable=1&impolicy=user-profile-picture&imwidth=100","56648","Murderbydeath","990","270","7","3","1083","0","23","false","false","English","Murderbydeath"
"https://static-cdn.jtvnw.net/jtv_user_pictures/bb3b0bf3-9ed4-4dff-8e88-e1b3469eeea5-profile_image-150x150.png?imenable=1&impolicy=user-profile-picture&imwidth=100","56649","MarkItDownn","27540","2070","28","12","1083","289","90","false","false","English","MarkItDownn"
"https://static-cdn.jtvnw.net/jtv_user_pictures/75d1c99e-40b5-45e1-af39-ad20fe35b726-profile_image-150x150.png?imenable=1&impolicy=user-profile-picture&imwidth=100","56650","jacksparshott1234","3285","615","13","4","1083","78","64","false","false","English","jacksparshott1234"
"https://static-cdn.jtvnw.net/jtv_user_pictures/e91b8402-2355-4c04-bcbe-c6eae6992caf-profile_image-150x150.png?imenable=1&impolicy=user-profile-picture&imwidth=100","56651","Ryder0n","1305","405","11","2","1083","4","34","false","true","English","Ryder0n"
"https://static-cdn.jtvnw.net/jtv_user_pictures/minoti574-profile_image-7eb2db500fc9bbd0-150x150.jpeg?imenable=1&impolicy=user-profile-picture&imwidth=100","56652","minoti574","37575","4230","44","8","1083","154","540","false","true","French","minoti574"
"https://static-cdn.jtvnw.net/jtv_user_pictures/humpe-profile_image-b74a1b8d3674daa0-150x150.jpeg?imenable=1&impolicy=user-profile-picture&imwidth=100","56653","Humpe","7365","870","30","7","1083","9","32","false","false","Swedish","Humpe"
"https://static-cdn.jtvnw.net/jtv_user_pictures/lilyledeux-profile_image-2cfefab2e4b5db5e-150x150.jpeg?imenable=1&impolicy=user-profile-picture&imwidth=100","56654","LilyLeDeux","8730","750","33","11","1083","36","290","false","true","","LilyLeDeux"
"https://static-cdn.jtvnw.net/jtv_user_pictures/207da5b8-854d-46a4-8540-7e2e3c07e06f-profile_image-150x150.png?imenable=1&impolicy=user-profile-picture&imwidth=100","56655","cococo1","23475","810","83","28","1083","91","951","false","false","Chinese (Hong Kong SAR)","cococo1"
"https://static-cdn.jtvnw.net/jtv_user_pictures/78a7ef42-b500-49ba-a005-e13e04da7126-profile_image-150x150.png?imenable=1&impolicy=user-profile-picture&imwidth=100","56656","Katzengott","12960","3270","18","3","1083","24","226","false","true","German","Katzengott"
"https://static-cdn.jtvnw.net/jtv_user_pictures/naughtybear_-profile_image-910e8da11879290e-150x150.png?imenable=1&impolicy=user-profile-picture&imwidth=100","56657","Naughtybear_","2190","570","12","3","1083","2","13","false","true","English","Naughtybear_"
"https://static-cdn.jtvnw.net/ttv-boxart/404_boxart.png?imenable=1&impolicy=user-profile-picture&imwidth=100","56658","TeaTimeDota","19485","375","229","51","1083","5","1710","false","false","","TeaTimeDota"
"https://static-cdn.jtvnw.net/jtv_user_pictures/stockdama-profile_image-7e342a373d7a785e-150x150.jpeg?imenable=1&impolicy=user-profile-picture&imwidth=100","56659","StockDama","9810","1290","31","7","1083","14","125","false","true","English","StockDama"
"https://static-cdn.jtvnw.net/jtv_user_pictures/scratch_1_more-profile_image-3e8b5a124971daa6-150x150.png?imenable=1&impolicy=user-profile-picture&imwidth=100","56660","SCRATCH_1_MORE","37380","13410","18","2","1083","24","116","false","false","English","SCRATCH_1_MORE"
"https://static-cdn.jtvnw.net/jtv_user_pictures/ethan2217-profile_image-a11eb09c66a3a368-150x150.jpeg?imenable=1&impolicy=user-profile-picture&imwidth=100","56661","Ethan2217","90","60","3","1","1083","0","0","false","false","English","Ethan2217"
"https://static-cdn.jtvnw.net/jtv_user_pictures/fonsai-profile_image-4c21b793c5340e95-150x150.jpeg?imenable=1&impolicy=user-profile-picture&imwidth=100","56662","Fonsai","17700","3450","10","4","1083","2","67","false","true","English","Fonsai"
"https://static-cdn.jtvnw.net/jtv_user_pictures/cyberdelicious-profile_image-c3d388e84822ffa5-150x150.jpeg?imenable=1&impolicy=user-profile-picture&imwidth=100","56663","cyberdelicious","25335","6810","17","3","1083","54","704","false","true","Russian","cyberdelicious"
"https://static-cdn.jtvnw.net/jtv_user_pictures/rigsbelgium-profile_image-9b1bd27cf38b8429-150x150.png?imenable=1&impolicy=user-profile-picture&imwidth=100","56664","rigsbelgium","85560","6150","32","13","1083","58","1010","false","false","English","rigsbelgium"
"https://static-cdn.jtvnw.net/jtv_user_pictures/cheerupreborn-profile_image-a29f87c76533d114-150x150.png?imenable=1&impolicy=user-profile-picture&imwidth=100","56665","CheerupReborn","3615","285","20","12","1082","3","12","false","true","English","CheerupReborn"
"https://static-cdn.jtvnw.net/jtv_user_pictures/1ae8fef8-e6be-44d8-9293-6ad1439453b5-profile_image-150x150.png?imenable=1&impolicy=user-profile-picture&imwidth=100","56666","JujuBoiWonduh","30","30","1","1","1082","0","0","false","true","English","JujuBoiWonduh"
"https://static-cdn.jtvnw.net/jtv_user_pictures/008bcd17-4a95-474e-b858-15c587b19ddb-profile_image-150x150.png?imenable=1&impolicy=user-profile-picture&imwidth=100","56667","vLwIRISH","0","30","0","0","1082","0","0","false","true","English","vLwIRISH"
"https://static-cdn.jtvnw.net/jtv_user_pictures/a2041e99-ccb3-4816-a98f-ac251ec08021-profile_image-150x150.png?imenable=1&impolicy=user-profile-picture&imwidth=100","56668","Scroobsy","6330","1515","12","3","1082","58","21","false","false","English","Scroobsy"
"https://static-cdn.jtvnw.net/jtv_user_pictures/cce57944-b47e-4ad3-bdef-ac51f033802b-profile_image-150x150.png?imenable=1&impolicy=user-profile-picture&imwidth=100","56669","DonArtik","30","15","2","2","1082","0","0","false","false","Russian","DonArtik"
"https://static-cdn.jtvnw.net/jtv_user_pictures/samitian-profile_image-64096613bf334689-150x150.png?imenable=1&impolicy=user-profile-picture&imwidth=100","56670","Samitian","14820","4845","11","2","1082","2","37","false","false","English","Samitian"
"https://static-cdn.jtvnw.net/jtv_user_pictures/97d7feae-b5f2-4baa-9585-a03feb47338b-profile_image-150x150.png?imenable=1&impolicy=user-profile-picture&imwidth=100","56671","Jestertainment","14730","2925","13","4","1082","29","204","false","true","English","Jestertainment"
"https://static-cdn.jtvnw.net/jtv_user_pictures/92f098bb-12b0-4f02-846a-7168c988c6d4-profile_image-150x150.png?imenable=1&impolicy=user-profile-picture&imwidth=100","56672","amourietta","7365","1725","9","3","1082","12","26","false","false","English","amourietta"
"https://static-cdn.jtvnw.net/jtv_user_pictures/b8a01815-10d2-4016-8435-6c58f673ffae-profile_image-150x150.png?imenable=1&impolicy=user-profile-picture&imwidth=100","56673","Debbysheen","810","360","4","2","1082","1","42","false","false","English","Debbysheen"
"https://static-cdn.jtvnw.net/jtv_user_pictures/1c0b7624-732e-4e05-b777-b79b39ecbbf8-profile_image-150x150.png?imenable=1&impolicy=user-profile-picture&imwidth=100","56674","Prodiscius","45","45","1","1","1082","0","0","false","true","English","Prodiscius"
"https://static-cdn.jtvnw.net/jtv_user_pictures/sponchsshenanigans-profile_image-965d5cf32c94c78c-150x150.png?imenable=1&impolicy=user-profile-picture&imwidth=100","56675","SponchsShenanigans","21795","4125","24","4","1082","51","189","false","true","English","SponchsShenanigans"
"https://static-cdn.jtvnw.net/jtv_user_pictures/juzeek-profile_image-326f4a67bf7a05fd-150x150.jpeg?imenable=1&impolicy=user-profile-picture&imwidth=100","56676","JuZeeK","1380","360","9","3","1082","0","5","false","false","German","JuZeeK"
"https://static-cdn.jtvnw.net/jtv_user_pictures/odomk-profile_image-32c2ea31b0b18140-150x150.jpeg?imenable=1&impolicy=user-profile-picture&imwidth=100","56677","OdomK","390","210","4","1","1082","1","0","false","true","English","OdomK"
"https://static-cdn.jtvnw.net/jtv_user_pictures/11b3879b-0348-473d-98ad-24f2565b77c0-profile_image-150x150.png?imenable=1&impolicy=user-profile-picture&imwidth=100","56678","vegas9k","390","315","5","0","1082","0","16","false","true","Norwegian","vegas9k"
"https://static-cdn.jtvnw.net/jtv_user_pictures/9b9fc277-5436-4434-94a9-77688f0260c8-profile_image-150x150.png?imenable=1&impolicy=user-profile-picture&imwidth=100","56679","Headick","32925","1770","42","18","1082","98","225","false","false","French","Headick"
"https://static-cdn.jtvnw.net/jtv_user_pictures/f617f14b-678b-44b2-949c-5d767b7a2873-profile_image-150x150.jpg?imenable=1&impolicy=user-profile-picture&imwidth=100","56680","TheeRandomHero","19995","630","76","31","1082","-15","642","false","true","English","TheeRandomHero"
"https://static-cdn.jtvnw.net/jtv_user_pictures/45587558-be90-4c96-adb2-823581261e23-profile_image-150x150.jpeg?imenable=1&impolicy=user-profile-picture&imwidth=100","56681","Mikifuenla69","3735","2835","5","0","1082","6","6","false","false","Spanish","Mikifuenla69"
"https://static-cdn.jtvnw.net/jtv_user_pictures/ptc_atabishi-profile_image-4253251db125a85d-150x150.jpeg?imenable=1&impolicy=user-profile-picture&imwidth=100","56682","PTC_Atabishi","735","180","8","3","1082","4","35","false","false","","PTC_Atabishi"
"https://static-cdn.jtvnw.net/jtv_user_pictures/025f14d9-4458-464a-a6e1-4fd47df4a1f3-profile_image-150x150.png?imenable=1&impolicy=user-profile-picture&imwidth=100","56683","MurlocEllie","975","390","7","2","1082","4","19","true","true","English","MurlocEllie"
"https://static-cdn.jtvnw.net/jtv_user_pictures/9e5b0f05718b8138-profile_image-150x150.png?imenable=1&impolicy=user-profile-picture&imwidth=100","56684","DerMuffinGTA","3240","900","7","2","1082","21","71","false","true","German","DerMuffinGTA"
"https://static-cdn.jtvnw.net/jtv_user_pictures/cheesyzoot-profile_image-b6c3d507219129d7-150x150.png?imenable=1&impolicy=user-profile-picture&imwidth=100","56685","CheesyZoot","2220","270","12","7","1082","3","41","false","false","English","CheesyZoot"
"https://static-cdn.jtvnw.net/jtv_user_pictures/solidrev-profile_image-8b60e97e0021a362-150x150.jpeg?imenable=1&impolicy=user-profile-picture&imwidth=100","56686","SolidRev","600","120","13","4","1082","6","9","false","false","English","SolidRev"
"https://static-cdn.jtvnw.net/jtv_user_pictures/3d80162c-62ca-48fd-851e-ab9f93234d95-profile_image-150x150.png?imenable=1&impolicy=user-profile-picture&imwidth=100","56687","PurityGhost_","3615","720","19","4","1082","1","76","false","true","English","PurityGhost_"
"https://static-cdn.jtvnw.net/jtv_user_pictures/9b560578-d28c-4261-9a91-63c2e6cd0011-profile_image-150x150.png?imenable=1&impolicy=user-profile-picture&imwidth=100","56688","jpabstractart","540","435","8","0","1082","1","1","false","false","English","jpabstractart"
"https://static-cdn.jtvnw.net/jtv_user_pictures/73717658-ac4f-4021-9b28-c60d3122b19f-profile_image-150x150.png?imenable=1&impolicy=user-profile-picture&imwidth=100","56689","JokersTV_","105","180","3","0","1082","1","63","false","false","English","JokersTV_"
"https://static-cdn.jtvnw.net/jtv_user_pictures/chengnan0529-profile_image-a1a5681c00202ce8-150x150.jpeg?imenable=1&impolicy=user-profile-picture&imwidth=100","56690","chengnan0529","176610","1935","164","90","1082","131","3553","false","false","Chinese","chengnan0529"
"https://static-cdn.jtvnw.net/jtv_user_pictures/kobyann-profile_image-fca0481346862395-150x150.jpeg?imenable=1&impolicy=user-profile-picture&imwidth=100","56691","kobyann","127455","7455","63","16","1082","339","1055","false","false","English","kobyann"
"https://static-cdn.jtvnw.net/jtv_user_pictures/pelmaleon-profile_image-9d9a7217e8a5bb43-150x150.jpeg?imenable=1&impolicy=user-profile-picture&imwidth=100","56692","Pelmaleon","25365","3705","22","6","1082","-9","242","false","true","English","Pelmaleon"
"https://static-cdn.jtvnw.net/jtv_user_pictures/db65d918-3ebd-43a4-a069-7499ee65c4bd-profile_image-150x150.png?imenable=1&impolicy=user-profile-picture&imwidth=100","56693","AdmiralPrice","5670","780","19","6","1082","22","193","false","false","English","AdmiralPrice"
"https://static-cdn.jtvnw.net/jtv_user_pictures/bashbromayhem-profile_image-a7c60cbf7564ac9d-150x150.jpeg?imenable=1&impolicy=user-profile-picture&imwidth=100","56694","BashbroMayhem","39375","3435","60","10","1082","47","169","false","false","English","BashbroMayhem"
"https://static-cdn.jtvnw.net/jtv_user_pictures/gamingzoneaz-profile_image-41337e74b4db93da-150x150.jpeg?imenable=1&impolicy=user-profile-picture&imwidth=100","56695","GamingZoneAZ","12960","990","43","12","1082","26","102","false","false","English","GamingZoneAZ"
"https://static-cdn.jtvnw.net/jtv_user_pictures/scbuttermeup-profile_image-97cb4baeb155332f-150x150.png?imenable=1&impolicy=user-profile-picture&imwidth=100","56696","SCButterMeUp","12075","195","87","61","1082","-494","31","false","false","English","SCButterMeUp"
"https://static-cdn.jtvnw.net/jtv_user_pictures/renzaaaaa-profile_image-e1a1126ff2a92724-150x150.png?imenable=1&impolicy=user-profile-picture&imwidth=100","56697","Renzaaaaa","6780","435","66","15","1082","18","132","false","false","English","Renzaaaaa"
"https://static-cdn.jtvnw.net/jtv_user_pictures/mau253-profile_image-5d3f442484ae9efb-150x150.jpeg?imenable=1&impolicy=user-profile-picture&imwidth=100","56698","Mau253","1050","405","5","2","1082","-1","31","false","false","Spanish","Mau253"
"https://static-cdn.jtvnw.net/jtv_user_pictures/huntercalla-profile_image-9bd27abe1b870dfd-150x150.png?imenable=1&impolicy=user-profile-picture&imwidth=100","56699","HunterCalla","28785","4335","24","6","1082","28","1203","false","false","Portuguese","HunterCalla"
"https://static-cdn.jtvnw.net/jtv_user_pictures/boohead86-profile_image-cf47f354b32cf077-150x150.jpeg?imenable=1&impolicy=user-profile-picture&imwidth=100","56700","Boohead86","3690","780","9","4","1082","14","28","false","false","English","Boohead86"