"","","Channel","Watch time","Stream time","Peak viewers","Average viewers","Followers","Followers gained","Views gained","Partnered","Mature","Language",""
"https://static-cdn.jtvnw.net/jtv_user_pictures/4ea2af70-06e6-4bae-a32d-75c5c12784d7-profile_image-150x150.png?imenable=1&impolicy=user-profile-picture&imwidth=100","70101","smartalec24","20685","2985","19","6","765","20","100","false","false","English","smartalec24"
"https://static-cdn.jtvnw.net/jtv_user_pictures/eyesiir-profile_image-f7dc21a91cabe8f2-150x150.jpeg?imenable=1&impolicy=user-profile-picture&imwidth=100","70102","Eyesiir","3930","615","15","5","765","2","347","false","true","Chinese","Eyesiir"
"https://static-cdn.jtvnw.net/jtv_user_pictures/15116ae0-60b7-4787-ba67-5f95c74f6ce3-profile_image-150x150.png?imenable=1&impolicy=user-profile-picture&imwidth=100","70103","EJM09","1545","1140","5","1","765","16","53","false","true","English","EJM09"
"https://static-cdn.jtvnw.net/jtv_user_pictures/cantha-profile_image-49409ef6dcbae232-150x150.jpeg?imenable=1&impolicy=user-profile-picture&imwidth=100","70104","cantha","13980","750","41","18","765","30","217","false","false","French","cantha"
"https://static-cdn.jtvnw.net/jtv_user_pictures/0de9859c-7012-4b4a-88ce-8fd6d7bf4ac7-profile_image-150x150.png?imenable=1&impolicy=user-profile-picture&imwidth=100","70105","LittleMissFirefox","20940","4500","70","4","765","28","903","false","true","German","LittleMissFirefox"
"https://static-cdn.jtvnw.net/jtv_user_pictures/f0c1bf1b-d9b4-4e22-80b6-4c9615c27b4e-profile_image-150x150.png?imenable=1&impolicy=user-profile-picture&imwidth=100","70106","nuuu","2445","810","9","2","765","15","64","false","false","English","nuuu"
"https://static-cdn.jtvnw.net/jtv_user_pictures/sinpistones-profile_image-7757ae4af941485f-150x150.jpeg?imenable=1&impolicy=user-profile-picture&imwidth=100","70107","SinPistones","48465","4185","32","11","765","27","425","false","true","English","SinPistones"
"https://static-cdn.jtvnw.net/jtv_user_pictures/mrbengi-profile_image-70dc5b36a86bdaf2-150x150.png?imenable=1&impolicy=user-profile-picture&imwidth=100","70108","MrBengi","17370","6930","10","1","765","-14","32","false","true","English","MrBengi"
"https://static-cdn.jtvnw.net/jtv_user_pictures/askotnikow-profile_image-f3d456baf36de186-150x150.jpeg?imenable=1&impolicy=user-profile-picture&imwidth=100","70109","Askotnikow","18930","765","173","24","765","327","156","false","false","Russian","Askotnikow"
"https://static-cdn.jtvnw.net/jtv_user_pictures/67ed67b9-e804-4790-bbe0-e556574f15a3-profile_image-150x150.png?imenable=1&impolicy=user-profile-picture&imwidth=100","70110","Raakasch","9165","2235","11","3","765","9","341","false","true","German","Raakasch"
"https://static-cdn.jtvnw.net/user-default-pictures-uv/75305d54-c7cc-40d1-bb9c-91fbe85943c7-profile_image-150x150.png?imenable=1&impolicy=user-profile-picture&imwidth=100","70111","fscommando1019","25110","4485","18","5","765","51","179","false","false","English","fscommando1019"
"https://static-cdn.jtvnw.net/jtv_user_pictures/8aac85c6-3147-47f9-9483-c5b5fcf4544a-profile_image-150x150.png?imenable=1&impolicy=user-profile-picture&imwidth=100","70112","WAGES_0F_SIN","4815","5415","21","0","765","27","242","false","false","Russian","WAGES_0F_SIN"
"https://static-cdn.jtvnw.net/jtv_user_pictures/15a07ff8-428c-4c6b-a57f-656fd9cd41e9-profile_image-150x150.png?imenable=1&impolicy=user-profile-picture&imwidth=100","70113","adrianalpha","4890","2700","8","1","765","8","125","false","true","German","adrianalpha"
"https://static-cdn.jtvnw.net/jtv_user_pictures/megaiva-profile_image-da5df4d662471a3c-150x150.jpeg?imenable=1&impolicy=user-profile-picture&imwidth=100","70114","Megaiva","5910","690","20","8","765","30","177","false","false","Spanish","Megaiva"
"https://static-cdn.jtvnw.net/jtv_user_pictures/669d8c3c-d291-49b6-83b9-4db42b989d8f-profile_image-150x150.png?imenable=1&impolicy=user-profile-picture&imwidth=100","70115","thatguygrundie","14580","3255","12","3","765","3","42","false","false","English","thatguygrundie"
"https://static-cdn.jtvnw.net/jtv_user_pictures/highgradegameruk-profile_image-d7d83c37276d5de9-150x150.jpeg?imenable=1&impolicy=user-profile-picture&imwidth=100","70116","HighGradeGamerUK","660","510","2","1","765","0","0","false","false","English","HighGradeGamerUK"
"https://static-cdn.jtvnw.net/jtv_user_pictures/xeiz-profile_image-43a0fd03e67b6c05-150x150.png?imenable=1&impolicy=user-profile-picture&imwidth=100","70117","XeiZ","8250","2445","12","2","765","11","88","false","true","English","XeiZ"
"https://static-cdn.jtvnw.net/jtv_user_pictures/d97e75e9-e281-452c-bc60-2fb8f75e9cdf-profile_image-150x150.jpg?imenable=1&impolicy=user-profile-picture&imwidth=100","70118","Keikeo","19515","3225","85","5","765","55","119","false","true","English","Keikeo"
"https://static-cdn.jtvnw.net/jtv_user_pictures/0eae04fe-dec8-442b-a140-102391d75df5-profile_image-150x150.png?imenable=1&impolicy=user-profile-picture&imwidth=100","70119","booosace","165","75","4","1","765","0","2","false","false","English","booosace"
"https://static-cdn.jtvnw.net/jtv_user_pictures/max_streamingtv-profile_image-467954f1be61d8f0-150x150.jpeg?imenable=1&impolicy=user-profile-picture&imwidth=100","70120","Max_StreamingTV","2550","660","9","3","765","2","45","false","false","German","Max_StreamingTV"
"https://static-cdn.jtvnw.net/jtv_user_pictures/psykokow-profile_image-f04c6700291b60d2-150x150.png?imenable=1&impolicy=user-profile-picture&imwidth=100","70121","Psykokow","10335","630","35","15","765","11","275","false","true","English","Psykokow"
"https://static-cdn.jtvnw.net/jtv_user_pictures/0e380b5b7680a4d1-profile_image-150x150.jpeg?imenable=1&impolicy=user-profile-picture&imwidth=100","70122","iTy4ka","2595","2850","5","0","764","122","182","false","false","Russian","iTy4ka"
"https://static-cdn.jtvnw.net/jtv_user_pictures/02477d2c-798d-4512-b01a-659c16d2e692-profile_image-150x150.png?imenable=1&impolicy=user-profile-picture&imwidth=100","70123","SargentoHS","1740","465","7","3","764","13","48","false","false","Portuguese","SargentoHS"
"https://static-cdn.jtvnw.net/jtv_user_pictures/c3a43225-456f-420b-8e0a-91831397e6b2-profile_image-150x150.png?imenable=1&impolicy=user-profile-picture&imwidth=100","70124","Arflic","195","435","3","0","764","2","20","false","false","English","Arflic"
"https://static-cdn.jtvnw.net/jtv_user_pictures/eae10b10-807e-4ed7-9ea5-79c5003cd57e-profile_image-150x150.png?imenable=1&impolicy=user-profile-picture&imwidth=100","70125","smuttygremlin","15525","3465","13","4","764","73","102","false","true","English","smuttygremlin"
"https://static-cdn.jtvnw.net/jtv_user_pictures/5f99c39d-215f-499b-9202-97dcea5f8c76-profile_image-150x150.png?imenable=1&impolicy=user-profile-picture&imwidth=100","70126","Ooosq","0","15","0","0","764","0","0","false","true","English","Ooosq"
"https://static-cdn.jtvnw.net/jtv_user_pictures/finchcharming-profile_image-a488cfb5cb9842b9-150x150.jpeg?imenable=1&impolicy=user-profile-picture&imwidth=100","70127","FinchCharming","35880","2940","73","11","764","57","4058","false","true","English","FinchCharming"
"https://static-cdn.jtvnw.net/jtv_user_pictures/cannonfod-profile_image-a6c7f47e9f9f7b3b-150x150.png?imenable=1&impolicy=user-profile-picture&imwidth=100","70128","Cannonfod","6600","2400","10","2","764","12","99","false","true","English","Cannonfod"
"https://static-cdn.jtvnw.net/jtv_user_pictures/acejaystudios-profile_image-737718c1d96b6856-150x150.png?imenable=1&impolicy=user-profile-picture&imwidth=100","70129","AceJayStudios","78300","9915","32","7","764","182","380","false","true","English","AceJayStudios"
"https://static-cdn.jtvnw.net/jtv_user_pictures/n3rdabl3-profile_image-29ad590068b17cfd-150x150.png?imenable=1&impolicy=user-profile-picture&imwidth=100","70130","n3rdabl3","9225","6435","7","0","764","37","169","false","true","English","n3rdabl3"
"https://static-cdn.jtvnw.net/jtv_user_pictures/crazybrutaltv-profile_image-657ab07956e1cde8-150x150.jpeg?imenable=1&impolicy=user-profile-picture&imwidth=100","70131","crazybrutaltv","5820","1005","17","5","764","3","22","false","false","English","crazybrutaltv"
"https://static-cdn.jtvnw.net/jtv_user_pictures/9116d9a6-bb9b-4260-b81c-824f957a50a5-profile_image-150x150.png?imenable=1&impolicy=user-profile-picture&imwidth=100","70132","almightysink123","210","60","4","3","764","0","0","false","false","English","almightysink123"
"https://static-cdn.jtvnw.net/jtv_user_pictures/b9db29f1-a78d-494a-be8f-20f63eeb85cf-profile_image-150x150.png?imenable=1&impolicy=user-profile-picture&imwidth=100","70133","kaske2","840","435","6","1","764","19","30","false","false","German","kaske2"
"https://static-cdn.jtvnw.net/jtv_user_pictures/005f29b2-e487-4dc8-8e20-3dc6574d7b5c-profile_image-150x150.png?imenable=1&impolicy=user-profile-picture&imwidth=100","70134","KryptonicHD","15","30","1","0","764","0","0","false","false","English","KryptonicHD"
"https://static-cdn.jtvnw.net/jtv_user_pictures/imsanow-profile_image-04a967d7d0302923-150x150.jpeg?imenable=1&impolicy=user-profile-picture&imwidth=100","70135","imsaNOW","270","195","3","1","764","1","0","false","false","German","imsaNOW"
"https://static-cdn.jtvnw.net/jtv_user_pictures/dccc06ec-8cda-4038-9a1d-5740d341a4d9-profile_image-150x150.png?imenable=1&impolicy=user-profile-picture&imwidth=100","70136","xfloppyhats","1590","360","11","3","764","22","45","false","false","English","xfloppyhats"
"https://static-cdn.jtvnw.net/jtv_user_pictures/6b674299-71c6-4528-a92e-55f814b5757b-profile_image-150x150.jpeg?imenable=1&impolicy=user-profile-picture&imwidth=100","70137","domegoesfit","0","90","0","0","764","0","2","false","false","German","domegoesfit"
"https://static-cdn.jtvnw.net/jtv_user_pictures/whale_hunter23-profile_image-ed577737d95f2a7b-150x150.jpeg?imenable=1&impolicy=user-profile-picture&imwidth=100","70138","Whale_Hunter23","2130","900","8","1","764","1","10","false","false","English","Whale_Hunter23"
"https://static-cdn.jtvnw.net/jtv_user_pictures/austin0629-profile_image-4723d058ac197220-150x150.png?imenable=1&impolicy=user-profile-picture&imwidth=100","70139","Austin0629","1335","240","12","5","764","9","21","false","true","English","Austin0629"
"https://static-cdn.jtvnw.net/jtv_user_pictures/d258dc5a-9283-4631-8df7-71d7f857e209-profile_image-150x150.png?imenable=1&impolicy=user-profile-picture&imwidth=100","70140","Tuttuhl","3720","2370","9","1","764","11","26","false","false","English","Tuttuhl"
"https://static-cdn.jtvnw.net/jtv_user_pictures/vigorwolves-profile_image-01ae0aeb5d4b1137-150x150.jpeg?imenable=1&impolicy=user-profile-picture&imwidth=100","70141","Vigorwolves","255","135","4","1","764","0","1","false","false","English","Vigorwolves"
"https://static-cdn.jtvnw.net/jtv_user_pictures/26a21fca-0331-4bed-b37b-203eb0c2fe42-profile_image-150x150.png?imenable=1&impolicy=user-profile-picture&imwidth=100","70142","EveryLevel","5685","570","25","9","764","-16","1","false","false","English","EveryLevel"
"https://static-cdn.jtvnw.net/jtv_user_pictures/4892ba73-fe09-409d-8fd6-3f22a4bc261a-profile_image-150x150.png?imenable=1&impolicy=user-profile-picture&imwidth=100","70143","Syveri","4095","810","12","4","764","-12","20","false","false","Dutch","Syveri"
"https://static-cdn.jtvnw.net/jtv_user_pictures/502f1c12-789e-4e14-ab9e-cf02589eb2a0-profile_image-150x150.png?imenable=1&impolicy=user-profile-picture&imwidth=100","70144","DrCruddy","0","15","0","0","764","0","0","false","true","English","DrCruddy"
"https://static-cdn.jtvnw.net/jtv_user_pictures/38b41f9a07dcdeda-profile_image-150x150.jpeg?imenable=1&impolicy=user-profile-picture&imwidth=100","70145","generalgravey","555","300","3","1","764","3","20","false","true","English","generalgravey"
"https://static-cdn.jtvnw.net/jtv_user_pictures/tyriu-profile_image-8c899eb2ce3d89b3-150x150.png?imenable=1&impolicy=user-profile-picture&imwidth=100","70146","Tyriu","30060","2910","33","9","764","29","1064","false","true","English","Tyriu"
"https://static-cdn.jtvnw.net/jtv_user_pictures/segador713-profile_image-8fe6e327bb54603d-150x150.png?imenable=1&impolicy=user-profile-picture&imwidth=100","70147","Segador713","34110","6075","28","5","764","24","115","false","false","English","Segador713"
"https://static-cdn.jtvnw.net/ttv-boxart/404_boxart.png?imenable=1&impolicy=user-profile-picture&imwidth=100","70148","Profminas","59505","3885","181","14","764","199","166","false","false","Danish","Profminas"
"https://static-cdn.jtvnw.net/jtv_user_pictures/38739bf2-7029-40f9-9d28-06b582d3059a-profile_image-150x150.png?imenable=1&impolicy=user-profile-picture&imwidth=100","70149","bratpack20","5400","555","21","9","764","53","60","false","false","English","bratpack20"
"https://static-cdn.jtvnw.net/jtv_user_pictures/luz_legend-profile_image-fa1e12a19dc396dd-150x150.png?imenable=1&impolicy=user-profile-picture&imwidth=100","70150","Luz_legend","6255","1605","20","3","764","12","124","false","false","French","Luz_legend"
"https://static-cdn.jtvnw.net/jtv_user_pictures/bb5d536c-8afd-4be5-aa50-9ca428f69003-profile_image-150x150.jpg?imenable=1&impolicy=user-profile-picture&imwidth=100","70151","Tersse","360","255","4","1","764","1","4","false","true","English","Tersse"
"https://static-cdn.jtvnw.net/jtv_user_pictures/89ca9422-67ee-495a-876c-7d8fc8e1f683-profile_image-150x150.png?imenable=1&impolicy=user-profile-picture&imwidth=100","70152","matrixlele","1755","585","19","2","764","1","33","false","false","Russian","matrixlele"
"https://static-cdn.jtvnw.net/jtv_user_pictures/boss_cx-profile_image-113893ddd247cfc1-150x150.png?imenable=1&impolicy=user-profile-picture&imwidth=100","70153","Boss_Cx","345","150","4","2","764","-1","22","false","true","English","Boss_Cx"
"https://static-cdn.jtvnw.net/jtv_user_pictures/18eee43a-6c0f-41a5-b844-06d378e10f54-profile_image-150x150.png?imenable=1&impolicy=user-profile-picture&imwidth=100","70154","shipIT9","60","105","2","0","764","0","0","false","true","English","shipIT9"
"https://static-cdn.jtvnw.net/jtv_user_pictures/a46ae1d6-42a2-4d5e-857e-724b38e16198-profile_image-150x150.png?imenable=1&impolicy=user-profile-picture&imwidth=100","70155","Joeseff","915","420","4","2","764","-2","0","false","false","English","Joeseff"
"https://static-cdn.jtvnw.net/jtv_user_pictures/ttvkmdd-profile_image-d2bc691b88e8401a-150x150.jpeg?imenable=1&impolicy=user-profile-picture&imwidth=100","70156","ttvkmdd","165","60","4","2","764","-2","0","false","false","Chinese (Hong Kong SAR)","ttvkmdd"
"https://static-cdn.jtvnw.net/jtv_user_pictures/d724031a-5e9c-4d26-9457-d40210f63ae6-profile_image-150x150.jpg?imenable=1&impolicy=user-profile-picture&imwidth=100","70157","Godcrazz","60","60","2","1","764","0","0","false","false","English","Godcrazz"
"https://static-cdn.jtvnw.net/jtv_user_pictures/c831db13-0185-41fb-b00d-49ecf3e90145-profile_image-150x150.png?imenable=1&impolicy=user-profile-picture&imwidth=100","70158","Hoax1625","30","15","2","2","764","0","0","false","true","English","Hoax1625"
"https://static-cdn.jtvnw.net/jtv_user_pictures/the_kareshi-profile_image-d32167db51a64a3b-150x150.jpeg?imenable=1&impolicy=user-profile-picture&imwidth=100","70159","The_kareshi","1140","165","13","6","764","5","27","false","false","English","The_kareshi"
"https://static-cdn.jtvnw.net/jtv_user_pictures/c4c5e03b-440e-4948-a70a-e7d7873e9557-profile_image-150x150.png?imenable=1&impolicy=user-profile-picture&imwidth=100","70160","zbugsy","18210","7005","14","2","764","14","90","false","true","English","zbugsy"
"https://static-cdn.jtvnw.net/jtv_user_pictures/d062c2a2-81ae-4722-a05a-6b1f4e5fce1e-profile_image-150x150.jpg?imenable=1&impolicy=user-profile-picture&imwidth=100","70161","blackstalker30","21930","4020","95","4","764","-702","640","false","true","German","blackstalker30"
"https://static-cdn.jtvnw.net/jtv_user_pictures/6b6a951a-43f6-4002-a06e-b69803206f9f-profile_image-150x150.jpg?imenable=1&impolicy=user-profile-picture&imwidth=100","70162","Rawqys","105","60","3","1","764","-1","3","false","false","English","Rawqys"
"https://static-cdn.jtvnw.net/jtv_user_pictures/cb2b14c5-94ff-475e-a0c2-ecb581285e42-profile_image-150x150.jpg?imenable=1&impolicy=user-profile-picture&imwidth=100","70163","VeteranGamers","11625","1050","21","10","764","2","108","false","true","English","VeteranGamers"
"https://static-cdn.jtvnw.net/jtv_user_pictures/jakubczifyls1-profile_image-3522e6b59b04844a-150x150.jpeg?imenable=1&impolicy=user-profile-picture&imwidth=100","70164","jakubczifyls1","1125","1590","5","0","764","14","96","false","true","Czech","jakubczifyls1"
"https://static-cdn.jtvnw.net/jtv_user_pictures/tomwaitforitmy-profile_image-c1c1e7a2615860e7-150x150.png?imenable=1&impolicy=user-profile-picture&imwidth=100","70165","tomwaitforitmy","16020","1590","22","9","764","34","340","false","false","English","tomwaitforitmy"
"https://static-cdn.jtvnw.net/jtv_user_pictures/theporo-profile_image-590fb948a3e677b2-150x150.jpeg?imenable=1&impolicy=user-profile-picture&imwidth=100","70166","ThePoro","1155","450","8","2","764","1","30","false","true","English","ThePoro"
"https://static-cdn.jtvnw.net/jtv_user_pictures/infin8jest-profile_image-422117a411f2749f-150x150.png?imenable=1&impolicy=user-profile-picture&imwidth=100","70167","INFIN8JEST","330","30","12","11","764","0","0","false","true","English","INFIN8JEST"
"https://static-cdn.jtvnw.net/jtv_user_pictures/4604f33d-f04e-4b43-b9cf-e50a01c1667d-profile_image-150x150.png?imenable=1&impolicy=user-profile-picture&imwidth=100","70168","garze","0","15","0","0","764","0","0","false","false","English","garze"
"https://static-cdn.jtvnw.net/jtv_user_pictures/b1f0ef6f-98a9-4f04-a008-d5bae285dc66-profile_image-150x150.png?imenable=1&impolicy=user-profile-picture&imwidth=100","70169","alexi_920","8610","1290","17","6","764","10","75","false","false","English","alexi_920"
"https://static-cdn.jtvnw.net/jtv_user_pictures/4e438cc3fbd2c87c-profile_image-150x150.jpeg?imenable=1&impolicy=user-profile-picture&imwidth=100","70170","xSAVAGExHitUP","5310","3060","8","1","764","-3","20","false","true","English","xSAVAGExHitUP"
"https://static-cdn.jtvnw.net/user-default-pictures-uv/dbdc9198-def8-11e9-8681-784f43822e80-profile_image-150x150.png?imenable=1&impolicy=user-profile-picture&imwidth=100","70171","TheBeardedTacoz","12495","4095","8","2","764","11","67","false","true","English","TheBeardedTacoz"
"https://static-cdn.jtvnw.net/jtv_user_pictures/cornellioustv-profile_image-d76cd2fdd1d84052-150x150.jpeg?imenable=1&impolicy=user-profile-picture&imwidth=100","70172","cornelliousTV","495","930","3","0","763","2","33","false","false","English","cornelliousTV"
"https://static-cdn.jtvnw.net/jtv_user_pictures/d8d1b14c-8760-436d-9706-84aa9b1bf547-profile_image-150x150.png?imenable=1&impolicy=user-profile-picture&imwidth=100","70173","Fabrek_","1695","1410","5","0","763","1","22","false","true","Spanish","Fabrek_"
"https://static-cdn.jtvnw.net/jtv_user_pictures/kochashdofficial-profile_image-155c74859e9770cf-150x150.png?imenable=1&impolicy=user-profile-picture&imwidth=100","70174","kochashdofficial","63255","990","165","63","763","531","1928","false","false","Polish","kochashdofficial"
"https://static-cdn.jtvnw.net/jtv_user_pictures/7f92e06c-07a0-4352-8a84-064090275a0f-profile_image-150x150.jpg?imenable=1&impolicy=user-profile-picture&imwidth=100","70175","AzziGaming","11865","1305","35","8","763","100","333","false","false","English","AzziGaming"
"https://static-cdn.jtvnw.net/jtv_user_pictures/guigs87-profile_image-ad9061e0d5f506e0-150x150.jpeg?imenable=1&impolicy=user-profile-picture&imwidth=100","70176","Guigs87","10500","2040","14","4","763","62","159","false","true","French","Guigs87"
"https://static-cdn.jtvnw.net/jtv_user_pictures/97a514d5-91b3-4d6c-8243-5166d6908c5f-profile_image-150x150.png?imenable=1&impolicy=user-profile-picture&imwidth=100","70177","Kuma94","12495","225","88","54","763","1","51","true","false","English","Kuma94"
"https://static-cdn.jtvnw.net/jtv_user_pictures/5c747961-fa55-40c3-9af7-5ff348d1c436-profile_image-150x150.jpg?imenable=1&impolicy=user-profile-picture&imwidth=100","70178","Darkmessiah007","2955","1095","7","2","763","54","31","false","true","English","Darkmessiah007"
"https://static-cdn.jtvnw.net/jtv_user_pictures/07349f6f-1772-4e75-816e-24e92c6a5816-profile_image-150x150.png?imenable=1&impolicy=user-profile-picture&imwidth=100","70179","Pheymas","15","15","1","1","763","0","0","false","true","English","Pheymas"
"https://static-cdn.jtvnw.net/jtv_user_pictures/subsisto-profile_image-044ecdff669c22f9-150x150.jpeg?imenable=1&impolicy=user-profile-picture&imwidth=100","70180","Subsisto","9945","315","56","31","763","30","63","false","false","English","Subsisto"
"https://static-cdn.jtvnw.net/jtv_user_pictures/0d3fa1ac-f8bf-4058-b228-3187f8d38324-profile_image-150x150.png?imenable=1&impolicy=user-profile-picture&imwidth=100","70181","Oximodious","255","225","4","0","763","1","0","false","true","English","Oximodious"
"https://static-cdn.jtvnw.net/jtv_user_pictures/eed9d850-166e-4b63-958f-6577216e1e2b-profile_image-150x150.jpg?imenable=1&impolicy=user-profile-picture&imwidth=100","70182","我是阿芬 (fossier)","53700","5535","22","9","763","35","2013","false","true","Chinese","我是阿芬 (fossier)"
"https://static-cdn.jtvnw.net/jtv_user_pictures/kittencornballer-profile_image-db4314448a371826-150x150.jpeg?imenable=1&impolicy=user-profile-picture&imwidth=100","70183","KittenCornBaller","45","45","3","1","763","0","24","false","true","English","KittenCornBaller"
"https://static-cdn.jtvnw.net/jtv_user_pictures/scumbagloogey-profile_image-597d5ca6cfdee453-150x150.jpeg?imenable=1&impolicy=user-profile-picture&imwidth=100","70184","ScumbagLoogey","6900","1515","12","4","763","27","39","false","false","English","ScumbagLoogey"
"https://static-cdn.jtvnw.net/jtv_user_pictures/9bebb2f0-c27d-4868-b1bf-963e0c0e5c67-profile_image-150x150.png?imenable=1&impolicy=user-profile-picture&imwidth=100","70185","thegreatmoonhound","2940","1185","6","2","763","6","79","false","true","English","thegreatmoonhound"
"https://static-cdn.jtvnw.net/jtv_user_pictures/edaa15aa01d13318-profile_image-150x150.png?imenable=1&impolicy=user-profile-picture&imwidth=100","70186","HeroicCaveman","6795","2415","12","2","763","17","31","false","true","English","HeroicCaveman"
"https://static-cdn.jtvnw.net/jtv_user_pictures/59803114-2ce6-4016-9d6b-be8fcd944920-profile_image-150x150.png?imenable=1&impolicy=user-profile-picture&imwidth=100","70187","shakino_yzo","3330","630","27","4","763","82","232","false","false","Slovak","shakino_yzo"
"https://static-cdn.jtvnw.net/jtv_user_pictures/596d4858-6e1d-42a1-b309-dcd40c498927-profile_image-150x150.jpg?imenable=1&impolicy=user-profile-picture&imwidth=100","70188","W_Glint","120","90","3","1","763","0","6","false","true","English","W_Glint"
"https://static-cdn.jtvnw.net/jtv_user_pictures/twitchypixie-profile_image-51f4f361df324ade-150x150.png?imenable=1&impolicy=user-profile-picture&imwidth=100","70189","TwitchyPixie","11310","945","22","11","763","40","68","false","true","English","TwitchyPixie"
"https://static-cdn.jtvnw.net/jtv_user_pictures/d7f4849331d9e4f8-profile_image-150x150.png?imenable=1&impolicy=user-profile-picture&imwidth=100","70190","Nightguest","30","30","1","1","763","0","0","false","false","French","Nightguest"
"https://static-cdn.jtvnw.net/ttv-boxart/404_boxart.png?imenable=1&impolicy=user-profile-picture&imwidth=100","70191","addiskidd","2775","1020","6","2","763","1","32","false","false","Chinese","addiskidd"
"https://static-cdn.jtvnw.net/jtv_user_pictures/slitelohel-profile_image-f40cc2f149903b18-150x150.jpeg?imenable=1&impolicy=user-profile-picture&imwidth=100","70192","Slitelohel","4230","975","10","3","763","5","51","false","true","English","Slitelohel"
"https://static-cdn.jtvnw.net/jtv_user_pictures/124fd95e-9412-46c5-a738-27d84a247610-profile_image-150x150.jpg?imenable=1&impolicy=user-profile-picture&imwidth=100","70193","TRUTH_Tv_Gr_","180","195","3","0","763","-1","20","false","true","Greek","TRUTH_Tv_Gr_"
"https://static-cdn.jtvnw.net/jtv_user_pictures/6e8ec1f7-742d-47dc-b21a-b46d3416f931-profile_image-150x150.png?imenable=1&impolicy=user-profile-picture&imwidth=100","70194","ttv_simplynerf","60","660","1","0","763","1","0","false","true","English","ttv_simplynerf"
"https://static-cdn.jtvnw.net/jtv_user_pictures/saratedxshurikin-profile_image-83cf03912d3bcb7b-150x150.jpeg?imenable=1&impolicy=user-profile-picture&imwidth=100","70195","Saratedxshurikin","17340","2160","38","7","763","68","73","false","false","English","Saratedxshurikin"
"https://static-cdn.jtvnw.net/jtv_user_pictures/b356f82a99cb026e-profile_image-150x150.jpeg?imenable=1&impolicy=user-profile-picture&imwidth=100","70196","MrVictor_SE","29310","3135","19","8","763","51","217","false","false","Swedish","MrVictor_SE"
"https://static-cdn.jtvnw.net/jtv_user_pictures/591317ea9ab390ff-profile_image-150x150.png?imenable=1&impolicy=user-profile-picture&imwidth=100","70197","Grizzzlah","270","165","5","1","763","1","6","false","false","English","Grizzzlah"
"https://static-cdn.jtvnw.net/jtv_user_pictures/e497102b3b9709ba-profile_image-150x150.jpeg?imenable=1&impolicy=user-profile-picture&imwidth=100","70198","DICKnBRISTY","3360","2460","5","0","763","3","11","false","false","English","DICKnBRISTY"
"https://static-cdn.jtvnw.net/jtv_user_pictures/e29f3af0-6bbb-4241-aff4-568cb90827a6-profile_image-150x150.png?imenable=1&impolicy=user-profile-picture&imwidth=100","70199","idaeksde","10350","2715","12","3","763","22","96","false","true","Swedish","idaeksde"
"https://static-cdn.jtvnw.net/jtv_user_pictures/6779d25b-a1fe-47cc-a30e-45259d3fe65c-profile_image-150x150.png?imenable=1&impolicy=user-profile-picture&imwidth=100","70200","issyexoov","105","45","3","2","763","0","3","false","false","English","issyexoov"