"","","Channel","Watch time","Stream time","Peak viewers","Average viewers","Followers","Followers gained","Views gained","Partnered","Mature","Language",""
"https://static-cdn.jtvnw.net/jtv_user_pictures/snow0323-profile_image-41dfee8cf210fbc1-150x150.jpeg?imenable=1&impolicy=user-profile-picture&imwidth=100","87001","Snow0323","660","210","5","3","530","0","1","false","false","English","Snow0323"
"https://static-cdn.jtvnw.net/jtv_user_pictures/chocoemo-profile_image-53995935c91bffe5-150x150.png?imenable=1&impolicy=user-profile-picture&imwidth=100","87002","Chocoemo","9555","780","33","12","530","14","53","false","true","English","Chocoemo"
"https://static-cdn.jtvnw.net/jtv_user_pictures/c1e2139c3e8c7ef5-profile_image-150x150.jpeg?imenable=1&impolicy=user-profile-picture&imwidth=100","87003","lacoeblair","5475","2955","10","1","530","3","8","false","true","English","lacoeblair"
"https://static-cdn.jtvnw.net/jtv_user_pictures/thugantic-profile_image-9a39b6252bb013c6-150x150.png?imenable=1&impolicy=user-profile-picture&imwidth=100","87004","Thugantic","1470","270","12","5","530","12","6","false","false","English","Thugantic"
"https://static-cdn.jtvnw.net/jtv_user_pictures/38395be4-92c6-4413-9c40-3b8b3a28280a-profile_image-150x150.png?imenable=1&impolicy=user-profile-picture&imwidth=100","87005","Prince_Azarath","75","120","1","0","530","0","0","false","true","English","Prince_Azarath"
"https://static-cdn.jtvnw.net/jtv_user_pictures/83393dad-9a70-4b7d-866d-d781c3d03cb0-profile_image-150x150.png?imenable=1&impolicy=user-profile-picture&imwidth=100","87006","Xenorixx","750","855","5","0","530","1","11","false","false","English","Xenorixx"
"https://static-cdn.jtvnw.net/jtv_user_pictures/heero_tv-profile_image-0407866e87127c86-150x150.jpeg?imenable=1&impolicy=user-profile-picture&imwidth=100","87007","Heero_tv","5175","2940","6","1","530","0","15","false","true","English","Heero_tv"
"https://static-cdn.jtvnw.net/jtv_user_pictures/wild0401-profile_image-c20e7fe8ad26c7de-150x150.jpeg?imenable=1&impolicy=user-profile-picture&imwidth=100","87008","歪爾德 (wild0401)","7050","10725","6","0","530","-1","147","false","true","Chinese","歪爾德 (wild0401)"
"https://static-cdn.jtvnw.net/jtv_user_pictures/vaan666-profile_image-1b5e4007d155a3b0-150x150.jpeg?imenable=1&impolicy=user-profile-picture&imwidth=100","87009","Vaan666","49050","5370","49","8","530","31","482","false","false","English","Vaan666"
"https://static-cdn.jtvnw.net/jtv_user_pictures/3722245a-d972-4c8a-a5ab-6647a07e61ec-profile_image-150x150.png?imenable=1&impolicy=user-profile-picture&imwidth=100","87010","eQuityxD","345","1305","3","0","530","7","50","false","true","French","eQuityxD"
"https://static-cdn.jtvnw.net/jtv_user_pictures/054955ba-2b3d-4f74-8673-cb9fb9000cc9-profile_image-150x150.png?imenable=1&impolicy=user-profile-picture&imwidth=100","87011","minari04","75","45","3","1","530","1","43","false","false","English","minari04"
"https://static-cdn.jtvnw.net/jtv_user_pictures/link1larc-profile_image-0cfc027b3edf8f5f-150x150.jpeg?imenable=1&impolicy=user-profile-picture&imwidth=100","87012","Link1larc","855","270","7","2","530","1","8","false","false","English","Link1larc"
"https://static-cdn.jtvnw.net/jtv_user_pictures/jacypeekatchuu-profile_image-9eff8ee6d2da61a1-150x150.jpeg?imenable=1&impolicy=user-profile-picture&imwidth=100","87013","jacypeekatchuu","8820","1350","14","6","530","6","44","false","true","English","jacypeekatchuu"
"https://static-cdn.jtvnw.net/jtv_user_pictures/36c72e6d-7f33-4c6e-9649-45354c50cb01-profile_image-150x150.jpg?imenable=1&impolicy=user-profile-picture&imwidth=100","87014","MamaMercyOW","13065","1425","27","8","530","58","597","false","false","German","MamaMercyOW"
"https://static-cdn.jtvnw.net/jtv_user_pictures/aswey-profile_image-f667327852406eb5-150x150.jpeg?imenable=1&impolicy=user-profile-picture&imwidth=100","87015","aswey","67110","2295","69","28","530","75","1592","false","false","Russian","aswey"
"https://static-cdn.jtvnw.net/jtv_user_pictures/4d71a842-c1ff-4a32-8fcb-527cae801b53-profile_image-150x150.png?imenable=1&impolicy=user-profile-picture&imwidth=100","87016","Oldarion_","15","60","1","0","530","-3","1","false","false","German","Oldarion_"
"https://static-cdn.jtvnw.net/jtv_user_pictures/d58243e7-52e5-4255-8b07-a53d92efcb3a-profile_image-150x150.png?imenable=1&impolicy=user-profile-picture&imwidth=100","87017","xPlayzTV","135","105","3","1","530","0","8","false","true","German","xPlayzTV"
"https://static-cdn.jtvnw.net/jtv_user_pictures/e1a0f475-9c71-41c8-af24-77af16be7b61-profile_image-150x150.png?imenable=1&impolicy=user-profile-picture&imwidth=100","87018","Diego_Wrex","14430","4725","11","2","530","15","63","false","true","English","Diego_Wrex"
"https://static-cdn.jtvnw.net/jtv_user_pictures/3c2c304d-7d70-45e2-b917-271d87de1aa3-profile_image-150x150.png?imenable=1&impolicy=user-profile-picture&imwidth=100","87019","Dire_vVolf","3720","1020","11","3","530","5","71","false","true","English","Dire_vVolf"
"https://static-cdn.jtvnw.net/jtv_user_pictures/9c8ce8b8-8caf-45db-89d8-3902a039f484-profile_image-150x150.png?imenable=1&impolicy=user-profile-picture&imwidth=100","87020","DrunkenLycan","915","1500","5","0","530","6","7","false","true","English","DrunkenLycan"
"https://static-cdn.jtvnw.net/jtv_user_pictures/teumessian-profile_image-58dbaf8edeebf0c9-150x150.jpeg?imenable=1&impolicy=user-profile-picture&imwidth=100","87021","Teumessian","180","180","2","1","530","0","1","false","true","English","Teumessian"
"https://static-cdn.jtvnw.net/jtv_user_pictures/df91ba33-da7a-48bf-88d4-ed112766d8b0-profile_image-150x150.jpeg?imenable=1&impolicy=user-profile-picture&imwidth=100","87022","1universalguard","23955","5085","49","4","530","57","833","false","true","English","1universalguard"
"https://static-cdn.jtvnw.net/jtv_user_pictures/a726d640-3a23-4f7c-a10d-cf0548b28f19-profile_image-150x150.png?imenable=1&impolicy=user-profile-picture&imwidth=100","87023","RonnyEclipse","6420","2805","8","1","530","3","33","false","true","English","RonnyEclipse"
"https://static-cdn.jtvnw.net/jtv_user_pictures/kingdookoo-profile_image-9793440acf8b9aff-150x150.png?imenable=1&impolicy=user-profile-picture&imwidth=100","87024","Kingdookoo","1890","990","7","1","530","2","19","false","true","English","Kingdookoo"
"https://static-cdn.jtvnw.net/jtv_user_pictures/af6b6ad3-dd1e-49bb-b791-cfac177b16b0-profile_image-150x150.png?imenable=1&impolicy=user-profile-picture&imwidth=100","87025","ZasKeller","18060","7245","8","2","530","19","134","false","false","English","ZasKeller"
"https://static-cdn.jtvnw.net/jtv_user_pictures/66ce189f-64c8-40b8-a2cb-8a3ed89aaf2e-profile_image-150x150.png?imenable=1&impolicy=user-profile-picture&imwidth=100","87026","ElDanito","30","15","2","2","529","0","0","false","false","Spanish","ElDanito"
"https://static-cdn.jtvnw.net/jtv_user_pictures/6d7ff644-2d0f-4b3a-bec0-78166e67f30c-profile_image-150x150.jpeg?imenable=1&impolicy=user-profile-picture&imwidth=100","87027","VeniseBeach","1860","525","13","3","529","3","93","false","true","English","VeniseBeach"
"https://static-cdn.jtvnw.net/user-default-pictures/4cbf10f1-bb9f-4f57-90e1-15bf06cfe6f5-profile_image-150x150.jpg?imenable=1&impolicy=user-profile-picture&imwidth=100","87028","LtagoS","11685","3360","11","3","529","37","94","false","true","English","LtagoS"
"https://static-cdn.jtvnw.net/jtv_user_pictures/tyroy_the_boy-profile_image-9f51aa55f5bb99b8-150x150.jpeg?imenable=1&impolicy=user-profile-picture&imwidth=100","87029","tyroy_the_boy","0","120","0","0","529","0","0","false","false","English","tyroy_the_boy"
"https://static-cdn.jtvnw.net/jtv_user_pictures/dazinth-profile_image-73e0298b081a769e-150x150.jpeg?imenable=1&impolicy=user-profile-picture&imwidth=100","87030","Dazinth","225","345","1","0","529","0","5","false","true","English","Dazinth"
"https://static-cdn.jtvnw.net/jtv_user_pictures/112bbfa2-1510-47cd-8deb-c21e6ce37988-profile_image-150x150.jpg?imenable=1&impolicy=user-profile-picture&imwidth=100","87031","Montekill","15435","3465","16","4","529","39","191","false","false","Russian","Montekill"
"https://static-cdn.jtvnw.net/jtv_user_pictures/notismo-profile_image-2ef974bf8c08ecc9-150x150.png?imenable=1&impolicy=user-profile-picture&imwidth=100","87032","Notismo","0","60","0","0","529","0","0","false","false","French","Notismo"
"https://static-cdn.jtvnw.net/jtv_user_pictures/xcrissymissyx-profile_image-82bbbd29c8aa5b25-150x150.jpeg?imenable=1&impolicy=user-profile-picture&imwidth=100","87033","xcrissymissyx","113535","2145","516","52","529","733","5774","false","true","English","xcrissymissyx"
"https://static-cdn.jtvnw.net/jtv_user_pictures/48e80e0fe4fbfc89-profile_image-150x150.png?imenable=1&impolicy=user-profile-picture&imwidth=100","87034","Zybrus","765","270","5","2","529","-1","3","false","false","English","Zybrus"
"https://static-cdn.jtvnw.net/jtv_user_pictures/7fe2d6e9-3047-4d9e-b13c-7a4fb0ec639d-profile_image-150x150.png?imenable=1&impolicy=user-profile-picture&imwidth=100","87035","KotechkaHQ","8565","1665","17","4","529","28","195","false","false","Russian","KotechkaHQ"
"https://static-cdn.jtvnw.net/jtv_user_pictures/triarier-profile_image-ea6a4a863cdd24b9-150x150.jpeg?imenable=1&impolicy=user-profile-picture&imwidth=100","87036","Triarier","2160","1215","6","1","529","9","61","false","true","German","Triarier"
"https://static-cdn.jtvnw.net/jtv_user_pictures/a82ef654-5e37-48f1-b1cd-754b2b50fcac-profile_image-150x150.png?imenable=1&impolicy=user-profile-picture&imwidth=100","87037","PERRREZ","5925","1725","79","3","529","153","14","false","true","English","PERRREZ"
"https://static-cdn.jtvnw.net/jtv_user_pictures/b8ec1573-12fc-43bf-aa4a-eec7998938aa-profile_image-150x150.png?imenable=1&impolicy=user-profile-picture&imwidth=100","87038","iCeejee","0","15","0","0","529","0","0","false","false","English","iCeejee"
"https://static-cdn.jtvnw.net/jtv_user_pictures/majorgam3r-profile_image-7a22422155189b1f-150x150.png?imenable=1&impolicy=user-profile-picture&imwidth=100","87039","MajorGam3R","10920","195","86","55","529","-11","0","false","false","English","MajorGam3R"
"https://static-cdn.jtvnw.net/jtv_user_pictures/b2a0e80c-71a7-4d21-8ae5-5a61ce483b1f-profile_image-150x150.png?imenable=1&impolicy=user-profile-picture&imwidth=100","87040","annnieareuok","90","75","2","1","529","2","11","false","false","English","annnieareuok"
"https://static-cdn.jtvnw.net/jtv_user_pictures/db5048f9-b5c0-430f-b566-3474a37f85a1-profile_image-150x150.png?imenable=1&impolicy=user-profile-picture&imwidth=100","87041","kralkafeci","2040","1725","3","0","529","10","118","false","false","Turkish","kralkafeci"
"https://static-cdn.jtvnw.net/jtv_user_pictures/konvict101-profile_image-cafb7e77993d1aa1-150x150.jpeg?imenable=1&impolicy=user-profile-picture&imwidth=100","87042","Konvict101","34560","13560","13","2","529","61","396","false","true","English","Konvict101"
"https://static-cdn.jtvnw.net/jtv_user_pictures/cb719679-043e-4791-b973-52d4645aa456-profile_image-150x150.png?imenable=1&impolicy=user-profile-picture&imwidth=100","87043","ceejaylive","0","300","0","0","529","0","0","false","false","English","ceejaylive"
"https://static-cdn.jtvnw.net/jtv_user_pictures/epsoma-profile_image-b84bb0877ea4c652-150x150.png?imenable=1&impolicy=user-profile-picture&imwidth=100","87044","Epsoma","2160","315","11","6","529","10","40","false","true","English","Epsoma"
"https://static-cdn.jtvnw.net/jtv_user_pictures/cookiezdave-profile_image-7aaa8a605487c4e0-150x150.jpeg?imenable=1&impolicy=user-profile-picture&imwidth=100","87045","cookiezdave","735","1815","4","0","529","4","1","false","true","English","cookiezdave"
"https://static-cdn.jtvnw.net/jtv_user_pictures/4690ff34-c6ad-49cc-98c2-6b1f44ac6297-profile_image-150x150.png?imenable=1&impolicy=user-profile-picture&imwidth=100","87046","tf_vincent","390","3285","2","0","529","3","9","false","false","Dutch","tf_vincent"
"https://static-cdn.jtvnw.net/jtv_user_pictures/41497e71-4d6b-4b52-b0cd-1e1bd282797f-profile_image-150x150.png?imenable=1&impolicy=user-profile-picture&imwidth=100","87047","VRMadLad","25425","300","143","84","529","514","31","false","false","English","VRMadLad"
"https://static-cdn.jtvnw.net/jtv_user_pictures/pokerking84-profile_image-b13cee6bc10f8823-150x150.png?imenable=1&impolicy=user-profile-picture&imwidth=100","87048","pokerking84","6540","2070","13","2","529","16","48","false","true","English","pokerking84"
"https://static-cdn.jtvnw.net/jtv_user_pictures/a15951e9-c852-456d-8286-b92d6d147434-profile_image-150x150.png?imenable=1&impolicy=user-profile-picture&imwidth=100","87049","itzzfk","90","45","3","2","529","0","0","false","false","English","itzzfk"
"https://static-cdn.jtvnw.net/jtv_user_pictures/9efaf686-f455-4089-9f43-daaeed9471c0-profile_image-150x150.jpg?imenable=1&impolicy=user-profile-picture&imwidth=100","87050","anareon_","2325","1305","8","1","529","2","64","false","false","Russian","anareon_"
"https://static-cdn.jtvnw.net/jtv_user_pictures/ef8717fb-78a5-45cd-8a56-bf76ea5d493a-profile_image-150x150.png?imenable=1&impolicy=user-profile-picture&imwidth=100","87051","MadameSnek","0","15","0","0","529","0","0","false","true","English","MadameSnek"
"https://static-cdn.jtvnw.net/jtv_user_pictures/1069dcef-0367-46c2-bd81-3da1cba507f5-profile_image-150x150.png?imenable=1&impolicy=user-profile-picture&imwidth=100","87052","SirLaurenceNZ","4815","825","16","5","529","21","127","false","true","English","SirLaurenceNZ"
"https://static-cdn.jtvnw.net/jtv_user_pictures/tombak-profile_image-22c21eb301d1d123-150x150.jpeg?imenable=1&impolicy=user-profile-picture&imwidth=100","87053","Tombak","300","150","3","2","529","1","1","false","true","Turkish","Tombak"
"https://static-cdn.jtvnw.net/jtv_user_pictures/93f51a7d-b3ba-4da7-bca0-1c91be0c11ae-profile_image-150x150.png?imenable=1&impolicy=user-profile-picture&imwidth=100","87054","Dr_OneHand","0","15","0","0","529","0","0","false","true","English","Dr_OneHand"
"https://static-cdn.jtvnw.net/jtv_user_pictures/szczurekpros-profile_image-f673b804dca016f1-150x150.png?imenable=1&impolicy=user-profile-picture&imwidth=100","87055","szczurekPROS","30","15","2","2","529","0","0","false","false","English","szczurekPROS"
"https://static-cdn.jtvnw.net/jtv_user_pictures/eabf74b0-aa77-4a13-bdfa-76e5ce579426-profile_image-150x150.png?imenable=1&impolicy=user-profile-picture&imwidth=100","87056","Petunean","375","210","3","1","529","-2","35","false","false","Spanish","Petunean"
"https://static-cdn.jtvnw.net/jtv_user_pictures/28e5f3ee-9981-419b-a3c3-83bb3a6e469b-profile_image-150x150.png?imenable=1&impolicy=user-profile-picture&imwidth=100","87057","BL_Man01","4395","2940","7","1","529","16","22","false","true","English","BL_Man01"
"https://static-cdn.jtvnw.net/jtv_user_pictures/0cce104d-07e6-4160-994a-95181d5bac85-profile_image-150x150.png?imenable=1&impolicy=user-profile-picture&imwidth=100","87058","Epsilon_Actual","2880","1125","7","2","529","0","18","false","true","English","Epsilon_Actual"
"https://static-cdn.jtvnw.net/jtv_user_pictures/95b3a995-2726-4c65-8d4c-5c8e05f3738f-profile_image-150x150.png?imenable=1&impolicy=user-profile-picture&imwidth=100","87059","RoyalGoof","540","525","2","0","529","2","1","false","false","English","RoyalGoof"
"https://static-cdn.jtvnw.net/jtv_user_pictures/926a7518-21eb-433b-91bd-73ec732f2fd4-profile_image-150x150.png?imenable=1&impolicy=user-profile-picture&imwidth=100","87060","harry_got_drunk","10680","765","24","13","529","42","412","false","true","Bulgarian","harry_got_drunk"
"https://static-cdn.jtvnw.net/jtv_user_pictures/cebulka_69-profile_image-cfbc2802a951f4ea-150x150.jpeg?imenable=1&impolicy=user-profile-picture&imwidth=100","87061","cebulka_69","7230","630","30","11","529","248","233","false","false","Swedish","cebulka_69"
"https://static-cdn.jtvnw.net/jtv_user_pictures/bdd1e690-b1d5-41f8-84a8-5dd77f74193f-profile_image-150x150.jpeg?imenable=1&impolicy=user-profile-picture&imwidth=100","87062","Tycheee__","8205","750","67","10","529","87","546","false","false","English","Tycheee__"
"https://static-cdn.jtvnw.net/jtv_user_pictures/84ec8df7-6b26-41c3-9b6b-665be62d2d49-profile_image-150x150.png?imenable=1&impolicy=user-profile-picture&imwidth=100","87063","Toasters","180","270","3","0","529","2","64","false","false","English","Toasters"
"https://static-cdn.jtvnw.net/jtv_user_pictures/unchartedmex-profile_image-87db4cc0556f1adb-150x150.png?imenable=1&impolicy=user-profile-picture&imwidth=100","87064","UnchartedMex","13950","3270","14","3","529","24","20","false","false","English","UnchartedMex"
"https://static-cdn.jtvnw.net/jtv_user_pictures/5eeb8b29-d3a8-4dd2-b062-78dae4aa9ad5-profile_image-150x150.png?imenable=1&impolicy=user-profile-picture&imwidth=100","87065","Josh_kanna","0","15","0","0","529","0","0","false","true","English","Josh_kanna"
"https://static-cdn.jtvnw.net/jtv_user_pictures/de452adb-5125-4074-801a-d68f07336dda-profile_image-150x150.png?imenable=1&impolicy=user-profile-picture&imwidth=100","87066","Lolicry","60","30","4","2","529","0","0","false","false","English","Lolicry"
"https://static-cdn.jtvnw.net/jtv_user_pictures/af175e24-0c19-48f2-9847-1c57dbe43248-profile_image-150x150.png?imenable=1&impolicy=user-profile-picture&imwidth=100","87067","esliialessa","150","60","4","2","529","0","0","false","false","Dutch","esliialessa"
"https://static-cdn.jtvnw.net/jtv_user_pictures/urbangamer2-profile_image-8c4068ec20cd5b92-150x150.png?imenable=1&impolicy=user-profile-picture&imwidth=100","87068","urbangamer2","3990","480","43","8","529","58","31","false","false","English","urbangamer2"
"https://static-cdn.jtvnw.net/jtv_user_pictures/jkfire-profile_image-795e88f5c58bb81a-150x150.jpeg?imenable=1&impolicy=user-profile-picture&imwidth=100","87069","JKFire","390","180","4","1","529","1","0","false","true","English","JKFire"
"https://static-cdn.jtvnw.net/jtv_user_pictures/d8715064-d56c-4d51-bd45-3e1da77775df-profile_image-150x150.jpg?imenable=1&impolicy=user-profile-picture&imwidth=100","87070","TheGreenAntelope","3585","2160","9","1","529","19","53","false","true","English","TheGreenAntelope"
"https://static-cdn.jtvnw.net/jtv_user_pictures/c619f394-6c6d-4c86-8349-5baeba809808-profile_image-150x150.png?imenable=1&impolicy=user-profile-picture&imwidth=100","87071","MRxAmazingSC","150","135","4","1","529","0","7","false","true","English","MRxAmazingSC"
"https://static-cdn.jtvnw.net/jtv_user_pictures/2d4537901f98fb74-profile_image-150x150.png?imenable=1&impolicy=user-profile-picture&imwidth=100","87072","Nevacien","375","315","8","1","529","8","33","false","true","German","Nevacien"
"https://static-cdn.jtvnw.net/jtv_user_pictures/thatkoreangamer-profile_image-58e34fa4f34960c2-150x150.jpeg?imenable=1&impolicy=user-profile-picture&imwidth=100","87073","ThatKoreanGamer","60","60","1","1","529","0","0","false","false","English","ThatKoreanGamer"
"https://static-cdn.jtvnw.net/jtv_user_pictures/9e784ed9-0fcc-4371-aa70-33625ad4371e-profile_image-150x150.png?imenable=1&impolicy=user-profile-picture&imwidth=100","87074","AtirOfficial","45","15","3","3","529","0","0","false","false","English","AtirOfficial"
"https://static-cdn.jtvnw.net/jtv_user_pictures/e035fcea-ae29-45ec-8d3a-8897c63dd556-profile_image-150x150.png?imenable=1&impolicy=user-profile-picture&imwidth=100","87075","GeoGeo222","3060","585","17","4","529","3","45","false","false","English","GeoGeo222"
"https://static-cdn.jtvnw.net/jtv_user_pictures/b98d4a3b-ecc2-4efe-9ddd-3118897463cd-profile_image-150x150.png?imenable=1&impolicy=user-profile-picture&imwidth=100","87076","slappinyahsilly","16215","5130","13","2","529","8","45","false","true","English","slappinyahsilly"
"https://static-cdn.jtvnw.net/jtv_user_pictures/imquenzy-profile_image-971c9d0f6c7ac980-150x150.jpeg?imenable=1&impolicy=user-profile-picture&imwidth=100","87077","ImQuenzy","195","75","5","2","529","0","0","false","false","English","ImQuenzy"
"https://static-cdn.jtvnw.net/jtv_user_pictures/976348d4-acb8-43e5-88c9-76706d2fa372-profile_image-150x150.png?imenable=1&impolicy=user-profile-picture&imwidth=100","87078","6RUSE","420","285","6","1","529","10","42","false","false","Russian","6RUSE"
"https://static-cdn.jtvnw.net/jtv_user_pictures/7185ebe5-122d-4e78-b41f-f305ae65d4e7-profile_image-150x150.png?imenable=1&impolicy=user-profile-picture&imwidth=100","87079","DFleeX_","15","15","1","1","529","0","0","false","false","Spanish","DFleeX_"
"https://static-cdn.jtvnw.net/jtv_user_pictures/rod_lima-profile_image-134b08ffd6022b37-150x150.png?imenable=1&impolicy=user-profile-picture&imwidth=100","87080","Rod_Lima","4350","1695","9","2","529","78","269","false","true","English","Rod_Lima"
"https://static-cdn.jtvnw.net/jtv_user_pictures/nagadragon-profile_image-5db645f3ad63e3f5-150x150.png?imenable=1&impolicy=user-profile-picture&imwidth=100","87081","NagaDragon","2460","1275","6","1","529","3","11","false","true","English","NagaDragon"
"https://static-cdn.jtvnw.net/jtv_user_pictures/ea3b7461-0e67-41d6-8ee0-bacf5a77c8e8-profile_image-150x150.png?imenable=1&impolicy=user-profile-picture&imwidth=100","87082","xBidou18x","30","15","2","2","529","0","0","false","true","French","xBidou18x"
"https://static-cdn.jtvnw.net/jtv_user_pictures/0111a8ca-8d38-4ea4-80db-ea7f123475f1-profile_image-150x150.png?imenable=1&impolicy=user-profile-picture&imwidth=100","87083","ElectroSensei","0","135","1","0","529","0","0","false","false","English","ElectroSensei"
"https://static-cdn.jtvnw.net/jtv_user_pictures/jwh831214-profile_image-0bbe39ffdd335980-150x150.jpeg?imenable=1&impolicy=user-profile-picture&imwidth=100","87084","台服釣魚王簡鑫 (jwh831214)","3840","1425","12","2","529","-3","197","false","false","Chinese","台服釣魚王簡鑫 (jwh831214)"
"https://static-cdn.jtvnw.net/jtv_user_pictures/981e45d3-34e5-460c-8d00-3cee582c8a1b-profile_image-150x150.jpg?imenable=1&impolicy=user-profile-picture&imwidth=100","87085","MidknightBlu","210","210","2","0","529","0","1","false","true","English","MidknightBlu"
"https://static-cdn.jtvnw.net/jtv_user_pictures/2881c094-b320-466f-8318-76cb34512980-profile_image-150x150.png?imenable=1&impolicy=user-profile-picture&imwidth=100","87086","Merani","47955","6780","80","6","529","51","228","false","true","English","Merani"
"https://static-cdn.jtvnw.net/jtv_user_pictures/13b7f0b7e4461a82-profile_image-150x150.jpeg?imenable=1&impolicy=user-profile-picture&imwidth=100","87087","KEZItv","270","60","6","4","529","0","0","false","false","English","KEZItv"
"https://static-cdn.jtvnw.net/jtv_user_pictures/keskis-profile_image-fc9c60d428534ad3-150x150.jpeg?imenable=1&impolicy=user-profile-picture&imwidth=100","87088","Keskis","52050","5535","27","8","529","39","1212","false","true","Polish","Keskis"
"https://static-cdn.jtvnw.net/jtv_user_pictures/1a62dce5-0ba0-433b-9b89-2568503a7fb1-profile_image-150x150.png?imenable=1&impolicy=user-profile-picture&imwidth=100","87089","Glacion","5625","1215","15","4","529","9","156","false","true","English","Glacion"
"https://static-cdn.jtvnw.net/jtv_user_pictures/a98d5955-cbda-43e0-959e-d3427234f59d-profile_image-150x150.png?imenable=1&impolicy=user-profile-picture&imwidth=100","87090","Nemes1sz","201720","270","1513","746","529","19","118","false","true","English","Nemes1sz"
"https://static-cdn.jtvnw.net/jtv_user_pictures/debb662a691c0731-profile_image-150x150.jpeg?imenable=1&impolicy=user-profile-picture&imwidth=100","87091","TerribleToller","4020","810","15","4","529","23","122","false","true","English","TerribleToller"
"https://static-cdn.jtvnw.net/jtv_user_pictures/399fd637-f08b-47d5-807c-251c0f571f4f-profile_image-150x150.png?imenable=1&impolicy=user-profile-picture&imwidth=100","87092","ProGamerBunnyAlliance","6450","2265","14","2","529","10","32","false","false","English","ProGamerBunnyAlliance"
"https://static-cdn.jtvnw.net/jtv_user_pictures/04b5ed53-51fb-49aa-8d6e-968467f59184-profile_image-150x150.png?imenable=1&impolicy=user-profile-picture&imwidth=100","87093","GenGen_","2970","1380","8","1","529","0","35","false","true","English","GenGen_"
"https://static-cdn.jtvnw.net/jtv_user_pictures/16f904655f7df148-profile_image-150x150.jpeg?imenable=1&impolicy=user-profile-picture&imwidth=100","87094","zexplodee","1440","270","10","5","529","29","139","false","false","Turkish","zexplodee"
"https://static-cdn.jtvnw.net/jtv_user_pictures/fe82373f-33c2-48a8-8835-245f518faec3-profile_image-150x150.png?imenable=1&impolicy=user-profile-picture&imwidth=100","87095","yazhrod4500","3330","1890","8","1","529","18","52","false","true","French","yazhrod4500"
"https://static-cdn.jtvnw.net/jtv_user_pictures/1ad41e04-ba52-4639-9467-9fc3883a688a-profile_image-150x150.png?imenable=1&impolicy=user-profile-picture&imwidth=100","87096","Alivexo","765","495","3","1","529","-3","102","false","false","English","Alivexo"
"https://static-cdn.jtvnw.net/jtv_user_pictures/fuby300-profile_image-d7203be618a4817b-150x150.png?imenable=1&impolicy=user-profile-picture&imwidth=100","87097","Fuby300","5340","1305","10","3","529","13","203","false","true","German","Fuby300"
"https://static-cdn.jtvnw.net/jtv_user_pictures/05dcd32c-a503-4208-b7ca-b8fac8c1313a-profile_image-150x150.png?imenable=1&impolicy=user-profile-picture&imwidth=100","87098","NYslice","480","285","5","1","529","1","2","false","true","English","NYslice"
"https://static-cdn.jtvnw.net/jtv_user_pictures/dbann_-profile_image-cd429079dd4a9c21-150x150.png?imenable=1&impolicy=user-profile-picture&imwidth=100","87099","dbann_","3240","1515","6","1","529","6","25","false","false","English","dbann_"
"https://static-cdn.jtvnw.net/jtv_user_pictures/01ed0eef-bb4f-4130-8f21-981064709e24-profile_image-150x150.jpg?imenable=1&impolicy=user-profile-picture&imwidth=100","87100","ThePitch_FR","105","45","4","2","529","0","4","false","false","French","ThePitch_FR"