"","","Channel","Watch time","Stream time","Peak viewers","Average viewers","Followers","Followers gained","Views gained","Partnered","Mature","Language",""
"https://static-cdn.jtvnw.net/jtv_user_pictures/cc7a5937-48ff-4fe1-9b86-930a1029e8dd-profile_image-150x150.jpg?imenable=1&impolicy=user-profile-picture&imwidth=100","58901","BurnOut","705","195","8","3","1024","0","0","false","false","English","BurnOut"
"https://static-cdn.jtvnw.net/jtv_user_pictures/5de8a16b-0ef1-4582-999d-ce59ca9347b8-profile_image-150x150.png?imenable=1&impolicy=user-profile-picture&imwidth=100","58902","BlowTheDragon","2160","435","12","4","1024","6","120","false","false","Hungarian","BlowTheDragon"
"https://static-cdn.jtvnw.net/jtv_user_pictures/xs3lo-profile_image-00231f82720fe326-150x150.jpeg?imenable=1&impolicy=user-profile-picture&imwidth=100","58903","Xs3Lo","10455","5355","8","1","1024","31","132","false","false","Swedish","Xs3Lo"
"https://static-cdn.jtvnw.net/jtv_user_pictures/db2b69fe-3af2-4027-961a-36c8d9de51ed-profile_image-150x150.png?imenable=1&impolicy=user-profile-picture&imwidth=100","58904","Jonezz25","2895","525","19","4","1024","45","196","false","true","German","Jonezz25"
"https://static-cdn.jtvnw.net/jtv_user_pictures/909f33bf-5027-4ed6-9e26-6a128c347fdc-profile_image-150x150.png?imenable=1&impolicy=user-profile-picture&imwidth=100","58905","ninjafromabov3","90","45","2","2","1024","0","0","false","false","English","ninjafromabov3"
"https://static-cdn.jtvnw.net/jtv_user_pictures/2ae216a6-01b6-47dc-85c8-cf344de44390-profile_image-150x150.png?imenable=1&impolicy=user-profile-picture&imwidth=100","58906","bo0mytubes","29250","2790","85","10","1024","122","348","false","false","English","bo0mytubes"
"https://static-cdn.jtvnw.net/jtv_user_pictures/f8411680-081d-4330-a142-0a6473cb9ebf-profile_image-150x150.png?imenable=1&impolicy=user-profile-picture&imwidth=100","58907","HibiscusQueen","79050","5685","68","13","1024","187","433","false","true","English","HibiscusQueen"
"https://static-cdn.jtvnw.net/jtv_user_pictures/975b131f-a95e-45e1-bab5-2a13e0092c8b-profile_image-150x150.png?imenable=1&impolicy=user-profile-picture&imwidth=100","58908","enzyclopedia","6660","255","81","25","1024","17","78","false","false","English","enzyclopedia"
"https://static-cdn.jtvnw.net/jtv_user_pictures/81e8ab02-9a1f-4596-adb5-b3878162c31c-profile_image-150x150.jpg?imenable=1&impolicy=user-profile-picture&imwidth=100","58909","devindemise","17085","1380","64","12","1024","63","174","false","false","English","devindemise"
"https://static-cdn.jtvnw.net/jtv_user_pictures/supermeatbum-profile_image-c701c51ac6e1d562-150x150.jpeg?imenable=1&impolicy=user-profile-picture&imwidth=100","58910","SuperMeatBum","40035","2220","59","17","1024","135","320","false","false","English","SuperMeatBum"
"https://static-cdn.jtvnw.net/jtv_user_pictures/b7af464e191e7f20-profile_image-150x150.png?imenable=1&impolicy=user-profile-picture&imwidth=100","58911","PaulGamingLIVE","5850","3810","8","1","1024","98","289","false","true","French","PaulGamingLIVE"
"https://static-cdn.jtvnw.net/jtv_user_pictures/wongistream-profile_image-f44bd2ff0cefe735-150x150.png?imenable=1&impolicy=user-profile-picture&imwidth=100","58912","WongiStream","180","75","5","2","1024","0","4","false","false","Other","WongiStream"
"https://static-cdn.jtvnw.net/jtv_user_pictures/aae2c68e-4322-4622-8989-564fb8a0921d-profile_image-150x150.png?imenable=1&impolicy=user-profile-picture&imwidth=100","58913","Kathless","5385","885","16","5","1024","17","84","false","false","French","Kathless"
"https://static-cdn.jtvnw.net/jtv_user_pictures/16c0c1b2-36c2-4c1a-ac9c-ddc9de625ff5-profile_image-150x150.png?imenable=1&impolicy=user-profile-picture&imwidth=100","58914","csamnesia","5760","3165","8","1","1024","-19","142","false","false","German","csamnesia"
"https://static-cdn.jtvnw.net/jtv_user_pictures/eecffd84-7b9c-47ee-a755-ba93e4bc0c39-profile_image-150x150.png?imenable=1&impolicy=user-profile-picture&imwidth=100","58915","AimToGameTV","3660","2025","6","1","1024","13","110","false","true","Spanish","AimToGameTV"
"https://static-cdn.jtvnw.net/jtv_user_pictures/illethia-profile_image-1230953aaa5af942-150x150.jpeg?imenable=1&impolicy=user-profile-picture&imwidth=100","58916","illethia","42150","15255","11","2","1024","13","146","false","true","English","illethia"
"https://static-cdn.jtvnw.net/jtv_user_pictures/427e1b83-563e-4dd4-b5e7-814376f86da9-profile_image-150x150.png?imenable=1&impolicy=user-profile-picture&imwidth=100","58917","angelothedog","2025","870","9","2","1024","10","42","false","false","Danish","angelothedog"
"https://static-cdn.jtvnw.net/jtv_user_pictures/28ec222d-0ac7-4b0a-9f84-a449762b7e62-profile_image-150x150.png?imenable=1&impolicy=user-profile-picture&imwidth=100","58918","ThePainChannel","1515","1920","5","0","1024","10","57","false","false","Russian","ThePainChannel"
"https://static-cdn.jtvnw.net/jtv_user_pictures/a5b69701-76c5-46fc-aeda-b2b369b476be-profile_image-150x150.jpg?imenable=1&impolicy=user-profile-picture&imwidth=100","58919","Nicktacular","180","600","4","0","1024","1","9","false","true","English","Nicktacular"
"https://static-cdn.jtvnw.net/jtv_user_pictures/3cd38198-dcf5-42b6-8e31-ae07f2437b2b-profile_image-150x150.png?imenable=1&impolicy=user-profile-picture&imwidth=100","58920","miraclew0rker","3585","3225","4","0","1024","3","35","false","false","Russian","miraclew0rker"
"https://static-cdn.jtvnw.net/jtv_user_pictures/58193ab33631ccd5-profile_image-150x150.jpeg?imenable=1&impolicy=user-profile-picture&imwidth=100","58921","Spice_Live","35190","3465","25","9","1024","41","288","false","false","English","Spice_Live"
"https://static-cdn.jtvnw.net/jtv_user_pictures/kochevnik-profile_image-b71329a735515b3f-150x150.jpeg?imenable=1&impolicy=user-profile-picture&imwidth=100","58922","Kochevnik","31845","6930","28","4","1024","31","608","false","false","Russian","Kochevnik"
"https://static-cdn.jtvnw.net/jtv_user_pictures/019a4ab0-e0f3-4a76-b3dd-e6660cf2ef5d-profile_image-150x150.png?imenable=1&impolicy=user-profile-picture&imwidth=100","58923","xOBSCURO","180","90","4","1","1024","0","37","false","true","Portuguese","xOBSCURO"
"https://static-cdn.jtvnw.net/jtv_user_pictures/nastiusprime-profile_image-c363c98121f02956-150x150.jpeg?imenable=1&impolicy=user-profile-picture&imwidth=100","58924","Nastiusprime","4485","750","13","5","1024","7","40","false","true","English","Nastiusprime"
"https://static-cdn.jtvnw.net/jtv_user_pictures/f0510d02-af24-4b88-a1bb-42ad1322d102-profile_image-150x150.png?imenable=1&impolicy=user-profile-picture&imwidth=100","58925","chozwozza","6105","3615","7","1","1024","22","9","false","true","English","chozwozza"
"https://static-cdn.jtvnw.net/jtv_user_pictures/nemesis3561uk-profile_image-af45735282ad226c-150x150.jpeg?imenable=1&impolicy=user-profile-picture&imwidth=100","58926","nemesis3561uk","9105","1215","12","7","1024","3","131","false","true","English","nemesis3561uk"
"https://static-cdn.jtvnw.net/jtv_user_pictures/7d77dbd0-12b3-4497-a4d6-230176f1cc6f-profile_image-150x150.png?imenable=1&impolicy=user-profile-picture&imwidth=100","58927","tikalov","78855","5760","29","13","1024","35","747","false","true","Finnish","tikalov"
"https://static-cdn.jtvnw.net/jtv_user_pictures/0ed69acc-665c-4091-8d90-110bd3ef6f32-profile_image-150x150.png?imenable=1&impolicy=user-profile-picture&imwidth=100","58928","Radiant_Savior","4020","540","22","7","1024","8","17","false","true","English","Radiant_Savior"
"https://static-cdn.jtvnw.net/jtv_user_pictures/oscarjoneshd-profile_image-c0ec06aa96fc71f2-150x150.jpeg?imenable=1&impolicy=user-profile-picture&imwidth=100","58929","OscarJoneshD","1125","510","6","1","1024","-3","9","false","false","","OscarJoneshD"
"https://static-cdn.jtvnw.net/jtv_user_pictures/f0f4ccb9-1fef-4bef-927a-7e01bcf085ee-profile_image-150x150.png?imenable=1&impolicy=user-profile-picture&imwidth=100","58930","MaccaBoards","42435","8775","11","4","1024","61","181","false","true","English","MaccaBoards"
"https://static-cdn.jtvnw.net/jtv_user_pictures/drgrins-profile_image-b30b40f2d52a7a77-150x150.png?imenable=1&impolicy=user-profile-picture&imwidth=100","58931","DrGrins","2865","300","14","9","1024","1","2","false","true","English","DrGrins"
"https://static-cdn.jtvnw.net/jtv_user_pictures/teamvvg-profile_image-5137e2127c880790-150x150.jpeg?imenable=1&impolicy=user-profile-picture&imwidth=100","58932","TeamVVG","7080","720","43","9","1024","-1","36","false","false","English","TeamVVG"
"https://static-cdn.jtvnw.net/jtv_user_pictures/89725c9f-1f40-4af7-9504-14fab24e8144-profile_image-150x150.jpg?imenable=1&impolicy=user-profile-picture&imwidth=100","58933","MeTroH3x4L","16275","2250","44","6","1024","85","203","false","true","German","MeTroH3x4L"
"https://static-cdn.jtvnw.net/jtv_user_pictures/fougere74-profile_image-9c5dc04a4f0f93ff-150x150.jpeg?imenable=1&impolicy=user-profile-picture&imwidth=100","58934","Fougere74","16185","2640","18","5","1024","27","229","false","true","French","Fougere74"
"https://static-cdn.jtvnw.net/jtv_user_pictures/685ffa58-98d2-4e5b-a5be-c5943aed5d24-profile_image-150x150.png?imenable=1&impolicy=user-profile-picture&imwidth=100","58935","harveytoadface","690","645","4","0","1023","2","6","false","false","English","harveytoadface"
"https://static-cdn.jtvnw.net/jtv_user_pictures/d14445ae-01db-4a38-8a88-5e7734f40fda-profile_image-150x150.png?imenable=1&impolicy=user-profile-picture&imwidth=100","58936","mfShogun","105","15","7","7","1023","0","0","false","true","English","mfShogun"
"https://static-cdn.jtvnw.net/jtv_user_pictures/280074c4-268e-4c20-9fb9-96ebfa561a26-profile_image-150x150.png?imenable=1&impolicy=user-profile-picture&imwidth=100","58937","CasualKingTV","780","1320","4","0","1023","6","71","false","true","Turkish","CasualKingTV"
"https://static-cdn.jtvnw.net/jtv_user_pictures/ea75c603-eb82-4566-b720-7bcd6bffd9aa-profile_image-150x150.jpg?imenable=1&impolicy=user-profile-picture&imwidth=100","58938","KayArrCee","30","30","1","1","1023","0","0","false","true","English","KayArrCee"
"https://static-cdn.jtvnw.net/jtv_user_pictures/chups_off-profile_image-64e004ae70cda979-150x150.png?imenable=1&impolicy=user-profile-picture&imwidth=100","58939","chups_off","300","360","5","0","1023","2","36","false","true","Russian","chups_off"
"https://static-cdn.jtvnw.net/jtv_user_pictures/e2051f0d-c6fc-4ee1-8a6a-fbf4a61a7fdb-profile_image-150x150.png?imenable=1&impolicy=user-profile-picture&imwidth=100","58940","MezcaliburMX","930","330","7","2","1023","7","36","false","false","Spanish","MezcaliburMX"
"https://static-cdn.jtvnw.net/jtv_user_pictures/lynsin-profile_image-fb5d6506e119e178-150x150.jpeg?imenable=1&impolicy=user-profile-picture&imwidth=100","58941","LynSin","705","465","4","1","1023","4","35","false","false","Spanish","LynSin"
"https://static-cdn.jtvnw.net/jtv_user_pictures/314a7385db349022-profile_image-150x150.png?imenable=1&impolicy=user-profile-picture&imwidth=100","58942","Faustti","765","465","3","1","1023","3","19","false","true","English","Faustti"
"https://static-cdn.jtvnw.net/jtv_user_pictures/3be58dc9-2f27-4524-937e-2e6de7e9ffe8-profile_image-150x150.jpg?imenable=1&impolicy=user-profile-picture&imwidth=100","58943","RiizenVortex","60","180","1","0","1023","0","0","false","false","English","RiizenVortex"
"https://static-cdn.jtvnw.net/jtv_user_pictures/9880a244-140d-49ce-b58c-ec80c3a027dc-profile_image-150x150.png?imenable=1&impolicy=user-profile-picture&imwidth=100","58944","Dyllionaire","7785","6690","6","0","1023","14","40","false","true","English","Dyllionaire"
"https://static-cdn.jtvnw.net/jtv_user_pictures/lunarn1-profile_image-12af54ba509b2395-150x150.jpeg?imenable=1&impolicy=user-profile-picture&imwidth=100","58945","Lunarn1","23505","435","143","53","1023","55","161","false","false","Russian","Lunarn1"
"https://static-cdn.jtvnw.net/jtv_user_pictures/ac88f2f6-3a1c-4ea0-b91e-2f98ef7d1084-profile_image-150x150.png?imenable=1&impolicy=user-profile-picture&imwidth=100","58946","MiticoMG","5205","2505","10","1","1023","21","436","false","false","Italian","MiticoMG"
"https://static-cdn.jtvnw.net/jtv_user_pictures/vcodyy-profile_image-f4fbaaa516bc8564-150x150.png?imenable=1&impolicy=user-profile-picture&imwidth=100","58947","vcodyy","240","45","7","5","1023","0","4","false","false","","vcodyy"
"https://static-cdn.jtvnw.net/jtv_user_pictures/af18016c-baff-4622-a7e6-51d097fd70dc-profile_image-150x150.png?imenable=1&impolicy=user-profile-picture&imwidth=100","58948","zSap","375","105","5","3","1023","0","0","false","false","English","zSap"
"https://static-cdn.jtvnw.net/jtv_user_pictures/d1673d7e-0d3d-404a-9ec8-7301534fb3c1-profile_image-150x150.png?imenable=1&impolicy=user-profile-picture&imwidth=100","58949","demolition__muck","615","1380","2","0","1023","1","6","false","true","English","demolition__muck"
"https://static-cdn.jtvnw.net/jtv_user_pictures/54b17f80-a4da-48f5-b9ac-3d3d74fabbcf-profile_image-150x150.jpeg?imenable=1&impolicy=user-profile-picture&imwidth=100","58950","Uncaringconch7","35520","7410","15","4","1023","131","209","false","true","English","Uncaringconch7"
"https://static-cdn.jtvnw.net/jtv_user_pictures/c6ea3f16-09d4-417d-ab5d-b84849c0df6a-profile_image-150x150.png?imenable=1&impolicy=user-profile-picture&imwidth=100","58951","who_is_tommy_yt","56235","9315","54","5","1023","159","807","false","true","German","who_is_tommy_yt"
"https://static-cdn.jtvnw.net/jtv_user_pictures/bellaangelwilks-profile_image-3a1b7396734dcc87-150x150.jpeg?imenable=1&impolicy=user-profile-picture&imwidth=100","58952","Bellaangelwilks","11925","1965","14","5","1023","31","97","false","false","English","Bellaangelwilks"
"https://static-cdn.jtvnw.net/jtv_user_pictures/3b152115-8fe5-4c8e-951e-3b2bbc71d609-profile_image-150x150.png?imenable=1&impolicy=user-profile-picture&imwidth=100","58953","Rhojinquest","13470","3615","9","3","1023","20","56","false","true","English","Rhojinquest"
"https://static-cdn.jtvnw.net/jtv_user_pictures/5163ee012ed0c87e-profile_image-150x150.jpeg?imenable=1&impolicy=user-profile-picture&imwidth=100","58954","方鼎1 (yang89067)","6675","300","43","22","1023","0","151","false","false","Chinese","方鼎1 (yang89067)"
"https://static-cdn.jtvnw.net/jtv_user_pictures/d900c7c6-085e-443b-92eb-f93c029f2a6b-profile_image-150x150.png?imenable=1&impolicy=user-profile-picture&imwidth=100","58955","dexteR_AT","9360","3315","9","2","1023","3","129","false","true","French","dexteR_AT"
"https://static-cdn.jtvnw.net/jtv_user_pictures/c4359e8e-a51c-42aa-a41f-d346c122de66-profile_image-150x150.png?imenable=1&impolicy=user-profile-picture&imwidth=100","58956","Chief_One_Wing","0","15","0","0","1023","0","0","false","false","English","Chief_One_Wing"
"https://static-cdn.jtvnw.net/jtv_user_pictures/47a52e39-3560-4fb1-b6b5-97c466229e51-profile_image-150x150.png?imenable=1&impolicy=user-profile-picture&imwidth=100","58957","xLumina_","450","495","4","0","1023","5","54","false","false","Portuguese","xLumina_"
"https://static-cdn.jtvnw.net/jtv_user_pictures/55f5dc08-8287-43eb-942a-b2a62d52eb4b-profile_image-150x150.png?imenable=1&impolicy=user-profile-picture&imwidth=100","58958","Bellator_Qc","525","255","5","1","1023","0","1","false","true","French","Bellator_Qc"
"https://static-cdn.jtvnw.net/jtv_user_pictures/crazyhalo_yt-profile_image-2368e70f8f4f0247-150x150.png?imenable=1&impolicy=user-profile-picture&imwidth=100","58959","Crazyhalo_YT","15120","1425","44","10","1023","294","450","false","false","English","Crazyhalo_YT"
"https://static-cdn.jtvnw.net/jtv_user_pictures/b8ade3e8-22e1-45b5-9f54-b8d277ce6538-profile_image-150x150.png?imenable=1&impolicy=user-profile-picture&imwidth=100","58960","Private_Ghost","285","60","6","4","1023","1","0","false","false","German","Private_Ghost"
"https://static-cdn.jtvnw.net/jtv_user_pictures/thangnay-profile_image-ffd1911a62fe9ede-150x150.png?imenable=1&impolicy=user-profile-picture&imwidth=100","58961","ThangNay","465","405","3","1","1023","3","9","false","false","English","ThangNay"
"https://static-cdn.jtvnw.net/jtv_user_pictures/66d0e376-cc63-437a-b5d4-e3f425312113-profile_image-150x150.png?imenable=1&impolicy=user-profile-picture&imwidth=100","58962","evivivi","25065","3915","22","6","1023","45","159","false","false","English","evivivi"
"http://static-cdn.jtvnw.net/jtv_user_pictures/f1zeplay-profile_image-f6962ee539b0cec0-150x150.jpeg?imenable=1&impolicy=user-profile-picture&imwidth=100","58963","F1zePlay  (f1zeplay)","90","15","6","6","1023","0","0","false","false","","F1zePlay  (f1zeplay)"
"https://static-cdn.jtvnw.net/jtv_user_pictures/577c9706-862b-4d42-9935-099f080d0a57-profile_image-150x150.png?imenable=1&impolicy=user-profile-picture&imwidth=100","58964","bigheavykevi","1965","1755","6","0","1023","1","30","false","true","English","bigheavykevi"
"https://static-cdn.jtvnw.net/jtv_user_pictures/herrswizz-profile_image-acd0083fda5e22fb-150x150.jpeg?imenable=1&impolicy=user-profile-picture&imwidth=100","58965","HerrSwizz","6825","1170","12","5","1023","63","148","false","true","German","HerrSwizz"
"https://static-cdn.jtvnw.net/jtv_user_pictures/o_gemeo_mau-profile_image-ed9399c9537a07b3-150x150.jpeg?imenable=1&impolicy=user-profile-picture&imwidth=100","58966","O_Gemeo_Mau","44520","3120","37","13","1023","954","120","false","false","Portuguese","O_Gemeo_Mau"
"https://static-cdn.jtvnw.net/jtv_user_pictures/e64983e3-9c82-46a4-b035-38b0d17e606b-profile_image-150x150.png?imenable=1&impolicy=user-profile-picture&imwidth=100","58967","ArmyNations","1965","480","8","3","1023","6","58","false","true","English","ArmyNations"
"https://static-cdn.jtvnw.net/jtv_user_pictures/luxa3t3rna-profile_image-2a1dd56e616c4438-150x150.jpeg?imenable=1&impolicy=user-profile-picture&imwidth=100","58968","Luxa3t3rna","121170","5220","110","22","1023","203","7784","false","true","French","Luxa3t3rna"
"https://static-cdn.jtvnw.net/jtv_user_pictures/jaden89-profile_image-6939232a8d5f03a2-150x150.jpeg?imenable=1&impolicy=user-profile-picture&imwidth=100","58969","Jaden89","1920","3045","4","0","1023","4","61","false","false","English","Jaden89"
"https://static-cdn.jtvnw.net/jtv_user_pictures/0f0151db-9da2-4594-a7d8-d9c7ea616159-profile_image-150x150.png?imenable=1&impolicy=user-profile-picture&imwidth=100","58970","nilasmondaise","5265","705","11","6","1023","12","82","false","true","French","nilasmondaise"
"https://static-cdn.jtvnw.net/jtv_user_pictures/dbdec68f-2a51-4079-8862-6554ff4f68e9-profile_image-150x150.png?imenable=1&impolicy=user-profile-picture&imwidth=100","58971","Bioxidus","6105","3285","10","1","1023","12","39","false","false","English","Bioxidus"
"https://static-cdn.jtvnw.net/jtv_user_pictures/les3tards-profile_image-63b7200603eb2b6d-150x150.jpeg?imenable=1&impolicy=user-profile-picture&imwidth=100","58972","Les3Tards","1320","195","9","6","1023","4","11","false","false","French","Les3Tards"
"https://static-cdn.jtvnw.net/jtv_user_pictures/8188b18f46ceddf7-profile_image-150x150.jpeg?imenable=1&impolicy=user-profile-picture&imwidth=100","58973","Timon_BOT","25905","1605","39","15","1023","229","180","false","false","Czech","Timon_BOT"
"https://static-cdn.jtvnw.net/jtv_user_pictures/imbapig-profile_image-501a2c75565e5338-150x150.jpeg?imenable=1&impolicy=user-profile-picture&imwidth=100","58974","imbapig","2430","2040","5","0","1022","7","135","false","false","German","imbapig"
"https://static-cdn.jtvnw.net/jtv_user_pictures/zelibobatv-profile_image-abee23a7e03e454c-150x150.jpeg?imenable=1&impolicy=user-profile-picture&imwidth=100","58975","ZELIBOBATV","825","1170","5","0","1022","13","172","false","true","Russian","ZELIBOBATV"
"https://static-cdn.jtvnw.net/jtv_user_pictures/15ac27f0-630b-4fdf-a42a-965592ae09ac-profile_image-150x150.png?imenable=1&impolicy=user-profile-picture&imwidth=100","58976","Chaotic_Concepts","0","15","0","0","1022","0","0","false","true","English","Chaotic_Concepts"
"https://static-cdn.jtvnw.net/jtv_user_pictures/100baa9f-78b0-43f8-bbc8-9a8b58f00746-profile_image-150x150.jpeg?imenable=1&impolicy=user-profile-picture&imwidth=100","58977","BanZai0_0","240","360","2","0","1022","0","33","false","false","Russian","BanZai0_0"
"https://static-cdn.jtvnw.net/jtv_user_pictures/london161-profile_image-d6ae676b52caa706-150x150.jpeg?imenable=1&impolicy=user-profile-picture&imwidth=100","58978","London161","140100","9585","118","14","1022","642","5094","false","false","Russian","London161"
"https://static-cdn.jtvnw.net/jtv_user_pictures/thesgtmurphy-profile_image-8d2ba370aff8a77a-150x150.jpeg?imenable=1&impolicy=user-profile-picture&imwidth=100","58979","TheSgtmurphy","0","60","1","0","1022","0","0","false","false","","TheSgtmurphy"
"https://static-cdn.jtvnw.net/jtv_user_pictures/lerus55-profile_image-ae7c988ea321f595-150x150.png?imenable=1&impolicy=user-profile-picture&imwidth=100","58980","Lerus55","60465","3495","579","16","1022","349","85","false","false","English","Lerus55"
"https://static-cdn.jtvnw.net/jtv_user_pictures/a48da4e8-cb92-427b-92f9-ff98d7707158-profile_image-150x150.png?imenable=1&impolicy=user-profile-picture&imwidth=100","58981","seven7_TW","5025","1500","9","2","1022","3","40","false","true","Chinese","seven7_TW"
"https://static-cdn.jtvnw.net/jtv_user_pictures/c869e005-046a-4d50-bb32-d2102dea37e9-profile_image-150x150.png?imenable=1&impolicy=user-profile-picture&imwidth=100","58982","joaoxml","585","600","3","0","1022","9","16","false","false","Portuguese","joaoxml"
"https://static-cdn.jtvnw.net/jtv_user_pictures/23cb02d8-3e6d-428e-96fb-9f0b7ab1b68e-profile_image-150x150.png?imenable=1&impolicy=user-profile-picture&imwidth=100","58983","hatexoxo","225","300","3","0","1022","6","16","false","true","English","hatexoxo"
"https://static-cdn.jtvnw.net/jtv_user_pictures/c208e700-fd05-4904-b6fe-7c37c9f0ac92-profile_image-150x150.png?imenable=1&impolicy=user-profile-picture&imwidth=100","58984","MrBr1ghtsid3","58575","10350","20","5","1022","34","334","false","true","English","MrBr1ghtsid3"
"https://static-cdn.jtvnw.net/jtv_user_pictures/fearzan-profile_image-4e5491c9c5826d22-150x150.png?imenable=1&impolicy=user-profile-picture&imwidth=100","58985","FearzAN","22440","2805","59","7","1022","50","747","false","true","Russian","FearzAN"
"https://static-cdn.jtvnw.net/jtv_user_pictures/yung_4_quarterz-profile_image-583e303716e0ad40-150x150.jpeg?imenable=1&impolicy=user-profile-picture&imwidth=100","58986","yung_4_quarterz","10365","1740","15","5","1022","25","101","false","false","English","yung_4_quarterz"
"https://static-cdn.jtvnw.net/jtv_user_pictures/deda45bf-1c86-488e-b492-f6f1e7f3386e-profile_image-150x150.png?imenable=1&impolicy=user-profile-picture&imwidth=100","58987","NAZOMIK","17235","4125","27","3","1022","135","1270","false","true","Turkish","NAZOMIK"
"https://static-cdn.jtvnw.net/jtv_user_pictures/375063d1-5655-4390-881b-840cd2bddf5f-profile_image-150x150.png?imenable=1&impolicy=user-profile-picture&imwidth=100","58988","eismann97","0","60","1","0","1022","-1","0","false","false","German","eismann97"
"https://static-cdn.jtvnw.net/jtv_user_pictures/dde2e8ef8f4f79ca-profile_image-150x150.jpeg?imenable=1&impolicy=user-profile-picture&imwidth=100","58989","Quinteross","111480","11115","27","9","1022","119","726","false","true","English","Quinteross"
"https://static-cdn.jtvnw.net/jtv_user_pictures/2d191a84-89d0-4104-abd4-4c520cc625c8-profile_image-150x150.png?imenable=1&impolicy=user-profile-picture&imwidth=100","58990","Dongelvert","1305","405","6","2","1022","12","107","false","true","English","Dongelvert"
"https://static-cdn.jtvnw.net/jtv_user_pictures/cronos_100-profile_image-06f542327dfe482b-150x150.jpeg?imenable=1&impolicy=user-profile-picture&imwidth=100","58991","Cronos_100","45","60","2","0","1022","-4","6","false","true","English","Cronos_100"
"https://static-cdn.jtvnw.net/jtv_user_pictures/2cc4766a-bac6-4fdc-965a-366c248d03ab-profile_image-150x150.png?imenable=1&impolicy=user-profile-picture&imwidth=100","58992","N4sh0","3300","1545","9","1","1022","5","64","false","true","French","N4sh0"
"https://static-cdn.jtvnw.net/jtv_user_pictures/papihec-profile_image-0d7311268f6178d7-150x150.png?imenable=1&impolicy=user-profile-picture&imwidth=100","58993","Papihec","4110","525","24","7","1022","2","55","false","true","English","Papihec"
"https://static-cdn.jtvnw.net/jtv_user_pictures/struck-profile_image-40629499661f1b66-150x150.png?imenable=1&impolicy=user-profile-picture&imwidth=100","58994","Struck","435","165","5","2","1022","2","2","true","false","English","Struck"
"https://static-cdn.jtvnw.net/jtv_user_pictures/nekoobe-profile_image-5f77ce5283120674-150x150.jpeg?imenable=1&impolicy=user-profile-picture&imwidth=100","58995","NekOoBe","270","270","3","0","1022","5","12","false","false","French","NekOoBe"
"https://static-cdn.jtvnw.net/jtv_user_pictures/1fb55cef-14b8-47bb-9d08-a9f30454a0c5-profile_image-150x150.png?imenable=1&impolicy=user-profile-picture&imwidth=100","58996","KFPTurtle","2070","405","9","4","1022","6","25","false","true","English","KFPTurtle"
"https://static-cdn.jtvnw.net/jtv_user_pictures/87688aac-cccf-4727-a131-2ee7a0b44e6d-profile_image-150x150.png?imenable=1&impolicy=user-profile-picture&imwidth=100","58997","MaxTh3Ripper","30","15","2","2","1022","0","0","false","false","Spanish","MaxTh3Ripper"
"https://static-cdn.jtvnw.net/jtv_user_pictures/be1a427c-edca-4a9b-b8e3-c08069a1ce54-profile_image-150x150.png?imenable=1&impolicy=user-profile-picture&imwidth=100","58998","Donaven15s","525","105","8","5","1022","5","16","false","true","English","Donaven15s"
"https://static-cdn.jtvnw.net/jtv_user_pictures/48734a1a-358a-4885-b6a8-81921e7a5e71-profile_image-150x150.png?imenable=1&impolicy=user-profile-picture&imwidth=100","58999","JustCallMeAdma","5070","630","12","7","1022","12","96","false","false","English","JustCallMeAdma"
"https://static-cdn.jtvnw.net/jtv_user_pictures/veos1988-profile_image-595f243d795078e1-150x150.png?imenable=1&impolicy=user-profile-picture&imwidth=100","59000","Veos1988","4785","1095","14","4","1022","22","294","false","false","Italian","Veos1988"