"","","Channel","Watch time","Stream time","Peak viewers","Average viewers","Followers","Followers gained","Views gained","Partnered","Mature","Language",""
"https://static-cdn.jtvnw.net/jtv_user_pictures/0300ea3d-9264-48b1-9cb6-ed8c55466213-profile_image-150x150.jpg?imenable=1&impolicy=user-profile-picture&imwidth=100","5001","shisp_dota","1350","1260","5","0","31263","13","179","false","false","Russian","shisp_dota"
"https://static-cdn.jtvnw.net/jtv_user_pictures/1d3ba9f3-502f-4a2e-afc6-a9ee97f656bb-profile_image-150x150.png?imenable=1&impolicy=user-profile-picture&imwidth=100","5002","Moonit","2235","345","18","6","31252","4","58","true","false","English","Moonit"
"https://static-cdn.jtvnw.net/jtv_user_pictures/074e5a6b-8d2c-4a81-bfbe-0dc060b86ff8-profile_image-150x150.jpeg?imenable=1&impolicy=user-profile-picture&imwidth=100","5003","esl_csgob_es","20775","390","118","52","31247","67","374","true","false","Spanish","esl_csgob_es"
"https://static-cdn.jtvnw.net/jtv_user_pictures/91f4239a-4b34-4b7a-85aa-a0a5449add45-profile_image-150x150.png?imenable=1&impolicy=user-profile-picture&imwidth=100","5004","MrDolphin","1440705","9660","423","148","31236","288","3672","true","true","English","MrDolphin"
"https://static-cdn.jtvnw.net/jtv_user_pictures/b516f604-7c3c-4a07-9da3-d6da064561b9-profile_image-150x150.png?imenable=1&impolicy=user-profile-picture&imwidth=100","5005","AustrianGamingg","180","30","7","6","31219","3","-10","true","false","German","AustrianGamingg"
"https://static-cdn.jtvnw.net/jtv_user_pictures/f7200d9a-170d-4f57-994c-586ed55025df-profile_image-150x150.png?imenable=1&impolicy=user-profile-picture&imwidth=100","5006","iFatiko","456345","8760","341","51","31213","373","8303","true","true","German","iFatiko"
"https://static-cdn.jtvnw.net/jtv_user_pictures/fessstream-profile_image-e7dee27f992c89ca-150x150.jpeg?imenable=1&impolicy=user-profile-picture&imwidth=100","5007","fEssStream","1720050","2940","1796","584","31209","9378","52380","true","false","Russian","fEssStream"
"https://static-cdn.jtvnw.net/jtv_user_pictures/3e002748-de10-4797-8fea-e5befb9f9cfd-profile_image-150x150.png?imenable=1&impolicy=user-profile-picture&imwidth=100","5008","Joshua","1487985","7650","441","194","31203","878","19096","true","true","English","Joshua"
"https://static-cdn.jtvnw.net/jtv_user_pictures/ef568b43-70c6-40a9-974d-48bcb0ed9c47-profile_image-150x150.png?imenable=1&impolicy=user-profile-picture&imwidth=100","5009","Myrolame","17520","1320","328","12","31183","79","598","true","false","French","Myrolame"
"https://static-cdn.jtvnw.net/jtv_user_pictures/cda725e1-9433-4bcd-9434-b9a13aa6de42-profile_image-150x150.png?imenable=1&impolicy=user-profile-picture&imwidth=100","5010","Germench","13912890","16155","3340","860","31181","3560","1337446","true","true","German","Germench"
"https://static-cdn.jtvnw.net/jtv_user_pictures/5d86e3f4-9b77-4bdb-8f6e-c640d7a9fb45-profile_image-150x150.jpg?imenable=1&impolicy=user-profile-picture&imwidth=100","5011","Alumetri","30","165","1","0","31180","1","6","true","false","Russian","Alumetri"
"https://static-cdn.jtvnw.net/jtv_user_pictures/c603931fc58b318a-profile_image-150x150.png?imenable=1&impolicy=user-profile-picture&imwidth=100","5012","agayguyplays","93660","840","216","111","31180","393","1601","true","true","English","agayguyplays"
"https://static-cdn.jtvnw.net/jtv_user_pictures/ea692e6ab182cbd7-profile_image-150x150.png?imenable=1&impolicy=user-profile-picture&imwidth=100","5013","AnderzGoingFTW","59970","1245","101","47","31177","306","452","true","false","Danish","AnderzGoingFTW"
"https://static-cdn.jtvnw.net/jtv_user_pictures/4ce8f752-d153-4a70-bafd-39b5b4483f7c-profile_image-150x150.png?imenable=1&impolicy=user-profile-picture&imwidth=100","5014","Wildbill_tv","436950","17610","190","24","31175","92","2713","true","true","English","Wildbill_tv"
"https://static-cdn.jtvnw.net/jtv_user_pictures/d5c9cd1b-73bc-4154-984f-7ef58e4ddc3b-profile_image-150x150.png?imenable=1&impolicy=user-profile-picture&imwidth=100","5015","edorocky","112125","1485","236","75","31172","611","2592","true","false","French","edorocky"
"https://static-cdn.jtvnw.net/jtv_user_pictures/f804ec2e-3583-4ec4-9c0f-0b27d3354ba9-profile_image-150x150.png?imenable=1&impolicy=user-profile-picture&imwidth=100","5016","EiKaRRRamba","28095","840","69","33","31161","175","991","true","false","German","EiKaRRRamba"
"https://static-cdn.jtvnw.net/jtv_user_pictures/0e97b767-6d2e-4a26-8c03-aa02eda86019-profile_image-150x150.png?imenable=1&impolicy=user-profile-picture&imwidth=100","5017","Schannik","37860","2415","41","15","31148","180","516","true","true","German","Schannik"
"https://static-cdn.jtvnw.net/jtv_user_pictures/9e472824-cd10-4a4f-bfc0-947879d3c686-profile_image-150x150.png?imenable=1&impolicy=user-profile-picture&imwidth=100","5018","Elure","346335","3195","186","107","31141","775","7960","true","false","Spanish","Elure"
"https://static-cdn.jtvnw.net/jtv_user_pictures/pewpewu-profile_image-6f6bbb9472aa4908-150x150.jpeg?imenable=1&impolicy=user-profile-picture&imwidth=100","5019","PewPewU","210780","1140","512","184","31139","640","1441","true","false","English","PewPewU"
"https://static-cdn.jtvnw.net/jtv_user_pictures/d5d79e14-9cd1-438e-97c1-fc81981e771f-profile_image-150x150.png?imenable=1&impolicy=user-profile-picture&imwidth=100","5020","OMGLove","114120","1455","188","78","31130","622","784","true","false","English","OMGLove"
"https://static-cdn.jtvnw.net/jtv_user_pictures/c7287eb5-9fce-484f-87cd-c7802c600183-profile_image-150x150.png?imenable=1&impolicy=user-profile-picture&imwidth=100","5021","FerreRlzYT","6000","405","30","14","31124","48","256","true","false","Spanish","FerreRlzYT"
"https://static-cdn.jtvnw.net/jtv_user_pictures/587541ea-00f8-4633-b59e-24ef8ecd1444-profile_image-150x150.png?imenable=1&impolicy=user-profile-picture&imwidth=100","5022","PulseEffects","66225","5775","41","11","31086","48","465","true","false","English","PulseEffects"
"https://static-cdn.jtvnw.net/jtv_user_pictures/draqu_-profile_image-f799607719c17212-150x150.png?imenable=1&impolicy=user-profile-picture&imwidth=100","5023","DraQu_","72345","2400","90","29","31083","78","438","true","true","English","DraQu_"
"https://static-cdn.jtvnw.net/jtv_user_pictures/71fd6335-c2af-41a8-a911-feb40497d8a2-profile_image-150x150.png?imenable=1&impolicy=user-profile-picture&imwidth=100","5024","NorajBBQ","609315","6690","220","90","31081","-16","10250","true","true","French","NorajBBQ"
"https://static-cdn.jtvnw.net/jtv_user_pictures/146c2df5-3fa5-4590-8c60-989d056c7dc2-profile_image-150x150.png?imenable=1&impolicy=user-profile-picture&imwidth=100","5025","BazeGR","69315","345","374","200","31079","172","2446","true","false","Greek","BazeGR"
"https://static-cdn.jtvnw.net/jtv_user_pictures/baa84e13-4ec2-4ed3-b586-8ae472e38a92-profile_image-150x150.png?imenable=1&impolicy=user-profile-picture&imwidth=100","5026","OfficialBlazeDan","130320","9015","578","14","31070","-14","2500","false","false","English","OfficialBlazeDan"
"https://static-cdn.jtvnw.net/jtv_user_pictures/fab6de40-2e21-4356-b182-4316ef3d2877-profile_image-150x150.png?imenable=1&impolicy=user-profile-picture&imwidth=100","5027","Ardashe","203880","5640","125","35","31059","518","5713","true","false","Spanish","Ardashe"
"https://static-cdn.jtvnw.net/jtv_user_pictures/37a52029-a0c6-4e5e-ba32-5d8f537643b1-profile_image-150x150.jpg?imenable=1&impolicy=user-profile-picture&imwidth=100","5028","TheWide001","1052400","3990","485","263","31053","417","19424","true","false","Russian","TheWide001"
"https://static-cdn.jtvnw.net/jtv_user_pictures/b33croft-profile_image-74a92e450dacbb47-150x150.jpeg?imenable=1&impolicy=user-profile-picture&imwidth=100","5029","b33croft","36765","1095","55","33","31044","113","366","true","false","English","b33croft"
"https://static-cdn.jtvnw.net/jtv_user_pictures/e2aaf407-6e70-4611-ae7e-7eeb4d49113e-profile_image-150x150.png?imenable=1&impolicy=user-profile-picture&imwidth=100","5030","ZoneV","54330","645","218","84","31043","252","651","true","false","Finnish","ZoneV"
"https://static-cdn.jtvnw.net/jtv_user_pictures/pyre-profile_image-bf86f0545841f8a4-150x150.jpeg?imenable=1&impolicy=user-profile-picture&imwidth=100","5031","Pyre","9660","2730","11","3","31041","11","24","true","false","English","Pyre"
"https://static-cdn.jtvnw.net/jtv_user_pictures/31f19cb0-c8f5-4e6a-8201-6bc47670597d-profile_image-150x150.png?imenable=1&impolicy=user-profile-picture&imwidth=100","5032","Unwin54","304110","270","2894","1125","31037","2151","3842","false","false","French","Unwin54"
"https://static-cdn.jtvnw.net/jtv_user_pictures/37000c16-a24a-40f4-bffc-dd78b7e3a092-profile_image-150x150.png?imenable=1&impolicy=user-profile-picture&imwidth=100","5033","dorb","1052055","7110","653","147","31032","325","13164","true","false","English","dorb"
"https://static-cdn.jtvnw.net/jtv_user_pictures/9c247733-6e1f-4ad5-abd6-ad14758d93a0-profile_image-150x150.png?imenable=1&impolicy=user-profile-picture&imwidth=100","5034","b2ru","99990","1080","395","92","31018","1134","4715","true","false","Russian","b2ru"
"https://static-cdn.jtvnw.net/jtv_user_pictures/snowbunny-profile_image-17d545b8e1394412-150x150.jpeg?imenable=1&impolicy=user-profile-picture&imwidth=100","5035","Snowbunny","12690","645","31","19","31014","-105","144","true","true","English","Snowbunny"
"https://static-cdn.jtvnw.net/jtv_user_pictures/e6c3ed11-7c58-451d-93be-1d16f6b3f1ae-profile_image-150x150.png?imenable=1&impolicy=user-profile-picture&imwidth=100","5036","RANGERZX","259845","8700","75","29","31009","149","1705","true","false","English","RANGERZX"
"https://static-cdn.jtvnw.net/jtv_user_pictures/0e578d1d-f865-4e05-8180-7da49a2d82cf-profile_image-150x150.png?imenable=1&impolicy=user-profile-picture&imwidth=100","5037","Krolzinha","157680","1155","444","136","31004","364","8570","true","false","Portuguese","Krolzinha"
"https://static-cdn.jtvnw.net/jtv_user_pictures/9a7e12cf7b1cce66-profile_image-150x150.png?imenable=1&impolicy=user-profile-picture&imwidth=100","5038","Painless","1999515","12270","1700","162","31001","1009","10604","true","true","English","Painless"
"https://static-cdn.jtvnw.net/jtv_user_pictures/v1ci0us-profile_image-4723ca0d5dd28a2a-150x150.jpeg?imenable=1&impolicy=user-profile-picture&imwidth=100","5039","v1ci0us","1037370","7290","554","141","30999","557","56056","true","true","Italian","v1ci0us"
"https://static-cdn.jtvnw.net/jtv_user_pictures/f5f731fd-0c46-44be-8e6f-42ff2a4cea7e-profile_image-150x150.png?imenable=1&impolicy=user-profile-picture&imwidth=100","5040","Lari","19965","1365","92","13","30985","87","706","true","true","Portuguese","Lari"
"https://static-cdn.jtvnw.net/jtv_user_pictures/88a3de5c-faea-469c-8b84-a14a45d3488f-profile_image-150x150.png?imenable=1&impolicy=user-profile-picture&imwidth=100","5041","Arilyna","125190","3870","51","31","30980","181","860","true","false","English","Arilyna"
"https://static-cdn.jtvnw.net/jtv_user_pictures/e7481094-094d-4f37-b702-0cb29cf2ba70-profile_image-150x150.png?imenable=1&impolicy=user-profile-picture&imwidth=100","5042","DonTomasGamer","1009575","4455","438","226","30966","1766","22304","true","false","Spanish","DonTomasGamer"
"https://static-cdn.jtvnw.net/jtv_user_pictures/03090515-315b-43af-b4ff-895defb4ea80-profile_image-150x150.png?imenable=1&impolicy=user-profile-picture&imwidth=100","5043","BlokkieGames","1140","270","9","3","30961","7","23","true","false","Dutch","BlokkieGames"
"https://static-cdn.jtvnw.net/jtv_user_pictures/octavian0-profile_image-f88963e1500fe806-150x150.png?imenable=1&impolicy=user-profile-picture&imwidth=100","5044","Octavian0","1365","345","8","3","30959","2","7","true","false","English","Octavian0"
"https://static-cdn.jtvnw.net/jtv_user_pictures/f58287ea-b640-4ba8-8d3f-4a14e23512bc-profile_image-150x150.png?imenable=1&impolicy=user-profile-picture&imwidth=100","5045","TrixxyTrix","133590","10140","323","12","30957","493","1020","false","true","English","TrixxyTrix"
"https://static-cdn.jtvnw.net/jtv_user_pictures/loyan-profile_image-97c7b82e9201ed3a-150x150.png?imenable=1&impolicy=user-profile-picture&imwidth=100","5046","Loyan","201330","6090","99","32","30951","-123","3252","false","false","Polish","Loyan"
"https://static-cdn.jtvnw.net/jtv_user_pictures/53c35834-1dba-4a54-b75f-a4545781c889-profile_image-150x150.png?imenable=1&impolicy=user-profile-picture&imwidth=100","5047","disgustingmen","38010","165","287","230","30941","25","331","true","false","Russian","disgustingmen"
"https://static-cdn.jtvnw.net/jtv_user_pictures/c52a8b8a6d783945-profile_image-150x150.png?imenable=1&impolicy=user-profile-picture&imwidth=100","5048","Jummychu","1264800","7365","849","171","30941","944","8408","false","true","English","Jummychu"
"https://static-cdn.jtvnw.net/jtv_user_pictures/c05da4c8-46e0-4ec1-a01e-18e1a99f1e65-profile_image-150x150.png?imenable=1&impolicy=user-profile-picture&imwidth=100","5049","CaptainRichard","957285","5025","400","190","30939","766","4990","true","false","English","CaptainRichard"
"https://static-cdn.jtvnw.net/jtv_user_pictures/f434ee92-b3e8-4bad-80ae-b60c7221bed5-profile_image-150x150.png?imenable=1&impolicy=user-profile-picture&imwidth=100","5050","KatFires","345","60","9","5","30933","3","0","true","false","English","KatFires"