"","","Channel","Watch time","Stream time","Peak viewers","Average viewers","Followers","Followers gained","Views gained","Partnered","Mature","Language",""
"https://static-cdn.jtvnw.net/jtv_user_pictures/spurzzzkiba-profile_image-6779b71a41a403cf-150x150.jpeg?imenable=1&impolicy=user-profile-picture&imwidth=100","82801","spurzzzkiba","44940","510","130","87","576","-178","12","false","true","English","spurzzzkiba"
"https://static-cdn.jtvnw.net/jtv_user_pictures/drewsky16-profile_image-a4a49ca546286b6d-150x150.png?imenable=1&impolicy=user-profile-picture&imwidth=100","82802","DrewSky16","3300","1125","10","2","576","5","66","false","false","English","DrewSky16"
"https://static-cdn.jtvnw.net/jtv_user_pictures/zeviontv-profile_image-74c8f27da8d3d18b-150x150.png?imenable=1&impolicy=user-profile-picture&imwidth=100","82803","ZeVioNTV","18045","3120","17","5","576","24","59","false","false","English","ZeVioNTV"
"https://static-cdn.jtvnw.net/jtv_user_pictures/morphgamer-profile_image-db467372d0e88aee-150x150.png?imenable=1&impolicy=user-profile-picture&imwidth=100","82804","MorphGamer","1965","1230","8","1","576","20","35","false","true","English","MorphGamer"
"https://static-cdn.jtvnw.net/jtv_user_pictures/594ca651-7094-4bbb-9e1c-0248e7d46a91-profile_image-150x150.png?imenable=1&impolicy=user-profile-picture&imwidth=100","82805","Kliener_86","1020","780","5","1","576","-1","45","false","true","German","Kliener_86"
"https://static-cdn.jtvnw.net/jtv_user_pictures/1a904416-edb5-4582-abe9-9d559d757c5a-profile_image-150x150.png?imenable=1&impolicy=user-profile-picture&imwidth=100","82806","La_Manette_Du_Gamer","8175","1995","11","3","576","15","150","false","false","French","La_Manette_Du_Gamer"
"https://static-cdn.jtvnw.net/jtv_user_pictures/baltazar001-profile_image-215d53038abdb286-150x150.jpeg?imenable=1&impolicy=user-profile-picture&imwidth=100","82807","Baltazar001","3270","420","12","7","576","12","197","false","true","Spanish","Baltazar001"
"https://static-cdn.jtvnw.net/jtv_user_pictures/fe7b9018f96eb69a-profile_image-150x150.jpeg?imenable=1&impolicy=user-profile-picture&imwidth=100","82808","LIM21","9060","4305","10","1","576","31","249","false","false","French","LIM21"
"https://static-cdn.jtvnw.net/jtv_user_pictures/ab482b58-ead2-4498-8aab-0ae866b0c1d2-profile_image-150x150.png?imenable=1&impolicy=user-profile-picture&imwidth=100","82809","jemarari","6570","4770","6","0","576","8","59","false","true","Dutch","jemarari"
"https://static-cdn.jtvnw.net/jtv_user_pictures/cd04c3f0-0b2d-4604-b426-ea6ba4f36a3c-profile_image-150x150.png?imenable=1&impolicy=user-profile-picture&imwidth=100","82810","BlueOrby","150","135","2","1","576","0","2","false","true","English","BlueOrby"
"https://static-cdn.jtvnw.net/jtv_user_pictures/5bfe7e47-40e4-440e-af6a-9eab9ac810ca-profile_image-150x150.jpg?imenable=1&impolicy=user-profile-picture&imwidth=100","82811","iBlank","8175","2610","11","2","576","16","14","false","true","English","iBlank"
"https://static-cdn.jtvnw.net/jtv_user_pictures/332af47a0d9392cd-profile_image-150x150.png?imenable=1&impolicy=user-profile-picture&imwidth=100","82812","Shozzy_D","31800","14910","10","1","576","114","218","false","true","English","Shozzy_D"
"https://static-cdn.jtvnw.net/jtv_user_pictures/kougat_fate-profile_image-7dd68c94c4f610fd-150x150.jpeg?imenable=1&impolicy=user-profile-picture&imwidth=100","82813","Kougat_Fate","10530","1740","13","5","576","22","29","false","false","English","Kougat_Fate"
"https://static-cdn.jtvnw.net/jtv_user_pictures/daeronhun-profile_image-d7cc3ba50dd756c7-150x150.jpeg?imenable=1&impolicy=user-profile-picture&imwidth=100","82814","daeronhun","90","90","1","1","576","0","0","false","false","English","daeronhun"
"https://static-cdn.jtvnw.net/jtv_user_pictures/644e68b3-e171-449b-bc17-5413655c21e7-profile_image-150x150.png?imenable=1&impolicy=user-profile-picture&imwidth=100","82815","twistedpool2019","45","30","2","1","576","0","0","false","true","English","twistedpool2019"
"https://static-cdn.jtvnw.net/jtv_user_pictures/gamerlush-profile_image-2485ed294d3f487b-150x150.png?imenable=1&impolicy=user-profile-picture&imwidth=100","82816","Gamerlush","3900","1200","9","3","576","4","24","false","false","English","Gamerlush"
"https://static-cdn.jtvnw.net/jtv_user_pictures/2acbaa6a-cc1f-40b6-85f1-7ace1b678cec-profile_image-150x150.png?imenable=1&impolicy=user-profile-picture&imwidth=100","82817","ReZeRekted","8400","750","25","10","576","25","80","false","false","English","ReZeRekted"
"https://static-cdn.jtvnw.net/jtv_user_pictures/d18adbaa-e263-4c78-9d85-f076ecdd7e10-profile_image-150x150.png?imenable=1&impolicy=user-profile-picture&imwidth=100","82818","TheNetherChickens","1950","750","8","2","576","11","43","false","false","English","TheNetherChickens"
"https://static-cdn.jtvnw.net/jtv_user_pictures/cc4e0606-9dd2-497f-b90e-536b1eebc94f-profile_image-150x150.png?imenable=1&impolicy=user-profile-picture&imwidth=100","82819","zredix","60","135","1","0","575","0","34","false","true","Russian","zredix"
"https://static-cdn.jtvnw.net/jtv_user_pictures/bb970a26-dca5-4377-99fc-8ef443a8fb8d-profile_image-150x150.png?imenable=1&impolicy=user-profile-picture&imwidth=100","82820","dadlife","240","165","3","1","575","0","4","false","false","English","dadlife"
"https://static-cdn.jtvnw.net/jtv_user_pictures/210317ea-ceda-4c9d-a514-8e7db950c0ae-profile_image-150x150.png?imenable=1&impolicy=user-profile-picture&imwidth=100","82821","riotshock","60","30","2","2","575","0","0","false","true","English","riotshock"
"https://static-cdn.jtvnw.net/jtv_user_pictures/5a41648d-6350-40d6-9d85-0a4b428698fc-profile_image-150x150.png?imenable=1&impolicy=user-profile-picture&imwidth=100","82822","Bravoolit","15","15","1","1","575","0","0","false","false","English","Bravoolit"
"https://static-cdn.jtvnw.net/jtv_user_pictures/torii_ocal-profile_image-f8764370b52249b0-150x150.jpeg?imenable=1&impolicy=user-profile-picture&imwidth=100","82823","torii_ocal","750","45","18","16","575","0","0","false","false","Japanese","torii_ocal"
"https://static-cdn.jtvnw.net/jtv_user_pictures/e65ed972-e980-4ed1-b0d5-fb6026e91258-profile_image-150x150.jpg?imenable=1&impolicy=user-profile-picture&imwidth=100","82824","manuozti","135","315","2","0","575","0","7","false","true","Spanish","manuozti"
"https://static-cdn.jtvnw.net/jtv_user_pictures/1b71897f05d62be9-profile_image-150x150.jpeg?imenable=1&impolicy=user-profile-picture&imwidth=100","82825","pashastoyak","235920","1650","665","142","575","19","185","false","false","Russian","pashastoyak"
"https://static-cdn.jtvnw.net/jtv_user_pictures/08c6a2cd-6883-4751-b3af-39bab0c53518-profile_image-150x150.jpg?imenable=1&impolicy=user-profile-picture&imwidth=100","82826","PhelpsGG","0","60","1","0","575","0","0","false","false","English","PhelpsGG"
"https://static-cdn.jtvnw.net/jtv_user_pictures/1a224b69-2649-4001-961f-6af53b596222-profile_image-150x150.png?imenable=1&impolicy=user-profile-picture&imwidth=100","82827","ElenWerner","15","15","1","1","575","0","0","false","false","Hungarian","ElenWerner"
"https://static-cdn.jtvnw.net/jtv_user_pictures/coggtv-profile_image-cb757d2955468f3d-150x150.jpeg?imenable=1&impolicy=user-profile-picture&imwidth=100","82828","CoggTV","4845","2835","7","1","575","15","173","false","true","English","CoggTV"
"https://static-cdn.jtvnw.net/jtv_user_pictures/4afe469f-2998-4d32-aa9e-650c923c5cf5-profile_image-150x150.png?imenable=1&impolicy=user-profile-picture&imwidth=100","82829","DasCaunKollektiv","39720","1230","69","31","575","101","951","false","false","German","DasCaunKollektiv"
"https://static-cdn.jtvnw.net/jtv_user_pictures/1265175c-a39f-402b-a395-58ac6326f8a5-profile_image-150x150.png?imenable=1&impolicy=user-profile-picture&imwidth=100","82830","SuggestiveGaming","990","330","8","2","575","7","13","false","false","English","SuggestiveGaming"
"https://static-cdn.jtvnw.net/jtv_user_pictures/a8d3f5f8a5cdc911-profile_image-150x150.jpeg?imenable=1&impolicy=user-profile-picture&imwidth=100","82831","Metlhard","4035","780","13","4","575","2","166","false","true","Russian","Metlhard"
"https://static-cdn.jtvnw.net/jtv_user_pictures/dogman242-profile_image-5ed655c90712d65f-150x150.jpeg?imenable=1&impolicy=user-profile-picture&imwidth=100","82832","dogman242","1515","1320","3","0","575","2","5","false","false","English","dogman242"
"https://static-cdn.jtvnw.net/jtv_user_pictures/2821d4e9-210e-401a-ab3e-b3682672539f-profile_image-150x150.png?imenable=1&impolicy=user-profile-picture&imwidth=100","82833","vestavii","375","90","13","3","575","-1","4","false","false","English","vestavii"
"https://static-cdn.jtvnw.net/jtv_user_pictures/878ff05b-2056-4981-aa59-d2a4d7bf1878-profile_image-150x150.png?imenable=1&impolicy=user-profile-picture&imwidth=100","82834","iam_thewookie","15","15","1","1","575","0","0","false","false","English","iam_thewookie"
"https://static-cdn.jtvnw.net/jtv_user_pictures/8ff3de81-5c86-4a09-9659-21070fb71846-profile_image-150x150.png?imenable=1&impolicy=user-profile-picture&imwidth=100","82835","Xycuk","5850","3225","11","1","575","14","84","false","true","Russian","Xycuk"
"https://static-cdn.jtvnw.net/jtv_user_pictures/djsnabu-profile_image-7e9a7adbb97ed55a-150x150.png?imenable=1&impolicy=user-profile-picture&imwidth=100","82836","djsnabu","120","285","3","0","575","0","10","false","false","Finnish","djsnabu"
"https://static-cdn.jtvnw.net/jtv_user_pictures/gr33nd3v1l-profile_image-dfa5baab253eb526-150x150.png?imenable=1&impolicy=user-profile-picture&imwidth=100","82837","gr33nd3v1l","9480","855","60","10","575","118","173","false","true","English","gr33nd3v1l"
"https://static-cdn.jtvnw.net/jtv_user_pictures/7be1641f-67ab-4644-8f4d-fa5491b13e61-profile_image-150x150.png?imenable=1&impolicy=user-profile-picture&imwidth=100","82838","EmoKyl0Ren","0","30","0","0","575","0","17","false","true","English","EmoKyl0Ren"
"https://static-cdn.jtvnw.net/jtv_user_pictures/682ffdd1-ad99-49eb-848f-90649feeafc3-profile_image-150x150.png?imenable=1&impolicy=user-profile-picture&imwidth=100","82839","Dam__s","13740","6405","11","1","575","17","140","false","false","French","Dam__s"
"https://static-cdn.jtvnw.net/jtv_user_pictures/def423d0-317a-44ec-b073-db3bfa3dc966-profile_image-150x150.png?imenable=1&impolicy=user-profile-picture&imwidth=100","82840","LambroFPS","15","30","1","0","575","0","0","false","false","English","LambroFPS"
"https://static-cdn.jtvnw.net/jtv_user_pictures/bc695815-3cc4-4207-bee9-d1d0c0590106-profile_image-150x150.png?imenable=1&impolicy=user-profile-picture&imwidth=100","82841","blessedannex","4800","4260","4","0","575","0","39","false","true","English","blessedannex"
"https://static-cdn.jtvnw.net/jtv_user_pictures/c3432d47-caf1-435d-a651-d7b1dbed5897-profile_image-150x150.png?imenable=1&impolicy=user-profile-picture&imwidth=100","82842","WildFlowerz","2280","315","28","6","575","12","32","false","true","English","WildFlowerz"
"https://static-cdn.jtvnw.net/jtv_user_pictures/xxxmajster-profile_image-5cc4eddbcaa898fe-150x150.png?imenable=1&impolicy=user-profile-picture&imwidth=100","82843","xxxMajster","285","360","3","0","575","6","4","false","false","Polish","xxxMajster"
"https://static-cdn.jtvnw.net/jtv_user_pictures/dc6db5b9-b65e-4874-aeb6-d98ec608202f-profile_image-150x150.png?imenable=1&impolicy=user-profile-picture&imwidth=100","82844","SophieSophie","330","45","15","7","575","8","28","false","false","English","SophieSophie"
"https://static-cdn.jtvnw.net/jtv_user_pictures/nicked16-profile_image-782577fb322df371-150x150.png?imenable=1&impolicy=user-profile-picture&imwidth=100","82845","Nicked16","225","225","2","1","575","1","12","false","true","English","Nicked16"
"https://static-cdn.jtvnw.net/jtv_user_pictures/27cbd6e4-4dd6-4e1b-900a-e77bcdf0b8c4-profile_image-150x150.jpeg?imenable=1&impolicy=user-profile-picture&imwidth=100","82846","syndicatzz","76680","11730","61","6","575","103","1651","false","true","German","syndicatzz"
"https://static-cdn.jtvnw.net/jtv_user_pictures/d1faa550-33f2-4909-90b1-597469a25ced-profile_image-150x150.png?imenable=1&impolicy=user-profile-picture&imwidth=100","82847","xanu97","60","30","4","2","575","0","6","false","false","Spanish","xanu97"
"https://static-cdn.jtvnw.net/jtv_user_pictures/448b9280-903b-430d-9261-2fc39c935ddd-profile_image-150x150.png?imenable=1&impolicy=user-profile-picture&imwidth=100","82848","hanichoos","4170","1425","10","2","575","15","35","false","false","English","hanichoos"
"https://static-cdn.jtvnw.net/jtv_user_pictures/8af9ea59-fc0c-46c9-8187-e71788c22da5-profile_image-150x150.png?imenable=1&impolicy=user-profile-picture&imwidth=100","82849","LunkkiTV","2040","525","7","3","575","3","22","false","true","English","LunkkiTV"
"https://static-cdn.jtvnw.net/jtv_user_pictures/koshyonpc-profile_image-6c69312d18ae4d11-150x150.jpeg?imenable=1&impolicy=user-profile-picture&imwidth=100","82850","KoshyONpc","4485","2805","6","1","575","9","43","false","false","English","KoshyONpc"
"https://static-cdn.jtvnw.net/jtv_user_pictures/38afd710-7722-45a9-82fd-2045781d2fe1-profile_image-150x150.png?imenable=1&impolicy=user-profile-picture&imwidth=100","82851","Jennakide","3480","585","20","5","575","8","18","false","false","English","Jennakide"
"https://static-cdn.jtvnw.net/jtv_user_pictures/a69a458e-d560-4e76-98a8-b9ea8e1bebd4-profile_image-150x150.png?imenable=1&impolicy=user-profile-picture&imwidth=100","82852","Ghosty_x","300","135","4","2","575","1","10","false","false","English","Ghosty_x"
"https://static-cdn.jtvnw.net/jtv_user_pictures/a7007728-ad0f-4abd-872f-d2e6d04436d3-profile_image-150x150.png?imenable=1&impolicy=user-profile-picture&imwidth=100","82853","SuperHandi","1335","630","5","1","575","8","7","false","false","English","SuperHandi"
"https://static-cdn.jtvnw.net/jtv_user_pictures/makr9k-profile_image-021e6c8e7b9228ca-150x150.png?imenable=1&impolicy=user-profile-picture&imwidth=100","82854","Makr9k","9525","1575","9","5","575","18","98","false","false","Russian","Makr9k"
"https://static-cdn.jtvnw.net/jtv_user_pictures/redglock97-profile_image-6f0b6551d4a8883a-150x150.png?imenable=1&impolicy=user-profile-picture&imwidth=100","82855","RedGlock97","810","405","5","1","575","7","85","false","false","Spanish","RedGlock97"
"https://static-cdn.jtvnw.net/jtv_user_pictures/mxmushrooms-profile_image-0d12290092239dba-150x150.png?imenable=1&impolicy=user-profile-picture&imwidth=100","82856","MxMushrooms","13665","1215","79","10","575","97","581","false","false","German","MxMushrooms"
"https://static-cdn.jtvnw.net/user-default-pictures-uv/ebe4cd89-b4f4-4cd9-adac-2f30151b4209-profile_image-150x150.png?imenable=1&impolicy=user-profile-picture&imwidth=100","82857","Xfsu_sniper24","0","15","0","0","575","0","0","false","false","English","Xfsu_sniper24"
"https://static-cdn.jtvnw.net/jtv_user_pictures/7ba4edda-940d-44f9-9878-728383d07921-profile_image-150x150.png?imenable=1&impolicy=user-profile-picture&imwidth=100","82858","ThresholdBreaker","5085","3180","9","1","575","9","9","false","true","English","ThresholdBreaker"
"https://static-cdn.jtvnw.net/jtv_user_pictures/c53d951f-a304-4f86-9e7f-6591b489da40-profile_image-150x150.png?imenable=1&impolicy=user-profile-picture&imwidth=100","82859","luciferdabeast","240","300","2","0","575","0","2","false","true","English","luciferdabeast"
"https://static-cdn.jtvnw.net/jtv_user_pictures/4da79a09-80f8-4222-89d0-06d5adfe1813-profile_image-150x150.jpg?imenable=1&impolicy=user-profile-picture&imwidth=100","82860","FrankDaTankGaming","1710","3435","4","0","575","8","26","false","true","English","FrankDaTankGaming"
"https://static-cdn.jtvnw.net/jtv_user_pictures/d7a3e4e9-7f00-471c-89c5-a63c87ac6585-profile_image-150x150.png?imenable=1&impolicy=user-profile-picture&imwidth=100","82861","殺忍 (xarozen0228)","30","30","2","1","575","0","0","false","false","Chinese","殺忍 (xarozen0228)"
"https://static-cdn.jtvnw.net/jtv_user_pictures/59607ff5-75fb-4848-acfd-55bfdecc0378-profile_image-150x150.png?imenable=1&impolicy=user-profile-picture&imwidth=100","82862","Tripp124","4995","465","18","10","575","19","17","false","true","English","Tripp124"
"https://static-cdn.jtvnw.net/jtv_user_pictures/mectoriko-profile_image-75535bab608d3e9e-150x150.jpeg?imenable=1&impolicy=user-profile-picture&imwidth=100","82863","Mectoriko","1275","210","11","5","575","3","15","false","false","Russian","Mectoriko"
"https://static-cdn.jtvnw.net/jtv_user_pictures/plasma43-profile_image-e2de79990c06858c-150x150.jpeg?imenable=1&impolicy=user-profile-picture&imwidth=100","82864","Plasma43","150","150","1","1","575","0","6","false","true","English","Plasma43"
"https://static-cdn.jtvnw.net/jtv_user_pictures/braccio99-profile_image-039c60589ba00ae4-150x150.jpeg?imenable=1&impolicy=user-profile-picture&imwidth=100","82865","Braccio99","45","240","3","0","575","0","5","false","true","Italian","Braccio99"
"https://static-cdn.jtvnw.net/jtv_user_pictures/demonikai-profile_image-5197031d5078278d-150x150.png?imenable=1&impolicy=user-profile-picture&imwidth=100","82866","Demonikai","105","375","1","0","575","1","0","false","false","English","Demonikai"
"https://static-cdn.jtvnw.net/user-default-pictures-uv/de130ab0-def7-11e9-b668-784f43822e80-profile_image-150x150.png?imenable=1&impolicy=user-profile-picture&imwidth=100","82867","karik134","12225","3525","15","3","575","14","141","false","false","English","karik134"
"https://static-cdn.jtvnw.net/jtv_user_pictures/2bb08d27-2e02-4faf-86c2-18bdd20f518e-profile_image-150x150.jpg?imenable=1&impolicy=user-profile-picture&imwidth=100","82868","YamiLucifer9","1575","1365","3","0","575","0","16","false","true","English","YamiLucifer9"
"https://static-cdn.jtvnw.net/jtv_user_pictures/99d5ebb8-c16b-4de3-9e40-213ca4d906b5-profile_image-150x150.png?imenable=1&impolicy=user-profile-picture&imwidth=100","82869","Goofi","8595","1080","18","7","575","52","181","false","true","Spanish","Goofi"
"https://static-cdn.jtvnw.net/jtv_user_pictures/34675924-d02e-48ea-8701-7473995c4bf2-profile_image-150x150.png?imenable=1&impolicy=user-profile-picture&imwidth=100","82870","BoofThePirate","675","705","4","0","575","-2","12","false","true","English","BoofThePirate"
"https://static-cdn.jtvnw.net/jtv_user_pictures/playertv-profile_image-ea8c9ffc85c542c1-150x150.png?imenable=1&impolicy=user-profile-picture&imwidth=100","82871","PlaYerTV","11100","5685","12","1","575","12","214","false","true","German","PlaYerTV"
"https://static-cdn.jtvnw.net/jtv_user_pictures/63b1e24b-ed1d-4c19-9d43-6a2b9fcb12f0-profile_image-150x150.png?imenable=1&impolicy=user-profile-picture&imwidth=100","82872","Final3cho","135","135","2","1","575","0","1","false","false","German","Final3cho"
"https://static-cdn.jtvnw.net/jtv_user_pictures/b5082401-5a37-4989-949f-6de6c70af5b4-profile_image-150x150.png?imenable=1&impolicy=user-profile-picture&imwidth=100","82873","FlamingShots","210","75","4","2","575","0","0","false","false","English","FlamingShots"
"https://static-cdn.jtvnw.net/jtv_user_pictures/hodor0817-profile_image-318c8c5bc4f6d989-150x150.png?imenable=1&impolicy=user-profile-picture&imwidth=100","82874","Hodor0817","420","825","2","0","575","3","68","false","true","English","Hodor0817"
"https://static-cdn.jtvnw.net/jtv_user_pictures/bf8b6331-69c8-46b8-9075-a2a78dc56545-profile_image-150x150.png?imenable=1&impolicy=user-profile-picture&imwidth=100","82875","lolpako","705","405","6","1","575","5","15","false","true","English","lolpako"
"https://static-cdn.jtvnw.net/jtv_user_pictures/nelsongz974-profile_image-7100846b5b23d769-150x150.png?imenable=1&impolicy=user-profile-picture&imwidth=100","82876","Nelsongz974","26730","5820","13","4","575","125","585","false","false","French","Nelsongz974"
"https://static-cdn.jtvnw.net/jtv_user_pictures/1cc977c6-d255-40ea-8c6d-632acf3d0c4c-profile_image-150x150.png?imenable=1&impolicy=user-profile-picture&imwidth=100","82877","b0ldakcrew","20655","3645","24","5","575","49","50","false","false","English","b0ldakcrew"
"https://static-cdn.jtvnw.net/jtv_user_pictures/4608564e-deaf-4569-9633-14de4aca8dc5-profile_image-150x150.png?imenable=1&impolicy=user-profile-picture&imwidth=100","82878","Anomoly","0","15","0","0","575","0","0","false","true","English","Anomoly"
"https://static-cdn.jtvnw.net/jtv_user_pictures/99c0736c-da81-46f7-986f-f132d703679c-profile_image-150x150.jpg?imenable=1&impolicy=user-profile-picture&imwidth=100","82879","ARS_Amurru","1245","2145","7","0","575","4","13","false","true","English","ARS_Amurru"
"https://static-cdn.jtvnw.net/jtv_user_pictures/4c573dd0-6919-4053-a137-9930c7a47469-profile_image-150x150.png?imenable=1&impolicy=user-profile-picture&imwidth=100","82880","filohime","3435","540","106","5","575","90","210","false","false","German","filohime"
"https://static-cdn.jtvnw.net/jtv_user_pictures/d469ae44-f697-44c0-9f63-cb29eec75109-profile_image-150x150.png?imenable=1&impolicy=user-profile-picture&imwidth=100","82881","Retro_Madness","19005","6315","19","2","575","55","104","false","true","French","Retro_Madness"
"https://static-cdn.jtvnw.net/jtv_user_pictures/paulkabouter-profile_image-0ea2680c374fd302-150x150.png?imenable=1&impolicy=user-profile-picture&imwidth=100","82882","Paulkabouter","11685","2340","12","4","575","33","31","false","false","Dutch","Paulkabouter"
"https://static-cdn.jtvnw.net/jtv_user_pictures/6a7d7cf9-0962-4f71-bbbd-e46aa810beb9-profile_image-150x150.png?imenable=1&impolicy=user-profile-picture&imwidth=100","82883","KoolKidLumboc","1095","420","14","2","575","44","55","false","false","English","KoolKidLumboc"
"https://static-cdn.jtvnw.net/jtv_user_pictures/pstrophies4you-profile_image-51528f54db5f0e94-150x150.png?imenable=1&impolicy=user-profile-picture&imwidth=100","82884","PSTROPHIES4YOU","14985","4980","15","2","575","18","26","false","true","English","PSTROPHIES4YOU"
"https://static-cdn.jtvnw.net/jtv_user_pictures/f435f2a96642b82e-profile_image-150x150.jpeg?imenable=1&impolicy=user-profile-picture&imwidth=100","82885","OnlyPira","75","15","5","5","575","0","0","false","true","English","OnlyPira"
"https://static-cdn.jtvnw.net/jtv_user_pictures/6c7ee3a8-9df2-48fe-9440-91a89958f68d-profile_image-150x150.png?imenable=1&impolicy=user-profile-picture&imwidth=100","82886","godyFPS","285","570","2","0","575","1","1","false","false","English","godyFPS"
"https://static-cdn.jtvnw.net/jtv_user_pictures/varixx-profile_image-dee7ed874031bd42-150x150.png?imenable=1&impolicy=user-profile-picture&imwidth=100","82887","VariXx","1125","1335","5","0","575","-2","61","false","true","English","VariXx"
"https://static-cdn.jtvnw.net/jtv_user_pictures/34f989ce-6074-4ccd-aaf0-174a95b92a95-profile_image-150x150.png?imenable=1&impolicy=user-profile-picture&imwidth=100","82888","jawgemo","225","105","3","2","575","0","0","false","true","English","jawgemo"
"https://static-cdn.jtvnw.net/jtv_user_pictures/ee685a34-4897-4ec4-83a6-b60bcc1be53d-profile_image-150x150.png?imenable=1&impolicy=user-profile-picture&imwidth=100","82889","DonVentris","29235","3330","31","8","575","38","493","false","false","English","DonVentris"
"https://static-cdn.jtvnw.net/jtv_user_pictures/fb4e2b28802ea5c2-profile_image-150x150.jpeg?imenable=1&impolicy=user-profile-picture&imwidth=100","82890","CemTu","75735","14445","38","4","575","121","2114","false","true","Turkish","CemTu"
"https://static-cdn.jtvnw.net/jtv_user_pictures/4757e243-163e-4440-8a66-4a9974a2d69b-profile_image-150x150.png?imenable=1&impolicy=user-profile-picture&imwidth=100","82891","thrmals","2610","1860","6","1","575","15","14","false","false","English","thrmals"
"https://static-cdn.jtvnw.net/jtv_user_pictures/b230d737-e810-4aa4-aa77-021c55f5f5a4-profile_image-150x150.png?imenable=1&impolicy=user-profile-picture&imwidth=100","82892","Rhino_TV","60","15","4","4","575","0","0","false","false","English","Rhino_TV"
"https://static-cdn.jtvnw.net/jtv_user_pictures/ae36121ad09c5100-profile_image-150x150.jpeg?imenable=1&impolicy=user-profile-picture&imwidth=100","82893","stars_gamingg","570","855","4","0","575","1","9","false","true","English","stars_gamingg"
"https://static-cdn.jtvnw.net/jtv_user_pictures/67e4c3a3-39be-4622-8392-7f4020c57b5c-profile_image-150x150.png?imenable=1&impolicy=user-profile-picture&imwidth=100","82894","Symt11","10635","1935","17","5","575","44","334","false","true","Spanish","Symt11"
"https://static-cdn.jtvnw.net/jtv_user_pictures/845dfa5ad8fb74b8-profile_image-150x150.jpeg?imenable=1&impolicy=user-profile-picture&imwidth=100","82895","grizzlymm","3480","1035","14","2","575","6","118","false","false","Russian","grizzlymm"
"https://static-cdn.jtvnw.net/jtv_user_pictures/30e3ea7c-f5d9-41c2-be2d-0726fd7d4cd4-profile_image-150x150.png?imenable=1&impolicy=user-profile-picture&imwidth=100","82896","itssakah","240","105","11","2","575","5","15","false","false","English","itssakah"
"https://static-cdn.jtvnw.net/jtv_user_pictures/c61065e5-57db-43d8-8728-7efddfb4ef13-profile_image-150x150.jpeg?imenable=1&impolicy=user-profile-picture&imwidth=100","82897","Eruze","19215","5835","27","2","575","106","178","false","true","English","Eruze"
"https://static-cdn.jtvnw.net/jtv_user_pictures/ccd5d78d-c7d0-46d6-8cc0-afcb6dc4545b-profile_image-150x150.png?imenable=1&impolicy=user-profile-picture&imwidth=100","82898","Zoue_VR","1230","1065","3","0","575","2","30","false","true","English","Zoue_VR"
"https://static-cdn.jtvnw.net/jtv_user_pictures/b9619212-420e-4ff6-abc3-a3eb4c0eb1cf-profile_image-150x150.png?imenable=1&impolicy=user-profile-picture&imwidth=100","82899","ZhiroSei","15","15","1","1","575","0","0","false","true","French","ZhiroSei"
"https://static-cdn.jtvnw.net/jtv_user_pictures/bdd27215-7059-4f39-aa99-1dae2727ffeb-profile_image-150x150.png?imenable=1&impolicy=user-profile-picture&imwidth=100","82900","Mrsplashman99","8130","1095","28","7","575","42","15","false","false","English","Mrsplashman99"