"","","Channel","Watch time","Stream time","Peak viewers","Average viewers","Followers","Followers gained","Views gained","Partnered","Mature","Language",""
"https://static-cdn.jtvnw.net/jtv_user_pictures/slimanuz-profile_image-b5adca412123cb0a-150x150.jpeg?imenable=1&impolicy=user-profile-picture&imwidth=100","61601","SlimAnuz","180","45","4","4","953","-4","1","false","false","English","SlimAnuz"
"https://static-cdn.jtvnw.net/jtv_user_pictures/ee1792cd-f7e8-4494-9b05-8339d769f372-profile_image-150x150.png?imenable=1&impolicy=user-profile-picture&imwidth=100","61602","WildN00b","120","30","6","4","953","0","-2","false","false","English","WildN00b"
"https://static-cdn.jtvnw.net/jtv_user_pictures/627302da-d058-4de6-a051-a204b2c9bf47-profile_image-150x150.png?imenable=1&impolicy=user-profile-picture&imwidth=100","61603","kaweeface","7680","1050","41","6","953","30","135","false","true","English","kaweeface"
"https://static-cdn.jtvnw.net/jtv_user_pictures/c531d4f6-622d-492e-888d-c56aa153f9b7-profile_image-150x150.png?imenable=1&impolicy=user-profile-picture&imwidth=100","61604","Croul","8025","2745","10","2","953","-915","194","false","true","English","Croul"
"https://static-cdn.jtvnw.net/jtv_user_pictures/726d56b8-cde4-481d-a9d9-95460a2eafe5-profile_image-150x150.png?imenable=1&impolicy=user-profile-picture&imwidth=100","61605","Putenbrust93","420","240","3","1","952","1","2","false","true","German","Putenbrust93"
"https://static-cdn.jtvnw.net/jtv_user_pictures/c5749dd0-d8e6-43b8-ab3e-dd14c59a0160-profile_image-150x150.png?imenable=1&impolicy=user-profile-picture&imwidth=100","61606","420noscope3","23010","5970","161","3","952","123","361","false","false","Bulgarian","420noscope3"
"https://static-cdn.jtvnw.net/jtv_user_pictures/80f91a74-0966-4d5b-bc3b-653a6a957d78-profile_image-150x150.png?imenable=1&impolicy=user-profile-picture&imwidth=100","61607","FERABYTE","75","60","3","1","952","0","3","false","false","Russian","FERABYTE"
"https://static-cdn.jtvnw.net/jtv_user_pictures/23c13e7f-3c88-48be-a5ee-9835506bb7e2-profile_image-150x150.png?imenable=1&impolicy=user-profile-picture&imwidth=100","61608","Swissboi","4305","825","24","4","952","13","78","false","false","English","Swissboi"
"https://static-cdn.jtvnw.net/jtv_user_pictures/triforcequartet-profile_image-9d1d086c9b35584e-150x150.png?imenable=1&impolicy=user-profile-picture&imwidth=100","61609","TriforceQuartet","14745","600","55","24","952","86","183","false","false","English","TriforceQuartet"
"https://static-cdn.jtvnw.net/jtv_user_pictures/power_kris-profile_image-e672f860e8dc533d-150x150.png?imenable=1&impolicy=user-profile-picture&imwidth=100","61610","power_kris","128445","5790","753","21","952","476","4985","false","true","Russian","power_kris"
"https://static-cdn.jtvnw.net/jtv_user_pictures/9bf55909-969c-4cc7-a4cf-fa330c740d1b-profile_image-150x150.png?imenable=1&impolicy=user-profile-picture&imwidth=100","61611","Jay98p","0","420","0","0","952","0","0","false","false","English","Jay98p"
"https://static-cdn.jtvnw.net/jtv_user_pictures/e2278c98-0996-4d65-9184-60e37c0c04d5-profile_image-150x150.png?imenable=1&impolicy=user-profile-picture&imwidth=100","61612","No_Loyalty_28","0","15","0","0","952","0","0","false","true","English","No_Loyalty_28"
"https://static-cdn.jtvnw.net/jtv_user_pictures/b64ec403-de30-41f2-80db-3cc48a6c7457-profile_image-150x150.png?imenable=1&impolicy=user-profile-picture&imwidth=100","61613","PlasmuhSZN","60","75","2","0","952","2","0","false","false","English","PlasmuhSZN"
"https://static-cdn.jtvnw.net/jtv_user_pictures/powerx_7-profile_image-6f51c6c6e6b9b481-150x150.jpeg?imenable=1&impolicy=user-profile-picture&imwidth=100","61614","Powerx_7","23370","1590","51","14","952","292","1207","false","false","Arabic","Powerx_7"
"https://static-cdn.jtvnw.net/jtv_user_pictures/41a0de6f-7283-41cb-ba16-a4f2bf98146d-profile_image-150x150.png?imenable=1&impolicy=user-profile-picture&imwidth=100","61615","CZNeto","405","690","4","0","952","1","173","false","true","English","CZNeto"
"https://static-cdn.jtvnw.net/jtv_user_pictures/wavee-profile_image-9fde3e15b2edcae7-150x150.jpeg?imenable=1&impolicy=user-profile-picture&imwidth=100","61616","waveE","22785","3225","40","6","952","81","193","false","false","English","waveE"
"https://static-cdn.jtvnw.net/jtv_user_pictures/bacee03e-6d3a-4e60-9a86-1a1a42fe7663-profile_image-150x150.png?imenable=1&impolicy=user-profile-picture&imwidth=100","61617","MrRen123","2475","225","22","10","952","0","63","false","true","English","MrRen123"
"https://static-cdn.jtvnw.net/jtv_user_pictures/067bf036-abd6-4a11-889d-c176f54d4080-profile_image-150x150.png?imenable=1&impolicy=user-profile-picture&imwidth=100","61618","Testo_zockt","30","75","1","0","952","0","0","false","true","German","Testo_zockt"
"https://static-cdn.jtvnw.net/jtv_user_pictures/josh2play-profile_image-8777d2b6767afd34-150x150.jpeg?imenable=1&impolicy=user-profile-picture&imwidth=100","61619","Josh2Play","300","90","8","3","952","3","0","false","false","Spanish","Josh2Play"
"https://static-cdn.jtvnw.net/jtv_user_pictures/a24bf9e2-323a-42df-9048-2ee2c16d4169-profile_image-150x150.png?imenable=1&impolicy=user-profile-picture&imwidth=100","61620","DrakkonTV","85530","7770","43","10","952","81","277","false","true","English","DrakkonTV"
"https://static-cdn.jtvnw.net/jtv_user_pictures/b9ef9b01-e497-43bb-8198-7980d0307502-profile_image-150x150.png?imenable=1&impolicy=user-profile-picture&imwidth=100","61621","CursedATX","45","105","2","0","952","-1","0","false","true","English","CursedATX"
"https://static-cdn.jtvnw.net/jtv_user_pictures/20b18f15-0f68-45e5-b1b2-678218bbcfdb-profile_image-150x150.png?imenable=1&impolicy=user-profile-picture&imwidth=100","61622","PuflRL","29955","6735","15","4","952","48","309","false","false","English","PuflRL"
"https://static-cdn.jtvnw.net/jtv_user_pictures/8853d089-a8f8-4f54-a8e9-6e4b08a4496a-profile_image-150x150.png?imenable=1&impolicy=user-profile-picture&imwidth=100","61623","WingedZyre","150","90","2","1","952","0","5","false","false","English","WingedZyre"
"https://static-cdn.jtvnw.net/jtv_user_pictures/f616d59d-3e81-4260-80a5-3119eaaf275b-profile_image-150x150.png?imenable=1&impolicy=user-profile-picture&imwidth=100","61624","Reivaj_94","3360","1485","18","1","952","2","128","false","false","Spanish","Reivaj_94"
"https://static-cdn.jtvnw.net/jtv_user_pictures/fadakiller92-profile_image-69d9d9004415257a-150x150.jpeg?imenable=1&impolicy=user-profile-picture&imwidth=100","61625","FADAKILLER92","26370","8190","15","2","952","14","269","false","false","French","FADAKILLER92"
"https://static-cdn.jtvnw.net/jtv_user_pictures/chainsito11-profile_image-09bb3600ea70616e-150x150.jpeg?imenable=1&impolicy=user-profile-picture&imwidth=100","61626","ChainsIto11","41505","6015","21","6","952","26","367","false","false","English","ChainsIto11"
"https://static-cdn.jtvnw.net/jtv_user_pictures/tubafixe-profile_image-e6100be37ec8ab61-150x150.jpeg?imenable=1&impolicy=user-profile-picture&imwidth=100","61627","TubaFixe","54165","5610","37","9","952","92","163","false","true","Portuguese","TubaFixe"
"https://static-cdn.jtvnw.net/jtv_user_pictures/510c58cd-d9d9-4680-b897-7b64971f5474-profile_image-150x150.png?imenable=1&impolicy=user-profile-picture&imwidth=100","61628","Auddy07","2430","240","22","9","952","4","14","false","false","English","Auddy07"
"https://static-cdn.jtvnw.net/jtv_user_pictures/crapgonewrong-profile_image-af5b723bd79a5674-150x150.jpeg?imenable=1&impolicy=user-profile-picture&imwidth=100","61629","crapgonewrong","22890","1380","112","16","952","63","219","false","false","English","crapgonewrong"
"https://static-cdn.jtvnw.net/jtv_user_pictures/4be262f5-18c5-4fa1-804a-9a1726ba49e0-profile_image-150x150.png?imenable=1&impolicy=user-profile-picture&imwidth=100","61630","5kayaz","30","15","2","2","952","0","0","false","true","French","5kayaz"
"https://static-cdn.jtvnw.net/jtv_user_pictures/decrypter_tv-profile_image-5a1f8a92b32e2aca-150x150.jpeg?imenable=1&impolicy=user-profile-picture&imwidth=100","61631","DeCrYpTeR_TV","26940","2580","23","9","952","123","242","false","false","English","DeCrYpTeR_TV"
"https://static-cdn.jtvnw.net/jtv_user_pictures/jknoc661-profile_image-d4856f1c2889686a-150x150.jpeg?imenable=1&impolicy=user-profile-picture&imwidth=100","61632","jknoc661","270","375","3","0","952","2","1","false","true","English","jknoc661"
"https://static-cdn.jtvnw.net/jtv_user_pictures/6be7a770-a6fd-41a4-96ff-4be0b046cc72-profile_image-150x150.png?imenable=1&impolicy=user-profile-picture&imwidth=100","61633","Jezzy123","7005","3240","8","1","952","6","31","false","true","English","Jezzy123"
"https://static-cdn.jtvnw.net/jtv_user_pictures/f010166a-a56e-4025-9d50-e02115f0c3dd-profile_image-150x150.png?imenable=1&impolicy=user-profile-picture&imwidth=100","61634","Iskrena","3120","2445","6","1","952","8","68","false","true","English","Iskrena"
"https://static-cdn.jtvnw.net/jtv_user_pictures/sorryaboutyourcats-profile_image-0b660b5adc772c98-150x150.jpeg?imenable=1&impolicy=user-profile-picture&imwidth=100","61635","sorryaboutyourcats","165","120","5","1","952","0","7","false","true","English","sorryaboutyourcats"
"https://static-cdn.jtvnw.net/jtv_user_pictures/cabf5624b50a8b6a-profile_image-150x150.jpeg?imenable=1&impolicy=user-profile-picture&imwidth=100","61636","ltZ_Crunk","900","390","5","2","952","-2","5","false","false","English","ltZ_Crunk"
"https://static-cdn.jtvnw.net/jtv_user_pictures/niid_tv-profile_image-a4fb5a97f6db83bd-150x150.png?imenable=1&impolicy=user-profile-picture&imwidth=100","61637","NIID_Tv","45240","3675","68","11","952","199","1589","false","false","French","NIID_Tv"
"https://static-cdn.jtvnw.net/jtv_user_pictures/e52daa4e-14e0-4c33-87bb-4456507c1f9e-profile_image-150x150.png?imenable=1&impolicy=user-profile-picture&imwidth=100","61638","PatrickDappollonio","24810","1500","29","16","952","-100","80","false","false","English","PatrickDappollonio"
"https://static-cdn.jtvnw.net/user-default-pictures-uv/ce57700a-def9-11e9-842d-784f43822e80-profile_image-150x150.png?imenable=1&impolicy=user-profile-picture&imwidth=100","61639","Bandit1303","19575","5640","13","3","952","5","31","false","true","English","Bandit1303"
"https://static-cdn.jtvnw.net/jtv_user_pictures/42476bbb-246c-4842-9175-d2d09d5cc22d-profile_image-150x150.png?imenable=1&impolicy=user-profile-picture&imwidth=100","61640","DubShell","75420","11310","157","6","952","181","455","false","true","English","DubShell"
"https://static-cdn.jtvnw.net/jtv_user_pictures/djomlatv-profile_image-b743891d7fd7401d-150x150.jpeg?imenable=1&impolicy=user-profile-picture&imwidth=100","61641","DjomlaTV","85530","5490","61","15","952","98","1525","false","false","Other","DjomlaTV"
"https://static-cdn.jtvnw.net/jtv_user_pictures/8ddacec46201d63b-profile_image-150x150.jpeg?imenable=1&impolicy=user-profile-picture&imwidth=100","61642","JokerOfHellGer","14100","4620","53","2","952","-470","493","false","false","German","JokerOfHellGer"
"https://static-cdn.jtvnw.net/jtv_user_pictures/hunter19892-profile_image-1485ea05502c5537-150x150.jpeg?imenable=1&impolicy=user-profile-picture&imwidth=100","61643","Hunter19892","6495","5310","8","0","952","-7","142","false","true","German","Hunter19892"
"https://static-cdn.jtvnw.net/jtv_user_pictures/503524ab-cbb0-4915-a89e-e3261e2aa9c2-profile_image-150x150.png?imenable=1&impolicy=user-profile-picture&imwidth=100","61644","STILLAMPED","16995","3585","13","4","952","34","99","false","true","English","STILLAMPED"
"https://static-cdn.jtvnw.net/jtv_user_pictures/448aa642-d2ba-4138-b70d-126a2865173c-profile_image-150x150.png?imenable=1&impolicy=user-profile-picture&imwidth=100","61645","skuldd","66945","1635","151","40","952","166","1787","false","false","Portuguese","skuldd"
"https://static-cdn.jtvnw.net/jtv_user_pictures/floppy_flo-profile_image-c53840d41688bc54-150x150.png?imenable=1&impolicy=user-profile-picture&imwidth=100","61646","Floppy_Flo","51915","8460","18","5","952","65","190","false","true","German","Floppy_Flo"
"https://static-cdn.jtvnw.net/jtv_user_pictures/fbad2961-d8d9-44d8-a0eb-70c5fbf19b81-profile_image-150x150.png?imenable=1&impolicy=user-profile-picture&imwidth=100","61647","henkkaboosts","150","75","3","2","951","1","4","false","false","English","henkkaboosts"
"https://static-cdn.jtvnw.net/jtv_user_pictures/fd6e0345-001d-4758-86cd-72050d97b231-profile_image-150x150.png?imenable=1&impolicy=user-profile-picture&imwidth=100","61648","Slyzer","795","180","7","4","951","0","6","false","false","English","Slyzer"
"https://static-cdn.jtvnw.net/user-default-pictures-uv/13e5fa74-defa-11e9-809c-784f43822e80-profile_image-150x150.png?imenable=1&impolicy=user-profile-picture&imwidth=100","61649","Y2K2Y","1815","195","12","8","951","7","12","false","false","English","Y2K2Y"
"https://static-cdn.jtvnw.net/jtv_user_pictures/da28af30-2c42-45a7-8d5b-4adae89a37f4-profile_image-150x150.png?imenable=1&impolicy=user-profile-picture&imwidth=100","61650","CountryPreacherGaming","0","60","0","0","951","0","0","false","true","English","CountryPreacherGaming"
"https://static-cdn.jtvnw.net/jtv_user_pictures/razzyg1-profile_image-e18781a63651e062-150x150.jpeg?imenable=1&impolicy=user-profile-picture&imwidth=100","61651","RazzyG1","150","75","4","2","951","0","0","false","false","English","RazzyG1"
"https://static-cdn.jtvnw.net/jtv_user_pictures/005ca701-afc9-4d30-a472-f5ec022b2f83-profile_image-150x150.png?imenable=1&impolicy=user-profile-picture&imwidth=100","61652","RezSnipz","3015","900","9","3","951","37","9","false","false","English","RezSnipz"
"https://static-cdn.jtvnw.net/jtv_user_pictures/c3cbd2f8-64a9-4287-8d14-1e756ca792a1-profile_image-150x150.jpeg?imenable=1&impolicy=user-profile-picture&imwidth=100","61653","physicalskills","60","30","3","2","951","0","0","false","false","English","physicalskills"
"https://static-cdn.jtvnw.net/jtv_user_pictures/967c5fa4-d0a0-49e5-b563-adfb6bb96ced-profile_image-150x150.png?imenable=1&impolicy=user-profile-picture&imwidth=100","61654","GussGonzz","9090","2595","26","3","951","26","15","false","true","English","GussGonzz"
"https://static-cdn.jtvnw.net/jtv_user_pictures/2fb8181f-3586-4286-b253-073930db0db8-profile_image-150x150.jpg?imenable=1&impolicy=user-profile-picture&imwidth=100","61655","ipacasso","11205","4125","10","2","951","31","246","false","true","English","ipacasso"
"https://static-cdn.jtvnw.net/jtv_user_pictures/ef48d848-4fea-4a55-81d9-9c2429cd262e-profile_image-150x150.png?imenable=1&impolicy=user-profile-picture&imwidth=100","61656","콜드쉽 (coldsheeppiano)","6795","4305","7","1","951","26","322","false","false","English","콜드쉽 (coldsheeppiano)"
"https://static-cdn.jtvnw.net/jtv_user_pictures/5568641cdcec9371-profile_image-150x150.jpeg?imenable=1&impolicy=user-profile-picture&imwidth=100","61657","DerBlitzde","1830","165","15","11","951","14","52","false","true","German","DerBlitzde"
"https://static-cdn.jtvnw.net/jtv_user_pictures/wearethefootballmanagers-profile_image-d25e51b2102ea43f-150x150.png?imenable=1&impolicy=user-profile-picture&imwidth=100","61658","WeAreTheFootballManagers","78285","5490","28","13","951","25","1546","false","false","Greek","WeAreTheFootballManagers"
"https://static-cdn.jtvnw.net/jtv_user_pictures/hayden_csgo-profile_image-c5279150d50ec896-150x150.png?imenable=1&impolicy=user-profile-picture&imwidth=100","61659","HaydeN_CSGO","1185","255","13","4","951","15","46","false","false","English","HaydeN_CSGO"
"https://static-cdn.jtvnw.net/jtv_user_pictures/78dfbed0-6de4-442c-b042-11b8be19135d-profile_image-150x150.png?imenable=1&impolicy=user-profile-picture&imwidth=100","61660","GreenLink_1st","14745","3375","11","3","951","39","66","false","true","English","GreenLink_1st"
"https://static-cdn.jtvnw.net/jtv_user_pictures/hill86521-profile_image-52b3e0c3e902d03b-150x150.png?imenable=1&impolicy=user-profile-picture&imwidth=100","61661","六頁 (hill86521)","44580","5415","21","7","951","20","2836","false","false","Chinese","六頁 (hill86521)"
"https://static-cdn.jtvnw.net/jtv_user_pictures/6510a2da-2be8-4073-bf48-e6972d437f65-profile_image-150x150.png?imenable=1&impolicy=user-profile-picture&imwidth=100","61662","The_British_Gamer","10815","2145","137","4","951","28","30","false","false","English","The_British_Gamer"
"https://static-cdn.jtvnw.net/jtv_user_pictures/iamtweak-profile_image-c45a6c65413607bd-150x150.jpeg?imenable=1&impolicy=user-profile-picture&imwidth=100","61663","IamTweak","1305","990","7","0","951","-1","5","false","false","English","IamTweak"
"https://static-cdn.jtvnw.net/jtv_user_pictures/da4ce-profile_image-dac041fbac79e56b-150x150.png?imenable=1&impolicy=user-profile-picture&imwidth=100","61664","da4ce","1965","555","8","3","951","-10","22","false","false","Swedish","da4ce"
"https://static-cdn.jtvnw.net/jtv_user_pictures/3835ff4c385defd8-profile_image-150x150.png?imenable=1&impolicy=user-profile-picture&imwidth=100","61665","ERNST54","7920","570","28","13","951","8","82","false","false","Swedish","ERNST54"
"https://static-cdn.jtvnw.net/jtv_user_pictures/happybugking-profile_image-0169ffd55ae90e88-150x150.jpeg?imenable=1&impolicy=user-profile-picture&imwidth=100","61666","肚子脹脹超人 (happybugking)","30","60","1","0","951","0","7","false","true","Chinese","肚子脹脹超人 (happybugking)"
"https://static-cdn.jtvnw.net/jtv_user_pictures/8ecde913-df7d-49ec-9c3e-5583adbf8dad-profile_image-150x150.jpg?imenable=1&impolicy=user-profile-picture&imwidth=100","61667","Harrrp","240","75","8","3","951","0","0","false","false","English","Harrrp"
"https://static-cdn.jtvnw.net/jtv_user_pictures/rjbentertainment-profile_image-0bd39f82e62366d1-150x150.png?imenable=1&impolicy=user-profile-picture&imwidth=100","61668","RJBEntertainment","14760","4935","9","2","951","7","93","false","true","English","RJBEntertainment"
"https://static-cdn.jtvnw.net/jtv_user_pictures/55256708-9464-4bfd-9676-9f8c587a807a-profile_image-150x150.jpg?imenable=1&impolicy=user-profile-picture&imwidth=100","61669","Endzizi","405","165","5","2","951","1","1","true","false","Other","Endzizi"
"https://static-cdn.jtvnw.net/jtv_user_pictures/24a5fcafa892e022-profile_image-150x150.png?imenable=1&impolicy=user-profile-picture&imwidth=100","61670","h8fulgames","15345","3015","16","4","951","36","171","false","false","English","h8fulgames"
"https://static-cdn.jtvnw.net/jtv_user_pictures/bbd62928-4373-4d89-8cb8-302180af2417-profile_image-150x150.png?imenable=1&impolicy=user-profile-picture&imwidth=100","61671","trapalonitv","120","120","2","1","951","-11","6","false","false","German","trapalonitv"
"https://static-cdn.jtvnw.net/jtv_user_pictures/c25f2cab-27d5-4c3e-be09-a33c0129c9b2-profile_image-150x150.png?imenable=1&impolicy=user-profile-picture&imwidth=100","61672","LeggyLoL","705","90","11","7","951","0","7","false","false","English","LeggyLoL"
"https://static-cdn.jtvnw.net/jtv_user_pictures/ffa79df9-43b3-4126-93f2-2ca4f5b0f544-profile_image-150x150.png?imenable=1&impolicy=user-profile-picture&imwidth=100","61673","NebulaxTr","70335","10485","22","6","951","455","2953","false","false","Turkish","NebulaxTr"
"https://static-cdn.jtvnw.net/jtv_user_pictures/tehannihilaterer-profile_image-076050c4770921b7-150x150.png?imenable=1&impolicy=user-profile-picture&imwidth=100","61674","TehAnnihilaterer","116430","12390","46","8","951","95","2591","false","true","English","TehAnnihilaterer"
"https://static-cdn.jtvnw.net/user-default-pictures-uv/294c98b5-e34d-42cd-a8f0-140b72fba9b0-profile_image-150x150.png?imenable=1&impolicy=user-profile-picture&imwidth=100","61675","Fit4football","3000","2595","8","0","951","23","9","false","false","English","Fit4football"
"https://static-cdn.jtvnw.net/jtv_user_pictures/foogydoo-profile_image-1c0c277aa8ceb5ad-150x150.png?imenable=1&impolicy=user-profile-picture&imwidth=100","61676","Foogydoo","18465","2160","17","8","951","5","492","false","false","German","Foogydoo"
"https://static-cdn.jtvnw.net/jtv_user_pictures/b4ffbd7d-4e41-4902-bc8a-95c99b7667b2-profile_image-150x150.jpg?imenable=1&impolicy=user-profile-picture&imwidth=100","61677","Godsaken","51450","9810","13","4","951","31","232","false","false","Finnish","Godsaken"
"https://static-cdn.jtvnw.net/jtv_user_pictures/262a1b42-78a9-485b-be58-16359048367a-profile_image-150x150.png?imenable=1&impolicy=user-profile-picture&imwidth=100","61678","Silomare","27420","3495","24","7","951","33","678","false","false","German","Silomare"
"https://static-cdn.jtvnw.net/jtv_user_pictures/unscotlyscot-profile_image-5741836fd172dadf-150x150.jpeg?imenable=1&impolicy=user-profile-picture&imwidth=100","61679","UnScotlyScot","14610","1620","19","8","951","-4","142","false","true","English","UnScotlyScot"
"https://static-cdn.jtvnw.net/jtv_user_pictures/0eb815ae-0c75-40a3-9255-75aaa26d6bf9-profile_image-150x150.png?imenable=1&impolicy=user-profile-picture&imwidth=100","61680","coldsavagecolt","25215","5700","11","4","951","17","47","false","true","English","coldsavagecolt"
"https://static-cdn.jtvnw.net/jtv_user_pictures/389fc1c7-c962-4dea-b97c-3db74852fd29-profile_image-150x150.png?imenable=1&impolicy=user-profile-picture&imwidth=100","61681","Louisville_11_0","3090","405","20","7","951","17","21","false","false","English","Louisville_11_0"
"https://static-cdn.jtvnw.net/jtv_user_pictures/limit0ff-profile_image-d62751f9a0cd3466-150x150.jpeg?imenable=1&impolicy=user-profile-picture&imwidth=100","61682","limit0ff","2340","465","10","4","951","2","10","false","true","English","limit0ff"
"https://static-cdn.jtvnw.net/jtv_user_pictures/eaa92612-e9bd-4771-b633-bb53103de702-profile_image-150x150.png?imenable=1&impolicy=user-profile-picture&imwidth=100","61683","AstroNastyVP","66555","3255","175","19","951","124","414","false","true","English","AstroNastyVP"
"https://static-cdn.jtvnw.net/jtv_user_pictures/kirazitu-profile_image-bfc9dfd5c6a60f7f-150x150.jpeg?imenable=1&impolicy=user-profile-picture&imwidth=100","61684","kirazitu","13695","2970","21","4","951","19","596","false","false","Portuguese","kirazitu"
"https://static-cdn.jtvnw.net/jtv_user_pictures/44e0e2505cf3dcfa-profile_image-150x150.png?imenable=1&impolicy=user-profile-picture&imwidth=100","61685","EpicResetGaming","2220","1200","4","1","951","-1","29","false","true","English","EpicResetGaming"
"https://static-cdn.jtvnw.net/jtv_user_pictures/sebcpasbien64-profile_image-1bc66a8fb83c0eec-150x150.jpeg?imenable=1&impolicy=user-profile-picture&imwidth=100","61686","Sebcpasbien64","34620","4185","23","7","951","16","183","false","false","French","Sebcpasbien64"
"https://static-cdn.jtvnw.net/jtv_user_pictures/21a0277f-dcd4-4238-a1c7-ddf561c2e1a9-profile_image-150x150.png?imenable=1&impolicy=user-profile-picture&imwidth=100","61687","xKarma_94","60","105","1","0","950","1","0","false","false","German","xKarma_94"
"https://static-cdn.jtvnw.net/jtv_user_pictures/b4b5283c-8930-4511-8176-9c63ae248db3-profile_image-150x150.png?imenable=1&impolicy=user-profile-picture&imwidth=100","61688","Charlyroy","30","30","2","1","950","0","0","false","false","French","Charlyroy"
"https://static-cdn.jtvnw.net/jtv_user_pictures/loganrstuber-profile_image-4ab39c8a5b160c11-150x150.jpeg?imenable=1&impolicy=user-profile-picture&imwidth=100","61689","LoganRStuber","0","15","0","0","950","0","0","false","true","English","LoganRStuber"
"https://static-cdn.jtvnw.net/jtv_user_pictures/b011a17a-2c71-45ab-83e0-0fcfcdecbe4e-profile_image-150x150.png?imenable=1&impolicy=user-profile-picture&imwidth=100","61690","oveskas","1935","1140","8","1","950","35","25","false","false","Czech","oveskas"
"https://static-cdn.jtvnw.net/jtv_user_pictures/cerbereww-profile_image-b35b9aaf48726ad1-150x150.jpeg?imenable=1&impolicy=user-profile-picture&imwidth=100","61691","CerberewW","863700","5490","359","156","950","1375","8009","false","true","Russian","CerberewW"
"https://static-cdn.jtvnw.net/jtv_user_pictures/3f9073e1-6ae0-457a-a7c1-aa411661b4f6-profile_image-150x150.jpg?imenable=1&impolicy=user-profile-picture&imwidth=100","61692","김비수 (bisoo66)","12915","315","70","41","950","20","199","false","false","Korean","김비수 (bisoo66)"
"https://static-cdn.jtvnw.net/jtv_user_pictures/020591f5-93d4-448b-ac99-cde747de2bd9-profile_image-150x150.png?imenable=1&impolicy=user-profile-picture&imwidth=100","61693","Earthomon","45","165","1","0","950","0","1","false","false","English","Earthomon"
"https://static-cdn.jtvnw.net/jtv_user_pictures/f1433ccc-a81f-424c-8ecd-d0672336871c-profile_image-150x150.png?imenable=1&impolicy=user-profile-picture&imwidth=100","61694","AntKing","375","435","2","0","950","0","4","false","true","English","AntKing"
"https://static-cdn.jtvnw.net/jtv_user_pictures/tonkkis-profile_image-9a78a7302f96b344-150x150.jpeg?imenable=1&impolicy=user-profile-picture&imwidth=100","61695","tonkkis","60180","6225","89","9","950","84","645","false","true","English","tonkkis"
"https://static-cdn.jtvnw.net/jtv_user_pictures/408ce740-7bc3-48be-83be-540cb13af20e-profile_image-150x150.png?imenable=1&impolicy=user-profile-picture&imwidth=100","61696","Nynxii","1395","135","15","10","950","6","7","false","true","English","Nynxii"
"https://static-cdn.jtvnw.net/jtv_user_pictures/3531f0c7-5bc2-4bf7-8633-95aead352112-profile_image-150x150.png?imenable=1&impolicy=user-profile-picture&imwidth=100","61697","theanimalman","16905","3000","32","5","950","36","247","false","false","English","theanimalman"
"https://static-cdn.jtvnw.net/jtv_user_pictures/6c527caa-6de7-400e-a9f5-22e60e16ff9a-profile_image-150x150.jpeg?imenable=1&impolicy=user-profile-picture&imwidth=100","61698","Matrixxa11","4215","1080","14","3","950","87","135","false","false","Spanish","Matrixxa11"
"https://static-cdn.jtvnw.net/jtv_user_pictures/19ebeb8f-1b41-445f-ad6a-bea4aedfa2bb-profile_image-150x150.jpg?imenable=1&impolicy=user-profile-picture&imwidth=100","61699","baarry","3240","3870","3","0","950","-6","94","false","false","English","baarry"
"https://static-cdn.jtvnw.net/jtv_user_pictures/2e0a02a2-8858-407a-8560-a212a5899825-profile_image-150x150.jpg?imenable=1&impolicy=user-profile-picture&imwidth=100","61700","WatchScotch","51195","11640","51","3","950","94","688","false","true","English","WatchScotch"