"","","Channel","Watch time","Stream time","Peak viewers","Average viewers","Followers","Followers gained","Views gained","Partnered","Mature","Language",""
"https://static-cdn.jtvnw.net/jtv_user_pictures/86f025ad-21de-4ffb-932c-4c5ce8fbf280-profile_image-150x150.png?imenable=1&impolicy=user-profile-picture&imwidth=100","66101","just_4nna","0","45","0","0","845","0","0","false","false","German","just_4nna"
"https://static-cdn.jtvnw.net/jtv_user_pictures/ericgame99-profile_image-fc9c0aefe89ae813-150x150.jpeg?imenable=1&impolicy=user-profile-picture&imwidth=100","66102","幽幻 (ericgame99)","0","15","0","0","845","0","0","false","true","Chinese","幽幻 (ericgame99)"
"https://static-cdn.jtvnw.net/jtv_user_pictures/18224959-b68b-4fde-8634-313ee1e3ae5d-profile_image-150x150.png?imenable=1&impolicy=user-profile-picture&imwidth=100","66103","OliverTheProf","735","435","6","1","845","7","66","false","true","Hungarian","OliverTheProf"
"https://static-cdn.jtvnw.net/jtv_user_pictures/iiam_amaziin-profile_image-41622c12f9ad0f43-150x150.jpeg?imenable=1&impolicy=user-profile-picture&imwidth=100","66104","iiAM_AMAZiiN","32955","3465","77","9","845","394","81","false","true","English","iiAM_AMAZiiN"
"https://static-cdn.jtvnw.net/jtv_user_pictures/6c77b35e-f7dc-4b29-8d24-ffcec38726eb-profile_image-150x150.png?imenable=1&impolicy=user-profile-picture&imwidth=100","66105","NzerowiTHEBEST","60","30","2","2","845","0","-2","false","false","Turkish","NzerowiTHEBEST"
"https://static-cdn.jtvnw.net/jtv_user_pictures/80eb0502-60a8-4daa-a428-2ae6d616f48c-profile_image-150x150.png?imenable=1&impolicy=user-profile-picture&imwidth=100","66106","smilekyth","435","450","2","0","845","2","13","false","true","English","smilekyth"
"https://static-cdn.jtvnw.net/jtv_user_pictures/ilistonyt-profile_image-6e81c87149dbc241-150x150.png?imenable=1&impolicy=user-profile-picture&imwidth=100","66107","ilistonyt","30","30","1","1","845","0","0","false","false","English","ilistonyt"
"https://static-cdn.jtvnw.net/ttv-boxart/404_boxart.png?imenable=1&impolicy=user-profile-picture&imwidth=100","66108","PolarIceFilms","10425","1545","15","6","845","79","260","false","false","English","PolarIceFilms"
"https://static-cdn.jtvnw.net/jtv_user_pictures/62b93cb3-08f8-4f4c-b07c-c3052e482307-profile_image-150x150.jpg?imenable=1&impolicy=user-profile-picture&imwidth=100","66109","Znossy","15","15","1","1","845","0","0","false","false","English","Znossy"
"https://static-cdn.jtvnw.net/jtv_user_pictures/fb0c4522-1b9e-42d4-91d3-e51b54cdcb35-profile_image-150x150.png?imenable=1&impolicy=user-profile-picture&imwidth=100","66110","Wantyyyy","210","45","8","4","845","0","0","false","false","Czech","Wantyyyy"
"https://static-cdn.jtvnw.net/jtv_user_pictures/5e5022be-ffdd-4c1d-91fc-5069cb76ce50-profile_image-150x150.png?imenable=1&impolicy=user-profile-picture&imwidth=100","66111","OCB_Tygaz","19185","1170","196","15","845","184","239","false","false","English","OCB_Tygaz"
"https://static-cdn.jtvnw.net/jtv_user_pictures/c96d02c6-8fd5-4e44-9115-57611740b8fa-profile_image-150x150.png?imenable=1&impolicy=user-profile-picture&imwidth=100","66112","djokerlive","60","2415","1","0","845","1","175","false","false","Russian","djokerlive"
"https://static-cdn.jtvnw.net/jtv_user_pictures/7ecb4b57-2a1c-468d-8718-7c2b891b823d-profile_image-150x150.jpg?imenable=1&impolicy=user-profile-picture&imwidth=100","66113","ProxLines","840","465","6","1","845","11","171","false","false","German","ProxLines"
"https://static-cdn.jtvnw.net/jtv_user_pictures/bebeka1st-profile_image-cc9a80c10397e977-150x150.jpeg?imenable=1&impolicy=user-profile-picture&imwidth=100","66114","bebeka1st","4725","675","27","6","845","2","477","false","false","Russian","bebeka1st"
"https://static-cdn.jtvnw.net/jtv_user_pictures/0788e6f6-25e6-48c5-9b67-23544b841280-profile_image-150x150.png?imenable=1&impolicy=user-profile-picture&imwidth=100","66115","TheKamZoneShow2012","345","360","12","0","845","4","8","false","true","English","TheKamZoneShow2012"
"https://static-cdn.jtvnw.net/jtv_user_pictures/jcarrnah-profile_image-a59a737178392e88-150x150.jpeg?imenable=1&impolicy=user-profile-picture&imwidth=100","66116","jcarrnah","14535","1305","24","10","845","1","209","false","true","English","jcarrnah"
"https://static-cdn.jtvnw.net/jtv_user_pictures/5c88a301-58f2-404d-9546-4b6da088a054-profile_image-150x150.png?imenable=1&impolicy=user-profile-picture&imwidth=100","66117","iAyeCaptainKai","480","315","4","1","845","-1","2","false","true","English","iAyeCaptainKai"
"https://static-cdn.jtvnw.net/jtv_user_pictures/320e240b-29f7-442f-bf63-51729b153e21-profile_image-150x150.png?imenable=1&impolicy=user-profile-picture&imwidth=100","66118","ShenRioKuma","1770","1005","5","1","845","3","2","false","true","English","ShenRioKuma"
"https://static-cdn.jtvnw.net/jtv_user_pictures/storgie-profile_image-3dca4d6b7a9a260b-150x150.png?imenable=1&impolicy=user-profile-picture&imwidth=100","66119","Storgie","1545","135","15","11","845","4","5","false","true","English","Storgie"
"https://static-cdn.jtvnw.net/jtv_user_pictures/ec229284-efeb-4958-bd9c-c6c6e98ab856-profile_image-150x150.png?imenable=1&impolicy=user-profile-picture&imwidth=100","66120","DLC_Scout","12450","1965","111","6","845","-132","296","false","true","English","DLC_Scout"
"https://static-cdn.jtvnw.net/jtv_user_pictures/875e5943-aa4b-4bf9-8e03-20d56e8559bc-profile_image-150x150.png?imenable=1&impolicy=user-profile-picture&imwidth=100","66121","carinaaar","960","360","7","2","845","12","106","false","true","English","carinaaar"
"https://static-cdn.jtvnw.net/jtv_user_pictures/kestrele-profile_image-0cd9a0a037185b9d-150x150.png?imenable=1&impolicy=user-profile-picture&imwidth=100","66122","kestrele","945","105","12","9","845","1","0","false","false","English","kestrele"
"https://static-cdn.jtvnw.net/jtv_user_pictures/codykillyou-profile_image-70394d86243e3222-150x150.jpeg?imenable=1&impolicy=user-profile-picture&imwidth=100","66123","CodyKillYou","26595","2715","24","9","845","-117","114","false","true","English","CodyKillYou"
"https://static-cdn.jtvnw.net/jtv_user_pictures/fridge_sa-profile_image-1e13f2707b1d0ced-150x150.jpeg?imenable=1&impolicy=user-profile-picture&imwidth=100","66124","Fridge_SA","17520","2865","20","5","845","-2","143","false","false","English","Fridge_SA"
"https://static-cdn.jtvnw.net/jtv_user_pictures/lugiigod-profile_image-ed338f3637c73471-150x150.jpeg?imenable=1&impolicy=user-profile-picture&imwidth=100","66125","lugiigod","7140","1155","14","5","845","-2","7","false","false","English","lugiigod"
"https://static-cdn.jtvnw.net/jtv_user_pictures/10e6f380-fe65-42dd-a5ba-1c181423220d-profile_image-150x150.png?imenable=1&impolicy=user-profile-picture&imwidth=100","66126","Dassnutt","22155","4125","20","4","845","48","80","false","true","English","Dassnutt"
"https://static-cdn.jtvnw.net/jtv_user_pictures/darkestgod-profile_image-6277f928c7881a2b-150x150.jpeg?imenable=1&impolicy=user-profile-picture&imwidth=100","66127","DarkestGod","1140","1305","4","0","845","4","15","false","false","English","DarkestGod"
"https://static-cdn.jtvnw.net/jtv_user_pictures/d666b484af89031c-profile_image-150x150.jpeg?imenable=1&impolicy=user-profile-picture&imwidth=100","66128","ZeroFearTV","1275","945","3","1","845","-11","1","false","true","English","ZeroFearTV"
"https://static-cdn.jtvnw.net/jtv_user_pictures/01d4c3a2fb198325-profile_image-150x150.jpeg?imenable=1&impolicy=user-profile-picture&imwidth=100","66129","ghl_ta11er","82890","7260","50","10","845","14","1644","false","false","Russian","ghl_ta11er"
"https://static-cdn.jtvnw.net/jtv_user_pictures/defendthearch-profile_image-53467163621dca60-150x150.jpeg?imenable=1&impolicy=user-profile-picture&imwidth=100","66130","Defendthearch","15345","4500","23","2","845","45","144","false","true","English","Defendthearch"
"https://static-cdn.jtvnw.net/jtv_user_pictures/dd6185a54ad571fb-profile_image-150x150.png?imenable=1&impolicy=user-profile-picture&imwidth=100","66131","LitlClutch","345","900","3","0","845","0","3","false","false","English","LitlClutch"
"https://static-cdn.jtvnw.net/jtv_user_pictures/c74b2e4a-9a5a-4d93-90c4-2e4beff27971-profile_image-150x150.jpeg?imenable=1&impolicy=user-profile-picture&imwidth=100","66132","Jeef_Gaming","6630","1230","14","4","845","21","57","false","false","English","Jeef_Gaming"
"https://static-cdn.jtvnw.net/jtv_user_pictures/blizzone_sc2-profile_image-b17cd1afc8cd2d12-150x150.png?imenable=1&impolicy=user-profile-picture&imwidth=100","66133","Blizzone_SC2","195975","1200","892","162","845","330","19548","false","false","Polish","Blizzone_SC2"
"https://static-cdn.jtvnw.net/jtv_user_pictures/383690ef-f9c0-4b40-be20-531c8bd6c544-profile_image-150x150.png?imenable=1&impolicy=user-profile-picture&imwidth=100","66134","Afterburn1000","480","330","3","1","845","-1","4","false","true","English","Afterburn1000"
"https://static-cdn.jtvnw.net/jtv_user_pictures/d53f48a43474ea16-profile_image-150x150.jpeg?imenable=1&impolicy=user-profile-picture&imwidth=100","66135","guardian_606","765","510","5","1","844","5","41","false","true","English","guardian_606"
"https://static-cdn.jtvnw.net/jtv_user_pictures/archmage91-profile_image-f90442ac62470cf4-150x150.jpeg?imenable=1&impolicy=user-profile-picture&imwidth=100","66136","Archmage91","130500","4935","116","26","844","377","2071","false","false","Russian","Archmage91"
"https://static-cdn.jtvnw.net/jtv_user_pictures/c6c76c45-fd4a-4905-ae7a-d4aaca292655-profile_image-150x150.jpg?imenable=1&impolicy=user-profile-picture&imwidth=100","66137","speezzoo","9135","960","36","9","844","167","154","false","false","Czech","speezzoo"
"https://static-cdn.jtvnw.net/jtv_user_pictures/fc787ac2-9a59-4bb9-a874-8f188f149b24-profile_image-150x150.png?imenable=1&impolicy=user-profile-picture&imwidth=100","66138","massacreVII","0","15","0","0","844","0","0","false","false","Russian","massacreVII"
"https://static-cdn.jtvnw.net/jtv_user_pictures/leinax-profile_image-8f1d1f5b1de7de28-150x150.png?imenable=1&impolicy=user-profile-picture&imwidth=100","66139","Leinax","15675","8025","17","1","844","107","551","false","true","English","Leinax"
"https://static-cdn.jtvnw.net/jtv_user_pictures/861dde1b-321d-4d62-aa30-7bea6a161d56-profile_image-150x150.png?imenable=1&impolicy=user-profile-picture&imwidth=100","66140","whiteycsx","30","15","2","2","844","0","0","false","false","English","whiteycsx"
"https://static-cdn.jtvnw.net/jtv_user_pictures/edubat-profile_image-ce656f3b68894f8a-150x150.png?imenable=1&impolicy=user-profile-picture&imwidth=100","66141","EduBat","16260","1995","21","7","844","65","317","false","false","Spanish","EduBat"
"https://static-cdn.jtvnw.net/jtv_user_pictures/1fff4c8f-7a3d-4efc-9d75-8c90c820a867-profile_image-150x150.png?imenable=1&impolicy=user-profile-picture&imwidth=100","66142","Darkw0nD","7755","1440","13","5","844","21","248","false","false","Russian","Darkw0nD"
"https://static-cdn.jtvnw.net/jtv_user_pictures/heidrage-profile_image-fe1388f903596126-150x150.jpeg?imenable=1&impolicy=user-profile-picture&imwidth=100","66143","Heidrage","780","75","14","10","844","1","0","false","true","English","Heidrage"
"https://static-cdn.jtvnw.net/jtv_user_pictures/d2eeb197-534d-422a-9bb1-faccc166966a-profile_image-150x150.jpeg?imenable=1&impolicy=user-profile-picture&imwidth=100","66144","3DBoomer","120","120","1","1","844","0","0","false","false","English","3DBoomer"
"https://static-cdn.jtvnw.net/jtv_user_pictures/9c180c2b-0c7f-4a04-a014-fe8d84ce5916-profile_image-150x150.png?imenable=1&impolicy=user-profile-picture&imwidth=100","66145","i_pele10","3240","690","12","4","844","19","101","false","false","Russian","i_pele10"
"https://static-cdn.jtvnw.net/jtv_user_pictures/12b0b2d9-6833-41c6-b3c9-4432d4340984-profile_image-150x150.png?imenable=1&impolicy=user-profile-picture&imwidth=100","66146","Rosty41_","12390","2805","32","3","844","173","143","false","false","French","Rosty41_"
"https://static-cdn.jtvnw.net/jtv_user_pictures/f14c819b-0708-4f1a-b4ae-1fd46fee457d-profile_image-150x150.png?imenable=1&impolicy=user-profile-picture&imwidth=100","66147","Saikonify","3240","2460","5","1","844","4","35","false","true","German","Saikonify"
"https://static-cdn.jtvnw.net/jtv_user_pictures/zerango-profile_image-c6442163ac8679e0-150x150.jpeg?imenable=1&impolicy=user-profile-picture&imwidth=100","66148","Zerango","3975","2685","5","1","844","9","22","false","true","English","Zerango"
"https://static-cdn.jtvnw.net/jtv_user_pictures/5eeefd75-fb1d-4d14-9ae0-7d3d840ebb4e-profile_image-150x150.png?imenable=1&impolicy=user-profile-picture&imwidth=100","66149","Flauschi221","0","15","0","0","844","0","0","false","true","German","Flauschi221"
"https://static-cdn.jtvnw.net/jtv_user_pictures/2df14d3f-2b20-45e5-a095-9aa80ee87f58-profile_image-150x150.png?imenable=1&impolicy=user-profile-picture&imwidth=100","66150","Luvyana","4350","180","56","23","844","68","325","false","false","Turkish","Luvyana"
"https://static-cdn.jtvnw.net/jtv_user_pictures/bloobbisen-profile_image-61242ff599d2f7f8-150x150.jpeg?imenable=1&impolicy=user-profile-picture&imwidth=100","66151","Bloobbisen","4830","825","85","5","844","15","38","false","false","Swedish","Bloobbisen"
"https://static-cdn.jtvnw.net/jtv_user_pictures/09b98c67-0cba-4b5e-976f-b68842366fb6-profile_image-150x150.png?imenable=1&impolicy=user-profile-picture&imwidth=100","66152","chlorineow_","30","30","2","1","844","0","0","false","true","English","chlorineow_"
"https://static-cdn.jtvnw.net/jtv_user_pictures/kio13wot-profile_image-def2c6377dea029f-150x150.jpeg?imenable=1&impolicy=user-profile-picture&imwidth=100","66153","KiO13wot","6285","4380","9","0","844","11","346","false","false","Russian","KiO13wot"
"https://static-cdn.jtvnw.net/jtv_user_pictures/noviygod-profile_image-cb87e8f395b50a8b-150x150.png?imenable=1&impolicy=user-profile-picture&imwidth=100","66154","NoviyGod","68490","3615","201","18","844","52","914","false","true","English","NoviyGod"
"https://static-cdn.jtvnw.net/jtv_user_pictures/b902ea3a-aa7d-461e-a6f7-0ddfb9e16346-profile_image-150x150.png?imenable=1&impolicy=user-profile-picture&imwidth=100","66155","CapnGoof","22620","3915","24","5","844","40","49","false","false","English","CapnGoof"
"https://static-cdn.jtvnw.net/jtv_user_pictures/2c1d3c51-43de-4a62-b114-88c868fee16f-profile_image-150x150.png?imenable=1&impolicy=user-profile-picture&imwidth=100","66156","TrinaPlays","3525","240","40","14","844","6","8","false","true","English","TrinaPlays"
"https://static-cdn.jtvnw.net/jtv_user_pictures/64b37f14-3a6b-4612-b40d-06bc94d3f71f-profile_image-150x150.png?imenable=1&impolicy=user-profile-picture&imwidth=100","66157","Bambishy","4965","540","25","9","844","22","371","false","false","Russian","Bambishy"
"https://static-cdn.jtvnw.net/jtv_user_pictures/3ce1d56f-d616-4548-8d3d-b8d0e33341d2-profile_image-150x150.png?imenable=1&impolicy=user-profile-picture&imwidth=100","66158","TashaMacx","5640","2220","10","2","844","34","40","false","true","English","TashaMacx"
"https://static-cdn.jtvnw.net/jtv_user_pictures/1276f275-b538-4d8f-91fe-d2a481e55b25-profile_image-150x150.png?imenable=1&impolicy=user-profile-picture&imwidth=100","66159","GamersOnARant","5130","1680","9","2","844","4","17","false","true","English","GamersOnARant"
"https://static-cdn.jtvnw.net/jtv_user_pictures/1de5ea5c43f5d298-profile_image-150x150.png?imenable=1&impolicy=user-profile-picture&imwidth=100","66160","trap0xf","3360","360","19","8","844","10","32","false","true","English","trap0xf"
"https://static-cdn.jtvnw.net/jtv_user_pictures/kid2ean-profile_image-162c6cbbc59807ef-150x150.jpeg?imenable=1&impolicy=user-profile-picture&imwidth=100","66161","Kid2ean","3045","2160","9","1","844","12","26","false","true","English","Kid2ean"
"https://static-cdn.jtvnw.net/jtv_user_pictures/kelamtvg-profile_image-e70a0354a23d02c8-150x150.png?imenable=1&impolicy=user-profile-picture&imwidth=100","66162","KelamTVG","285","90","8","2","844","2","8","false","true","English","KelamTVG"
"https://static-cdn.jtvnw.net/jtv_user_pictures/abae6819-08a2-4dae-a1ac-ca7697b671dc-profile_image-150x150.png?imenable=1&impolicy=user-profile-picture&imwidth=100","66163","TA418","3045","2145","7","0","844","5","46","false","true","English","TA418"
"https://static-cdn.jtvnw.net/jtv_user_pictures/heero_fred-profile_image-5148f630e36046f9-150x150.png?imenable=1&impolicy=user-profile-picture&imwidth=100","66164","Heero_fred","165","60","4","2","844","0","0","false","false","English","Heero_fred"
"https://static-cdn.jtvnw.net/jtv_user_pictures/7c5640cb-29bf-49a9-af77-6b47ca607730-profile_image-150x150.png?imenable=1&impolicy=user-profile-picture&imwidth=100","66165","Ct2020","150","210","2","0","844","0","2","false","true","English","Ct2020"
"https://static-cdn.jtvnw.net/jtv_user_pictures/sazzlles-profile_image-b76d942761c0dea9-150x150.png?imenable=1&impolicy=user-profile-picture&imwidth=100","66166","Sazzlles","11880","1575","24","7","844","32","77","false","true","English","Sazzlles"
"https://static-cdn.jtvnw.net/jtv_user_pictures/38a0dfba-2e1d-466f-a811-eeaef67069bd-profile_image-150x150.png?imenable=1&impolicy=user-profile-picture&imwidth=100","66167","QuepsieTV","690","210","5","3","844","3","12","false","true","Danish","QuepsieTV"
"https://static-cdn.jtvnw.net/jtv_user_pictures/65fb988b-e061-4940-bf2f-1f71613e246a-profile_image-150x150.png?imenable=1&impolicy=user-profile-picture&imwidth=100","66168","2dsparrow","4035","1830","9","1","844","9","32","false","false","English","2dsparrow"
"https://static-cdn.jtvnw.net/jtv_user_pictures/b47f5908-13e4-4bc2-83b4-f835ecdb15eb-profile_image-150x150.png?imenable=1&impolicy=user-profile-picture&imwidth=100","66169","Lee1302","4425","690","13","5","844","-1","15","false","false","English","Lee1302"
"https://static-cdn.jtvnw.net/jtv_user_pictures/d20b68a8-61b1-4f31-be2c-35c73203fc2f-profile_image-150x150.png?imenable=1&impolicy=user-profile-picture&imwidth=100","66170","MuertaSenpai","16545","1755","17","9","844","92","194","false","false","English","MuertaSenpai"
"https://static-cdn.jtvnw.net/jtv_user_pictures/thelootcave-profile_image-757933f9f04b4cff-150x150.png?imenable=1&impolicy=user-profile-picture&imwidth=100","66171","TheLootCave","1515","375","7","3","844","15","22","false","true","English","TheLootCave"
"https://static-cdn.jtvnw.net/jtv_user_pictures/ae887f56-6b08-43d1-9b14-33960848cc39-profile_image-150x150.png?imenable=1&impolicy=user-profile-picture&imwidth=100","66172","Killionaireee","11325","1875","22","5","844","45","116","false","true","English","Killionaireee"
"https://static-cdn.jtvnw.net/jtv_user_pictures/babb0e69-1f2b-4d56-b42b-cbe72918110f-profile_image-150x150.jpeg?imenable=1&impolicy=user-profile-picture&imwidth=100","66173","barzell","30","30","2","1","844","0","0","false","false","English","barzell"
"https://static-cdn.jtvnw.net/jtv_user_pictures/rainbowslayerr-profile_image-9c1ab092485757bf-150x150.jpeg?imenable=1&impolicy=user-profile-picture&imwidth=100","66174","rainbowslayerr","113460","3090","320","36","844","27","318","false","false","Swedish","rainbowslayerr"
"https://static-cdn.jtvnw.net/jtv_user_pictures/227b55f5dcface3e-profile_image-150x150.jpeg?imenable=1&impolicy=user-profile-picture&imwidth=100","66175","Deep_Frozen","20640","3945","14","4","844","25","98","false","true","English","Deep_Frozen"
"https://static-cdn.jtvnw.net/jtv_user_pictures/rororoader-profile_image-5e60a079928092be-150x150.png?imenable=1&impolicy=user-profile-picture&imwidth=100","66176","RoroRoader","4950","735","11","6","844","-5","95","false","false","English","RoroRoader"
"https://static-cdn.jtvnw.net/jtv_user_pictures/6d49c6f8-2f92-4325-9b18-fb5893633603-profile_image-150x150.png?imenable=1&impolicy=user-profile-picture&imwidth=100","66177","thefinalbelmont","31395","10335","31","2","844","13","202","false","true","English","thefinalbelmont"
"https://static-cdn.jtvnw.net/jtv_user_pictures/kappakobe-profile_image-a84d7fd0df1db90c-150x150.png?imenable=1&impolicy=user-profile-picture&imwidth=100","66178","KappaKobe","7830","3375","12","1","844","18","34","false","true","English","KappaKobe"
"https://static-cdn.jtvnw.net/jtv_user_pictures/418a89d5-64cb-4df1-9197-bdd8cf7de3d0-profile_image-150x150.png?imenable=1&impolicy=user-profile-picture&imwidth=100","66179","8BitKefka","31530","4335","83","6","844","6","79","false","false","English","8BitKefka"
"https://static-cdn.jtvnw.net/jtv_user_pictures/3844aa54-85ce-454f-b9fb-9bf53115472e-profile_image-150x150.png?imenable=1&impolicy=user-profile-picture&imwidth=100","66180","Desterkain","13605","9870","7","0","844","23","90","false","true","English","Desterkain"
"https://static-cdn.jtvnw.net/jtv_user_pictures/e412a982-f256-475e-b6fc-574ce502b358-profile_image-150x150.png?imenable=1&impolicy=user-profile-picture&imwidth=100","66181","XRx_CyReX","71115","8160","26","8","844","92","1459","false","true","German","XRx_CyReX"
"https://static-cdn.jtvnw.net/jtv_user_pictures/atosy-profile_image-15370ca5823c9bf7-150x150.jpeg?imenable=1&impolicy=user-profile-picture&imwidth=100","66182","atosy","7740","270","56","28","844","18","81","false","false","Hungarian","atosy"
"https://static-cdn.jtvnw.net/jtv_user_pictures/e71e2d83-2cc7-471c-852c-8515075623a4-profile_image-150x150.png?imenable=1&impolicy=user-profile-picture&imwidth=100","66183","allytheripper","4230","1215","9","3","844","88","86","false","false","English","allytheripper"
"https://static-cdn.jtvnw.net/jtv_user_pictures/912dc7ac-98f4-4922-9b98-68241191e824-profile_image-150x150.png?imenable=1&impolicy=user-profile-picture&imwidth=100","66184","BLOODSIRE","810","1230","5","0","844","9","2","false","true","English","BLOODSIRE"
"https://static-cdn.jtvnw.net/jtv_user_pictures/645c104d-def5-46b8-8b19-9903dd0aab70-profile_image-150x150.png?imenable=1&impolicy=user-profile-picture&imwidth=100","66185","Angelbl00d","6360","3150","8","1","844","7","28","false","true","Norwegian","Angelbl00d"
"https://static-cdn.jtvnw.net/jtv_user_pictures/9777f0ee-8388-4dc4-9064-52bae2512ed8-profile_image-150x150.png?imenable=1&impolicy=user-profile-picture&imwidth=100","66186","Garrett_CSG","0","210","1","0","844","0","0","false","false","English","Garrett_CSG"
"https://static-cdn.jtvnw.net/jtv_user_pictures/8387da28-8ab8-4b38-8889-5801924cb1aa-profile_image-150x150.png?imenable=1&impolicy=user-profile-picture&imwidth=100","66187","BeefyKeef","0","15","0","0","843","0","0","false","true","English","BeefyKeef"
"https://static-cdn.jtvnw.net/jtv_user_pictures/bed80664-ad0b-42d0-829e-9bf2b36c2051-profile_image-150x150.png?imenable=1&impolicy=user-profile-picture&imwidth=100","66188","FrostMarin","75","75","2","0","843","0","19","false","false","Turkish","FrostMarin"
"https://static-cdn.jtvnw.net/jtv_user_pictures/2764e4d0-d73d-4e90-ab87-5a72ebc34740-profile_image-150x150.png?imenable=1&impolicy=user-profile-picture&imwidth=100","66189","brokenxdreamer","330","225","3","1","843","0","1","false","true","English","brokenxdreamer"
"https://static-cdn.jtvnw.net/jtv_user_pictures/7bf11cc14ebcc3a8-profile_image-150x150.png?imenable=1&impolicy=user-profile-picture&imwidth=100","66190","BardicNA","8535","10785","9","0","843","46","283","false","true","English","BardicNA"
"https://static-cdn.jtvnw.net/jtv_user_pictures/1d3ec670-00cc-4138-a60a-4a8011b9e493-profile_image-150x150.jpg?imenable=1&impolicy=user-profile-picture&imwidth=100","66191","Carmina","8430","2160","14","3","843","37","61","false","false","English","Carmina"
"https://static-cdn.jtvnw.net/jtv_user_pictures/biged1948-profile_image-c1414f0dc375a710-150x150.jpeg?imenable=1&impolicy=user-profile-picture&imwidth=100","66192","BigEd1948","12000","3510","10","2","843","17","37","false","true","English","BigEd1948"
"https://static-cdn.jtvnw.net/jtv_user_pictures/7c8dc48b-524f-44de-8c48-8df0d809a5ff-profile_image-150x150.png?imenable=1&impolicy=user-profile-picture&imwidth=100","66193","krypt0_r6","30","60","1","0","843","3","2","false","true","German","krypt0_r6"
"https://static-cdn.jtvnw.net/jtv_user_pictures/c8a71550bbfbb1c8-profile_image-150x150.png?imenable=1&impolicy=user-profile-picture&imwidth=100","66194","WickedJecht","465","150","5","2","843","3","6","false","false","English","WickedJecht"
"https://static-cdn.jtvnw.net/jtv_user_pictures/azirriowlbird-profile_image-9ed30be9c408c2d1-150x150.png?imenable=1&impolicy=user-profile-picture&imwidth=100","66195","AzirriOwlBird","91920","6570","510","13","843","422","1132","false","true","English","AzirriOwlBird"
"https://static-cdn.jtvnw.net/jtv_user_pictures/afda12d5-5ca2-4dd9-a96a-ee5695c96f2e-profile_image-150x150.jpg?imenable=1&impolicy=user-profile-picture&imwidth=100","66196","啾咪雲 (jumiyun)","105","60","4","1","843","0","19","false","false","Chinese","啾咪雲 (jumiyun)"
"https://static-cdn.jtvnw.net/jtv_user_pictures/marix__haez-profile_image-a3bd272d8b23b519-150x150.png?imenable=1&impolicy=user-profile-picture&imwidth=100","66197","marix__haez","480","105","8","4","843","0","0","false","true","English","marix__haez"
"https://static-cdn.jtvnw.net/jtv_user_pictures/1e8c65d8-c81e-4a0c-9601-ba23da2f7b6e-profile_image-150x150.png?imenable=1&impolicy=user-profile-picture&imwidth=100","66198","Tpukca","0","15","0","0","843","0","0","false","true","Russian","Tpukca"
"https://static-cdn.jtvnw.net/jtv_user_pictures/d3e2064bfe7ad038-profile_image-150x150.png?imenable=1&impolicy=user-profile-picture&imwidth=100","66199","Baalpharas","30","30","2","1","843","0","0","false","true","German","Baalpharas"
"https://static-cdn.jtvnw.net/jtv_user_pictures/tazzylive-profile_image-d7c2be551119b091-150x150.png?imenable=1&impolicy=user-profile-picture&imwidth=100","66200","tazzylive","105","105","2","0","843","3","5","false","false","German","tazzylive"