"","","Channel","Watch time","Stream time","Peak viewers","Average viewers","Followers","Followers gained","Views gained","Partnered","Mature","Language",""
"https://static-cdn.jtvnw.net/jtv_user_pictures/75a168d1-bca0-474f-a820-ac08a495f1a5-profile_image-150x150.png?imenable=1&impolicy=user-profile-picture&imwidth=100","58401","Djackzz","15","15","1","1","1036","0","0","false","true","English","Djackzz"
"https://static-cdn.jtvnw.net/jtv_user_pictures/3b1e781c-0822-4c7b-b823-e82a3f231db4-profile_image-150x150.png?imenable=1&impolicy=user-profile-picture&imwidth=100","58402","DataRich","45","30","2","1","1036","0","0","false","true","English","DataRich"
"https://static-cdn.jtvnw.net/jtv_user_pictures/whity1687-profile_image-68109a52f05c1655-150x150.jpeg?imenable=1&impolicy=user-profile-picture&imwidth=100","58403","Whity1687","4755","4785","4","0","1036","5","10","false","false","English","Whity1687"
"https://static-cdn.jtvnw.net/jtv_user_pictures/4b25cf96-c3e5-4423-9b82-f23823237528-profile_image-150x150.png?imenable=1&impolicy=user-profile-picture&imwidth=100","58404","KARMAT1KA","0","45","0","0","1036","0","0","false","true","English","KARMAT1KA"
"https://static-cdn.jtvnw.net/jtv_user_pictures/xxxmanixxx-profile_image-ff50d7dcad9b4620-150x150.jpeg?imenable=1&impolicy=user-profile-picture&imwidth=100","58405","xxxManixxx","765","180","7","4","1036","2","44","false","false","Portuguese","xxxManixxx"
"https://static-cdn.jtvnw.net/jtv_user_pictures/3ae2faee-cb04-440c-8faf-4de428d8981e-profile_image-150x150.png?imenable=1&impolicy=user-profile-picture&imwidth=100","58406","chuchuzs","10545","915","37","11","1036","36","230","true","false","English","chuchuzs"
"https://static-cdn.jtvnw.net/jtv_user_pictures/4ba3e2f9-3a74-4f8b-abd4-29252d6c0d58-profile_image-150x150.png?imenable=1&impolicy=user-profile-picture&imwidth=100","58407","Mabdesaken","2220","2400","6","0","1036","9","22","false","true","English","Mabdesaken"
"https://static-cdn.jtvnw.net/jtv_user_pictures/4d55079a-f295-48f0-8f6c-5008d7fddadf-profile_image-150x150.png?imenable=1&impolicy=user-profile-picture&imwidth=100","58408","Marcel200283","5625","660","22","8","1036","3","235","false","true","German","Marcel200283"
"https://static-cdn.jtvnw.net/jtv_user_pictures/lembox-profile_image-889216cfd7bbe028-150x150.png?imenable=1&impolicy=user-profile-picture&imwidth=100","58409","Lembox","26475","1065","61","24","1036","22","319","false","false","English","Lembox"
"https://static-cdn.jtvnw.net/jtv_user_pictures/c8a712b0-f448-44ef-a099-1fbebba7916c-profile_image-150x150.png?imenable=1&impolicy=user-profile-picture&imwidth=100","58410","StriBog45","23805","7575","11","2","1036","11","403","false","false","Russian","StriBog45"
"https://static-cdn.jtvnw.net/jtv_user_pictures/tdumper_1-profile_image-0614f3a9a0d362eb-150x150.jpeg?imenable=1&impolicy=user-profile-picture&imwidth=100","58411","Tdumper_1","435","540","3","0","1036","-185","5","false","false","Russian","Tdumper_1"
"https://static-cdn.jtvnw.net/jtv_user_pictures/ff10af63-d532-4223-9cce-ef7e38ce8bfa-profile_image-150x150.png?imenable=1&impolicy=user-profile-picture&imwidth=100","58412","MrTide","1095","1230","6","0","1036","2","124","false","false","Russian","MrTide"
"https://static-cdn.jtvnw.net/jtv_user_pictures/kryptomadness-profile_image-5137b2f824977a4b-150x150.jpeg?imenable=1&impolicy=user-profile-picture&imwidth=100","58413","KryptoMadness","270","90","5","3","1036","1","8","false","false","","KryptoMadness"
"https://static-cdn.jtvnw.net/jtv_user_pictures/gold7g-profile_image-514cf8a97c9a1613-150x150.png?imenable=1&impolicy=user-profile-picture&imwidth=100","58414","Gold7G","1950","30","66","65","1036","0","0","false","false","Polish","Gold7G"
"https://static-cdn.jtvnw.net/jtv_user_pictures/ac3ef410-b278-4c9b-94a7-d83caa1f7ccc-profile_image-150x150.png?imenable=1&impolicy=user-profile-picture&imwidth=100","58415","Awesomeskylox","60","75","3","0","1036","0","11","false","false","English","Awesomeskylox"
"https://static-cdn.jtvnw.net/jtv_user_pictures/0d0c3101-4ff1-4160-ba40-c4c42a8810c5-profile_image-150x150.png?imenable=1&impolicy=user-profile-picture&imwidth=100","58416","IAndrewII","60","45","2","1","1036","13","1","false","false","English","IAndrewII"
"https://static-cdn.jtvnw.net/jtv_user_pictures/40a0fd14-0c34-4805-bd1c-d3412885d065-profile_image-150x150.png?imenable=1&impolicy=user-profile-picture&imwidth=100","58417","Milkyrisa","2400","210","19","11","1036","9","43","false","false","German","Milkyrisa"
"https://static-cdn.jtvnw.net/jtv_user_pictures/d027e5ba-2fe2-4041-b55f-4e77cd118a03-profile_image-150x150.png?imenable=1&impolicy=user-profile-picture&imwidth=100","58418","BomberTack9","150","30","6","5","1036","0","0","false","true","German","BomberTack9"
"https://static-cdn.jtvnw.net/jtv_user_pictures/cc8f7a21-1d2a-42ca-90b2-dcc247a6c76e-profile_image-150x150.png?imenable=1&impolicy=user-profile-picture&imwidth=100","58419","Knightofzero2","40470","4485","22","8","1036","18","152","false","false","English","Knightofzero2"
"https://static-cdn.jtvnw.net/jtv_user_pictures/tacticalviper-profile_image-40fed5837dc076dc-150x150.jpeg?imenable=1&impolicy=user-profile-picture&imwidth=100","58420","TacticalViper","810","90","13","9","1036","1","0","false","true","German","TacticalViper"
"https://static-cdn.jtvnw.net/jtv_user_pictures/41f0322c-2604-435b-9e5b-a3b394e1426e-profile_image-150x150.jpg?imenable=1&impolicy=user-profile-picture&imwidth=100","58421","SolobearTV","5565","4440","8","0","1036","6","24","false","false","English","SolobearTV"
"https://static-cdn.jtvnw.net/jtv_user_pictures/23479a07-f879-4046-b09a-75b5831aa1e2-profile_image-150x150.png?imenable=1&impolicy=user-profile-picture&imwidth=100","58422","callmecascas","90","90","2","1","1036","1","9","false","false","Spanish","callmecascas"
"https://static-cdn.jtvnw.net/jtv_user_pictures/turtlenipp-profile_image-a05ae63548602d81-150x150.jpeg?imenable=1&impolicy=user-profile-picture&imwidth=100","58423","TurtleNipp","0","15","0","0","1036","0","0","false","true","","TurtleNipp"
"https://static-cdn.jtvnw.net/jtv_user_pictures/lotuscvlt-profile_image-b595c4901aa7185d-150x150.png?imenable=1&impolicy=user-profile-picture&imwidth=100","58424","lotuscvlt","2865","1035","7","2","1036","11","254","false","false","English","lotuscvlt"
"https://static-cdn.jtvnw.net/jtv_user_pictures/fausto__-profile_image-9dbc7ac80ae55e2c-150x150.jpeg?imenable=1&impolicy=user-profile-picture&imwidth=100","58425","Fausto__","3345","765","9","3","1036","-9","202","false","false","Italian","Fausto__"
"https://static-cdn.jtvnw.net/jtv_user_pictures/cheekiegirly-profile_image-3e08b9a677a6c5eb-150x150.jpeg?imenable=1&impolicy=user-profile-picture&imwidth=100","58426","CheekieGirly","375","150","7","1","1036","-1","18","false","false","English","CheekieGirly"
"https://static-cdn.jtvnw.net/jtv_user_pictures/b7a30831-c9fb-49f2-8266-471c9143943e-profile_image-150x150.png?imenable=1&impolicy=user-profile-picture&imwidth=100","58427","Chadtopia","180","45","5","4","1035","0","-1","false","false","English","Chadtopia"
"https://static-cdn.jtvnw.net/jtv_user_pictures/2a783982-0994-42bc-a0f7-504c88248a35-profile_image-150x150.png?imenable=1&impolicy=user-profile-picture&imwidth=100","58428","BulletPointGaming","600","630","6","0","1035","12","44","false","false","English","BulletPointGaming"
"https://static-cdn.jtvnw.net/jtv_user_pictures/demontv_-profile_image-d21a36930dcb6766-150x150.png?imenable=1&impolicy=user-profile-picture&imwidth=100","58429","demontv_","10395","375","43","27","1035","70","191","false","false","Russian","demontv_"
"https://static-cdn.jtvnw.net/jtv_user_pictures/zt0ffe-profile_image-7a32178c1ced395c-150x150.png?imenable=1&impolicy=user-profile-picture&imwidth=100","58430","Zt0ffe","3000","2625","5","0","1035","0","112","false","false","English","Zt0ffe"
"https://static-cdn.jtvnw.net/jtv_user_pictures/153df47b-74f5-4ec0-a212-1a07877dfee8-profile_image-150x150.png?imenable=1&impolicy=user-profile-picture&imwidth=100","58431","arifi","2760","3135","4","0","1035","6","58","false","true","Swedish","arifi"
"https://static-cdn.jtvnw.net/jtv_user_pictures/baallliiinn_-profile_image-dfb022066fe91306-150x150.jpeg?imenable=1&impolicy=user-profile-picture&imwidth=100","58432","BaaLLLiiiNN_","19050","885","88","21","1035","8","14","false","false","English","BaaLLLiiiNN_"
"https://static-cdn.jtvnw.net/jtv_user_pictures/ksiendzu88-profile_image-d1970724de7c14ad-150x150.jpeg?imenable=1&impolicy=user-profile-picture&imwidth=100","58433","Ksiendzu88","10995","6330","10","1","1035","39","263","false","false","Polish","Ksiendzu88"
"https://static-cdn.jtvnw.net/jtv_user_pictures/d95c9697-f726-4b9a-b39d-365001253eb9-profile_image-150x150.png?imenable=1&impolicy=user-profile-picture&imwidth=100","58434","BubbleGERMAN","7560","2445","7","2","1035","35","200","false","false","German","BubbleGERMAN"
"https://static-cdn.jtvnw.net/jtv_user_pictures/326895be7713fda4-profile_image-150x150.jpeg?imenable=1&impolicy=user-profile-picture&imwidth=100","58435","ムルヤマ (muruyama_)","92520","9435","40","9","1035","62","2063","false","false","Russian","ムルヤマ (muruyama_)"
"https://static-cdn.jtvnw.net/jtv_user_pictures/7c709f3e-627f-4d7b-a8aa-53692ff543bd-profile_image-150x150.jpg?imenable=1&impolicy=user-profile-picture&imwidth=100","58436","xxxwhokiddxxx","750","525","5","1","1035","8","0","false","true","English","xxxwhokiddxxx"
"https://static-cdn.jtvnw.net/jtv_user_pictures/7e2127141799b584-profile_image-150x150.png?imenable=1&impolicy=user-profile-picture&imwidth=100","58437","TomzumPlayz","300","405","2","0","1035","1","2","false","false","German","TomzumPlayz"
"https://static-cdn.jtvnw.net/jtv_user_pictures/aa762d9d-ebc2-4448-89f6-4ebde50d3841-profile_image-150x150.png?imenable=1&impolicy=user-profile-picture&imwidth=100","58438","EpicDZN","165","90","3","1","1035","3","6","false","false","Spanish","EpicDZN"
"https://static-cdn.jtvnw.net/jtv_user_pictures/kasui0205-profile_image-250808a02054ab09-150x150.jpeg?imenable=1&impolicy=user-profile-picture&imwidth=100","58439","Kasui0205","9000","735","71","11","1035","31","242","false","false","English","Kasui0205"
"https://static-cdn.jtvnw.net/jtv_user_pictures/darkmistx88-profile_image-4613bb7b4ef9d4c9-150x150.jpeg?imenable=1&impolicy=user-profile-picture&imwidth=100","58440","Darkmistx88","40485","9075","11","4","1035","68","99","false","true","English","Darkmistx88"
"https://static-cdn.jtvnw.net/jtv_user_pictures/a20e3efc-f501-425f-bd5f-3df8474059ed-profile_image-150x150.png?imenable=1&impolicy=user-profile-picture&imwidth=100","58441","KennaDraygon","43740","9120","40","4","1035","57","200","false","true","English","KennaDraygon"
"https://static-cdn.jtvnw.net/jtv_user_pictures/yowanehaku-profile_image-215572833500f14a-150x150.jpeg?imenable=1&impolicy=user-profile-picture&imwidth=100","58442","YowaneHaku","75","105","2","0","1035","0","0","false","true","English","YowaneHaku"
"https://static-cdn.jtvnw.net/jtv_user_pictures/92d6e575-667f-4c04-8ce6-707b3e302a9e-profile_image-150x150.png?imenable=1&impolicy=user-profile-picture&imwidth=100","58443","bokk6","15","75","1","0","1035","0","3","false","true","English","bokk6"
"https://static-cdn.jtvnw.net/jtv_user_pictures/804820b1-ddbc-4db8-ade0-ee230e04b0ef-profile_image-150x150.png?imenable=1&impolicy=user-profile-picture&imwidth=100","58444","Knottyfaux","0","15","0","0","1035","0","0","false","true","English","Knottyfaux"
"https://static-cdn.jtvnw.net/jtv_user_pictures/b83492f7942deb6d-profile_image-150x150.png?imenable=1&impolicy=user-profile-picture&imwidth=100","58445","fanny_63","2100","810","8","2","1035","26","98","false","true","French","fanny_63"
"https://static-cdn.jtvnw.net/jtv_user_pictures/13f25fab-b798-4a88-8578-f0d25a1a20b6-profile_image-150x150.png?imenable=1&impolicy=user-profile-picture&imwidth=100","58446","D3LIRIOU7","20640","2715","41","7","1035","25","508","false","false","German","D3LIRIOU7"
"https://static-cdn.jtvnw.net/jtv_user_pictures/ninjacharmander-profile_image-6beca1b08b4dd0b6-150x150.jpeg?imenable=1&impolicy=user-profile-picture&imwidth=100","58447","NinjaCharmander","210","150","2","1","1035","0","4","false","false","English","NinjaCharmander"
"https://static-cdn.jtvnw.net/jtv_user_pictures/damkraiz-profile_image-29af037605c12635-150x150.jpeg?imenable=1&impolicy=user-profile-picture&imwidth=100","58448","DamKraiz","7095","900","18","7","1035","93","341","false","false","","DamKraiz"
"https://static-cdn.jtvnw.net/jtv_user_pictures/amboyes-profile_image-dd24e01a440fb8c8-150x150.jpeg?imenable=1&impolicy=user-profile-picture&imwidth=100","58449","amboyes","3105","270","17","11","1035","8","48","false","false","","amboyes"
"https://static-cdn.jtvnw.net/jtv_user_pictures/cloeanne-profile_image-5e8df503d8cc4968-150x150.jpeg?imenable=1&impolicy=user-profile-picture&imwidth=100","58450","CloeAnne","4785","1275","16","3","1035","18","113","false","true","","CloeAnne"
"https://static-cdn.jtvnw.net/jtv_user_pictures/a2e49e64-b469-408b-8bdb-e809c37477cd-profile_image-150x150.png?imenable=1&impolicy=user-profile-picture&imwidth=100","58451","Kryalie","4230","375","21","11","1035","21","137","false","false","English","Kryalie"
"https://static-cdn.jtvnw.net/jtv_user_pictures/81418ae6-e44e-4d58-8c93-59c3e895f824-profile_image-150x150.png?imenable=1&impolicy=user-profile-picture&imwidth=100","58452","QuinnyG18","10965","2070","13","4","1035","9","80","false","true","English","QuinnyG18"
"https://static-cdn.jtvnw.net/jtv_user_pictures/bfeefb09-8204-4178-942c-c05ba52f0b01-profile_image-150x150.png?imenable=1&impolicy=user-profile-picture&imwidth=100","58453","TroyMaconn","10575","5535","7","1","1035","6","57","false","false","English","TroyMaconn"
"https://static-cdn.jtvnw.net/jtv_user_pictures/lemagique-profile_image-bac1d6020af102e7-150x150.png?imenable=1&impolicy=user-profile-picture&imwidth=100","58454","LeMagique","1200","885","4","0","1035","-4","24","false","false","English","LeMagique"
"https://static-cdn.jtvnw.net/ttv-boxart/404_boxart.png?imenable=1&impolicy=user-profile-picture&imwidth=100","58455","Chubick05","12540","735","38","16","1035","44","112","false","true","","Chubick05"
"https://static-cdn.jtvnw.net/jtv_user_pictures/enigma9011-profile_image-d472bcdbce65e6fc-150x150.png?imenable=1&impolicy=user-profile-picture&imwidth=100","58456","Enigma9011","12720","4005","11","2","1035","38","118","false","false","English","Enigma9011"
"https://static-cdn.jtvnw.net/jtv_user_pictures/manicascendant-profile_image-26f21c9a472b8ac9-150x150.jpeg?imenable=1&impolicy=user-profile-picture&imwidth=100","58457","ManicAscendant","126690","5115","58","24","1035","39","792","false","false","English","ManicAscendant"
"https://static-cdn.jtvnw.net/jtv_user_pictures/951f458b-b181-4238-9381-ccdb20ca559e-profile_image-150x150.png?imenable=1&impolicy=user-profile-picture&imwidth=100","58458","RePulse78","90","285","1","0","1035","2","2","false","true","English","RePulse78"
"https://static-cdn.jtvnw.net/jtv_user_pictures/99631858-8650-4214-bf47-9e97f6da66ae-profile_image-150x150.png?imenable=1&impolicy=user-profile-picture&imwidth=100","58459","UTxCallMeDHC","765","255","4","3","1035","0","0","false","false","English","UTxCallMeDHC"
"https://static-cdn.jtvnw.net/jtv_user_pictures/fb82506c-d103-4f29-b985-a759024572a8-profile_image-150x150.png?imenable=1&impolicy=user-profile-picture&imwidth=100","58460","ItsDarK77","90","90","1","1","1035","1","3","false","false","French","ItsDarK77"
"https://static-cdn.jtvnw.net/jtv_user_pictures/6902fd7b-3fc6-4a62-a764-33c670b2b192-profile_image-150x150.png?imenable=1&impolicy=user-profile-picture&imwidth=100","58461","VirtualRylie","3795","240","32","15","1035","-155","23","false","false","English","VirtualRylie"
"https://static-cdn.jtvnw.net/jtv_user_pictures/3b1a33d4-2afd-45cd-910a-8d247c2676b0-profile_image-150x150.png?imenable=1&impolicy=user-profile-picture&imwidth=100","58462","hamshamtv","7215","915","34","7","1035","3","43","false","false","English","hamshamtv"
"https://static-cdn.jtvnw.net/jtv_user_pictures/73cf7848-9342-49af-afec-20cc495b86bc-profile_image-150x150.png?imenable=1&impolicy=user-profile-picture&imwidth=100","58463","Casrett","7470","2220","9","3","1035","4","134","false","true","English","Casrett"
"https://static-cdn.jtvnw.net/jtv_user_pictures/4c76dbb5-500b-4645-b565-14d067733fb3-profile_image-150x150.png?imenable=1&impolicy=user-profile-picture&imwidth=100","58464","JonSlice","9300","1935","15","4","1035","23","56","false","true","English","JonSlice"
"https://static-cdn.jtvnw.net/jtv_user_pictures/4afe1200-3ac5-4570-a9fd-2b75dde5e4e1-profile_image-150x150.png?imenable=1&impolicy=user-profile-picture&imwidth=100","58465","InvictusLIVE","1575","945","6","1","1035","12","28","false","false","English","InvictusLIVE"
"https://static-cdn.jtvnw.net/jtv_user_pictures/ea75494fc3a657ca-profile_image-150x150.jpeg?imenable=1&impolicy=user-profile-picture&imwidth=100","58466","Metasmiths","13710","1035","27","12","1035","1","251","false","true","German","Metasmiths"
"https://static-cdn.jtvnw.net/jtv_user_pictures/senormudkipp-profile_image-6bcd3af4ee7f905d-150x150.jpeg?imenable=1&impolicy=user-profile-picture&imwidth=100","58467","Senormudkipp","9825","465","43","20","1035","-4","302","false","true","English","Senormudkipp"
"https://static-cdn.jtvnw.net/jtv_user_pictures/ryan_stecken1990-profile_image-1553cb961e6f52ee-150x150.png?imenable=1&impolicy=user-profile-picture&imwidth=100","58468","ryan_stecken1990","1665","675","6","2","1034","5","49","false","false","German","ryan_stecken1990"
"https://static-cdn.jtvnw.net/jtv_user_pictures/97134857-787b-4d73-bd9f-66ceacd87f7c-profile_image-150x150.png?imenable=1&impolicy=user-profile-picture&imwidth=100","58469","itsdorki","2115","195","30","10","1034","17","127","false","false","Portuguese","itsdorki"
"https://static-cdn.jtvnw.net/jtv_user_pictures/d70bbe72daaaf893-profile_image-150x150.png?imenable=1&impolicy=user-profile-picture&imwidth=100","58470","Lulladin","8400","1980","13","3","1034","45","35","false","true","English","Lulladin"
"https://static-cdn.jtvnw.net/jtv_user_pictures/d332bf0967ab0eda-profile_image-150x150.png?imenable=1&impolicy=user-profile-picture&imwidth=100","58471","Werolling","2610","1065","6","1","1034","4","15","false","true","English","Werolling"
"https://static-cdn.jtvnw.net/jtv_user_pictures/af1f04c5-7d5a-493c-a9dd-7d636d262b49-profile_image-150x150.png?imenable=1&impolicy=user-profile-picture&imwidth=100","58472","Jingu_Bang","210","225","2","0","1034","0","0","false","false","English","Jingu_Bang"
"https://static-cdn.jtvnw.net/jtv_user_pictures/phantom__322-profile_image-6e4432ef903a2e2f-150x150.jpeg?imenable=1&impolicy=user-profile-picture&imwidth=100","58473","phantom__322","14490","2295","59","5","1034","439","299","false","false","","phantom__322"
"https://static-cdn.jtvnw.net/jtv_user_pictures/e11eb9f4-d32b-483b-994f-6569c741402c-profile_image-150x150.png?imenable=1&impolicy=user-profile-picture&imwidth=100","58474","Wojakoo","18555","4170","24","4","1034","43","287","false","false","Polish","Wojakoo"
"https://static-cdn.jtvnw.net/jtv_user_pictures/exoshox94-profile_image-872998fcd77d1c8b-150x150.png?imenable=1&impolicy=user-profile-picture&imwidth=100","58475","ExoShox94","26580","1935","59","13","1034","46","106","false","true","German","ExoShox94"
"https://static-cdn.jtvnw.net/jtv_user_pictures/15fb4e56-73f0-4193-8fbd-a9b4c4b905ac-profile_image-150x150.png?imenable=1&impolicy=user-profile-picture&imwidth=100","58476","KoBi420","825","1500","4","0","1034","3","172","false","true","Russian","KoBi420"
"https://static-cdn.jtvnw.net/jtv_user_pictures/9e3b853b-879c-47a6-a939-88926b4b8e01-profile_image-150x150.jpg?imenable=1&impolicy=user-profile-picture&imwidth=100","58477","DisterbedTV","30","30","1","1","1034","0","0","false","true","English","DisterbedTV"
"https://static-cdn.jtvnw.net/jtv_user_pictures/3b68539c-b381-4585-8701-3ae2619073b8-profile_image-150x150.png?imenable=1&impolicy=user-profile-picture&imwidth=100","58478","MomoChocobo","3270","705","9","4","1034","10","15","false","true","English","MomoChocobo"
"https://static-cdn.jtvnw.net/jtv_user_pictures/ziesty_-profile_image-9714f1265b359b73-150x150.png?imenable=1&impolicy=user-profile-picture&imwidth=100","58479","Ziesty_","12645","1005","49","12","1034","1037","5400","false","false","","Ziesty_"
"https://static-cdn.jtvnw.net/jtv_user_pictures/dd989b6f-418c-44fa-b4eb-413febb4e414-profile_image-150x150.png?imenable=1&impolicy=user-profile-picture&imwidth=100","58480","Alpha_KhanTTV","195","285","1","0","1034","0","0","false","true","English","Alpha_KhanTTV"
"https://static-cdn.jtvnw.net/jtv_user_pictures/e4b68fd2-9421-471e-ac86-489db622677a-profile_image-150x150.png?imenable=1&impolicy=user-profile-picture&imwidth=100","58481","KSlZZ","1020","840","3","0","1034","7","26","false","false","English","KSlZZ"
"https://static-cdn.jtvnw.net/jtv_user_pictures/bda71e72ac913c55-profile_image-150x150.png?imenable=1&impolicy=user-profile-picture&imwidth=100","58482","GAMEBOYZGAMING","15045","8100","14","1","1034","102","26","false","true","English","GAMEBOYZGAMING"
"https://static-cdn.jtvnw.net/jtv_user_pictures/f7e6983f-8217-42e8-aa57-166cdd37fdf9-profile_image-150x150.png?imenable=1&impolicy=user-profile-picture&imwidth=100","58483","Agent_MadX","15","15","1","1","1034","0","0","false","true","English","Agent_MadX"
"https://static-cdn.jtvnw.net/jtv_user_pictures/greenkzn-profile_image-907dfc59c12fdda0-150x150.jpeg?imenable=1&impolicy=user-profile-picture&imwidth=100","58484","GreeNkzn","1297200","5790","1390","223","1034","-2654","5259","false","false","","GreeNkzn"
"https://static-cdn.jtvnw.net/jtv_user_pictures/5e550a67-cc26-4008-8c2c-4fa15fda138e-profile_image-150x150.png?imenable=1&impolicy=user-profile-picture&imwidth=100","58485","yonkolobo","780","480","7","1","1034","-16","1541","false","true","English","yonkolobo"
"https://static-cdn.jtvnw.net/jtv_user_pictures/47931a44-c1cf-43ab-86fb-66b0f58e6449-profile_image-150x150.jpeg?imenable=1&impolicy=user-profile-picture&imwidth=100","58486","Kiwiinn","21840","4275","17","4","1034","79","681","false","false","Russian","Kiwiinn"
"https://static-cdn.jtvnw.net/jtv_user_pictures/assassinfifa-profile_image-cd9fc70ac6c1db31-150x150.jpeg?imenable=1&impolicy=user-profile-picture&imwidth=100","58487","Assassinfifa","20835","1005","71","20","1034","100","105","false","false","German","Assassinfifa"
"https://static-cdn.jtvnw.net/jtv_user_pictures/0c06668e-a15a-4d45-a979-654742fdde2f-profile_image-150x150.png?imenable=1&impolicy=user-profile-picture&imwidth=100","58488","gaamemonster","10170","2160","14","4","1034","56","620","false","false","Turkish","gaamemonster"
"https://static-cdn.jtvnw.net/jtv_user_pictures/f7747d2b-eb45-41f6-88ea-bfa8370493e8-profile_image-150x150.png?imenable=1&impolicy=user-profile-picture&imwidth=100","58489","Chainsaw_Monday","420","195","4","2","1034","0","9","false","true","English","Chainsaw_Monday"
"https://static-cdn.jtvnw.net/jtv_user_pictures/e012cc72-9861-4432-a6fb-48735e7d0e18-profile_image-150x150.png?imenable=1&impolicy=user-profile-picture&imwidth=100","58490","Daeymieh","870","120","13","6","1034","-4","19","false","true","English","Daeymieh"
"https://static-cdn.jtvnw.net/jtv_user_pictures/84ead83b-8f06-4093-b0ee-a178af27dc10-profile_image-150x150.png?imenable=1&impolicy=user-profile-picture&imwidth=100","58491","bbycarrots","81540","8100","39","9","1034","182","185","false","true","English","bbycarrots"
"https://static-cdn.jtvnw.net/jtv_user_pictures/maxmrgaming-profile_image-0bca68810edc4e83-150x150.jpeg?imenable=1&impolicy=user-profile-picture&imwidth=100","58492","maxmrgaming","68370","2520","95","26","1034","216","970","false","false","French","maxmrgaming"
"https://static-cdn.jtvnw.net/jtv_user_pictures/6cc0bc58-2d95-413a-9b0b-bc2acd495407-profile_image-150x150.png?imenable=1&impolicy=user-profile-picture&imwidth=100","58493","Shikarolo","18810","2295","17","7","1034","107","236","false","true","French","Shikarolo"
"https://static-cdn.jtvnw.net/jtv_user_pictures/9266c858-fdf7-4b19-80c8-c2a796281900-profile_image-150x150.png?imenable=1&impolicy=user-profile-picture&imwidth=100","58494","NATSZO","0","45","0","0","1034","0","-7","false","false","Polish","NATSZO"
"https://static-cdn.jtvnw.net/jtv_user_pictures/frezzbooster-profile_image-6ceffe2e352b413f-150x150.jpeg?imenable=1&impolicy=user-profile-picture&imwidth=100","58495","FreZzBoOsTeR","11310","3255","122","2","1034","20","95","false","false","English","FreZzBoOsTeR"
"https://static-cdn.jtvnw.net/jtv_user_pictures/94b93bc7-2f39-4472-8f99-b839f2138de3-profile_image-150x150.png?imenable=1&impolicy=user-profile-picture&imwidth=100","58496","UncleRaan","1080","615","4","1","1034","4","12","false","false","English","UncleRaan"
"https://static-cdn.jtvnw.net/jtv_user_pictures/d73b1869-4e8b-4119-8dc3-bbcd85529e99-profile_image-150x150.png?imenable=1&impolicy=user-profile-picture&imwidth=100","58497","ChrillePan","32070","2955","49","10","1034","29","295","false","true","English","ChrillePan"
"https://static-cdn.jtvnw.net/jtv_user_pictures/d3cbd3e3-81ef-4274-b7d1-2704760c3f8a-profile_image-150x150.jpg?imenable=1&impolicy=user-profile-picture&imwidth=100","58498","RoNaNTV","330","135","5","2","1034","-5","4","false","true","English","RoNaNTV"
"https://static-cdn.jtvnw.net/jtv_user_pictures/6cd63d25-59cd-43cf-ab48-7b8fad3d188e-profile_image-150x150.png?imenable=1&impolicy=user-profile-picture&imwidth=100","58499","Xeropoint","13725","3390","13","3","1034","15","59","false","true","English","Xeropoint"
"https://static-cdn.jtvnw.net/jtv_user_pictures/jollygamerguy-profile_image-4dbb6646a8cde741-150x150.jpeg?imenable=1&impolicy=user-profile-picture&imwidth=100","58500","Jollygamerguy","90","555","2","0","1034","0","0","false","false","English","Jollygamerguy"