"","","Channel","Watch time","Stream time","Peak viewers","Average viewers","Followers","Followers gained","Views gained","Partnered","Mature","Language",""
"https://static-cdn.jtvnw.net/jtv_user_pictures/ea035354-97cd-437c-912e-67a10b39adbd-profile_image-150x150.jpg?imenable=1&impolicy=user-profile-picture&imwidth=100","75901","ChippiKnopf","60","135","2","0","668","3","4","false","true","German","ChippiKnopf"
"https://static-cdn.jtvnw.net/jtv_user_pictures/tacosancheese14-profile_image-f74ca673918ebcac-150x150.jpeg?imenable=1&impolicy=user-profile-picture&imwidth=100","75902","tacosancheese14","4710","1275","12","3","668","7","45","false","false","English","tacosancheese14"
"https://static-cdn.jtvnw.net/jtv_user_pictures/kyokoosu-profile_image-1f834a11ff4a7512-150x150.png?imenable=1&impolicy=user-profile-picture&imwidth=100","75903","Kyokoosu","5790","1155","29","4","668","20","203","false","false","Korean","Kyokoosu"
"https://static-cdn.jtvnw.net/jtv_user_pictures/1f917130449f54b6-profile_image-150x150.jpeg?imenable=1&impolicy=user-profile-picture&imwidth=100","75904","3inchhero","150","150","3","1","668","2","3","false","false","English","3inchhero"
"https://static-cdn.jtvnw.net/jtv_user_pictures/missstj-profile_image-1fa83b9977ed1be6-150x150.jpeg?imenable=1&impolicy=user-profile-picture&imwidth=100","75905","MisssTj","17685","1080","126","15","668","128","253","false","false","Norwegian","MisssTj"
"https://static-cdn.jtvnw.net/jtv_user_pictures/mikeztm-profile_image-cccbd939fac231ca-150x150.png?imenable=1&impolicy=user-profile-picture&imwidth=100","75906","MikeZTM","0","15","0","0","668","0","0","false","false","Chinese","MikeZTM"
"https://static-cdn.jtvnw.net/jtv_user_pictures/kooperstone-profile_image-22cc564c8cb4d63e-150x150.png?imenable=1&impolicy=user-profile-picture&imwidth=100","75907","kooperstone","53190","3645","53","14","668","45","1089","false","false","Russian","kooperstone"
"https://static-cdn.jtvnw.net/jtv_user_pictures/4a497338-831d-48df-819e-452b235b2ea3-profile_image-150x150.png?imenable=1&impolicy=user-profile-picture&imwidth=100","75908","iHunterTv","915","735","4","0","668","-7","22","false","false","English","iHunterTv"
"https://static-cdn.jtvnw.net/jtv_user_pictures/439d97ce-f450-414a-8476-4011f57815d0-profile_image-150x150.png?imenable=1&impolicy=user-profile-picture&imwidth=100","75909","Qiral","4095","345","21","11","668","10","34","false","true","English","Qiral"
"https://static-cdn.jtvnw.net/jtv_user_pictures/30b495f5-a38a-4127-9600-621cb3aa14a0-profile_image-150x150.png?imenable=1&impolicy=user-profile-picture&imwidth=100","75910","MaGicHardScope","360","45","13","8","668","0","-3","false","false","English","MaGicHardScope"
"https://static-cdn.jtvnw.net/jtv_user_pictures/a361a3f3-14bd-4a90-9610-6ff66a8e0d30-profile_image-150x150.png?imenable=1&impolicy=user-profile-picture&imwidth=100","75911","Melliow","2550","375","11","6","668","-5","19","false","true","English","Melliow"
"https://static-cdn.jtvnw.net/jtv_user_pictures/03eacad6-ced2-4ddc-9df5-61b2e1bcf782-profile_image-150x150.png?imenable=1&impolicy=user-profile-picture&imwidth=100","75912","durobulo","2655","225","30","11","668","4","36","false","true","Slovak","durobulo"
"https://static-cdn.jtvnw.net/jtv_user_pictures/dfc21204-aee6-4947-8dcc-a1c47f4dd0ce-profile_image-150x150.png?imenable=1&impolicy=user-profile-picture&imwidth=100","75913","Runfell","345","150","4","1","668","-1","38","false","true","German","Runfell"
"https://static-cdn.jtvnw.net/jtv_user_pictures/b0304c25-1b9f-460a-b5b3-0ec0fdc67da9-profile_image-150x150.png?imenable=1&impolicy=user-profile-picture&imwidth=100","75914","Jake_with_a_Y","0","30","0","0","667","0","0","false","false","English","Jake_with_a_Y"
"https://static-cdn.jtvnw.net/jtv_user_pictures/ephhat-profile_image-2d6daf048ed2de24-150x150.jpeg?imenable=1&impolicy=user-profile-picture&imwidth=100","75915","EphHat","420","375","3","1","667","0","48","false","true","Russian","EphHat"
"https://static-cdn.jtvnw.net/jtv_user_pictures/a9233801-bf21-4e84-ad9e-65cdf59d5bf1-profile_image-150x150.png?imenable=1&impolicy=user-profile-picture&imwidth=100","75916","quantic_nabs","1365","525","4","2","667","3","64","false","true","French","quantic_nabs"
"https://static-cdn.jtvnw.net/jtv_user_pictures/8a525a9d02299917-profile_image-150x150.jpeg?imenable=1&impolicy=user-profile-picture&imwidth=100","75917","princess024cannabis","0","15","0","0","667","0","0","false","true","English","princess024cannabis"
"https://static-cdn.jtvnw.net/jtv_user_pictures/a183bb40-0a03-41ea-9aa4-ec006ce21199-profile_image-150x150.png?imenable=1&impolicy=user-profile-picture&imwidth=100","75918","mrs_engelcheen","765","975","3","0","667","9","5","false","false","German","mrs_engelcheen"
"https://static-cdn.jtvnw.net/jtv_user_pictures/f49fe425529591d1-profile_image-150x150.png?imenable=1&impolicy=user-profile-picture&imwidth=100","75919","Elementkx","5100","75","128","68","667","1","2304","false","false","French","Elementkx"
"https://static-cdn.jtvnw.net/jtv_user_pictures/0c55760f-a9d4-420b-878a-f560893488bd-profile_image-150x150.png?imenable=1&impolicy=user-profile-picture&imwidth=100","75920","Pizza_Slayer","210","105","2","2","667","0","0","false","true","English","Pizza_Slayer"
"https://static-cdn.jtvnw.net/jtv_user_pictures/tixtee-profile_image-3783c0315a6293fb-150x150.png?imenable=1&impolicy=user-profile-picture&imwidth=100","75921","Tixtee","0","60","0","0","667","0","0","false","false","French","Tixtee"
"https://static-cdn.jtvnw.net/jtv_user_pictures/51197f35239ded30-profile_image-150x150.jpeg?imenable=1&impolicy=user-profile-picture&imwidth=100","75922","Elgotor","11145","1065","29","10","667","14","226","false","false","English","Elgotor"
"https://static-cdn.jtvnw.net/jtv_user_pictures/bbc993ba-b9ec-492e-b4ac-7c84813c0aca-profile_image-150x150.png?imenable=1&impolicy=user-profile-picture&imwidth=100","75923","fifantom","1275","435","18","2","667","6","76","false","false","Japanese","fifantom"
"https://static-cdn.jtvnw.net/jtv_user_pictures/7bb51e51-9e2e-45d4-bdce-98851131fe44-profile_image-150x150.png?imenable=1&impolicy=user-profile-picture&imwidth=100","75924","Lostreboy_TV","1305","1725","5","0","667","9","390","false","false","English","Lostreboy_TV"
"https://static-cdn.jtvnw.net/jtv_user_pictures/748055f1-eedb-4262-95f7-c8c9b5815a30-profile_image-150x150.jpeg?imenable=1&impolicy=user-profile-picture&imwidth=100","75925","Frosi","45","45","2","1","667","0","0","false","true","English","Frosi"
"https://static-cdn.jtvnw.net/jtv_user_pictures/siimsy-profile_image-322a2119bb04721d-150x150.jpeg?imenable=1&impolicy=user-profile-picture&imwidth=100","75926","siimsy","435","105","6","4","667","0","0","false","false","Norwegian","siimsy"
"https://static-cdn.jtvnw.net/jtv_user_pictures/shrike_k-profile_image-5365f0fe4fd7da52-150x150.jpeg?imenable=1&impolicy=user-profile-picture&imwidth=100","75927","もずぺ (shrike_k)","2955","615","16","4","667","4","65","false","false","Japanese","もずぺ (shrike_k)"
"https://static-cdn.jtvnw.net/jtv_user_pictures/cc470e65-ff8a-411a-935d-ff9ebbb43658-profile_image-150x150.png?imenable=1&impolicy=user-profile-picture&imwidth=100","75928","MateoDontKnow","270","240","3","0","667","0","8","false","true","English","MateoDontKnow"
"https://static-cdn.jtvnw.net/jtv_user_pictures/d10b7a1d5364356d-profile_image-150x150.jpeg?imenable=1&impolicy=user-profile-picture&imwidth=100","75929","ItsAmpel","6795","3195","8","1","667","17","33","false","true","English","ItsAmpel"
"https://static-cdn.jtvnw.net/jtv_user_pictures/danlive95-profile_image-5277dafd147e9e55-150x150.png?imenable=1&impolicy=user-profile-picture&imwidth=100","75930","danlive95","510","240","6","2","667","5","32","false","false","Spanish","danlive95"
"https://static-cdn.jtvnw.net/jtv_user_pictures/231b189fb6eb710a-profile_image-150x150.jpeg?imenable=1&impolicy=user-profile-picture&imwidth=100","75931","Diligen7","39435","2670","61","14","667","96","86","false","true","English","Diligen7"
"https://static-cdn.jtvnw.net/jtv_user_pictures/siaz-profile_image-9232e55eee42cadf-150x150.png?imenable=1&impolicy=user-profile-picture&imwidth=100","75932","Siaz","8385","2655","22","2","667","13","275","false","false","French","Siaz"
"https://static-cdn.jtvnw.net/user-default-pictures-uv/215b7342-def9-11e9-9a66-784f43822e80-profile_image-150x150.png?imenable=1&impolicy=user-profile-picture&imwidth=100","75933","Sechos","120","60","3","2","667","0","0","false","false","German","Sechos"
"https://static-cdn.jtvnw.net/jtv_user_pictures/9e848038-2851-4155-95ed-bd387753d506-profile_image-150x150.jpg?imenable=1&impolicy=user-profile-picture&imwidth=100","75934","Sahlar","540","195","6","2","667","1","32","false","false","English","Sahlar"
"https://static-cdn.jtvnw.net/jtv_user_pictures/66d498aa-9310-4130-96ec-f68ae6dc89a4-profile_image-150x150.png?imenable=1&impolicy=user-profile-picture&imwidth=100","75935","NoFally","3615","1155","9","2","667","27","33","false","false","Danish","NoFally"
"https://static-cdn.jtvnw.net/jtv_user_pictures/45a35a7a-8f41-4c71-9164-93e87df60a17-profile_image-150x150.png?imenable=1&impolicy=user-profile-picture&imwidth=100","75936","Cloudius777","510","525","4","0","667","5","28","false","false","English","Cloudius777"
"https://static-cdn.jtvnw.net/jtv_user_pictures/thatdudejt-profile_image-c9d002520c66d560-150x150.jpeg?imenable=1&impolicy=user-profile-picture&imwidth=100","75937","ThatDudeJT","495","645","1","0","667","-77","6","false","true","English","ThatDudeJT"
"https://static-cdn.jtvnw.net/jtv_user_pictures/davammas-profile_image-4ab5b12cdcf8c968-150x150.png?imenable=1&impolicy=user-profile-picture&imwidth=100","75938","Davammas","5820","2190","15","2","667","1","26","false","false","English","Davammas"
"https://static-cdn.jtvnw.net/jtv_user_pictures/52aec0d1-95da-422b-afd6-6805f057f636-profile_image-150x150.png?imenable=1&impolicy=user-profile-picture&imwidth=100","75939","Slayer499","60","30","4","2","667","1","-4","false","false","Portuguese","Slayer499"
"https://static-cdn.jtvnw.net/jtv_user_pictures/310b7ab9-3b5b-47e5-9310-1efd6e6a6e45-profile_image-150x150.png?imenable=1&impolicy=user-profile-picture&imwidth=100","75940","然勒唷 (rex4eng)","345","255","4","1","667","0","7","false","false","Chinese","然勒唷 (rex4eng)"
"https://static-cdn.jtvnw.net/jtv_user_pictures/b76a24c6-2374-4c72-b5cf-7ab33ba703c7-profile_image-150x150.png?imenable=1&impolicy=user-profile-picture&imwidth=100","75941","CJ2SIK","300","345","4","0","667","0","0","false","false","English","CJ2SIK"
"https://static-cdn.jtvnw.net/jtv_user_pictures/d092d555-50be-4c7f-b457-8d7e05b4f78b-profile_image-150x150.png?imenable=1&impolicy=user-profile-picture&imwidth=100","75942","GhostBoySage","7335","870","19","8","667","48","159","false","false","English","GhostBoySage"
"https://static-cdn.jtvnw.net/jtv_user_pictures/nomada1986-profile_image-1f6176abf5773769-150x150.png?imenable=1&impolicy=user-profile-picture&imwidth=100","75943","NOMADA1986","4470","2190","5","1","667","-10","83","false","false","Spanish","NOMADA1986"
"https://static-cdn.jtvnw.net/jtv_user_pictures/701fd6eb-959e-4b5d-9a0c-db09d5312447-profile_image-150x150.png?imenable=1&impolicy=user-profile-picture&imwidth=100","75944","CzarDB","6735","795","41","8","667","29","67","false","true","English","CzarDB"
"https://static-cdn.jtvnw.net/jtv_user_pictures/mattyxotv-profile_image-b38482913a734897-150x150.jpeg?imenable=1&impolicy=user-profile-picture&imwidth=100","75945","MattyxoTV","4050","1395","6","2","667","0","8","false","false","English","MattyxoTV"
"https://static-cdn.jtvnw.net/jtv_user_pictures/sokarow-profile_image-b63b49462888cb0e-150x150.jpeg?imenable=1&impolicy=user-profile-picture&imwidth=100","75946","Sokarow","19695","4530","40","3","667","64","120","false","false","French","Sokarow"
"https://static-cdn.jtvnw.net/jtv_user_pictures/09ca5ff5-15f2-4c58-a00d-c96a0935d62d-profile_image-150x150.jpg?imenable=1&impolicy=user-profile-picture&imwidth=100","75947","itsArt3missia","3150","930","9","2","667","8","130","false","false","English","itsArt3missia"
"https://static-cdn.jtvnw.net/jtv_user_pictures/d13d3369-766c-42d0-aa1e-2e7c08480509-profile_image-150x150.jpeg?imenable=1&impolicy=user-profile-picture&imwidth=100","75948","phierdon","15","240","1","0","667","0","0","false","false","English","phierdon"
"https://static-cdn.jtvnw.net/jtv_user_pictures/nooobsgames-profile_image-8e19cb257188d0a7-150x150.jpeg?imenable=1&impolicy=user-profile-picture&imwidth=100","75949","NooobsGames","855","195","9","4","667","25","249","false","false","Portuguese","NooobsGames"
"https://static-cdn.jtvnw.net/jtv_user_pictures/1bf849c8-cb37-4889-b0e8-00f294cb785e-profile_image-150x150.png?imenable=1&impolicy=user-profile-picture&imwidth=100","75950","Banqow","2835","765","9","3","667","25","58","false","true","English","Banqow"
"https://static-cdn.jtvnw.net/jtv_user_pictures/6ad27bc9-0a1d-48b1-bf2c-277f7a9c9c79-profile_image-150x150.png?imenable=1&impolicy=user-profile-picture&imwidth=100","75951","ThisGirlBodiedU","16605","2370","21","6","667","102","19","false","true","English","ThisGirlBodiedU"
"https://static-cdn.jtvnw.net/jtv_user_pictures/huedel-profile_image-286449fa9ff34dc9-150x150.jpeg?imenable=1&impolicy=user-profile-picture&imwidth=100","75952","Huedel","12795","1935","15","6","667","9","182","false","true","German","Huedel"
"https://static-cdn.jtvnw.net/jtv_user_pictures/unbanmeeeeeeeeee-profile_image-763716ff5343ff3e-150x150.jpeg?imenable=1&impolicy=user-profile-picture&imwidth=100","75953","Unbanmeeeeeeeeee","2175","195","20","11","667","1","23","false","true","English","Unbanmeeeeeeeeee"
"https://static-cdn.jtvnw.net/jtv_user_pictures/arjex-profile_image-f501ff554bce45e5-150x150.jpeg?imenable=1&impolicy=user-profile-picture&imwidth=100","75954","Arjex","16950","3480","25","4","667","34","99","false","false","English","Arjex"
"https://static-cdn.jtvnw.net/jtv_user_pictures/yoshinowa-profile_image-4f7c0baea94c7313-150x150.png?imenable=1&impolicy=user-profile-picture&imwidth=100","75955","yoshinowa","20400","3135","13","6","667","-1","192","false","false","English","yoshinowa"
"https://static-cdn.jtvnw.net/jtv_user_pictures/redbluefanatic1846-profile_image-32b018413ecf47a2-150x150.png?imenable=1&impolicy=user-profile-picture&imwidth=100","75956","Redbluefanatic1846","65610","6180","29","10","667","181","276","false","true","German","Redbluefanatic1846"
"https://static-cdn.jtvnw.net/jtv_user_pictures/deathduskfps-profile_image-345f0c99ea784fa2-150x150.jpeg?imenable=1&impolicy=user-profile-picture&imwidth=100","75957","DeathduskFPS","90","105","2","0","667","-1","3","false","false","English","DeathduskFPS"
"https://static-cdn.jtvnw.net/jtv_user_pictures/6f0911a3-a9da-436d-a33c-0f5f22dbb754-profile_image-150x150.png?imenable=1&impolicy=user-profile-picture&imwidth=100","75958","bwty2","6990","1425","19","4","667","6","41","false","false","English","bwty2"
"https://static-cdn.jtvnw.net/jtv_user_pictures/quantumae-profile_image-bba6fc985cd3c4f2-150x150.png?imenable=1&impolicy=user-profile-picture&imwidth=100","75959","QuantumAE","32835","8070","19","3","667","67","350","false","false","English","QuantumAE"
"https://static-cdn.jtvnw.net/jtv_user_pictures/e2c382f3-a9be-400b-ae85-101d34bf565e-profile_image-150x150.png?imenable=1&impolicy=user-profile-picture&imwidth=100","75960","Joypad","45","45","1","1","667","0","1","false","false","French","Joypad"
"https://static-cdn.jtvnw.net/jtv_user_pictures/fde91f29-ecd5-4576-b839-d344c44aece9-profile_image-150x150.jpg?imenable=1&impolicy=user-profile-picture&imwidth=100","75961","hibberz","2055","1125","8","1","667","1","59","false","true","English","hibberz"
"https://static-cdn.jtvnw.net/jtv_user_pictures/tuskvision-profile_image-81c36bbc02efcb5b-150x150.png?imenable=1&impolicy=user-profile-picture&imwidth=100","75962","TuskVision","14880","810","40","17","667","23","94","false","true","English","TuskVision"
"https://static-cdn.jtvnw.net/jtv_user_pictures/k4kicks-profile_image-59d4aceb687686fb-150x150.jpeg?imenable=1&impolicy=user-profile-picture&imwidth=100","75963","K4kicks","390","600","4","0","667","-5","4","false","true","English","K4kicks"
"https://static-cdn.jtvnw.net/jtv_user_pictures/trickystorm-profile_image-66bcd1eb119dbff8-150x150.jpeg?imenable=1&impolicy=user-profile-picture&imwidth=100","75964","TrickyStorm","23145","6900","40","2","667","82","137","false","false","French","TrickyStorm"
"https://static-cdn.jtvnw.net/jtv_user_pictures/199b6add-8f16-4a26-84cc-349e3f594a9f-profile_image-150x150.png?imenable=1&impolicy=user-profile-picture&imwidth=100","75965","RicaRS39","4140","660","11","5","667","-3","15","false","true","English","RicaRS39"
"https://static-cdn.jtvnw.net/jtv_user_pictures/5d4c0afd-5371-41e0-8bd6-25bf4918828b-profile_image-150x150.png?imenable=1&impolicy=user-profile-picture&imwidth=100","75966","BroKnives","9315","5760","21","1","667","32","48","false","true","English","BroKnives"
"https://static-cdn.jtvnw.net/jtv_user_pictures/7ea3172e-848b-4194-8460-7124ae9a6758-profile_image-150x150.png?imenable=1&impolicy=user-profile-picture&imwidth=100","75967","bigpeez","2205","1800","9","0","667","6","30","false","false","English","bigpeez"
"https://static-cdn.jtvnw.net/jtv_user_pictures/fab715fb50881ce8-profile_image-150x150.png?imenable=1&impolicy=user-profile-picture&imwidth=100","75968","waldgaist","435","435","2","0","667","0","3","false","false","English","waldgaist"
"https://static-cdn.jtvnw.net/jtv_user_pictures/9cd1f376-773e-452d-8aaa-b5f56ade4615-profile_image-150x150.jpg?imenable=1&impolicy=user-profile-picture&imwidth=100","75969","Alyeesia","60","45","2","1","666","0","0","false","false","Spanish","Alyeesia"
"https://static-cdn.jtvnw.net/jtv_user_pictures/usachevshow-profile_image-dbffbf9501886527-150x150.jpeg?imenable=1&impolicy=user-profile-picture&imwidth=100","75970","UsachevShow","165","30","8","5","666","2","12","false","false","English","UsachevShow"
"https://static-cdn.jtvnw.net/jtv_user_pictures/oatmealrl-profile_image-a5714c43a95125bc-150x150.png?imenable=1&impolicy=user-profile-picture&imwidth=100","75971","OatmealRL","1020","345","6","2","666","2","10","false","false","English","OatmealRL"
"https://static-cdn.jtvnw.net/jtv_user_pictures/3a0bade8-dba0-4bcd-ba74-ec4bdd6da0bb-profile_image-150x150.jpg?imenable=1&impolicy=user-profile-picture&imwidth=100","75972","TR4VIS","0","15","0","0","666","0","0","false","true","English","TR4VIS"
"https://static-cdn.jtvnw.net/jtv_user_pictures/d02194fb-81c3-4963-b3c8-4d95d8333b07-profile_image-150x150.png?imenable=1&impolicy=user-profile-picture&imwidth=100","75973","Peneru","225","75","5","3","666","2","9","false","false","French","Peneru"
"https://static-cdn.jtvnw.net/jtv_user_pictures/rokidoo-profile_image-d13f1fe5b3b0a7c0-150x150.jpeg?imenable=1&impolicy=user-profile-picture&imwidth=100","75974","Rokidoo","0","45","0","0","666","0","0","false","false","Russian","Rokidoo"
"https://static-cdn.jtvnw.net/jtv_user_pictures/9ed33867-6c12-4276-84f6-3c7518e56666-profile_image-150x150.png?imenable=1&impolicy=user-profile-picture&imwidth=100","75975","axelvader33","0","90","0","0","666","0","0","false","false","English","axelvader33"
"https://static-cdn.jtvnw.net/jtv_user_pictures/icedsteaz-profile_image-40b2c03b222bc26f-150x150.jpeg?imenable=1&impolicy=user-profile-picture&imwidth=100","75976","IcedSteaz","4455","3315","19","0","666","5","73","false","false","English","IcedSteaz"
"https://static-cdn.jtvnw.net/jtv_user_pictures/1a1d9a3b-2b9f-435f-95f9-a6bec3499cf5-profile_image-150x150.jpg?imenable=1&impolicy=user-profile-picture&imwidth=100","75977","TOKYOBAT","870","450","6","1","666","8","12","false","true","English","TOKYOBAT"
"https://static-cdn.jtvnw.net/jtv_user_pictures/fdcba3a8-7e2d-41d5-a7a9-7b0b130efdef-profile_image-150x150.jpg?imenable=1&impolicy=user-profile-picture&imwidth=100","75978","skitsou","225","180","4","1","666","0","4","false","false","Korean","skitsou"
"https://static-cdn.jtvnw.net/jtv_user_pictures/bc1076e2f224f580-profile_image-150x150.jpeg?imenable=1&impolicy=user-profile-picture&imwidth=100","75979","FIRSTLADY928","45075","5550","68","7","666","439","242","false","true","English","FIRSTLADY928"
"https://static-cdn.jtvnw.net/jtv_user_pictures/8adba7ce-effd-4037-88b4-bb65fa4aebb8-profile_image-150x150.png?imenable=1&impolicy=user-profile-picture&imwidth=100","75980","trestonwht","405","510","3","0","666","1","2","false","true","English","trestonwht"
"https://static-cdn.jtvnw.net/jtv_user_pictures/9698d94e-d878-43f5-b475-cd4bab981a9f-profile_image-150x150.png?imenable=1&impolicy=user-profile-picture&imwidth=100","75981","serafimaelf","45510","7095","49","5","666","134","2018","false","false","Russian","serafimaelf"
"https://static-cdn.jtvnw.net/jtv_user_pictures/demonjohn51-profile_image-168772860e24e575-150x150.jpeg?imenable=1&impolicy=user-profile-picture&imwidth=100","75982","Demonjohn51","765","180","8","4","666","5","11","false","false","English","Demonjohn51"
"https://static-cdn.jtvnw.net/jtv_user_pictures/ca31bc66-dc88-4739-8f0b-0b471274348a-profile_image-150x150.png?imenable=1&impolicy=user-profile-picture&imwidth=100","75983","oktofficial","35580","2070","69","16","666","60","1051","false","false","Korean","oktofficial"
"https://static-cdn.jtvnw.net/jtv_user_pictures/momopeaches-profile_image-c0907c33843d65be-150x150.jpeg?imenable=1&impolicy=user-profile-picture&imwidth=100","75984","momopeaches","14115","2775","25","4","666","18","177","false","true","English","momopeaches"
"https://static-cdn.jtvnw.net/jtv_user_pictures/4ad46483-782d-45ca-9923-32e883d1656a-profile_image-150x150.png?imenable=1&impolicy=user-profile-picture&imwidth=100","75985","CLASSlC","0","15","0","0","666","0","0","false","true","English","CLASSlC"
"https://static-cdn.jtvnw.net/jtv_user_pictures/04e3ceb3-fdbc-496d-a71b-f5b4ecd5491e-profile_image-150x150.png?imenable=1&impolicy=user-profile-picture&imwidth=100","75986","Mr_Tui","0","30","0","0","666","0","0","false","true","English","Mr_Tui"
"https://static-cdn.jtvnw.net/jtv_user_pictures/0956b1abcaf0b11e-profile_image-150x150.png?imenable=1&impolicy=user-profile-picture&imwidth=100","75987","Blocked","6975","3570","9","1","666","32","29","false","true","English","Blocked"
"https://static-cdn.jtvnw.net/jtv_user_pictures/franchalcoba-profile_image-8937427a35388384-150x150.png?imenable=1&impolicy=user-profile-picture&imwidth=100","75988","Franchalcoba","5940","1800","29","2","666","29","413","false","false","Spanish","Franchalcoba"
"https://static-cdn.jtvnw.net/jtv_user_pictures/gully607-profile_image-3e9decbded5e0381-150x150.jpeg?imenable=1&impolicy=user-profile-picture&imwidth=100","75989","gully607","5415","435","59","12","666","-2","4","false","true","English","gully607"
"https://static-cdn.jtvnw.net/jtv_user_pictures/longgonefor12-profile_image-9b0f7b69621e7fe4-150x150.jpeg?imenable=1&impolicy=user-profile-picture&imwidth=100","75990","Longgonefor12","64260","1770","134","35","666","157","1401","false","false","English","Longgonefor12"
"https://static-cdn.jtvnw.net/jtv_user_pictures/therealgoingbig-profile_image-8964809247b18fe8-150x150.png?imenable=1&impolicy=user-profile-picture&imwidth=100","75991","TheRealGoingBig","6840","3570","5","1","666","11","8","false","false","English","TheRealGoingBig"
"https://static-cdn.jtvnw.net/jtv_user_pictures/b7c643e9-1512-407c-9f64-995fed3c3b5e-profile_image-150x150.png?imenable=1&impolicy=user-profile-picture&imwidth=100","75992","BlackGuardiansTwitch","30000","2925","79","9","666","136","472","false","false","Italian","BlackGuardiansTwitch"
"https://static-cdn.jtvnw.net/jtv_user_pictures/94403b06-c389-42b1-9734-90ae40c6df12-profile_image-150x150.png?imenable=1&impolicy=user-profile-picture&imwidth=100","75993","wheresmyviagra","5910","645","22","8","666","114","45","false","false","English","wheresmyviagra"
"https://static-cdn.jtvnw.net/jtv_user_pictures/47f05947-c3d0-4988-b87e-e803cac6fb27-profile_image-150x150.png?imenable=1&impolicy=user-profile-picture&imwidth=100","75994","Illuminator1210","3465","960","7","3","666","9","14","false","true","English","Illuminator1210"
"https://static-cdn.jtvnw.net/jtv_user_pictures/jsnags_-profile_image-fe216016bde9b3a9-150x150.jpeg?imenable=1&impolicy=user-profile-picture&imwidth=100","75995","jSNAGs_","75","15","5","5","666","0","0","false","false","English","jSNAGs_"
"https://static-cdn.jtvnw.net/jtv_user_pictures/e18bff65-ada9-4e41-8caf-a64ca07cca19-profile_image-150x150.png?imenable=1&impolicy=user-profile-picture&imwidth=100","75996","MythicNJA","270","135","4","1","666","-1","2","false","false","English","MythicNJA"
"https://static-cdn.jtvnw.net/jtv_user_pictures/chri7090-profile_image-5f8556b56e3e775c-150x150.jpeg?imenable=1&impolicy=user-profile-picture&imwidth=100","75997","Chri7090","90","60","3","1","666","1","1","false","false","English","Chri7090"
"https://static-cdn.jtvnw.net/jtv_user_pictures/d54cae76-c6fa-4fc5-8f9b-ef33ebe7657f-profile_image-150x150.png?imenable=1&impolicy=user-profile-picture&imwidth=100","75998","schizopph","2055","525","10","3","666","8","124","false","false","Turkish","schizopph"
"https://static-cdn.jtvnw.net/jtv_user_pictures/4d686217-d73b-49f4-9437-b710558e2221-profile_image-150x150.png?imenable=1&impolicy=user-profile-picture&imwidth=100","75999","Frodo_86","90","30","4","3","666","0","0","false","true","English","Frodo_86"
"https://static-cdn.jtvnw.net/jtv_user_pictures/8a9e010b-58fe-4a93-96d4-13a373db0681-profile_image-150x150.png?imenable=1&impolicy=user-profile-picture&imwidth=100","76000","Nathair_IRE","1455","840","6","1","666","7","28","false","false","English","Nathair_IRE"