"","","Channel","Watch time","Stream time","Peak viewers","Average viewers","Followers","Followers gained","Views gained","Partnered","Mature","Language",""
"https://static-cdn.jtvnw.net/jtv_user_pictures/syrus420-profile_image-5153f87bf5acae0c-150x150.jpeg?imenable=1&impolicy=user-profile-picture&imwidth=100","61901","Syrus420","15","75","1","0","945","-5","0","false","true","English","Syrus420"
"https://static-cdn.jtvnw.net/jtv_user_pictures/uselesshobo-profile_image-16b66f5c73671001-150x150.png?imenable=1&impolicy=user-profile-picture&imwidth=100","61902","UselessHobo","58110","1740","201","33","945","93","290","false","true","English","UselessHobo"
"https://static-cdn.jtvnw.net/jtv_user_pictures/epokalips34-profile_image-190426fc6b74c9a9-150x150.png?imenable=1&impolicy=user-profile-picture&imwidth=100","61903","EpoKalips34","1170","330","10","3","945","7","37","false","false","French","EpoKalips34"
"https://static-cdn.jtvnw.net/jtv_user_pictures/ad8d10f1-3a3a-4f03-a4d3-bc3c0ce5b64d-profile_image-150x150.png?imenable=1&impolicy=user-profile-picture&imwidth=100","61904","jorjefn","120","105","4","0","945","1","3","false","false","English","jorjefn"
"https://static-cdn.jtvnw.net/jtv_user_pictures/ddaaa290-5393-435a-912e-acbf5d0d99b0-profile_image-150x150.png?imenable=1&impolicy=user-profile-picture&imwidth=100","61905","unnoticed01","31245","6990","15","3","945","131","186","false","true","English","unnoticed01"
"https://static-cdn.jtvnw.net/jtv_user_pictures/breadnbuttergames-profile_image-dfbaa1a93f03c13e-150x150.png?imenable=1&impolicy=user-profile-picture&imwidth=100","61906","BreadnButterGames","5505","1170","17","4","945","9","53","false","false","English","BreadnButterGames"
"https://static-cdn.jtvnw.net/jtv_user_pictures/9a7642f0-83fe-4a95-b7be-d9d39e6b54a3-profile_image-150x150.jpeg?imenable=1&impolicy=user-profile-picture&imwidth=100","61907","Halogan_","420","285","4","1","945","2","15","false","true","English","Halogan_"
"https://static-cdn.jtvnw.net/jtv_user_pictures/hurricane1234-profile_image-81ef4d58c66afd18-150x150.jpeg?imenable=1&impolicy=user-profile-picture&imwidth=100","61908","Hurricane1234","1290","165","16","7","945","-1","69","false","false","Chinese","Hurricane1234"
"https://static-cdn.jtvnw.net/jtv_user_pictures/670f2504-1903-48d9-affd-223e9fc9b537-profile_image-150x150.png?imenable=1&impolicy=user-profile-picture&imwidth=100","61909","angelosoo","3690","2370","5","1","945","12","3","false","false","English","angelosoo"
"https://static-cdn.jtvnw.net/jtv_user_pictures/sinuyan-profile_image-c7497ef06aae7818-150x150.jpeg?imenable=1&impolicy=user-profile-picture&imwidth=100","61910","Sinuyan","1680","240","12","7","945","1","10","false","false","English","Sinuyan"
"https://static-cdn.jtvnw.net/jtv_user_pictures/ca595ac2-0231-4db0-82ff-d54355ded9bd-profile_image-150x150.png?imenable=1&impolicy=user-profile-picture&imwidth=100","61911","Dogballz","77040","3060","42","24","945","44","493","false","false","English","Dogballz"
"https://static-cdn.jtvnw.net/jtv_user_pictures/75d90d38-9f65-4478-b34e-803f021c11da-profile_image-150x150.png?imenable=1&impolicy=user-profile-picture&imwidth=100","61912","B0086","30","30","2","1","945","0","0","false","true","English","B0086"
"https://static-cdn.jtvnw.net/jtv_user_pictures/2fd76478-fd1a-41fe-8a72-f7ea451159bf-profile_image-150x150.jpeg?imenable=1&impolicy=user-profile-picture&imwidth=100","61913","HaruNee19","3600","765","15","4","945","11","104","false","false","Japanese","HaruNee19"
"https://static-cdn.jtvnw.net/jtv_user_pictures/bcdb9106-5a0a-4eb9-b8b1-551f8f996231-profile_image-150x150.png?imenable=1&impolicy=user-profile-picture&imwidth=100","61914","ValsNoisyToys","10335","4455","12","1","945","10","191","false","false","English","ValsNoisyToys"
"https://static-cdn.jtvnw.net/jtv_user_pictures/d02acc8e-e11c-4ec9-8970-435df830281f-profile_image-150x150.png?imenable=1&impolicy=user-profile-picture&imwidth=100","61915","sydneyyzombiee","4725","1365","12","3","945","12","39","false","true","English","sydneyyzombiee"
"https://static-cdn.jtvnw.net/jtv_user_pictures/3e23ab61-62e2-4d11-8e3a-0630cf44c05d-profile_image-150x150.png?imenable=1&impolicy=user-profile-picture&imwidth=100","61916","LordShadow27","0","30","0","0","945","0","0","false","false","English","LordShadow27"
"https://static-cdn.jtvnw.net/jtv_user_pictures/13c28065-6de6-4e1d-bd23-41aff9a80303-profile_image-150x150.png?imenable=1&impolicy=user-profile-picture&imwidth=100","61917","Mstr_Snake","21240","3525","24","5","945","11","169","false","true","English","Mstr_Snake"
"https://static-cdn.jtvnw.net/jtv_user_pictures/iipowerll-profile_image-d790ead0739bdce4-150x150.png?imenable=1&impolicy=user-profile-picture&imwidth=100","61918","IIPoWeRll","1980","285","14","6","945","2","45","false","false","Spanish","IIPoWeRll"
"https://static-cdn.jtvnw.net/jtv_user_pictures/roguzo-profile_image-e3c85602dd7b1ced-150x150.png?imenable=1&impolicy=user-profile-picture&imwidth=100","61919","Roguzo","39735","3960","21","9","945","25","228","false","false","Finnish","Roguzo"
"https://static-cdn.jtvnw.net/jtv_user_pictures/dde86afa-b8ca-42dc-af4f-86013780056a-profile_image-150x150.png?imenable=1&impolicy=user-profile-picture&imwidth=100","61920","MilbeHirsch","41700","4545","47","8","945","89","859","false","true","German","MilbeHirsch"
"https://static-cdn.jtvnw.net/jtv_user_pictures/mrsneeky-profile_image-930d1ecf73f3c60b-150x150.png?imenable=1&impolicy=user-profile-picture&imwidth=100","61921","MrSneeky","71415","4350","83","15","945","145","890","false","false","German","MrSneeky"
"https://static-cdn.jtvnw.net/jtv_user_pictures/sarcastics_sloth-profile_image-c31542b2841469e1-150x150.jpeg?imenable=1&impolicy=user-profile-picture&imwidth=100","61922","sarcastics_sloth","89055","10635","176","7","945","83","100","false","true","English","sarcastics_sloth"
"https://static-cdn.jtvnw.net/jtv_user_pictures/ec54f079-38b2-4d7f-b9da-d3620c6599ed-profile_image-150x150.png?imenable=1&impolicy=user-profile-picture&imwidth=100","61923","Daltonime","1110","435","10","1","944","4","29","false","true","English","Daltonime"
"https://static-cdn.jtvnw.net/jtv_user_pictures/seijocsgo-profile_image-740c04fa4e2f2d6d-150x150.jpeg?imenable=1&impolicy=user-profile-picture&imwidth=100","61924","seijocsgo","915","360","6","2","944","5","23","false","false","English","seijocsgo"
"https://static-cdn.jtvnw.net/jtv_user_pictures/51476b69-08e6-46f8-9efb-6bf9df777333-profile_image-150x150.png?imenable=1&impolicy=user-profile-picture&imwidth=100","61925","hackirima","1725","1755","6","0","944","17","107","false","true","English","hackirima"
"https://static-cdn.jtvnw.net/jtv_user_pictures/f54d8722-25eb-43cf-afce-70f623c2b57c-profile_image-150x150.png?imenable=1&impolicy=user-profile-picture&imwidth=100","61926","Trigg3r_TV","75","315","1","0","944","1","10","false","true","German","Trigg3r_TV"
"https://static-cdn.jtvnw.net/jtv_user_pictures/gublin-profile_image-23a6eae2e28d89ec-150x150.jpeg?imenable=1&impolicy=user-profile-picture&imwidth=100","61927","Gublin","16080","1800","41","8","944","112","592","false","true","Spanish","Gublin"
"https://static-cdn.jtvnw.net/jtv_user_pictures/53d87c72-b8e9-4b94-8e03-71fd2cd23091-profile_image-150x150.png?imenable=1&impolicy=user-profile-picture&imwidth=100","61928","venaesport","154635","3555","255","43","944","287","5863","false","false","Turkish","venaesport"
"https://static-cdn.jtvnw.net/jtv_user_pictures/63e5336b-525d-4a1f-8722-ccc173bd91e7-profile_image-150x150.png?imenable=1&impolicy=user-profile-picture&imwidth=100","61929","ArchangelMike21","7695","945","15","7","944","3","19","false","true","English","ArchangelMike21"
"https://static-cdn.jtvnw.net/jtv_user_pictures/greypeace-profile_image-f17d61786bc88e9c-150x150.jpeg?imenable=1&impolicy=user-profile-picture&imwidth=100","61930","GreyPeace","1635","585","7","2","944","2","19","false","false","Russian","GreyPeace"
"https://static-cdn.jtvnw.net/jtv_user_pictures/sheyka2-profile_image-9537ee5584aee752-150x150.png?imenable=1&impolicy=user-profile-picture&imwidth=100","61931","Sheyka2","60","60","2","1","944","0","0","false","false","English","Sheyka2"
"https://static-cdn.jtvnw.net/jtv_user_pictures/primi_tive-profile_image-97c3cc68bb8e5e24-150x150.jpeg?imenable=1&impolicy=user-profile-picture&imwidth=100","61932","Primi_Tive","90","90","3","1","944","0","0","false","false","English","Primi_Tive"
"https://static-cdn.jtvnw.net/jtv_user_pictures/mmostars-profile_image-7ae16d4e3a77dd63-150x150.jpeg?imenable=1&impolicy=user-profile-picture&imwidth=100","61933","MMOStars","65790","1470","66","44","944","272","141","false","false","English","MMOStars"
"https://static-cdn.jtvnw.net/user-default-pictures-uv/75305d54-c7cc-40d1-bb9c-91fbe85943c7-profile_image-150x150.png?imenable=1&impolicy=user-profile-picture&imwidth=100","61934","koolman786","2370","2655","4","0","944","10","20","false","false","English","koolman786"
"https://static-cdn.jtvnw.net/user-default-pictures/49988c7b-57bc-4dee-bd4f-6df4ad215d3a-profile_image-150x150.jpg?imenable=1&impolicy=user-profile-picture&imwidth=100","61935","JResorb","750","315","6","2","944","2","4","false","true","English","JResorb"
"https://static-cdn.jtvnw.net/jtv_user_pictures/coreymx20-profile_image-1288bcd1bf11de5b-150x150.png?imenable=1&impolicy=user-profile-picture&imwidth=100","61936","CoreyMx20","15","30","1","0","944","0","0","false","false","English","CoreyMx20"
"https://static-cdn.jtvnw.net/jtv_user_pictures/39098f8f-88d8-47b3-82d8-4bf44bf2bd11-profile_image-150x150.png?imenable=1&impolicy=user-profile-picture&imwidth=100","61937","bumchka","5535","750","16","7","944","8","140","false","false","Russian","bumchka"
"https://static-cdn.jtvnw.net/jtv_user_pictures/8c881121-2772-4f92-960b-74726adc415b-profile_image-150x150.png?imenable=1&impolicy=user-profile-picture&imwidth=100","61938","Xvate","60","60","1","1","944","0","5","false","true","English","Xvate"
"https://static-cdn.jtvnw.net/jtv_user_pictures/g_man_0527-profile_image-fced7c48fe085f1f-150x150.jpeg?imenable=1&impolicy=user-profile-picture&imwidth=100","61939","G_man_0527","15","120","1","0","944","0","0","false","false","English","G_man_0527"
"https://static-cdn.jtvnw.net/jtv_user_pictures/a16c6b2218d28f06-profile_image-150x150.jpeg?imenable=1&impolicy=user-profile-picture&imwidth=100","61940","Eveze","75","1650","3","0","944","0","19","false","true","Russian","Eveze"
"https://static-cdn.jtvnw.net/jtv_user_pictures/00333c444aa8c542-profile_image-150x150.jpeg?imenable=1&impolicy=user-profile-picture&imwidth=100","61941","xgonn_tv","915","225","9","4","944","1","15","false","false","Spanish","xgonn_tv"
"https://static-cdn.jtvnw.net/jtv_user_pictures/b0d50f2e-8142-4eb2-8791-159ef662bf52-profile_image-150x150.png?imenable=1&impolicy=user-profile-picture&imwidth=100","61942","kaneoMT","0","15","0","0","944","0","0","false","false","English","kaneoMT"
"https://static-cdn.jtvnw.net/jtv_user_pictures/c023099a-a75f-4673-8364-fae0c32cd74c-profile_image-150x150.png?imenable=1&impolicy=user-profile-picture&imwidth=100","61943","DisplaceGamer","1035","180","9","5","944","1","1","false","true","English","DisplaceGamer"
"https://static-cdn.jtvnw.net/jtv_user_pictures/7a01174a-1baf-4490-b0d0-6034924840f0-profile_image-150x150.png?imenable=1&impolicy=user-profile-picture&imwidth=100","61944","Starcrunsher","53940","5070","26","10","944","57","464","false","true","German","Starcrunsher"
"https://static-cdn.jtvnw.net/jtv_user_pictures/76b53d01b6bd0874-profile_image-150x150.jpeg?imenable=1&impolicy=user-profile-picture&imwidth=100","61945","VietKongTV","18405","1305","55","13","944","-254","388","false","true","German","VietKongTV"
"https://static-cdn.jtvnw.net/jtv_user_pictures/mrsgtslugger-profile_image-21aff33341717b7a-150x150.jpeg?imenable=1&impolicy=user-profile-picture&imwidth=100","61946","MrSgtSlugger","28800","3135","19","8","944","47","253","false","false","English","MrSgtSlugger"
"https://static-cdn.jtvnw.net/jtv_user_pictures/948f77c2-af12-4246-9322-d3fcc9844d4b-profile_image-150x150.png?imenable=1&impolicy=user-profile-picture&imwidth=100","61947","MetsuRJKen","810","390","5","1","944","4","10","false","true","English","MetsuRJKen"
"https://static-cdn.jtvnw.net/jtv_user_pictures/dcenttt-profile_image-099583cb306bd17e-150x150.png?imenable=1&impolicy=user-profile-picture&imwidth=100","61948","Dcenttt","52500","11535","22","3","944","133","470","false","false","English","Dcenttt"
"https://static-cdn.jtvnw.net/jtv_user_pictures/3704a7ea-c08a-43fa-aafd-dc1faadfc0a8-profile_image-150x150.png?imenable=1&impolicy=user-profile-picture&imwidth=100","61949","TommyGottaGun","4365","2430","7","1","944","22","14","false","true","English","TommyGottaGun"
"https://static-cdn.jtvnw.net/jtv_user_pictures/thrax33-profile_image-06ba5b482b1ed2d9-150x150.jpeg?imenable=1&impolicy=user-profile-picture&imwidth=100","61950","Thrax33","20535","6915","11","2","944","22","89","false","true","English","Thrax33"
"https://static-cdn.jtvnw.net/jtv_user_pictures/23ce06a1-d106-4e1b-be89-f3f05e2a13bf-profile_image-150x150.png?imenable=1&impolicy=user-profile-picture&imwidth=100","61951","Foggiestbroom73","3735","2535","12","1","944","19","25","false","false","English","Foggiestbroom73"
"https://static-cdn.jtvnw.net/jtv_user_pictures/chronox008-profile_image-7531e94708c0b974-150x150.jpeg?imenable=1&impolicy=user-profile-picture&imwidth=100","61952","chronox008","26175","675","119","38","944","41","797","false","false","Portuguese","chronox008"
"https://static-cdn.jtvnw.net/jtv_user_pictures/cd71b42a83557114-profile_image-150x150.png?imenable=1&impolicy=user-profile-picture&imwidth=100","61953","JAREX2382","2430","3555","7","0","944","17","76","false","true","Spanish","JAREX2382"
"https://static-cdn.jtvnw.net/jtv_user_pictures/391420b6-990d-41d2-b149-edf0730a5788-profile_image-150x150.png?imenable=1&impolicy=user-profile-picture&imwidth=100","61954","Psychotik_TV","5370","945","12","5","944","2","29","false","true","English","Psychotik_TV"
"https://static-cdn.jtvnw.net/jtv_user_pictures/olgametw-profile_image-21c16902c8d8c255-150x150.jpeg?imenable=1&impolicy=user-profile-picture&imwidth=100","61955","優依 (olgametw)","16485","390","116","42","944","31","4771","false","false","Chinese","優依 (olgametw)"
"https://static-cdn.jtvnw.net/jtv_user_pictures/80a8df232d5818a8-profile_image-150x150.jpeg?imenable=1&impolicy=user-profile-picture&imwidth=100","61956","ZakairSevenfold","420","525","7","0","944","1","1","false","false","English","ZakairSevenfold"
"https://static-cdn.jtvnw.net/jtv_user_pictures/veylaa-profile_image-08d966078fb07644-150x150.jpeg?imenable=1&impolicy=user-profile-picture&imwidth=100","61957","Veylaa","58305","3360","439","17","944","210","251","false","false","English","Veylaa"
"https://static-cdn.jtvnw.net/jtv_user_pictures/1f733734fc3e0378-profile_image-150x150.png?imenable=1&impolicy=user-profile-picture&imwidth=100","61958","Flaose","18420","1065","29","16","944","25","73","false","false","English","Flaose"
"https://static-cdn.jtvnw.net/jtv_user_pictures/a4586b39-7ca2-4dbf-8e0e-9b76db78007c-profile_image-150x150.png?imenable=1&impolicy=user-profile-picture&imwidth=100","61959","Beaker588","4710","1365","9","2","944","2","28","false","true","English","Beaker588"
"https://static-cdn.jtvnw.net/jtv_user_pictures/agetec-profile_image-ce57e544c2147115-150x150.png?imenable=1&impolicy=user-profile-picture&imwidth=100","61960","Agetec","66705","10320","21","6","944","46","376","false","true","English","Agetec"
"https://static-cdn.jtvnw.net/jtv_user_pictures/cronaldogo113-profile_image-e5ed9e83c0ed7ee9-150x150.jpeg?imenable=1&impolicy=user-profile-picture&imwidth=100","61961","Cronaldogo113","21780","2655","27","7","944","107","307","false","false","Spanish","Cronaldogo113"
"https://static-cdn.jtvnw.net/jtv_user_pictures/01426def-9c7a-450a-a017-d7612a9eb20c-profile_image-150x150.png?imenable=1&impolicy=user-profile-picture&imwidth=100","61962","rotar82","53505","4845","30","10","944","168","811","false","true","Italian","rotar82"
"https://static-cdn.jtvnw.net/jtv_user_pictures/cfe583e2-6db9-46b7-979c-4bce520ecf5f-profile_image-150x150.png?imenable=1&impolicy=user-profile-picture&imwidth=100","61963","MisterTinker","15525","1815","82","8","944","35","152","false","true","English","MisterTinker"
"https://static-cdn.jtvnw.net/jtv_user_pictures/45ac2c4d-7a3c-49dd-8005-9b014af9f0f2-profile_image-150x150.png?imenable=1&impolicy=user-profile-picture&imwidth=100","61964","LilThiar","765","495","4","1","943","1","40","false","false","Portuguese","LilThiar"
"https://static-cdn.jtvnw.net/jtv_user_pictures/819d302a-36d0-43c4-814e-d8768ba46e9e-profile_image-150x150.png?imenable=1&impolicy=user-profile-picture&imwidth=100","61965","Janx_","105","45","3","2","943","0","0","false","true","English","Janx_"
"https://static-cdn.jtvnw.net/jtv_user_pictures/4605e2ab-2f30-4aaf-982b-ad461e49985d-profile_image-150x150.jpeg?imenable=1&impolicy=user-profile-picture&imwidth=100","61966","deezadams","2820","540","9","4","943","24","50","false","false","English","deezadams"
"https://static-cdn.jtvnw.net/jtv_user_pictures/b220ac8d-6f03-4cf9-abf9-ef6b5073322f-profile_image-150x150.jpg?imenable=1&impolicy=user-profile-picture&imwidth=100","61967","Jin_Soo","330","120","5","2","943","2","11","false","false","French","Jin_Soo"
"https://static-cdn.jtvnw.net/jtv_user_pictures/metakin-profile_image-61f5fe88a8b529e6-150x150.jpeg?imenable=1&impolicy=user-profile-picture&imwidth=100","61968","MetaKin","330","135","3","2","943","1","13","false","true","Spanish","MetaKin"
"https://static-cdn.jtvnw.net/jtv_user_pictures/ce9dfdb59b1faabe-profile_image-150x150.jpeg?imenable=1&impolicy=user-profile-picture&imwidth=100","61969","ChocoNanaKens","1890","900","6","1","943","-2","6","false","false","English","ChocoNanaKens"
"https://static-cdn.jtvnw.net/jtv_user_pictures/25ad1ee4-0a04-4526-9e7e-f844607fd613-profile_image-150x150.png?imenable=1&impolicy=user-profile-picture&imwidth=100","61970","bjorkman","22635","4815","18","4","943","140","428","false","false","English","bjorkman"
"https://static-cdn.jtvnw.net/jtv_user_pictures/duneee-profile_image-385e37976681f608-150x150.jpeg?imenable=1&impolicy=user-profile-picture&imwidth=100","61971","duneee","1350","495","7","2","943","4","5","false","false","English","duneee"
"https://static-cdn.jtvnw.net/jtv_user_pictures/7e64d5c1-85b5-4a4a-9b19-5bae50503d58-profile_image-150x150.png?imenable=1&impolicy=user-profile-picture&imwidth=100","61972","smokeyna","120","135","1","0","943","0","0","false","false","English","smokeyna"
"https://static-cdn.jtvnw.net/jtv_user_pictures/b776e229-c3bd-44b2-ab31-6e9ae8e932ab-profile_image-150x150.png?imenable=1&impolicy=user-profile-picture&imwidth=100","61973","ifadedcoffee","1500","435","9","3","943","15","295","false","true","Portuguese","ifadedcoffee"
"https://static-cdn.jtvnw.net/jtv_user_pictures/mutatie-profile_image-333b78c57f1d5383-150x150.png?imenable=1&impolicy=user-profile-picture&imwidth=100","61974","mutatie","30705","7770","27","3","943","71","226","false","false","Dutch","mutatie"
"https://static-cdn.jtvnw.net/jtv_user_pictures/rockdawg12-profile_image-75060837b1d29be5-150x150.jpeg?imenable=1&impolicy=user-profile-picture&imwidth=100","61975","rockdawg12","105","225","4","0","943","3","5","false","false","English","rockdawg12"
"https://static-cdn.jtvnw.net/jtv_user_pictures/momo99m-profile_image-563415f8a8b26d15-150x150.jpeg?imenable=1&impolicy=user-profile-picture&imwidth=100","61976","Momo99m","60","60","2","0","943","2","33","false","true","German","Momo99m"
"https://static-cdn.jtvnw.net/jtv_user_pictures/fa4b5556-2052-478a-8448-3c220cd1630a-profile_image-150x150.png?imenable=1&impolicy=user-profile-picture&imwidth=100","61977","M4sT3RXz","120","165","2","0","943","0","8","false","false","Spanish","M4sT3RXz"
"https://static-cdn.jtvnw.net/jtv_user_pictures/e556df4f-72f8-4c49-bcf2-e4c9fdea7b65-profile_image-150x150.jpg?imenable=1&impolicy=user-profile-picture&imwidth=100","61978","UnluckyFazy","240","195","2","1","943","3","34","false","false","English","UnluckyFazy"
"https://static-cdn.jtvnw.net/jtv_user_pictures/cbcc044cce1b7f79-profile_image-150x150.jpeg?imenable=1&impolicy=user-profile-picture&imwidth=100","61979","KaostarTheWussy","2550","1620","5","1","943","2","23","false","true","English","KaostarTheWussy"
"https://static-cdn.jtvnw.net/jtv_user_pictures/captain_trina-profile_image-9a746850f21e77c3-150x150.jpeg?imenable=1&impolicy=user-profile-picture&imwidth=100","61980","Captain_Trina","23205","1335","37","16","943","53","170","false","true","English","Captain_Trina"
"https://static-cdn.jtvnw.net/jtv_user_pictures/ohhhhmayne-profile_image-a7130e0b1fc42f32-150x150.jpeg?imenable=1&impolicy=user-profile-picture&imwidth=100","61981","ohhhhmayne","11325","3015","25","3","943","18","55","false","true","English","ohhhhmayne"
"https://static-cdn.jtvnw.net/jtv_user_pictures/8daffabe-0622-41a2-827d-b09ad54c3875-profile_image-150x150.png?imenable=1&impolicy=user-profile-picture&imwidth=100","61982","Mii_Moose","420","180","3","2","943","-1","0","false","false","English","Mii_Moose"
"https://static-cdn.jtvnw.net/jtv_user_pictures/4929d595-fcbb-4ef0-a45f-7c5a0fa5bc27-profile_image-150x150.png?imenable=1&impolicy=user-profile-picture&imwidth=100","61983","silent1rl","60","60","1","1","943","0","1","false","true","English","silent1rl"
"https://static-cdn.jtvnw.net/jtv_user_pictures/4dda0610-131d-4f54-a28a-5fb60fd151c4-profile_image-150x150.png?imenable=1&impolicy=user-profile-picture&imwidth=100","61984","BemusedWaffle","0","135","0","0","943","0","0","false","true","English","BemusedWaffle"
"https://static-cdn.jtvnw.net/jtv_user_pictures/cd188c238225bb9c-profile_image-150x150.jpeg?imenable=1&impolicy=user-profile-picture&imwidth=100","61985","Rippaso","510","150","7","3","943","0","6","false","false","Spanish","Rippaso"
"https://static-cdn.jtvnw.net/jtv_user_pictures/569135f3-cff8-41be-a47e-358245ea8a14-profile_image-150x150.png?imenable=1&impolicy=user-profile-picture&imwidth=100","61986","duckyR","8625","5760","11","1","943","51","108","false","false","English","duckyR"
"https://static-cdn.jtvnw.net/jtv_user_pictures/a13d500e-f1c7-49c3-bed3-417585d94acd-profile_image-150x150.png?imenable=1&impolicy=user-profile-picture&imwidth=100","61987","SaxBeforeFriends","1170","450","6","2","943","5","19","false","false","English","SaxBeforeFriends"
"https://static-cdn.jtvnw.net/jtv_user_pictures/6d1a52d2-842c-4e56-a9b8-80f070a1bf72-profile_image-150x150.png?imenable=1&impolicy=user-profile-picture&imwidth=100","61988","OfficialGatekeeper","225","165","4","1","943","1","7","false","true","Swedish","OfficialGatekeeper"
"https://static-cdn.jtvnw.net/jtv_user_pictures/c8703d77-28d8-420f-9a4e-236464af7e14-profile_image-150x150.png?imenable=1&impolicy=user-profile-picture&imwidth=100","61989","adcombat_tv","405","270","4","1","943","-3","8","false","true","Swedish","adcombat_tv"
"https://static-cdn.jtvnw.net/jtv_user_pictures/6801595a-07a7-4ba6-892d-62107ccb0d0c-profile_image-150x150.png?imenable=1&impolicy=user-profile-picture&imwidth=100","61990","mrelphy101","13125","2655","14","4","943","58","82","false","false","English","mrelphy101"
"https://static-cdn.jtvnw.net/jtv_user_pictures/9a0ff4a6-8ee7-4184-8071-53887c621a20-profile_image-150x150.jpg?imenable=1&impolicy=user-profile-picture&imwidth=100","61991","philip_954","45","15","3","3","943","0","0","false","true","German","philip_954"
"https://static-cdn.jtvnw.net/jtv_user_pictures/fe65bea8-e489-44cb-906a-cfe632ec5212-profile_image-150x150.png?imenable=1&impolicy=user-profile-picture&imwidth=100","61992","Ch4osCr4fterlp","11250","4395","10","2","943","16","205","false","false","German","Ch4osCr4fterlp"
"https://static-cdn.jtvnw.net/jtv_user_pictures/d08a1d17-4562-4bfb-8fd5-fd696c2771f1-profile_image-150x150.jpg?imenable=1&impolicy=user-profile-picture&imwidth=100","61993","deanbrown","105","105","3","1","943","1","14","false","false","English","deanbrown"
"https://static-cdn.jtvnw.net/jtv_user_pictures/bd5c64d6-ec6a-4645-b949-c0c40d8b15b1-profile_image-150x150.png?imenable=1&impolicy=user-profile-picture&imwidth=100","61994","Lightning2AM","930","300","7","2","943","2","9","false","true","English","Lightning2AM"
"https://static-cdn.jtvnw.net/jtv_user_pictures/7fc39c1a-adcd-46fa-a005-373bb64ebdaf-profile_image-150x150.jpeg?imenable=1&impolicy=user-profile-picture&imwidth=100","61995","EpicKiro","1800","840","7","1","943","-1","51","false","true","English","EpicKiro"
"https://static-cdn.jtvnw.net/jtv_user_pictures/1c76228d-337f-4eca-8061-a7cda9c1817a-profile_image-150x150.png?imenable=1&impolicy=user-profile-picture&imwidth=100","61996","HaRdCoRe3e","11325","2175","28","4","943","10","66","false","true","German","HaRdCoRe3e"
"https://static-cdn.jtvnw.net/jtv_user_pictures/79329da1-357a-4e31-995e-41e4c9543a78-profile_image-150x150.png?imenable=1&impolicy=user-profile-picture&imwidth=100","61997","imREEF","915","210","8","3","943","1","41","false","false","English","imREEF"
"https://static-cdn.jtvnw.net/jtv_user_pictures/9a9bbc6207679c54-profile_image-150x150.png?imenable=1&impolicy=user-profile-picture&imwidth=100","61998","Dshap","12810","2055","15","5","943","17","56","false","false","English","Dshap"
"https://static-cdn.jtvnw.net/jtv_user_pictures/nightmarecv-profile_image-f66017faf8fa6efb-150x150.jpeg?imenable=1&impolicy=user-profile-picture&imwidth=100","61999","NightmareCV","32040","6585","12","4","943","7","61","false","true","English","NightmareCV"
"https://static-cdn.jtvnw.net/jtv_user_pictures/c33760a7-f868-49e0-8967-6011be2e83d8-profile_image-150x150.png?imenable=1&impolicy=user-profile-picture&imwidth=100","62000","TodesnudelTV","32085","9795","14","2","943","12","459","false","true","German","TodesnudelTV"