"","","Channel","Watch time","Stream time","Peak viewers","Average viewers","Followers","Followers gained","Views gained","Partnered","Mature","Language",""
"https://static-cdn.jtvnw.net/jtv_user_pictures/evilgelato-profile_image-b37993aedca91eac-150x150.png?imenable=1&impolicy=user-profile-picture&imwidth=100","70901","Evilgelato","21255","1290","35","15","749","37","2876","false","true","English","Evilgelato"
"https://static-cdn.jtvnw.net/jtv_user_pictures/4acf99c5-579a-44d6-9c0d-a075121d4390-profile_image-150x150.png?imenable=1&impolicy=user-profile-picture&imwidth=100","70902","RobFarrelly","4680","1920","15","1","749","10","82","false","true","English","RobFarrelly"
"https://static-cdn.jtvnw.net/jtv_user_pictures/9483aabf-ac51-403f-9819-8dfd8811c1a5-profile_image-150x150.jpg?imenable=1&impolicy=user-profile-picture&imwidth=100","70903","deuscloud3","60","90","2","0","749","0","13","false","false","Spanish","deuscloud3"
"https://static-cdn.jtvnw.net/jtv_user_pictures/53ddaed0-8a76-4f6f-9557-92fa3473a594-profile_image-150x150.png?imenable=1&impolicy=user-profile-picture&imwidth=100","70904","itsyAcore","11700","2505","25","4","749","49","163","false","false","English","itsyAcore"
"https://static-cdn.jtvnw.net/jtv_user_pictures/a4f27faf-a588-4b5c-83b6-486ee16401a4-profile_image-150x150.png?imenable=1&impolicy=user-profile-picture&imwidth=100","70905","realsparta8","3255","1275","8","2","749","21","36","false","false","Spanish","realsparta8"
"https://static-cdn.jtvnw.net/jtv_user_pictures/frosttvshow-profile_image-f034eae1b7f840f3-150x150.jpeg?imenable=1&impolicy=user-profile-picture&imwidth=100","70906","frosttvshow","45","45","1","1","749","0","3","false","false","Russian","frosttvshow"
"https://static-cdn.jtvnw.net/jtv_user_pictures/744e52d5-fde1-46d6-8e7c-6110b79d4dda-profile_image-150x150.png?imenable=1&impolicy=user-profile-picture&imwidth=100","70907","the_real_p3rez","15","15","1","1","749","0","0","false","false","Norwegian","the_real_p3rez"
"https://static-cdn.jtvnw.net/jtv_user_pictures/4fc2cd6bc82cdcc5-profile_image-150x150.jpeg?imenable=1&impolicy=user-profile-picture&imwidth=100","70908","notwillxo","0","60","0","0","749","0","0","false","false","English","notwillxo"
"https://static-cdn.jtvnw.net/jtv_user_pictures/7dd50f73-11ca-4b5c-9a74-34b208ef96ce-profile_image-150x150.png?imenable=1&impolicy=user-profile-picture&imwidth=100","70909","hotdk","41265","8355","221","4","749","118","258","false","true","English","hotdk"
"https://static-cdn.jtvnw.net/jtv_user_pictures/e14f6c02-3cc0-46ff-a72c-dbbe733212db-profile_image-150x150.png?imenable=1&impolicy=user-profile-picture&imwidth=100","70910","SmackJack","585","495","4","0","749","0","2","false","true","English","SmackJack"
"https://static-cdn.jtvnw.net/jtv_user_pictures/0a7be56b-0c1d-4760-91f8-2bccf5e0f5ad-profile_image-150x150.png?imenable=1&impolicy=user-profile-picture&imwidth=100","70911","ErazerExe","2385","4155","5","0","749","10","26","false","true","German","ErazerExe"
"https://static-cdn.jtvnw.net/jtv_user_pictures/7714218d-d0f8-477e-ba5f-09ef03750a44-profile_image-150x150.png?imenable=1&impolicy=user-profile-picture&imwidth=100","70912","hackattack97","19620","1335","43","14","749","166","105","false","false","English","hackattack97"
"https://static-cdn.jtvnw.net/jtv_user_pictures/85315793-1512-4f92-a565-199972c1d6f3-profile_image-150x150.jpeg?imenable=1&impolicy=user-profile-picture&imwidth=100","70913","VERA95","810","120","9","6","749","4","19","false","false","Spanish","VERA95"
"https://static-cdn.jtvnw.net/jtv_user_pictures/39b10e79-1fc4-4677-ae8d-a9aac7342421-profile_image-150x150.png?imenable=1&impolicy=user-profile-picture&imwidth=100","70914","iilruckuslii","1935","1215","7","1","749","6","12","false","true","English","iilruckuslii"
"https://static-cdn.jtvnw.net/jtv_user_pictures/5736f3f4c17e0ce6-profile_image-150x150.jpeg?imenable=1&impolicy=user-profile-picture&imwidth=100","70915","fat_bast4rd","90","315","3","0","749","1","24","false","false","Russian","fat_bast4rd"
"https://static-cdn.jtvnw.net/jtv_user_pictures/c5e03111-4cb4-44c9-876e-13c0855bd176-profile_image-150x150.png?imenable=1&impolicy=user-profile-picture&imwidth=100","70916","Apitoxin11","15","15","1","1","749","0","0","false","true","English","Apitoxin11"
"https://static-cdn.jtvnw.net/user-default-pictures-uv/ce57700a-def9-11e9-842d-784f43822e80-profile_image-150x150.png?imenable=1&impolicy=user-profile-picture&imwidth=100","70917","Shadowritos","3840","480","13","7","749","12","198","false","true","Portuguese","Shadowritos"
"https://static-cdn.jtvnw.net/jtv_user_pictures/f0fdeb8f-e1f1-475c-ab62-031f478b63cd-profile_image-150x150.png?imenable=1&impolicy=user-profile-picture&imwidth=100","70918","Fortyssymo","30","30","1","1","749","0","10","false","false","English","Fortyssymo"
"https://static-cdn.jtvnw.net/jtv_user_pictures/cff962b8-3ccf-446d-84e2-5de7af80c3c1-profile_image-150x150.png?imenable=1&impolicy=user-profile-picture&imwidth=100","70919","TheGoreyDetails","3540","1485","8","2","749","36","43","false","false","English","TheGoreyDetails"
"https://static-cdn.jtvnw.net/jtv_user_pictures/9355cfe2-9a3f-4e83-8ab4-3b5422b1f738-profile_image-150x150.png?imenable=1&impolicy=user-profile-picture&imwidth=100","70920","JckTh3Reaper","240","120","2","2","749","0","1","false","true","English","JckTh3Reaper"
"https://static-cdn.jtvnw.net/jtv_user_pictures/b3880851-ee68-4301-bc67-dfb67ea39858-profile_image-150x150.png?imenable=1&impolicy=user-profile-picture&imwidth=100","70921","Jukomane","30","105","2","0","749","0","0","false","true","English","Jukomane"
"https://static-cdn.jtvnw.net/jtv_user_pictures/46697f9d-cc40-492e-bba3-9326c568b3b4-profile_image-150x150.png?imenable=1&impolicy=user-profile-picture&imwidth=100","70922","Soumi","8265","300","49","27","749","6","273","false","false","English","Soumi"
"https://static-cdn.jtvnw.net/jtv_user_pictures/86ee0c9c-bbde-4d8c-9a49-ab81352723c3-profile_image-150x150.jpg?imenable=1&impolicy=user-profile-picture&imwidth=100","70923","bibiahx","120","60","4","2","749","0","34","false","true","Portuguese","bibiahx"
"https://static-cdn.jtvnw.net/user-default-pictures/b83b1794-7df9-4878-916c-88c2ad2e4f9f-profile_image-150x150.jpg?imenable=1&impolicy=user-profile-picture&imwidth=100","70924","peugeotus","5040","2760","9","1","749","15","45","false","false","Czech","peugeotus"
"https://static-cdn.jtvnw.net/jtv_user_pictures/7fe35701-15ea-4ce5-962e-1e7cb7b4b947-profile_image-150x150.png?imenable=1&impolicy=user-profile-picture&imwidth=100","70925","zerkism","600","465","5","0","749","1","11","false","true","English","zerkism"
"https://static-cdn.jtvnw.net/jtv_user_pictures/fa7dd27e450518a7-profile_image-150x150.jpeg?imenable=1&impolicy=user-profile-picture&imwidth=100","70926","TheBlooo","15225","1065","63","13","749","83","364","false","false","English","TheBlooo"
"https://static-cdn.jtvnw.net/jtv_user_pictures/aspik_-profile_image-580710ab4ec1dfc2-150x150.png?imenable=1&impolicy=user-profile-picture&imwidth=100","70927","Aspik_","1620","555","9","2","749","24","48","false","true","French","Aspik_"
"https://static-cdn.jtvnw.net/jtv_user_pictures/drassization-profile_image-5ed8af18fe3ac2aa-150x150.png?imenable=1&impolicy=user-profile-picture&imwidth=100","70928","Drassization","22950","510","109","44","749","21","606","false","false","Russian","Drassization"
"https://static-cdn.jtvnw.net/jtv_user_pictures/99f7afdc66bc0fdb-profile_image-150x150.jpeg?imenable=1&impolicy=user-profile-picture&imwidth=100","70929","Bubskebobbie","4920","1845","10","2","749","37","43","false","false","Dutch","Bubskebobbie"
"https://static-cdn.jtvnw.net/jtv_user_pictures/lainbear-profile_image-80f2b7962346a791-150x150.png?imenable=1&impolicy=user-profile-picture&imwidth=100","70930","lainbear","2580","315","15","7","749","-2","25","false","true","English","lainbear"
"https://static-cdn.jtvnw.net/jtv_user_pictures/672d54fe-6c7f-4eec-9dc9-2e246937c2c1-profile_image-150x150.png?imenable=1&impolicy=user-profile-picture&imwidth=100","70931","Goldodu27580","101910","15600","155","6","749","275","719","false","false","French","Goldodu27580"
"https://static-cdn.jtvnw.net/jtv_user_pictures/buck2k13-profile_image-a8fa3e39c1379cb2-150x150.jpeg?imenable=1&impolicy=user-profile-picture&imwidth=100","70932","buck2k13","6045","3420","9","1","749","56","51","false","false","English","buck2k13"
"https://static-cdn.jtvnw.net/jtv_user_pictures/siulong98-profile_image-4ca92c1cfec4d21c-150x150.jpeg?imenable=1&impolicy=user-profile-picture&imwidth=100","70933","siulong98","3585","345","61","10","749","109","178","false","false","Chinese","siulong98"
"https://static-cdn.jtvnw.net/jtv_user_pictures/ovakzkova-profile_image-dcaa14d1310beeb3-150x150.jpeg?imenable=1&impolicy=user-profile-picture&imwidth=100","70934","ovaKZKova","86490","1920","177","44","749","64","672","false","false","Russian","ovaKZKova"
"https://static-cdn.jtvnw.net/jtv_user_pictures/da36f986-0ebf-4cf0-8740-16adee4b1b46-profile_image-150x150.png?imenable=1&impolicy=user-profile-picture&imwidth=100","70935","UmeeOne","150","135","2","0","749","2","1","false","true","English","UmeeOne"
"https://static-cdn.jtvnw.net/jtv_user_pictures/lampioski1337-profile_image-8a2dd2eb1d49ea6c-150x150.jpeg?imenable=1&impolicy=user-profile-picture&imwidth=100","70936","Lampioski1337","9000","1500","25","5","749","166","450","false","false","Polish","Lampioski1337"
"https://static-cdn.jtvnw.net/jtv_user_pictures/92f6dc3d-ea19-4908-b0aa-7fb074b36bcb-profile_image-150x150.png?imenable=1&impolicy=user-profile-picture&imwidth=100","70937","gradientconcept","720","75","24","9","749","0","0","false","false","English","gradientconcept"
"https://static-cdn.jtvnw.net/jtv_user_pictures/c4607829-0a4b-462a-9b9e-bddfae686e1b-profile_image-150x150.png?imenable=1&impolicy=user-profile-picture&imwidth=100","70938","tsmall","30","75","1","0","749","-2","8","false","true","English","tsmall"
"https://static-cdn.jtvnw.net/jtv_user_pictures/9fce8d11-72ce-46cc-b9b1-89622963331a-profile_image-150x150.png?imenable=1&impolicy=user-profile-picture&imwidth=100","70939","Talbs86","150","75","3","2","749","-1","4","false","false","English","Talbs86"
"https://static-cdn.jtvnw.net/jtv_user_pictures/thorwyntj-profile_image-b2594254939a5057-150x150.png?imenable=1&impolicy=user-profile-picture&imwidth=100","70940","ThorwynTJ","7560","210","49","36","749","4","83","false","false","English","ThorwynTJ"
"https://static-cdn.jtvnw.net/jtv_user_pictures/konstrush-profile_image-3269a78cecf16736-150x150.png?imenable=1&impolicy=user-profile-picture&imwidth=100","70941","Konstrush","1125","2160","6","0","749","8","129","false","false","Russian","Konstrush"
"https://static-cdn.jtvnw.net/jtv_user_pictures/17825356-d51f-49ac-b014-47c3bc448fe7-profile_image-150x150.png?imenable=1&impolicy=user-profile-picture&imwidth=100","70942","WraithIo","1350","615","8","1","749","7","2","false","false","English","WraithIo"
"https://static-cdn.jtvnw.net/jtv_user_pictures/asharfh-profile_image-c5bbe4928189272a-150x150.png?imenable=1&impolicy=user-profile-picture&imwidth=100","70943","Asharfh","6930","720","26","9","749","8","145","false","true","French","Asharfh"
"https://static-cdn.jtvnw.net/jtv_user_pictures/metroidmaster-profile_image-d0f6c6b8a46247ee-150x150.jpeg?imenable=1&impolicy=user-profile-picture&imwidth=100","70944","MetroidMaster","2670","870","10","2","749","11","29","false","true","English","MetroidMaster"
"https://static-cdn.jtvnw.net/jtv_user_pictures/fca50c3a-7066-4325-8d60-66a17930c41d-profile_image-150x150.png?imenable=1&impolicy=user-profile-picture&imwidth=100","70945","WillNForce","12015","4605","8","2","749","18","90","false","true","English","WillNForce"
"https://static-cdn.jtvnw.net/jtv_user_pictures/e2791d08-2185-4bff-b570-48a1e759c447-profile_image-150x150.png?imenable=1&impolicy=user-profile-picture&imwidth=100","70946","Ch3k","855","645","4","0","749","-2","2","false","true","English","Ch3k"
"https://static-cdn.jtvnw.net/jtv_user_pictures/380f636b-dfc6-470c-a5dc-25207726803c-profile_image-150x150.png?imenable=1&impolicy=user-profile-picture&imwidth=100","70947","KAMANBBG","7170","930","13","6","749","0","88","false","true","Chinese (Hong Kong SAR)","KAMANBBG"
"https://static-cdn.jtvnw.net/jtv_user_pictures/74d48fa7-9166-48dd-9b3a-e3223cc752f4-profile_image-150x150.png?imenable=1&impolicy=user-profile-picture&imwidth=100","70948","MrTyler_Squared","60","60","1","1","749","0","0","false","false","English","MrTyler_Squared"
"https://static-cdn.jtvnw.net/jtv_user_pictures/799058a3-b4aa-484d-80f8-73713f430541-profile_image-150x150.png?imenable=1&impolicy=user-profile-picture&imwidth=100","70949","Viniia","195","135","2","1","749","0","0","false","true","English","Viniia"
"https://static-cdn.jtvnw.net/jtv_user_pictures/69fa0f64-35c2-42a6-b4cd-586d6dd7aced-profile_image-150x150.png?imenable=1&impolicy=user-profile-picture&imwidth=100","70950","jpdoesthat","22380","4995","16","4","749","130","402","false","true","English","jpdoesthat"
"https://static-cdn.jtvnw.net/jtv_user_pictures/ldespised-profile_image-1701390c9887a774-150x150.png?imenable=1&impolicy=user-profile-picture&imwidth=100","70951","lDespised","60","30","3","2","749","0","0","false","true","English","lDespised"
"https://static-cdn.jtvnw.net/jtv_user_pictures/antifusion-profile_image-90504656ce4d6e6a-150x150.jpeg?imenable=1&impolicy=user-profile-picture&imwidth=100","70952","AntiFusion","94275","9810","149","9","749","75","1010","false","false","English","AntiFusion"
"https://static-cdn.jtvnw.net/jtv_user_pictures/classified3oo1-profile_image-de8e879f47ab4e92-150x150.jpeg?imenable=1&impolicy=user-profile-picture&imwidth=100","70953","Classified3oo1","720","600","3","0","749","-1","16","false","false","English","Classified3oo1"
"https://static-cdn.jtvnw.net/ttv-boxart/404_boxart.png?imenable=1&impolicy=user-profile-picture&imwidth=100","70954","eXceptlol","840","120","10","6","749","-1","13","false","false","German","eXceptlol"
"https://static-cdn.jtvnw.net/jtv_user_pictures/853be5b5-6f23-4741-8e11-3574aa96823a-profile_image-150x150.png?imenable=1&impolicy=user-profile-picture&imwidth=100","70955","Joseph_Devastate","750","465","8","1","749","2","9","false","true","English","Joseph_Devastate"
"https://static-cdn.jtvnw.net/jtv_user_pictures/99200c3a-b4b9-4d8e-b43a-b059f8e1ab90-profile_image-150x150.png?imenable=1&impolicy=user-profile-picture&imwidth=100","70956","Malkaria","10575","975","28","10","749","34","404","false","false","German","Malkaria"
"https://static-cdn.jtvnw.net/jtv_user_pictures/ceddrikcz-profile_image-4aa8fc3578e4b76e-150x150.jpeg?imenable=1&impolicy=user-profile-picture&imwidth=100","70957","ceddrikcz","75","300","2","0","748","1","6","false","true","Czech","ceddrikcz"
"https://static-cdn.jtvnw.net/jtv_user_pictures/4f821d32205b34e6-profile_image-150x150.png?imenable=1&impolicy=user-profile-picture&imwidth=100","70958","Altavist","1755","1470","4","0","748","3","21","false","false","Russian","Altavist"
"https://static-cdn.jtvnw.net/jtv_user_pictures/7871f33f-685f-47b0-bb98-d991298dffe7-profile_image-150x150.png?imenable=1&impolicy=user-profile-picture&imwidth=100","70959","Crann_","0","15","0","0","748","0","0","false","false","English","Crann_"
"https://static-cdn.jtvnw.net/jtv_user_pictures/09c8edfa-2dfe-4b4f-b32f-6846901e11de-profile_image-150x150.png?imenable=1&impolicy=user-profile-picture&imwidth=100","70960","Walloom","30","30","1","1","748","0","0","false","true","English","Walloom"
"https://static-cdn.jtvnw.net/jtv_user_pictures/2de06b69-3441-457d-b3dc-bba23b24fd3c-profile_image-150x150.png?imenable=1&impolicy=user-profile-picture&imwidth=100","70961","UrbantechTV","2445","255","26","9","748","12","440","false","false","Spanish","UrbantechTV"
"https://static-cdn.jtvnw.net/jtv_user_pictures/tanner_thegoat12-profile_image-f3d7d3456c187eac-150x150.png?imenable=1&impolicy=user-profile-picture&imwidth=100","70962","tanner_thegoat12","25455","4155","28","5","748","100","45","false","false","English","tanner_thegoat12"
"https://static-cdn.jtvnw.net/jtv_user_pictures/la_cowgirl27-profile_image-3f2a157e4d68249a-150x150.jpeg?imenable=1&impolicy=user-profile-picture&imwidth=100","70963","La_Cowgirl27","1155","570","8","1","748","6","10","false","false","English","La_Cowgirl27"
"https://static-cdn.jtvnw.net/jtv_user_pictures/whajnberg-profile_image-136714197eac3ac9-150x150.jpeg?imenable=1&impolicy=user-profile-picture&imwidth=100","70964","Whajnberg","28770","6630","14","3","748","51","148","false","false","Other","Whajnberg"
"https://static-cdn.jtvnw.net/jtv_user_pictures/0de163cc-4ab5-4522-96d9-ebfe168f03da-profile_image-150x150.png?imenable=1&impolicy=user-profile-picture&imwidth=100","70965","DJ_voremaster","2055","615","7","3","748","12","91","false","true","English","DJ_voremaster"
"https://static-cdn.jtvnw.net/jtv_user_pictures/119e6e7f-1617-4f05-bfe3-c582b750be48-profile_image-150x150.png?imenable=1&impolicy=user-profile-picture&imwidth=100","70966","issyexodo","0","15","0","0","748","0","0","false","false","English","issyexodo"
"https://static-cdn.jtvnw.net/jtv_user_pictures/bizoelite-profile_image-66d6309b78b8c53f-150x150.jpeg?imenable=1&impolicy=user-profile-picture&imwidth=100","70967","BiZoELiTe","16650","7365","15","1","748","77","185","false","false","English","BiZoELiTe"
"https://static-cdn.jtvnw.net/jtv_user_pictures/1df1a2d2ae038e35-profile_image-150x150.jpeg?imenable=1&impolicy=user-profile-picture&imwidth=100","70968","OppositeFX","3360","1185","9","2","748","22","71","false","true","English","OppositeFX"
"https://static-cdn.jtvnw.net/jtv_user_pictures/804300e6-db16-454d-8fa8-c7a848d57083-profile_image-150x150.png?imenable=1&impolicy=user-profile-picture&imwidth=100","70969","Real_Payback","3315","540","22","5","748","43","11","false","false","English","Real_Payback"
"https://static-cdn.jtvnw.net/jtv_user_pictures/e31111ec-6ff7-4878-ab70-87889c0be420-profile_image-150x150.png?imenable=1&impolicy=user-profile-picture&imwidth=100","70970","Loci_AF","90","45","3","2","748","0","0","false","false","Italian","Loci_AF"
"https://static-cdn.jtvnw.net/jtv_user_pictures/7e16f38a-b9b3-4b12-b15b-15122e81b5b3-profile_image-150x150.png?imenable=1&impolicy=user-profile-picture&imwidth=100","70971","sapphonie","30","30","1","1","748","0","0","false","false","English","sapphonie"
"https://static-cdn.jtvnw.net/jtv_user_pictures/79f2405d-eb80-4dd6-b13d-15f78e080086-profile_image-150x150.png?imenable=1&impolicy=user-profile-picture&imwidth=100","70972","HellforgeTV","5010","3795","5","0","748","17","52","false","true","English","HellforgeTV"
"https://static-cdn.jtvnw.net/jtv_user_pictures/owcasss-profile_image-86327635a61b9a9f-150x150.jpeg?imenable=1&impolicy=user-profile-picture&imwidth=100","70973","Owcasss","315","105","6","2","748","2","19","false","false","Polish","Owcasss"
"https://static-cdn.jtvnw.net/jtv_user_pictures/9daef79c9ed1ffaf-profile_image-150x150.png?imenable=1&impolicy=user-profile-picture&imwidth=100","70974","Real_basti","4950","1980","9","1","748","56","95","false","false","German","Real_basti"
"https://static-cdn.jtvnw.net/jtv_user_pictures/zoozyfnt-profile_image-4fe6471e48bed923-150x150.jpeg?imenable=1&impolicy=user-profile-picture&imwidth=100","70975","ZoozyFnT","280485","9375","114","29","748","48","5474","false","true","Russian","ZoozyFnT"
"https://static-cdn.jtvnw.net/jtv_user_pictures/a1790172-63e4-4106-b639-eb477bfa6b9a-profile_image-150x150.png?imenable=1&impolicy=user-profile-picture&imwidth=100","70976","Pzza_Gaming","12435","1860","15","6","748","82","69","false","false","English","Pzza_Gaming"
"https://static-cdn.jtvnw.net/jtv_user_pictures/d05810a8-c6c2-446d-b4d4-1a296c3724b5-profile_image-150x150.png?imenable=1&impolicy=user-profile-picture&imwidth=100","70977","techies_spammer","4510155","5400","6023","834","748","781","10716","false","false","Russian","techies_spammer"
"https://static-cdn.jtvnw.net/jtv_user_pictures/zerosui-profile_image-8f935c65b6272022-150x150.jpeg?imenable=1&impolicy=user-profile-picture&imwidth=100","70978","ZeroSui","2130","1455","7","1","748","17","59","false","false","Spanish","ZeroSui"
"https://static-cdn.jtvnw.net/jtv_user_pictures/blaze_jay-profile_image-d42c74d7dcb778ec-150x150.jpeg?imenable=1&impolicy=user-profile-picture&imwidth=100","70979","Blaze_Jay","3360","465","19","7","748","1","50","false","false","English","Blaze_Jay"
"https://static-cdn.jtvnw.net/jtv_user_pictures/22506e85-b08b-4b63-812f-cf73cbac62e6-profile_image-150x150.png?imenable=1&impolicy=user-profile-picture&imwidth=100","70980","Imthehavok_","1200","2190","2","0","748","-1","1","false","true","English","Imthehavok_"
"https://static-cdn.jtvnw.net/jtv_user_pictures/4f00ce66-c12f-450d-8eb1-20c3581452fa-profile_image-150x150.png?imenable=1&impolicy=user-profile-picture&imwidth=100","70981","iSanneex","15","15","1","1","748","0","0","false","true","English","iSanneex"
"https://static-cdn.jtvnw.net/jtv_user_pictures/e497da47-0da2-4a16-80de-d0abd2989187-profile_image-150x150.png?imenable=1&impolicy=user-profile-picture&imwidth=100","70982","KLOUDCHASERS","13770","3330","24","3","748","1","94","false","true","English","KLOUDCHASERS"
"https://static-cdn.jtvnw.net/jtv_user_pictures/2f8c372241f1c816-profile_image-150x150.png?imenable=1&impolicy=user-profile-picture&imwidth=100","70983","Visitor_","7410","1440","12","4","748","45","214","false","false","German","Visitor_"
"https://static-cdn.jtvnw.net/jtv_user_pictures/4c7599ee-10f5-42ae-b3c5-f23bc7163dec-profile_image-150x150.png?imenable=1&impolicy=user-profile-picture&imwidth=100","70984","TAKGamesAU","690","375","6","1","748","2","34","false","false","English","TAKGamesAU"
"https://static-cdn.jtvnw.net/user-default-pictures-uv/75305d54-c7cc-40d1-bb9c-91fbe85943c7-profile_image-150x150.png?imenable=1&impolicy=user-profile-picture&imwidth=100","70985","Seuz360","90","480","2","0","748","1","17","false","false","English","Seuz360"
"https://static-cdn.jtvnw.net/jtv_user_pictures/prnced-profile_image-0754f4b42b6817ff-150x150.jpeg?imenable=1&impolicy=user-profile-picture&imwidth=100","70986","Prnced","435","285","4","1","748","1","16","false","false","English","Prnced"
"https://static-cdn.jtvnw.net/jtv_user_pictures/a010d85f-122e-49d8-bc60-b54bf3d326ff-profile_image-150x150.png?imenable=1&impolicy=user-profile-picture&imwidth=100","70987","EmikaB","22320","1890","46","11","748","63","278","false","true","English","EmikaB"
"https://static-cdn.jtvnw.net/jtv_user_pictures/f5d77d5c-7211-40fb-8501-3a7e12337190-profile_image-150x150.png?imenable=1&impolicy=user-profile-picture&imwidth=100","70988","khatii","37110","4080","56","8","748","149","984","false","false","Spanish","khatii"
"https://static-cdn.jtvnw.net/jtv_user_pictures/646c18f4-bd03-4e4f-936d-e28f9941396a-profile_image-150x150.png?imenable=1&impolicy=user-profile-picture&imwidth=100","70989","raxija","1020","255","12","3","748","-9","43","true","false","Turkish","raxija"
"https://static-cdn.jtvnw.net/jtv_user_pictures/a447474d-57fc-4d54-bb36-020be13598fb-profile_image-150x150.png?imenable=1&impolicy=user-profile-picture&imwidth=100","70990","BrandNewMac","1245","465","9","2","748","-1","17","false","false","English","BrandNewMac"
"https://static-cdn.jtvnw.net/jtv_user_pictures/4b0c89ac-5922-4355-987e-ce1862d5b48f-profile_image-150x150.png?imenable=1&impolicy=user-profile-picture&imwidth=100","70991","realfrankLe","120","120","3","1","748","0","0","false","true","English","realfrankLe"
"https://static-cdn.jtvnw.net/jtv_user_pictures/86de06fe-ee7d-479c-8fbe-1f18c28224a6-profile_image-150x150.jpg?imenable=1&impolicy=user-profile-picture&imwidth=100","70992","Aryenzz","2205","630","7","3","748","2","112","false","false","Spanish","Aryenzz"
"https://static-cdn.jtvnw.net/jtv_user_pictures/4f8a17c4-cf53-4e05-82ab-9f9da6ff5a23-profile_image-150x150.png?imenable=1&impolicy=user-profile-picture&imwidth=100","70993","Hambosky","195","195","1","1","748","0","2","false","true","English","Hambosky"
"https://static-cdn.jtvnw.net/jtv_user_pictures/fac9ee29-94c0-460c-8e65-659ab480372d-profile_image-150x150.jpeg?imenable=1&impolicy=user-profile-picture&imwidth=100","70994","Dark_Jedi_Axle","2475","1560","8","1","748","0","3","false","false","English","Dark_Jedi_Axle"
"https://static-cdn.jtvnw.net/jtv_user_pictures/johndoe1899-profile_image-75ff2e85ff64fb92-150x150.jpeg?imenable=1&impolicy=user-profile-picture&imwidth=100","70995","Johndoe1899","9825","3525","9","2","748","1","164","false","true","Chinese","Johndoe1899"
"https://static-cdn.jtvnw.net/jtv_user_pictures/earhart6-profile_image-df0ca515550d935e-150x150.jpeg?imenable=1&impolicy=user-profile-picture&imwidth=100","70996","Earhart6","345","90","7","3","748","0","5","false","true","English","Earhart6"
"https://static-cdn.jtvnw.net/jtv_user_pictures/f84f4325-7623-46bf-be32-08083e903513-profile_image-150x150.png?imenable=1&impolicy=user-profile-picture&imwidth=100","70997","FaraoutTV","30","30","2","1","748","0","0","false","false","Spanish","FaraoutTV"
"https://static-cdn.jtvnw.net/jtv_user_pictures/58c06935-b24e-483c-8830-ed01a65b402b-profile_image-150x150.jpeg?imenable=1&impolicy=user-profile-picture&imwidth=100","70998","BubuTROP_CHAUD","255","180","5","1","748","2","31","false","false","French","BubuTROP_CHAUD"
"https://static-cdn.jtvnw.net/user-default-pictures/27103734-3cda-44d6-a384-f2ab71e4bb85-profile_image-150x150.jpg?imenable=1&impolicy=user-profile-picture&imwidth=100","70999","TheGreekPhenom","4815","1350","13","3","748","18","52","false","true","English","TheGreekPhenom"
"https://static-cdn.jtvnw.net/jtv_user_pictures/879f1905-418a-48c7-9d6c-691e24861d9f-profile_image-150x150.png?imenable=1&impolicy=user-profile-picture&imwidth=100","71000","Sharuru","47880","10200","13","4","748","109","247","false","true","English","Sharuru"