"","","Channel","Watch time","Stream time","Peak viewers","Average viewers","Followers","Followers gained","Views gained","Partnered","Mature","Language",""
"https://static-cdn.jtvnw.net/jtv_user_pictures/02370f45-a4aa-409e-bcaa-c12ca2d28b16-profile_image-150x150.png?imenable=1&impolicy=user-profile-picture&imwidth=100","85801","kwistenkim","4125","510","16","7","542","27","67","false","true","English","kwistenkim"
"https://static-cdn.jtvnw.net/jtv_user_pictures/be009aba-e558-4658-b5cc-f9a32d5a654f-profile_image-150x150.png?imenable=1&impolicy=user-profile-picture&imwidth=100","85802","ttv_der_gamer","1500","1350","4","0","542","3","0","false","true","German","ttv_der_gamer"
"https://static-cdn.jtvnw.net/jtv_user_pictures/8b720b95-b259-4401-b7b8-5415b9ae3af7-profile_image-150x150.png?imenable=1&impolicy=user-profile-picture&imwidth=100","85803","MariusTVstream","4035","1035","9","3","542","50","193","false","false","English","MariusTVstream"
"https://static-cdn.jtvnw.net/jtv_user_pictures/smitedinger-profile_image-03bd65ea45447a28-150x150.jpeg?imenable=1&impolicy=user-profile-picture&imwidth=100","85804","smitedinger","15120","4725","16","2","542","58","400","false","false","English","smitedinger"
"https://static-cdn.jtvnw.net/jtv_user_pictures/e8909cf7-d4cd-4ea3-b26b-3647177764cf-profile_image-150x150.png?imenable=1&impolicy=user-profile-picture&imwidth=100","85805","TheCouplesCo_Op","1755","225","11","7","542","3","6","false","true","English","TheCouplesCo_Op"
"https://static-cdn.jtvnw.net/jtv_user_pictures/itsbreeze__-profile_image-833502a8b0163a3e-150x150.jpeg?imenable=1&impolicy=user-profile-picture&imwidth=100","85806","itsbreeze__","18450","8280","14","1","542","67","569","false","false","English","itsbreeze__"
"https://static-cdn.jtvnw.net/jtv_user_pictures/cederb3rg-profile_image-5dd91df54d11219a-150x150.jpeg?imenable=1&impolicy=user-profile-picture&imwidth=100","85807","cederb3rg","23700","11670","20","1","542","106","304","false","false","Swedish","cederb3rg"
"https://static-cdn.jtvnw.net/jtv_user_pictures/joueurdeswc-profile_image-b260655692bc1d2a-150x150.jpeg?imenable=1&impolicy=user-profile-picture&imwidth=100","85808","JoueurdesWC","2535","330","15","7","542","13","131","false","true","French","JoueurdesWC"
"https://static-cdn.jtvnw.net/jtv_user_pictures/genxfusion-profile_image-661b5ff15936e640-150x150.png?imenable=1&impolicy=user-profile-picture&imwidth=100","85809","GenXFusion","180","105","4","1","542","-93","1","false","false","English","GenXFusion"
"https://static-cdn.jtvnw.net/jtv_user_pictures/bcc54410-2fdd-4792-a22a-336cf0700b4d-profile_image-150x150.png?imenable=1&impolicy=user-profile-picture&imwidth=100","85810","Joshtified","7755","1935","14","3","542","37","124","false","false","English","Joshtified"
"https://static-cdn.jtvnw.net/jtv_user_pictures/ed74836b-0fc0-49d5-9f74-8061d67d5ca8-profile_image-150x150.png?imenable=1&impolicy=user-profile-picture&imwidth=100","85811","Bcamz","15","15","1","1","542","0","0","false","false","English","Bcamz"
"https://static-cdn.jtvnw.net/jtv_user_pictures/9e87ae36-6d11-40a9-8d9a-26853583431b-profile_image-150x150.png?imenable=1&impolicy=user-profile-picture&imwidth=100","85812","GebraGeo","11610","2895","13","3","542","111","93","false","false","Danish","GebraGeo"
"https://static-cdn.jtvnw.net/jtv_user_pictures/b2d7dedf-ccce-4661-9b44-8bd2cbe31d4c-profile_image-150x150.png?imenable=1&impolicy=user-profile-picture&imwidth=100","85813","simplyhebi","300","165","3","1","542","0","1","false","false","English","simplyhebi"
"https://static-cdn.jtvnw.net/jtv_user_pictures/47149a24-6f2b-4e5f-96f0-c3769e543263-profile_image-150x150.png?imenable=1&impolicy=user-profile-picture&imwidth=100","85814","kissinho","517485","3630","223","142","542","89","1229","false","false","Russian","kissinho"
"https://static-cdn.jtvnw.net/jtv_user_pictures/gladhappyallday-profile_image-4d0a832c8d0b2399-150x150.jpeg?imenable=1&impolicy=user-profile-picture&imwidth=100","85815","GladHappyAllDay","4095","1125","14","3","542","54","50","false","false","English","GladHappyAllDay"
"https://static-cdn.jtvnw.net/jtv_user_pictures/jerker-profile_image-a71f9eb08b277dfa-150x150.jpeg?imenable=1&impolicy=user-profile-picture&imwidth=100","85816","jerker","345","75","7","4","542","0","0","false","false","English","jerker"
"https://static-cdn.jtvnw.net/jtv_user_pictures/332b07ef-644d-439c-b9ed-fa9dc6f36ed4-profile_image-150x150.png?imenable=1&impolicy=user-profile-picture&imwidth=100","85817","Praetorian_XII","2175","2010","5","0","542","19","24","false","true","English","Praetorian_XII"
"https://static-cdn.jtvnw.net/jtv_user_pictures/arquerito-profile_image-f6ff13cc5fc0c9ab-150x150.jpeg?imenable=1&impolicy=user-profile-picture&imwidth=100","85818","Arquerito","3630","180","27","20","542","9","111","false","true","Spanish","Arquerito"
"https://static-cdn.jtvnw.net/jtv_user_pictures/rht341-profile_image-a12bda760eff06f9-150x150.png?imenable=1&impolicy=user-profile-picture&imwidth=100","85819","rht341","6075","960","15","5","542","46","34","false","true","English","rht341"
"https://static-cdn.jtvnw.net/jtv_user_pictures/700e563d-4d9d-4e55-9e4b-c0d809b3498b-profile_image-150x150.png?imenable=1&impolicy=user-profile-picture&imwidth=100","85820","ElBegone","15","15","2","1","542","0","0","false","false","French","ElBegone"
"https://static-cdn.jtvnw.net/jtv_user_pictures/12278468-b523-4e91-b243-54b98f78dfe9-profile_image-150x150.png?imenable=1&impolicy=user-profile-picture&imwidth=100","85821","Mandytoh","90","15","6","6","542","0","0","false","false","French","Mandytoh"
"https://static-cdn.jtvnw.net/jtv_user_pictures/601b22f0-ab7f-46ec-9f08-77c7c99dae14-profile_image-150x150.png?imenable=1&impolicy=user-profile-picture&imwidth=100","85822","Chriske_Spielt","375","345","4","0","542","2","23","false","true","German","Chriske_Spielt"
"https://static-cdn.jtvnw.net/jtv_user_pictures/54463ffc-56f6-440d-8d1a-855551da3642-profile_image-150x150.png?imenable=1&impolicy=user-profile-picture&imwidth=100","85823","badchama","75","30","4","2","542","0","18","false","true","Portuguese","badchama"
"https://static-cdn.jtvnw.net/ttv-boxart/404_boxart.png?imenable=1&impolicy=user-profile-picture&imwidth=100","85824","MCLARENBOSS","133500","525","343","253","542","220","107","false","false","","MCLARENBOSS"
"https://static-cdn.jtvnw.net/jtv_user_pictures/yash86-profile_image-32189b64a5dd373c-150x150.jpeg?imenable=1&impolicy=user-profile-picture&imwidth=100","85825","Yash86","147420","9120","96","15","542","33","992","false","true","English","Yash86"
"https://static-cdn.jtvnw.net/jtv_user_pictures/abrik_tv-profile_image-3843a58399faacdc-150x150.jpeg?imenable=1&impolicy=user-profile-picture&imwidth=100","85826","Abrik_tv","79065","3615","102","21","542","127","2487","false","true","German","Abrik_tv"
"https://static-cdn.jtvnw.net/jtv_user_pictures/5cefca3d05efe6c5-profile_image-150x150.jpeg?imenable=1&impolicy=user-profile-picture&imwidth=100","85827","Medina102","4755","480","14","9","542","14","22","false","true","English","Medina102"
"https://static-cdn.jtvnw.net/jtv_user_pictures/dolaemongoxz1-profile_image-ffa8e70ec6c4b33a-150x150.jpeg?imenable=1&impolicy=user-profile-picture&imwidth=100","85828","菲麻 (dolaemongoxz1)","325740","10785","94","29","542","40","11291","false","true","English","菲麻 (dolaemongoxz1)"
"https://static-cdn.jtvnw.net/jtv_user_pictures/pgleon-profile_image-c91ed2640a63206c-150x150.jpeg?imenable=1&impolicy=user-profile-picture&imwidth=100","85829","pGLeon","7290","315","42","23","542","4","74","false","true","German","pGLeon"
"https://static-cdn.jtvnw.net/jtv_user_pictures/ffe90dfc-74d9-4757-b98d-2904dcb47eb0-profile_image-150x150.png?imenable=1&impolicy=user-profile-picture&imwidth=100","85830","mojibeats_","23895","4665","18","4","542","67","295","false","false","Norwegian","mojibeats_"
"https://static-cdn.jtvnw.net/jtv_user_pictures/coberstalone-profile_image-c6aadf79246b17ea-150x150.jpeg?imenable=1&impolicy=user-profile-picture&imwidth=100","85831","CoberStalone","30840","8400","184","3","542","81","649","false","false","Russian","CoberStalone"
"https://static-cdn.jtvnw.net/jtv_user_pictures/goodoldbloke-profile_image-c5c886c306a00b25-150x150.jpeg?imenable=1&impolicy=user-profile-picture&imwidth=100","85832","Goodoldbloke","1830","1350","5","0","542","5","57","false","true","Swedish","Goodoldbloke"
"https://static-cdn.jtvnw.net/jtv_user_pictures/ctt_mulli-profile_image-7c1e3bb29a794bbc-150x150.jpeg?imenable=1&impolicy=user-profile-picture&imwidth=100","85833","CTT_Mulli","1695","1620","4","0","542","3","13","true","true","English","CTT_Mulli"
"https://static-cdn.jtvnw.net/jtv_user_pictures/revitred-profile_image-ed685d734755984e-150x150.jpeg?imenable=1&impolicy=user-profile-picture&imwidth=100","85834","RevitRed","20370","3405","38","5","542","102","118","false","true","French","RevitRed"
"https://static-cdn.jtvnw.net/jtv_user_pictures/037fffd0-b5a9-441d-8444-361432731d95-profile_image-150x150.png?imenable=1&impolicy=user-profile-picture&imwidth=100","85835","Donny__D90","16545","2910","15","5","542","53","157","false","false","French","Donny__D90"
"https://static-cdn.jtvnw.net/jtv_user_pictures/c49bf1af-7ba7-4e17-8fa6-7d0501558faa-profile_image-150x150.jpg?imenable=1&impolicy=user-profile-picture&imwidth=100","85836","ChaosxRain","135","45","3","3","542","0","0","false","false","English","ChaosxRain"
"https://static-cdn.jtvnw.net/jtv_user_pictures/9a220b8b-8ed2-44fb-8792-17c4dd3a219e-profile_image-150x150.png?imenable=1&impolicy=user-profile-picture&imwidth=100","85837","skynetzgaming","0","75","0","0","542","0","0","false","true","English","skynetzgaming"
"https://static-cdn.jtvnw.net/jtv_user_pictures/e04e8d60-fd86-46b7-8fb8-849e1f347b7a-profile_image-150x150.png?imenable=1&impolicy=user-profile-picture&imwidth=100","85838","thesmokerjoker1","120","60","5","2","542","0","3","false","true","English","thesmokerjoker1"
"https://static-cdn.jtvnw.net/jtv_user_pictures/sonikkustar-profile_image-676164c40402305c-150x150.jpeg?imenable=1&impolicy=user-profile-picture&imwidth=100","85839","Sonikkustar","90","45","3","2","542","0","0","false","true","English","Sonikkustar"
"https://static-cdn.jtvnw.net/jtv_user_pictures/5354df21-b21f-420d-a138-9f351dcc788a-profile_image-150x150.jpg?imenable=1&impolicy=user-profile-picture&imwidth=100","85840","Provitallitys","7260","285","37","25","542","32","56","false","false","English","Provitallitys"
"https://static-cdn.jtvnw.net/jtv_user_pictures/1bef22f8-2897-4581-8e97-b80b688e5e46-profile_image-150x150.png?imenable=1&impolicy=user-profile-picture&imwidth=100","85841","Aqueefina","90","390","2","0","542","2","3","false","true","English","Aqueefina"
"https://static-cdn.jtvnw.net/jtv_user_pictures/demmou-profile_image-87c351337d499b39-150x150.jpeg?imenable=1&impolicy=user-profile-picture&imwidth=100","85842","Demmou","6540","2115","27","2","542","13","404","false","false","German","Demmou"
"https://static-cdn.jtvnw.net/jtv_user_pictures/10f3e08e-9d51-4860-8484-7debfa700ff0-profile_image-150x150.png?imenable=1&impolicy=user-profile-picture&imwidth=100","85843","suzysuy","7740","1830","13","3","542","61","747","false","false","Portuguese","suzysuy"
"https://static-cdn.jtvnw.net/jtv_user_pictures/ecc94e20-2dbb-4f9f-8c75-9e794491a1c2-profile_image-150x150.png?imenable=1&impolicy=user-profile-picture&imwidth=100","85844","thedeland","12510","540","57","22","542","737","103","false","false","French","thedeland"
"https://static-cdn.jtvnw.net/jtv_user_pictures/6791a6d6-10e3-45fb-af19-11de058e2c55-profile_image-150x150.png?imenable=1&impolicy=user-profile-picture&imwidth=100","85845","MaZeR_cs","195","120","4","1","542","0","3","false","true","English","MaZeR_cs"
"https://static-cdn.jtvnw.net/jtv_user_pictures/6d3dc92c-2868-4cb0-b40b-cbfaf5fa5fa3-profile_image-150x150.png?imenable=1&impolicy=user-profile-picture&imwidth=100","85846","Arpeevesgaming","60","90","1","0","542","0","0","false","true","English","Arpeevesgaming"
"https://static-cdn.jtvnw.net/jtv_user_pictures/5e72a156-dbd9-4254-9e16-093f6c97f3d9-profile_image-150x150.jpg?imenable=1&impolicy=user-profile-picture&imwidth=100","85847","Yunikaa","2835","390","13","6","542","23","165","false","false","Russian","Yunikaa"
"https://static-cdn.jtvnw.net/jtv_user_pictures/t_s3d-profile_image-e608e0efb8183435-150x150.jpeg?imenable=1&impolicy=user-profile-picture&imwidth=100","85848","t_s3d","1215","510","5","1","542","3","51","false","true","Arabic","t_s3d"
"https://static-cdn.jtvnw.net/jtv_user_pictures/michathevoice-profile_image-fecb037770bca911-150x150.jpeg?imenable=1&impolicy=user-profile-picture&imwidth=100","85849","MichaTheVoice","28410","4260","24","6","542","29","546","false","true","German","MichaTheVoice"
"https://static-cdn.jtvnw.net/jtv_user_pictures/394ccb80-506e-4f82-8ee5-22d83f1cf1dc-profile_image-150x150.png?imenable=1&impolicy=user-profile-picture&imwidth=100","85850","BEasy430","30","30","1","1","542","0","0","false","true","English","BEasy430"
"https://static-cdn.jtvnw.net/jtv_user_pictures/combamarc-profile_image-be94fad3a90164e7-150x150.jpeg?imenable=1&impolicy=user-profile-picture&imwidth=100","85851","combamarc","9225","5400","8","1","542","16","136","false","true","French","combamarc"
"https://static-cdn.jtvnw.net/jtv_user_pictures/2a4ad35e-9645-4dc8-bfb6-853bf36cf248-profile_image-150x150.png?imenable=1&impolicy=user-profile-picture&imwidth=100","85852","HoneyTwitches","7695","840","21","8","542","8","18","false","true","English","HoneyTwitches"
"https://static-cdn.jtvnw.net/jtv_user_pictures/896e9728-7517-4f12-8abe-521df405fa9a-profile_image-150x150.png?imenable=1&impolicy=user-profile-picture&imwidth=100","85853","grangolfo","225","135","4","1","542","2","26","false","true","Spanish","grangolfo"
"https://static-cdn.jtvnw.net/jtv_user_pictures/b2b6bd43-0af7-4825-b7b7-c3eb480bd89e-profile_image-150x150.png?imenable=1&impolicy=user-profile-picture&imwidth=100","85854","TheBlueDewy","1605","135","23","11","542","4","24","false","true","English","TheBlueDewy"
"https://static-cdn.jtvnw.net/jtv_user_pictures/ac80fe3d3975a597-profile_image-150x150.jpeg?imenable=1&impolicy=user-profile-picture&imwidth=100","85855","SilentDree","90","165","2","0","542","0","0","false","false","English","SilentDree"
"https://static-cdn.jtvnw.net/jtv_user_pictures/22acf41c4f4bc499-profile_image-150x150.png?imenable=1&impolicy=user-profile-picture&imwidth=100","85856","KanorConnective","3405","2655","6","0","542","12","22","false","false","English","KanorConnective"
"https://static-cdn.jtvnw.net/jtv_user_pictures/df47c23b-b89c-41b5-9a89-9938370cf728-profile_image-150x150.png?imenable=1&impolicy=user-profile-picture&imwidth=100","85857","magicalsalt","18045","5190","24","3","542","81","319","false","false","English","magicalsalt"
"https://static-cdn.jtvnw.net/jtv_user_pictures/36296a1e-1859-4069-b5c8-e08a0f4a063f-profile_image-150x150.png?imenable=1&impolicy=user-profile-picture&imwidth=100","85858","BBountyHunter","20010","4155","19","4","542","44","106","false","true","English","BBountyHunter"
"https://static-cdn.jtvnw.net/jtv_user_pictures/4078f3d3-1cdb-413c-a81d-efcd698cc4de-profile_image-150x150.png?imenable=1&impolicy=user-profile-picture&imwidth=100","85859","SwaGzz","135","105","3","1","542","2","20","false","true","English","SwaGzz"
"https://static-cdn.jtvnw.net/jtv_user_pictures/54d9c12e-1484-496c-931a-ed6945a77445-profile_image-150x150.png?imenable=1&impolicy=user-profile-picture&imwidth=100","85860","tarotaku78","2220","750","10","2","542","4","9","false","true","English","tarotaku78"
"https://static-cdn.jtvnw.net/jtv_user_pictures/navaras7-profile_image-d97e2aeb34769e4e-150x150.jpeg?imenable=1&impolicy=user-profile-picture&imwidth=100","85861","navaras7","6450","945","14","6","542","20","29","false","false","English","navaras7"
"https://static-cdn.jtvnw.net/jtv_user_pictures/6cbea415-3a43-4372-a65d-dab729250971-profile_image-150x150.png?imenable=1&impolicy=user-profile-picture&imwidth=100","85862","ChopperFan92","780","870","3","0","542","0","0","false","true","German","ChopperFan92"
"https://static-cdn.jtvnw.net/jtv_user_pictures/yluzzzion-profile_image-5077bace71258af5-150x150.jpeg?imenable=1&impolicy=user-profile-picture&imwidth=100","85863","YluzZzion","31515","4845","46","6","542","66","446","false","true","French","YluzZzion"
"https://static-cdn.jtvnw.net/jtv_user_pictures/d7bbfe70-9962-4e76-8a10-267a0cea9a64-profile_image-150x150.png?imenable=1&impolicy=user-profile-picture&imwidth=100","85864","khadesru","165","150","2","1","542","0","4","false","false","Russian","khadesru"
"https://static-cdn.jtvnw.net/jtv_user_pictures/8a97817f-adb3-4093-bc97-4be504d1b337-profile_image-150x150.jpg?imenable=1&impolicy=user-profile-picture&imwidth=100","85865","SkizoTop","3270","1140","20","2","542","19","75","false","true","French","SkizoTop"
"https://static-cdn.jtvnw.net/jtv_user_pictures/originalarqis-profile_image-2bfadd285b1cc690-150x150.png?imenable=1&impolicy=user-profile-picture&imwidth=100","85866","OriginalArqis","53835","1365","92","39","542","838","287","false","false","German","OriginalArqis"
"https://static-cdn.jtvnw.net/jtv_user_pictures/421b43b6-5925-4f8a-839e-a9fb737cf115-profile_image-150x150.png?imenable=1&impolicy=user-profile-picture&imwidth=100","85867","Kadiq","300","120","5","2","542","-1","1","false","false","English","Kadiq"
"https://static-cdn.jtvnw.net/jtv_user_pictures/celdia-profile_image-bc9b509526d009a7-150x150.png?imenable=1&impolicy=user-profile-picture&imwidth=100","85868","Celdia","4665","540","16","7","542","8","17","false","true","English","Celdia"
"https://static-cdn.jtvnw.net/jtv_user_pictures/7ed38c4b-c18d-40da-b20e-361406202e03-profile_image-150x150.png?imenable=1&impolicy=user-profile-picture&imwidth=100","85869","BaBilonianin","4860","3030","14","1","542","6","125","false","false","Russian","BaBilonianin"
"https://static-cdn.jtvnw.net/jtv_user_pictures/3834ba3e-db1a-4d2c-9f18-57d7aa326ff8-profile_image-150x150.png?imenable=1&impolicy=user-profile-picture&imwidth=100","85870","iitsKO","90","270","4","0","542","0","0","false","true","English","iitsKO"
"https://static-cdn.jtvnw.net/jtv_user_pictures/bf460312-63f8-41a9-a1b4-56e09cb72fa3-profile_image-150x150.jpg?imenable=1&impolicy=user-profile-picture&imwidth=100","85871","FitterSpace","6405","930","17","6","542","1","19","false","false","English","FitterSpace"
"https://static-cdn.jtvnw.net/jtv_user_pictures/univin-profile_image-de850debe47ec712-150x150.png?imenable=1&impolicy=user-profile-picture&imwidth=100","85872","UniVin","3210","660","16","4","542","9","22","false","false","English","UniVin"
"https://static-cdn.jtvnw.net/user-default-pictures/bb97f7e6-f11a-4194-9708-52bf5a5125e8-profile_image-150x150.jpg?imenable=1&impolicy=user-profile-picture&imwidth=100","85873","豐爺爺 (fungyeayea)","1155","270","9","3","542","1","64","false","false","Chinese (Hong Kong SAR)","豐爺爺 (fungyeayea)"
"https://static-cdn.jtvnw.net/jtv_user_pictures/cakebatter_fay-profile_image-3b9184ba25c8c08e-150x150.jpeg?imenable=1&impolicy=user-profile-picture&imwidth=100","85874","CakeBatter_Fay","16755","1650","18","9","542","12","331","false","true","English","CakeBatter_Fay"
"https://static-cdn.jtvnw.net/jtv_user_pictures/idreamvision-profile_image-7affc35aa4916c09-150x150.png?imenable=1&impolicy=user-profile-picture&imwidth=100","85875","iDreamVision","118890","3885","77","30","542","407","764","false","false","English","iDreamVision"
"https://static-cdn.jtvnw.net/jtv_user_pictures/cde0b8dfd0169347-profile_image-150x150.jpeg?imenable=1&impolicy=user-profile-picture&imwidth=100","85876","RogueBishop","30","15","2","2","542","0","0","false","true","English","RogueBishop"
"https://static-cdn.jtvnw.net/jtv_user_pictures/bcacab24-dd1f-4c12-a6ef-c91d21a90fea-profile_image-150x150.jpg?imenable=1&impolicy=user-profile-picture&imwidth=100","85877","BluRFusion","120","150","3","0","542","0","19","false","true","English","BluRFusion"
"https://static-cdn.jtvnw.net/jtv_user_pictures/a646e20f-3616-423f-a31c-45242bd38e23-profile_image-150x150.png?imenable=1&impolicy=user-profile-picture&imwidth=100","85878","Dbrow","7140","3915","8","1","542","-3","22","false","true","English","Dbrow"
"https://static-cdn.jtvnw.net/jtv_user_pictures/11d7ccc8f53ab848-profile_image-150x150.jpeg?imenable=1&impolicy=user-profile-picture&imwidth=100","85879","Puistopummi","3210","1875","6","1","542","7","37","false","true","Finnish","Puistopummi"
"https://static-cdn.jtvnw.net/jtv_user_pictures/bebc6aac-31f9-4f98-9b40-9b6a1cfcfae0-profile_image-150x150.jpeg?imenable=1&impolicy=user-profile-picture&imwidth=100","85880","m0onl1ght","13755","3375","20","3","542","4","587","false","false","English","m0onl1ght"
"https://static-cdn.jtvnw.net/jtv_user_pictures/gavbrowett-profile_image-8ebd32d90950549f-150x150.jpeg?imenable=1&impolicy=user-profile-picture&imwidth=100","85881","GavBrowett","1725","990","5","1","542","6","101","false","true","English","GavBrowett"
"https://static-cdn.jtvnw.net/jtv_user_pictures/e44ba71b-ca7b-48b2-ae82-d4384bc3e411-profile_image-150x150.png?imenable=1&impolicy=user-profile-picture&imwidth=100","85882","Supernova_Live","90","75","2","1","542","1","39","false","false","German","Supernova_Live"
"https://static-cdn.jtvnw.net/jtv_user_pictures/uksp_spark-profile_image-4a759cd75f813e9a-150x150.png?imenable=1&impolicy=user-profile-picture&imwidth=100","85883","Uksp_spark","131415","5100","115","25","542","35","155","false","false","English","Uksp_spark"
"https://static-cdn.jtvnw.net/jtv_user_pictures/spoonertm-profile_image-11ca81d4e08d87b7-150x150.jpeg?imenable=1&impolicy=user-profile-picture&imwidth=100","85884","SpoonerTM","690","135","9","4","542","1","11","false","true","English","SpoonerTM"
"https://static-cdn.jtvnw.net/jtv_user_pictures/vampvirgo-profile_image-6b78daeb43903276-150x150.jpeg?imenable=1&impolicy=user-profile-picture&imwidth=100","85885","VampVirgo","5235","2175","9","1","542","6","45","false","true","English","VampVirgo"
"https://static-cdn.jtvnw.net/jtv_user_pictures/70cddf50-ee8f-40aa-9c39-e8f75fc0b598-profile_image-150x150.png?imenable=1&impolicy=user-profile-picture&imwidth=100","85886","Runnedk","8235","1050","22","7","542","22","180","false","true","Spanish","Runnedk"
"https://static-cdn.jtvnw.net/jtv_user_pictures/afd42585-d41e-41d4-ac1e-fb2e442e248d-profile_image-150x150.png?imenable=1&impolicy=user-profile-picture&imwidth=100","85887","Luc4r","1125","225","8","4","542","4","45","false","true","Polish","Luc4r"
"https://static-cdn.jtvnw.net/jtv_user_pictures/68a74798-8838-4d0c-b8b5-9e58d735bd89-profile_image-150x150.png?imenable=1&impolicy=user-profile-picture&imwidth=100","85888","TUNEE","240","120","4","1","542","1","7","false","true","English","TUNEE"
"https://static-cdn.jtvnw.net/jtv_user_pictures/997e079c-ae7a-4307-a0be-064711f6d4a3-profile_image-150x150.png?imenable=1&impolicy=user-profile-picture&imwidth=100","85889","얼패드로팔카 (pedroparka)","5070","2580","8","1","542","6","217","false","true","English","얼패드로팔카 (pedroparka)"
"https://static-cdn.jtvnw.net/jtv_user_pictures/wingedfox1-profile_image-86b2f82ee30a1fc6-150x150.png?imenable=1&impolicy=user-profile-picture&imwidth=100","85890","WingedFox1","2130","1320","4","1","542","1","14","false","false","English","WingedFox1"
"https://static-cdn.jtvnw.net/jtv_user_pictures/5bc186cd-a179-49cb-af7d-eefc662ac550-profile_image-150x150.jpg?imenable=1&impolicy=user-profile-picture&imwidth=100","85891","Jordominator1","0","30","1","0","542","0","0","false","false","English","Jordominator1"
"https://static-cdn.jtvnw.net/jtv_user_pictures/epicgamerking14-profile_image-a571e437839d545d-150x150.png?imenable=1&impolicy=user-profile-picture&imwidth=100","85892","epicgamerking14","20865","6015","18","3","542","67","208","false","false","English","epicgamerking14"
"https://static-cdn.jtvnw.net/jtv_user_pictures/43dc566d-8d78-4734-a160-caa726dcd1b2-profile_image-150x150.png?imenable=1&impolicy=user-profile-picture&imwidth=100","85893","BriarrRose_","5775","1590","7","3","542","5","15","false","false","English","BriarrRose_"
"https://static-cdn.jtvnw.net/jtv_user_pictures/xonex88-profile_image-84dbd14c28931937-150x150.jpeg?imenable=1&impolicy=user-profile-picture&imwidth=100","85894","xonex88","180","105","3","1","542","0","7","false","false","German","xonex88"
"https://static-cdn.jtvnw.net/jtv_user_pictures/8e5cfc36-722c-4c84-8292-79a4b0c93900-profile_image-150x150.png?imenable=1&impolicy=user-profile-picture&imwidth=100","85895","highlyroyaltv","1050","690","5","1","542","6","6","false","true","English","highlyroyaltv"
"https://static-cdn.jtvnw.net/jtv_user_pictures/frediletsplaybro-profile_image-173c4f57772fab79-150x150.jpeg?imenable=1&impolicy=user-profile-picture&imwidth=100","85896","frediletsplaybro","480","240","4","1","541","7","74","false","false","Russian","frediletsplaybro"
"https://static-cdn.jtvnw.net/jtv_user_pictures/49cf10ef-2672-41cb-81a8-2bfd28362d79-profile_image-150x150.png?imenable=1&impolicy=user-profile-picture&imwidth=100","85897","1Locutor","705","270","7","1","541","7","58","false","false","Portuguese","1Locutor"
"https://static-cdn.jtvnw.net/jtv_user_pictures/d12eb3b3-8ca3-48a7-b404-f895aeb62736-profile_image-150x150.png?imenable=1&impolicy=user-profile-picture&imwidth=100","85898","ValeSky","2520","780","7","2","541","12","4","false","false","English","ValeSky"
"https://static-cdn.jtvnw.net/jtv_user_pictures/a3e00e27-25b8-402b-90fd-cc059916c6fa-profile_image-150x150.png?imenable=1&impolicy=user-profile-picture&imwidth=100","85899","robertoverge","0","60","0","0","541","0","0","false","true","English","robertoverge"
"https://static-cdn.jtvnw.net/jtv_user_pictures/jakekettle-profile_image-9e9b53827b46ff83-150x150.jpeg?imenable=1&impolicy=user-profile-picture&imwidth=100","85900","jakekettle","2235","495","8","4","541","13","42","false","true","English","jakekettle"