"","","Channel","Watch time","Stream time","Peak viewers","Average viewers","Followers","Followers gained","Views gained","Partnered","Mature","Language",""
"https://static-cdn.jtvnw.net/jtv_user_pictures/deonixchannel-profile_image-b2f7a30499b8266b-150x150.png?imenable=1&impolicy=user-profile-picture&imwidth=100","5151","DeonixChannel","845550","5775","1156","146","30203","656","10315","true","true","Russian","DeonixChannel"
"https://static-cdn.jtvnw.net/jtv_user_pictures/kevinmpv-profile_image-a10385a6c3364730-150x150.png?imenable=1&impolicy=user-profile-picture&imwidth=100","5152","KevinMPV","51825","6975","25","7","30200","206","2616","true","true","Spanish","KevinMPV"
"https://static-cdn.jtvnw.net/jtv_user_pictures/jennacloud-profile_image-8b483bf059d4c063-150x150.jpeg?imenable=1&impolicy=user-profile-picture&imwidth=100","5153","JennaCloud","415980","7815","1194","52","30198","980","8479","true","true","English","JennaCloud"
"https://static-cdn.jtvnw.net/jtv_user_pictures/a137cc9c-5237-44f6-9151-c4e0c494f00f-profile_image-150x150.png?imenable=1&impolicy=user-profile-picture&imwidth=100","5154","PJDiCesare","5253795","9825","1105","534","30183","2574","10746","true","true","English","PJDiCesare"
"https://static-cdn.jtvnw.net/jtv_user_pictures/dotagasm-profile_image-1eb1ca101299b4f7-150x150.jpeg?imenable=1&impolicy=user-profile-picture&imwidth=100","5155","dotagasm","513825","3060","2550","167","30183","971","10646","true","false","English","dotagasm"
"https://static-cdn.jtvnw.net/jtv_user_pictures/valdudes-profile_image-b9d2f50d75e53475-150x150.jpeg?imenable=1&impolicy=user-profile-picture&imwidth=100","5156","Valdudes","361260","7590","165","47","30179","80","3876","true","true","English","Valdudes"
"https://static-cdn.jtvnw.net/jtv_user_pictures/a9004010-c099-4fd0-8fd4-76524f137c1f-profile_image-150x150.png?imenable=1&impolicy=user-profile-picture&imwidth=100","5157","Pooch3255","36645","4965","15","7","30179","-2217","113","false","false","English","Pooch3255"
"https://static-cdn.jtvnw.net/jtv_user_pictures/dopeswagg2424-profile_image-17e0178ad44ce40c-150x150.jpeg?imenable=1&impolicy=user-profile-picture&imwidth=100","5158","Dopeswagg2424","1166370","1185","4508","983","30161","6109","2965","true","true","English","Dopeswagg2424"
"https://static-cdn.jtvnw.net/jtv_user_pictures/dccd30c0-2299-41ba-9e0c-e6670f9503df-profile_image-150x150.png?imenable=1&impolicy=user-profile-picture&imwidth=100","5159","shadedpineapples","26160","2490","21","10","30156","-128","216","true","true","English","shadedpineapples"
"https://static-cdn.jtvnw.net/jtv_user_pictures/2ac70f8a93d64601-profile_image-150x150.jpeg?imenable=1&impolicy=user-profile-picture&imwidth=100","5160","Shasko","1664670","7800","5702","212","30154","1246","149577","false","false","Spanish","Shasko"
"https://static-cdn.jtvnw.net/jtv_user_pictures/carnage64-profile_image-54301b0e94cc4195-150x150.jpeg?imenable=1&impolicy=user-profile-picture&imwidth=100","5161","CarNage64","1385145","11130","799","123","30135","74","5858","true","false","English","CarNage64"
"https://static-cdn.jtvnw.net/jtv_user_pictures/youbetterknowme-profile_image-033895044a2f2794-150x150.jpeg?imenable=1&impolicy=user-profile-picture&imwidth=100","5162","YouBetterKnowMe","1788900","7710","954","231","30118","221","35392","true","false","German","YouBetterKnowMe"
"https://static-cdn.jtvnw.net/jtv_user_pictures/9ba27d7b-6674-4f53-a34e-c1cb5ac87e84-profile_image-150x150.png?imenable=1&impolicy=user-profile-picture&imwidth=100","5163","chisey0","627450","5370","580","116","30112","560","5758","true","false","English","chisey0"
"https://static-cdn.jtvnw.net/jtv_user_pictures/edae4b5d-cc45-4c97-97d8-2e1b1aa2dfb9-profile_image-150x150.png?imenable=1&impolicy=user-profile-picture&imwidth=100","5164","bazy_","38790","435","145","88","30102","-4","590","true","true","French","bazy_"
"https://static-cdn.jtvnw.net/jtv_user_pictures/14054c9d-0873-4d29-b8b8-fd6ec6603886-profile_image-150x150.png?imenable=1&impolicy=user-profile-picture&imwidth=100","5165","Maikeru","735","165","6","4","30089","0","5","true","true","English","Maikeru"
"https://static-cdn.jtvnw.net/jtv_user_pictures/gamersheroes-profile_image-57ef889115d08323-150x150.jpeg?imenable=1&impolicy=user-profile-picture&imwidth=100","5166","GamersHeroes","828390","5370","371","153","30087","14","183093","true","true","English","GamersHeroes"
"https://static-cdn.jtvnw.net/jtv_user_pictures/731840a5f4c8d715-profile_image-150x150.png?imenable=1&impolicy=user-profile-picture&imwidth=100","5167","DanniCat","162825","2880","157","55","30078","189","1533","true","false","English","DanniCat"
"https://static-cdn.jtvnw.net/jtv_user_pictures/jeathebelle-profile_image-d93c24a613d51f01-150x150.jpeg?imenable=1&impolicy=user-profile-picture&imwidth=100","5168","Jeathebelle","4890","1125","9","3","30066","16","17","true","true","English","Jeathebelle"
"https://static-cdn.jtvnw.net/jtv_user_pictures/be1cf78a59c9a3c8-profile_image-150x150.png?imenable=1&impolicy=user-profile-picture&imwidth=100","5169","9hands","12097680","11595","4794","1042","30063","10229","12184","false","false","English","9hands"
"https://static-cdn.jtvnw.net/jtv_user_pictures/a95da8e7-3dde-4959-a95e-431f5b07975e-profile_image-150x150.png?imenable=1&impolicy=user-profile-picture&imwidth=100","5170","Egption","7500","645","89","11","30048","-8","75","true","true","English","Egption"
"https://static-cdn.jtvnw.net/jtv_user_pictures/disnof-profile_image-8844d523f51cc553-150x150.png?imenable=1&impolicy=user-profile-picture&imwidth=100","5171","Disnof","249810","17280","30","14","30035","71","601","true","false","English","Disnof"
"https://static-cdn.jtvnw.net/jtv_user_pictures/4703e389-c917-476a-b5df-00d958a51b8b-profile_image-150x150.png?imenable=1&impolicy=user-profile-picture&imwidth=100","5172","Cliffy","63000","5940","81","10","30034","176","251","true","false","English","Cliffy"
"https://static-cdn.jtvnw.net/jtv_user_pictures/eaf02a33-1187-44e2-bfeb-833b17d7bd41-profile_image-150x150.png?imenable=1&impolicy=user-profile-picture&imwidth=100","5173","zl0b4","630","255","7","1","30030","9","57","false","false","Russian","zl0b4"
"https://static-cdn.jtvnw.net/jtv_user_pictures/edca6cc9-6231-4890-88ad-f0cb0c432ffc-profile_image-150x150.png?imenable=1&impolicy=user-profile-picture&imwidth=100","5174","Frog1786","900","90","14","10","30006","2","0","true","true","English","Frog1786"
"https://static-cdn.jtvnw.net/jtv_user_pictures/53905276-4bf8-4875-8f8d-b91a1bf04956-profile_image-150x150.png?imenable=1&impolicy=user-profile-picture&imwidth=100","5175","H3z0TV","2640","840","13","2","29998","10","40","true","true","Bulgarian","H3z0TV"
"https://static-cdn.jtvnw.net/jtv_user_pictures/dunpy-profile_image-39fe252711a0cb8f-150x150.jpeg?imenable=1&impolicy=user-profile-picture&imwidth=100","5176","dunpy","1699290","3540","2310","479","29985","2966","39266","true","false","Turkish","dunpy"
"https://static-cdn.jtvnw.net/jtv_user_pictures/sohfearz-profile_image-0f644f8d7646af29-150x150.jpeg?imenable=1&impolicy=user-profile-picture&imwidth=100","5177","Sohfearz","290400","16635","199","16","29978","389","1767","false","false","English","Sohfearz"
"https://static-cdn.jtvnw.net/jtv_user_pictures/b41f8bae-0a00-4664-8691-502150507e5d-profile_image-150x150.jpg?imenable=1&impolicy=user-profile-picture&imwidth=100","5178","Leuqme","135","60","5","2","29972","2","15","true","true","Turkish","Leuqme"
"https://static-cdn.jtvnw.net/jtv_user_pictures/300bb55a-d4b9-49f6-9512-1899d2dfc5c4-profile_image-150x150.png?imenable=1&impolicy=user-profile-picture&imwidth=100","5179","PESEPLive","307695","3000","163","102","29960","189","3532","true","false","English","PESEPLive"
"https://static-cdn.jtvnw.net/jtv_user_pictures/94301a53-19a8-4786-988f-9f6a375de028-profile_image-150x150.png?imenable=1&impolicy=user-profile-picture&imwidth=100","5180","ZH8HD","120","60","4","2","29952","1","9","true","false","Arabic","ZH8HD"
"https://static-cdn.jtvnw.net/jtv_user_pictures/08b55f20-8044-4fa9-9b0c-12c1aea38074-profile_image-150x150.png?imenable=1&impolicy=user-profile-picture&imwidth=100","5181","auzom_gg","18975","135","177","140","29951","54","209","true","true","English","auzom_gg"
"https://static-cdn.jtvnw.net/jtv_user_pictures/c86bdc4d-303a-4168-8bc5-a430f58d0742-profile_image-150x150.png?imenable=1&impolicy=user-profile-picture&imwidth=100","5182","SpartanGeek","15330","540","45","27","29950","172","662","true","false","Spanish","SpartanGeek"
"https://static-cdn.jtvnw.net/jtv_user_pictures/c92e74399e4ff233-profile_image-150x150.png?imenable=1&impolicy=user-profile-picture&imwidth=100","5183","Mattachew","816150","6855","1001","118","29949","-6526","3782","true","true","English","Mattachew"
"https://static-cdn.jtvnw.net/jtv_user_pictures/cdb26ccd-09ef-49e4-9e24-0d0daad04557-profile_image-150x150.png?imenable=1&impolicy=user-profile-picture&imwidth=100","5184","Kacy","517635","5955","1063","86","29948","322","3776","true","false","English","Kacy"
"https://static-cdn.jtvnw.net/jtv_user_pictures/e0dc1950-54ef-4eac-9333-42a417a6d61f-profile_image-150x150.png?imenable=1&impolicy=user-profile-picture&imwidth=100","5185","Chysro","26685","2295","79","11","29937","202","742","true","true","Turkish","Chysro"
"https://static-cdn.jtvnw.net/jtv_user_pictures/45173210-ad0c-407f-8877-3dabfeb3a3cc-profile_image-150x150.png?imenable=1&impolicy=user-profile-picture&imwidth=100","5186","Primal","180","195","2","0","29928","0","7","true","true","English","Primal"
"https://static-cdn.jtvnw.net/jtv_user_pictures/mr_rsmash-profile_image-a6b1472b574837f0-150x150.png?imenable=1&impolicy=user-profile-picture&imwidth=100","5187","Mr_Rsmash","457575","2565","420","177","29915","644","2700","true","false","English","Mr_Rsmash"
"https://static-cdn.jtvnw.net/jtv_user_pictures/bugzytv-profile_image-1e9124bc07181809-150x150.png?imenable=1&impolicy=user-profile-picture&imwidth=100","5188","bugzyTV","117645","6690","162","17","29914","156","1354","true","true","English","bugzyTV"
"https://static-cdn.jtvnw.net/jtv_user_pictures/40e603d9-8f80-4433-a668-2b90c766ef46-profile_image-150x150.png?imenable=1&impolicy=user-profile-picture&imwidth=100","5189","MosesPlays","1448100","10500","419","137","29913","279","10992","true","true","English","MosesPlays"
"https://static-cdn.jtvnw.net/jtv_user_pictures/d65e0cca-ff12-40ba-8e28-f25e91da4b17-profile_image-150x150.png?imenable=1&impolicy=user-profile-picture&imwidth=100","5190","Covertgoblue","33615","2670","36","12","29908","57","347","true","false","English","Covertgoblue"
"https://static-cdn.jtvnw.net/jtv_user_pictures/39079b91-1a68-4eb3-b2d3-e8efdd2d9c62-profile_image-150x150.png?imenable=1&impolicy=user-profile-picture&imwidth=100","5191","Leviathan111","159885","7215","59","21","29903","85","817","true","false","English","Leviathan111"
"https://static-cdn.jtvnw.net/jtv_user_pictures/little_bird_-profile_image-d4a5a7b49938e5fe-150x150.jpeg?imenable=1&impolicy=user-profile-picture&imwidth=100","5192","Little_Bird_","34215","7365","14","4","29898","32","203","false","true","English","Little_Bird_"
"https://static-cdn.jtvnw.net/jtv_user_pictures/e1c3d3d3-7368-4638-9e05-6e92d5532d9a-profile_image-150x150.png?imenable=1&impolicy=user-profile-picture&imwidth=100","5193","FABI1LIVE","30","30","2","1","29898","0","-4","true","false","French","FABI1LIVE"
"https://static-cdn.jtvnw.net/jtv_user_pictures/hkesportstv-profile_image-f6313c78e0381429-150x150.png?imenable=1&impolicy=user-profile-picture&imwidth=100","5194","HKeSportstv","5063970","2175","6585","2327","29896","409","30989","true","false","Chinese","HKeSportstv"
"https://static-cdn.jtvnw.net/jtv_user_pictures/8ee827ab-da79-4b23-a50a-bb84671a8d1a-profile_image-150x150.png?imenable=1&impolicy=user-profile-picture&imwidth=100","5195","Fahros","39225","1455","49","26","29885","49","181","true","true","English","Fahros"
"https://static-cdn.jtvnw.net/jtv_user_pictures/27f30ea7-6e33-4f3d-a875-b418fe535d8e-profile_image-150x150.jpg?imenable=1&impolicy=user-profile-picture&imwidth=100","5196","horvyfps","450","225","6","1","29880","7","52","true","false","Portuguese","horvyfps"
"https://static-cdn.jtvnw.net/jtv_user_pictures/kuxir97-profile_image-6daa26179f0bd22d-150x150.jpeg?imenable=1&impolicy=user-profile-picture&imwidth=100","5197","kuxir97","2947755","3585","1624","821","29873","3659","22086","true","false","","kuxir97"
"https://static-cdn.jtvnw.net/jtv_user_pictures/8ac6c1a8062fd23d-profile_image-150x150.jpeg?imenable=1&impolicy=user-profile-picture&imwidth=100","5198","HACE","675","270","6","2","29854","5","2","true","true","English","HACE"
"https://static-cdn.jtvnw.net/jtv_user_pictures/nanardbe-profile_image-a490b73dc195f81e-150x150.png?imenable=1&impolicy=user-profile-picture&imwidth=100","5199","NanardBE","1536975","6900","528","222","29853","1010","13245","true","true","French","NanardBE"
"https://static-cdn.jtvnw.net/jtv_user_pictures/56090ca7-500f-4a8c-a405-dd780905f26d-profile_image-150x150.png?imenable=1&impolicy=user-profile-picture&imwidth=100","5200","DomesticDan","556110","5145","614","107","29846","1510","10418","true","true","English","DomesticDan"