"","","Channel","Watch time","Stream time","Peak viewers","Average viewers","Followers","Followers gained","Views gained","Partnered","Mature","Language",""
"https://static-cdn.jtvnw.net/jtv_user_pictures/15e70ce2-6556-4376-aa4e-b3c883eacbc4-profile_image-150x150.png?imenable=1&impolicy=user-profile-picture&imwidth=100","70201","CarmeloPorcelli","1005","75","25","13","763","9","0","false","false","Spanish","CarmeloPorcelli"
"https://static-cdn.jtvnw.net/jtv_user_pictures/apollo_steed-profile_image-d12af0d59a37f3ae-150x150.jpeg?imenable=1&impolicy=user-profile-picture&imwidth=100","70202","Apollo_steed","330","180","3","1","763","0","15","true","false","English","Apollo_steed"
"https://static-cdn.jtvnw.net/jtv_user_pictures/8339bd67-26e1-4adf-aff2-b4ca9c2fb59b-profile_image-150x150.png?imenable=1&impolicy=user-profile-picture&imwidth=100","70203","EveningMiSa","150","75","3","2","763","0","0","false","true","English","EveningMiSa"
"https://static-cdn.jtvnw.net/jtv_user_pictures/70eab0d0-a4cd-4fd6-b612-efdc0f4945d1-profile_image-150x150.png?imenable=1&impolicy=user-profile-picture&imwidth=100","70204","glutenfreeQT","6435","630","20","9","763","0","50","false","true","English","glutenfreeQT"
"https://static-cdn.jtvnw.net/jtv_user_pictures/6e66cd16-b0cd-40b1-9f62-2c9b99f41a2e-profile_image-150x150.png?imenable=1&impolicy=user-profile-picture&imwidth=100","70205","MoonyTM","840","360","4","2","763","-2","15","false","false","English","MoonyTM"
"https://static-cdn.jtvnw.net/jtv_user_pictures/90ba5815-014a-4f21-8aa6-efd6561d7eb1-profile_image-150x150.png?imenable=1&impolicy=user-profile-picture&imwidth=100","70206","african_tribesman_alofas","20820","1110","42","18","763","31","282","false","false","Other","african_tribesman_alofas"
"https://static-cdn.jtvnw.net/jtv_user_pictures/85f661dc-f263-4bd1-9c4c-d44c981e8651-profile_image-150x150.png?imenable=1&impolicy=user-profile-picture&imwidth=100","70207","TheArrowReborn","19995","2010","28","9","763","22","91","false","false","English","TheArrowReborn"
"https://static-cdn.jtvnw.net/jtv_user_pictures/edfc095f-df0c-4b01-8ec2-8e847df6544e-profile_image-150x150.png?imenable=1&impolicy=user-profile-picture&imwidth=100","70208","Dox2010","2205","1110","5","1","763","-18","751","false","true","German","Dox2010"
"https://static-cdn.jtvnw.net/jtv_user_pictures/287b707b-5f79-413d-8886-51eb295ae294-profile_image-150x150.png?imenable=1&impolicy=user-profile-picture&imwidth=100","70209","ItsGyp","1050","645","4","1","763","-1","31","false","true","English","ItsGyp"
"https://static-cdn.jtvnw.net/jtv_user_pictures/kleerkastje-profile_image-4b4ce589aa243d06-150x150.png?imenable=1&impolicy=user-profile-picture&imwidth=100","70210","Kleerkastje","14745","675","85","21","763","1002","95","false","false","English","Kleerkastje"
"https://static-cdn.jtvnw.net/jtv_user_pictures/hb_studios-profile_image-1aa909451cd5cbab-150x150.png?imenable=1&impolicy=user-profile-picture&imwidth=100","70211","HB_Studios","3975","405","16","9","763","8","205","false","false","English","HB_Studios"
"https://static-cdn.jtvnw.net/jtv_user_pictures/ryansykes-profile_image-3cddf468e3830f63-150x150.jpeg?imenable=1&impolicy=user-profile-picture&imwidth=100","70212","Ryansykes","16695","1650","25","9","763","-1","206","true","false","Russian","Ryansykes"
"https://static-cdn.jtvnw.net/jtv_user_pictures/3929e581-ac29-40c0-b68d-f4ed08a6d0fb-profile_image-150x150.png?imenable=1&impolicy=user-profile-picture&imwidth=100","70213","0verLordRevan","7935","1770","13","4","763","34","77","false","true","English","0verLordRevan"
"https://static-cdn.jtvnw.net/jtv_user_pictures/zezincortacana-profile_image-3348389b301f4353-150x150.png?imenable=1&impolicy=user-profile-picture&imwidth=100","70214","ZezinCortaCana","88620","5460","400","15","763","279","2556","false","false","Portuguese","ZezinCortaCana"
"https://static-cdn.jtvnw.net/jtv_user_pictures/ff2d08e2-9d14-4711-a238-b4db69cdbd7f-profile_image-150x150.png?imenable=1&impolicy=user-profile-picture&imwidth=100","70215","StepchenPL","19590","2985","34","6","763","50","447","false","false","Polish","StepchenPL"
"https://static-cdn.jtvnw.net/jtv_user_pictures/seattlerockband-profile_image-be05bc00f5b05142-150x150.jpeg?imenable=1&impolicy=user-profile-picture&imwidth=100","70216","SeattleRockBand","5325","690","16","7","763","7","24","false","false","English","SeattleRockBand"
"https://static-cdn.jtvnw.net/jtv_user_pictures/bassfrog84-profile_image-cfb45ab8efe62af5-150x150.png?imenable=1&impolicy=user-profile-picture&imwidth=100","70217","BassFrog84","7755","1440","12","4","763","7","107","false","false","English","BassFrog84"
"https://static-cdn.jtvnw.net/jtv_user_pictures/deju2-profile_image-7e06f148954498fb-150x150.jpeg?imenable=1&impolicy=user-profile-picture&imwidth=100","70218","deju2","10740","3975","10","2","763","1","170","false","true","Finnish","deju2"
"https://static-cdn.jtvnw.net/jtv_user_pictures/lastheavenly-profile_image-1e2b49647ff5b97e-150x150.jpeg?imenable=1&impolicy=user-profile-picture&imwidth=100","70219","LastHeavenly","3735","810","11","4","763","-3","26","false","false","English","LastHeavenly"
"https://static-cdn.jtvnw.net/jtv_user_pictures/becc7e00-c135-4693-acd8-d9cb7b42b860-profile_image-150x150.png?imenable=1&impolicy=user-profile-picture&imwidth=100","70220","symbolicbless","3915","1020","46","3","763","6","4","false","true","English","symbolicbless"
"https://static-cdn.jtvnw.net/jtv_user_pictures/hydra0108-profile_image-de3d83404803994d-150x150.png?imenable=1&impolicy=user-profile-picture&imwidth=100","70221","hydra0108","52080","2505","396","20","763","308","1698","false","false","English","hydra0108"
"https://static-cdn.jtvnw.net/jtv_user_pictures/f1a2cfdd-145e-48f2-8244-63fc29291833-profile_image-150x150.png?imenable=1&impolicy=user-profile-picture&imwidth=100","70222","Litiare","255","75","5","3","763","-35","14","false","false","English","Litiare"
"https://static-cdn.jtvnw.net/jtv_user_pictures/62870806-9bc6-4b2d-8835-79e7842ae4dc-profile_image-150x150.png?imenable=1&impolicy=user-profile-picture&imwidth=100","70223","mad_girlfriend","60","45","3","1","763","-1","11","false","true","English","mad_girlfriend"
"https://static-cdn.jtvnw.net/jtv_user_pictures/thedeadzone-profile_image-b14cae55fa0de056-150x150.jpeg?imenable=1&impolicy=user-profile-picture&imwidth=100","70224","TheDeadZone","1620","195","14","8","763","2","19","true","true","English","TheDeadZone"
"https://static-cdn.jtvnw.net/jtv_user_pictures/hardbody_neal-profile_image-ba76155f4d101302-150x150.png?imenable=1&impolicy=user-profile-picture&imwidth=100","70225","HardBody_Neal","180","90","5","2","762","0","0","false","false","English","HardBody_Neal"
"https://static-cdn.jtvnw.net/jtv_user_pictures/c3302ae3-3059-498a-aadf-0a8518c0e870-profile_image-150x150.jpeg?imenable=1&impolicy=user-profile-picture&imwidth=100","70226","Cross1942","8370","2700","10","2","762","13","173","false","false","Chinese","Cross1942"
"https://static-cdn.jtvnw.net/jtv_user_pictures/b6a8967e-1fb8-4ebd-bb95-f552e2eba890-profile_image-150x150.jpg?imenable=1&impolicy=user-profile-picture&imwidth=100","70227","xLittleMissy","45","150","3","0","762","0","0","false","false","English","xLittleMissy"
"https://static-cdn.jtvnw.net/jtv_user_pictures/1c59e085-6550-4c3b-bc94-71681f93c841-profile_image-150x150.png?imenable=1&impolicy=user-profile-picture&imwidth=100","70228","BULL1060","855","495","6","1","762","2","42","false","true","English","BULL1060"
"https://static-cdn.jtvnw.net/jtv_user_pictures/58adb2e8f0a1821a-profile_image-150x150.jpeg?imenable=1&impolicy=user-profile-picture&imwidth=100","70229","AysianPersuasion","150","60","4","2","762","0","0","false","true","English","AysianPersuasion"
"https://static-cdn.jtvnw.net/jtv_user_pictures/085aaede-36fc-41a1-8e9a-3bf08d661aac-profile_image-150x150.jpg?imenable=1&impolicy=user-profile-picture&imwidth=100","70230","gemmalouiseox","735","210","8","3","762","2","3","false","false","English","gemmalouiseox"
"https://static-cdn.jtvnw.net/jtv_user_pictures/toiletstainer-profile_image-2fd832df74008f2f-150x150.jpeg?imenable=1&impolicy=user-profile-picture&imwidth=100","70231","ToiletStainer","10965","930","17","11","762","5","20","false","false","English","ToiletStainer"
"https://static-cdn.jtvnw.net/jtv_user_pictures/b6b807ea-8596-4578-84ea-4798ab464e88-profile_image-150x150.png?imenable=1&impolicy=user-profile-picture&imwidth=100","70232","SirtoksDaBeast","90","195","2","0","762","0","0","false","true","English","SirtoksDaBeast"
"https://static-cdn.jtvnw.net/jtv_user_pictures/queystreams-profile_image-c3c0b2e1ef4e7d35-150x150.jpeg?imenable=1&impolicy=user-profile-picture&imwidth=100","70233","QueyStreams","2145","1785","6","0","762","17","8","false","false","English","QueyStreams"
"https://static-cdn.jtvnw.net/jtv_user_pictures/c7ecfb21-5463-409e-a970-fa793f09dceb-profile_image-150x150.png?imenable=1&impolicy=user-profile-picture&imwidth=100","70234","SteveFnumber2","90","255","2","0","762","0","0","false","true","English","SteveFnumber2"
"https://static-cdn.jtvnw.net/jtv_user_pictures/gamingryu-profile_image-b6e81454828592e9-150x150.jpeg?imenable=1&impolicy=user-profile-picture&imwidth=100","70235","GAMINGRYU","69735","7830","314","8","762","247","1923","false","false","German","GAMINGRYU"
"https://static-cdn.jtvnw.net/jtv_user_pictures/sleepybeargames-profile_image-189ab6e5f11e97e6-150x150.jpeg?imenable=1&impolicy=user-profile-picture&imwidth=100","70236","SleepyBearGames","2055","900","5","2","762","3","18","false","true","English","SleepyBearGames"
"https://static-cdn.jtvnw.net/jtv_user_pictures/b0af21692254f5f8-profile_image-150x150.png?imenable=1&impolicy=user-profile-picture&imwidth=100","70237","DFSlive","82650","5925","30","13","762","41","247","false","true","English","DFSlive"
"https://static-cdn.jtvnw.net/jtv_user_pictures/6b9067eb-62f5-4627-b05f-c279bc395057-profile_image-150x150.png?imenable=1&impolicy=user-profile-picture&imwidth=100","70238","chau_codes","1875","885","7","1","762","1","7","false","false","English","chau_codes"
"https://static-cdn.jtvnw.net/jtv_user_pictures/327246cf-54bf-4602-aa1f-41946bdcf01a-profile_image-150x150.png?imenable=1&impolicy=user-profile-picture&imwidth=100","70239","zuze_live","960","240","8","3","762","7","22","false","true","English","zuze_live"
"https://static-cdn.jtvnw.net/jtv_user_pictures/prettygiirlrock-profile_image-76c284d17834706e-150x150.png?imenable=1&impolicy=user-profile-picture&imwidth=100","70240","Prettygiirlrock","1365","450","8","2","762","9","6","false","true","English","Prettygiirlrock"
"https://static-cdn.jtvnw.net/jtv_user_pictures/a3300166-1737-4bf2-a8c3-a7bcc4db7b1a-profile_image-150x150.png?imenable=1&impolicy=user-profile-picture&imwidth=100","70241","artemisha","1170","240","9","4","762","5","5","false","false","English","artemisha"
"https://static-cdn.jtvnw.net/jtv_user_pictures/2a7ad1b4-57c5-46fd-a2e1-da43c49746c8-profile_image-150x150.jpg?imenable=1&impolicy=user-profile-picture&imwidth=100","70242","ItsMaxouu","15","45","1","0","762","1","0","false","false","French","ItsMaxouu"
"https://static-cdn.jtvnw.net/jtv_user_pictures/bb952757-9b89-40ac-a2ad-ccbeddc1625c-profile_image-150x150.jpeg?imenable=1&impolicy=user-profile-picture&imwidth=100","70243","AK_Xenakiff","30","30","2","1","762","0","0","false","true","French","AK_Xenakiff"
"https://static-cdn.jtvnw.net/jtv_user_pictures/295c32dd-78d6-4ac7-bfee-58485746256a-profile_image-150x150.png?imenable=1&impolicy=user-profile-picture&imwidth=100","70244","GamerTheRime","5310","1020","27","4","762","45","44","false","false","Dutch","GamerTheRime"
"https://static-cdn.jtvnw.net/jtv_user_pictures/bjcms-profile_image-9fc8b0745366a5f2-150x150.jpeg?imenable=1&impolicy=user-profile-picture&imwidth=100","70245","BJCMS","33075","9810","11","3","762","72","100","false","true","English","BJCMS"
"https://static-cdn.jtvnw.net/jtv_user_pictures/8611a70f-fec7-4e41-8b0d-fed1a6321eb4-profile_image-150x150.png?imenable=1&impolicy=user-profile-picture&imwidth=100","70246","ItsCliqz","15","45","1","0","762","1","13","false","true","German","ItsCliqz"
"https://static-cdn.jtvnw.net/jtv_user_pictures/af074754-4122-4eed-8cd5-f29abc357250-profile_image-150x150.png?imenable=1&impolicy=user-profile-picture&imwidth=100","70247","LordNeozygy","8190","3675","10","1","762","9","205","false","true","English","LordNeozygy"
"https://static-cdn.jtvnw.net/jtv_user_pictures/0f63eaa7-7db4-49dd-b0c4-b8d74190140a-profile_image-150x150.png?imenable=1&impolicy=user-profile-picture&imwidth=100","70248","Deathpayne_","180","105","4","1","762","27","8","false","true","English","Deathpayne_"
"https://static-cdn.jtvnw.net/jtv_user_pictures/i3loodeaglei3ailey-profile_image-51f0526a2313675d-150x150.png?imenable=1&impolicy=user-profile-picture&imwidth=100","70249","I3loodEagleI3ailey","15600","5685","9","2","762","26","249","false","true","English","I3loodEagleI3ailey"
"https://static-cdn.jtvnw.net/jtv_user_pictures/c2ea05d8-73f1-49ed-a041-3db79dbed2a2-profile_image-150x150.png?imenable=1&impolicy=user-profile-picture&imwidth=100","70250","TheNSCL","3660","270","26","13","762","6","32","false","true","English","TheNSCL"
"https://static-cdn.jtvnw.net/jtv_user_pictures/javier_0930-profile_image-58133dc731779f26-150x150.jpeg?imenable=1&impolicy=user-profile-picture&imwidth=100","70251","Javier_0930","16665","4605","17","3","762","139","213","false","false","English","Javier_0930"
"https://static-cdn.jtvnw.net/jtv_user_pictures/496b8316-4ef0-4adc-b390-d9f4aba4c0a1-profile_image-150x150.png?imenable=1&impolicy=user-profile-picture&imwidth=100","70252","TzickyT","3405","1155","10","2","762","4","106","false","true","English","TzickyT"
"https://static-cdn.jtvnw.net/jtv_user_pictures/theabraxas-profile_image-98afeea634fb007c-150x150.jpeg?imenable=1&impolicy=user-profile-picture&imwidth=100","70253","TheAbraxas","4080","885","15","4","762","7","58","false","false","English","TheAbraxas"
"https://static-cdn.jtvnw.net/jtv_user_pictures/fa59e87d-5b41-4744-b190-cc9eb30a6371-profile_image-150x150.png?imenable=1&impolicy=user-profile-picture&imwidth=100","70254","yinyy","34725","6360","84","4","762","53","173","false","false","English","yinyy"
"https://static-cdn.jtvnw.net/jtv_user_pictures/therealcarbon-profile_image-50527eabcca017e0-150x150.jpeg?imenable=1&impolicy=user-profile-picture&imwidth=100","70255","therealcarbon","3420","1530","6","2","762","4","5","false","true","English","therealcarbon"
"https://static-cdn.jtvnw.net/jtv_user_pictures/7787d970-4505-4683-bdb1-3adfd6eb3b48-profile_image-150x150.png?imenable=1&impolicy=user-profile-picture&imwidth=100","70256","xheynana","18660","1860","28","9","762","77","722","false","true","Spanish","xheynana"
"https://static-cdn.jtvnw.net/jtv_user_pictures/b393f7293b868163-profile_image-150x150.png?imenable=1&impolicy=user-profile-picture&imwidth=100","70257","Oblivion_601","11910","6870","8","1","762","13","159","false","false","English","Oblivion_601"
"https://static-cdn.jtvnw.net/jtv_user_pictures/5d8c1661-bfc1-40b5-9455-edd5e1e7ea78-profile_image-150x150.png?imenable=1&impolicy=user-profile-picture&imwidth=100","70258","biscuits_","27525","6240","16","3","762","74","75","false","false","English","biscuits_"
"https://static-cdn.jtvnw.net/jtv_user_pictures/0496302a-c962-46f9-b5d8-32997a9838e9-profile_image-150x150.png?imenable=1&impolicy=user-profile-picture&imwidth=100","70259","Citadel2190","1305","2685","4","0","762","9","28","false","true","English","Citadel2190"
"https://static-cdn.jtvnw.net/jtv_user_pictures/10a18065-0d52-4ee5-9339-4b2ef8bc0d9f-profile_image-150x150.png?imenable=1&impolicy=user-profile-picture&imwidth=100","70260","LilRose113","5760","675","18","8","762","3","64","false","true","German","LilRose113"
"https://static-cdn.jtvnw.net/jtv_user_pictures/dragonei-profile_image-63c6ab1c31b8d948-150x150.png?imenable=1&impolicy=user-profile-picture&imwidth=100","70261","Dragonei","1140","225","17","4","762","4","72","false","true","Spanish","Dragonei"
"https://static-cdn.jtvnw.net/jtv_user_pictures/d38ffe27-c9f7-4557-97c5-2c802021b216-profile_image-150x150.png?imenable=1&impolicy=user-profile-picture&imwidth=100","70262","Rockbounder","39525","5220","28","7","762","73","296","false","false","German","Rockbounder"
"https://static-cdn.jtvnw.net/jtv_user_pictures/akashaheart-profile_image-959f20e2af38b97b-150x150.jpeg?imenable=1&impolicy=user-profile-picture&imwidth=100","70263","AkashaHeart","9255","2040","13","4","762","34","43","false","true","English","AkashaHeart"
"https://static-cdn.jtvnw.net/jtv_user_pictures/dfdd7b66-369d-46e9-83a2-528290fd95c7-profile_image-150x150.png?imenable=1&impolicy=user-profile-picture&imwidth=100","70264","Ben_Kidon","14355","6210","77","1","762","17","131","false","true","English","Ben_Kidon"
"https://static-cdn.jtvnw.net/jtv_user_pictures/d96c1de2-f8ae-4381-8bb7-9ad349cc5f34-profile_image-150x150.png?imenable=1&impolicy=user-profile-picture&imwidth=100","70265","SaltyCereal2199","4980","2265","7","1","762","10","19","false","false","English","SaltyCereal2199"
"https://static-cdn.jtvnw.net/jtv_user_pictures/2ec55fae-9770-4970-a725-275e4f430d1a-profile_image-150x150.png?imenable=1&impolicy=user-profile-picture&imwidth=100","70266","YetHere","2640","375","18","6","762","4","111","false","false","Spanish","YetHere"
"https://static-cdn.jtvnw.net/jtv_user_pictures/thepeoplesheroes-profile_image-7f35497a61a95142-150x150.jpeg?imenable=1&impolicy=user-profile-picture&imwidth=100","70267","ThePeoplesHeroes","6345","885","19","6","762","23","111","false","false","English","ThePeoplesHeroes"
"https://static-cdn.jtvnw.net/jtv_user_pictures/rebdul-profile_image-12d89e3ddc0a053c-150x150.jpeg?imenable=1&impolicy=user-profile-picture&imwidth=100","70268","Rebdul","15645","1905","21","7","762","7","126","false","true","English","Rebdul"
"https://static-cdn.jtvnw.net/jtv_user_pictures/dd28d3f8-2bd0-438e-888d-ac68dc4bce5d-profile_image-150x150.png?imenable=1&impolicy=user-profile-picture&imwidth=100","70269","wknfps","705","270","7","2","762","1","33","false","false","Spanish","wknfps"
"https://static-cdn.jtvnw.net/jtv_user_pictures/lord_loss-profile_image-8db00a1449721583-150x150.jpeg?imenable=1&impolicy=user-profile-picture&imwidth=100","70270","Lord_Loss","90","90","1","1","762","0","9","false","true","English","Lord_Loss"
"https://static-cdn.jtvnw.net/jtv_user_pictures/lesnakounet-profile_image-1cbdcee89bc2ba82-150x150.jpeg?imenable=1&impolicy=user-profile-picture&imwidth=100","70271","LeSnakounet","4590","3510","10","0","762","10","97","false","false","French","LeSnakounet"
"https://static-cdn.jtvnw.net/jtv_user_pictures/f76b009f-59e1-4975-b6a5-21ebc6dce089-profile_image-150x150.jpg?imenable=1&impolicy=user-profile-picture&imwidth=100","70272","110volts","22560","4365","16","4","762","22","757","false","false","Portuguese","110volts"
"https://static-cdn.jtvnw.net/jtv_user_pictures/a1152f3b-952f-40c3-83f7-5e18c8ce5706-profile_image-150x150.png?imenable=1&impolicy=user-profile-picture&imwidth=100","70273","lavodkarockstar","30","30","1","1","761","0","0","false","true","German","lavodkarockstar"
"https://static-cdn.jtvnw.net/jtv_user_pictures/cdb05111-3dc4-48ed-afc2-03198690d296-profile_image-150x150.jpg?imenable=1&impolicy=user-profile-picture&imwidth=100","70274","t1motancar","120","105","3","0","761","3","3","false","false","Slovak","t1motancar"
"https://static-cdn.jtvnw.net/jtv_user_pictures/7a483e27-33f3-4e96-9159-22605c740f55-profile_image-150x150.png?imenable=1&impolicy=user-profile-picture&imwidth=100","70275","supergirl1321","45645","2265","1022","19","761","94","352","false","true","English","supergirl1321"
"https://static-cdn.jtvnw.net/jtv_user_pictures/d35a6da1da7b3b3a-profile_image-150x150.jpeg?imenable=1&impolicy=user-profile-picture&imwidth=100","70276","ChalkHS","179820","5715","931","30","761","236","1326","true","true","English","ChalkHS"
"https://static-cdn.jtvnw.net/jtv_user_pictures/fcf12196-47d4-4b47-93c1-a5b140645880-profile_image-150x150.png?imenable=1&impolicy=user-profile-picture&imwidth=100","70277","kojoXD","141510","3315","200","42","761","328","579","false","false","English","kojoXD"
"https://static-cdn.jtvnw.net/jtv_user_pictures/21af23dea7ef6352-profile_image-150x150.png?imenable=1&impolicy=user-profile-picture&imwidth=100","70278","ZZZZZZZZ-ZZZZ-ZZZZ-ZZZZ-ZZZZZZZZZZZZ (ailurophilez)","3045","1140","9","2","761","41","11","false","true","English","ZZZZZZZZ-ZZZZ-ZZZZ-ZZZZ-ZZZZZZZZZZZZ (ailurophilez)"
"https://static-cdn.jtvnw.net/jtv_user_pictures/d330904a-08e3-4b01-b870-4817666a69bb-profile_image-150x150.png?imenable=1&impolicy=user-profile-picture&imwidth=100","70279","Harmlessnutss","435","255","4","1","761","0","6","false","false","English","Harmlessnutss"
"https://static-cdn.jtvnw.net/jtv_user_pictures/76b70ba6-b55f-4077-b335-f8619069cc82-profile_image-150x150.png?imenable=1&impolicy=user-profile-picture&imwidth=100","70280","DrSoru","27930","4875","40","5","761","116","812","false","false","Spanish","DrSoru"
"https://static-cdn.jtvnw.net/jtv_user_pictures/21367aac-73b3-4034-8489-a988060aa6fc-profile_image-150x150.png?imenable=1&impolicy=user-profile-picture&imwidth=100","70281","Seaturtlelove","23220","4995","11","4","761","76","55","false","true","English","Seaturtlelove"
"https://static-cdn.jtvnw.net/jtv_user_pictures/830a25f6-8ab9-4139-a259-cc39815281b7-profile_image-150x150.png?imenable=1&impolicy=user-profile-picture&imwidth=100","70282","TunerWole","30","15","2","2","761","0","0","false","false","Czech","TunerWole"
"https://static-cdn.jtvnw.net/jtv_user_pictures/f6cfc5d4-48b0-4e4a-b0f7-cc68251b9df2-profile_image-150x150.png?imenable=1&impolicy=user-profile-picture&imwidth=100","70283","Endie","31650","5430","15","5","761","47","145","false","true","English","Endie"
"https://static-cdn.jtvnw.net/jtv_user_pictures/009d13f2-a28e-4a12-ac1b-49efe15f24bb-profile_image-150x150.png?imenable=1&impolicy=user-profile-picture&imwidth=100","70284","redneckN3RD","75","105","2","0","761","0","11","false","false","English","redneckN3RD"
"https://static-cdn.jtvnw.net/jtv_user_pictures/406f0cf1-0d79-4b4e-83b6-47deaca3bfb2-profile_image-150x150.png?imenable=1&impolicy=user-profile-picture&imwidth=100","70285","cyberkeeper4","15","30","1","0","761","0","4","false","false","English","cyberkeeper4"
"https://static-cdn.jtvnw.net/jtv_user_pictures/rebelbandz600-profile_image-e73acec9d035004a-150x150.jpeg?imenable=1&impolicy=user-profile-picture&imwidth=100","70286","rebelbandz600","450","210","5","1","761","0","0","false","false","English","rebelbandz600"
"https://static-cdn.jtvnw.net/jtv_user_pictures/cac092f2-515a-4711-aa1d-275121b17f12-profile_image-150x150.png?imenable=1&impolicy=user-profile-picture&imwidth=100","70287","antarisq","18015","5445","12","2","761","18","230","false","false","Russian","antarisq"
"https://static-cdn.jtvnw.net/jtv_user_pictures/160b41f1-4fa6-4354-b996-f31dfe3e98f4-profile_image-150x150.png?imenable=1&impolicy=user-profile-picture&imwidth=100","70288","TheRawDizzle","30","30","1","1","761","0","0","false","true","English","TheRawDizzle"
"https://static-cdn.jtvnw.net/jtv_user_pictures/675e2c06-c738-4d2c-8cba-9053843a0092-profile_image-150x150.png?imenable=1&impolicy=user-profile-picture&imwidth=100","70289","Nic_pit","1860","405","9","3","761","12","9","false","false","German","Nic_pit"
"https://static-cdn.jtvnw.net/jtv_user_pictures/maddogg__101-profile_image-5f66194865f2c7ec-150x150.png?imenable=1&impolicy=user-profile-picture&imwidth=100","70290","Maddogg__101","9420","1830","21","4","761","22","47","false","true","English","Maddogg__101"
"https://static-cdn.jtvnw.net/jtv_user_pictures/24159b75-15e8-4f1b-8c4f-866e518ea4f8-profile_image-150x150.png?imenable=1&impolicy=user-profile-picture&imwidth=100","70291","thatweirdguyagain","645","135","9","4","761","0","6","false","true","German","thatweirdguyagain"
"https://static-cdn.jtvnw.net/user-default-pictures-uv/215b7342-def9-11e9-9a66-784f43822e80-profile_image-150x150.png?imenable=1&impolicy=user-profile-picture&imwidth=100","70292","ryanscardss","15","60","1","0","761","0","0","false","false","English","ryanscardss"
"https://static-cdn.jtvnw.net/jtv_user_pictures/795d3a7a-df9e-4d11-820c-79dc861b83c2-profile_image-150x150.png?imenable=1&impolicy=user-profile-picture&imwidth=100","70293","AndesLO","600","450","5","1","761","4","16","false","false","Chinese","AndesLO"
"https://static-cdn.jtvnw.net/jtv_user_pictures/nukeacitrus-profile_image-f4981f4ff0fe5cb0-150x150.png?imenable=1&impolicy=user-profile-picture&imwidth=100","70294","NukeACitrus","14415","2175","34","5","761","13","58","false","false","English","NukeACitrus"
"https://static-cdn.jtvnw.net/jtv_user_pictures/56402062-b685-4cad-b342-9ef1354177b1-profile_image-150x150.jpg?imenable=1&impolicy=user-profile-picture&imwidth=100","70295","Nesnosniy","36030","2250","87","15","761","131","1307","false","true","Russian","Nesnosniy"
"https://static-cdn.jtvnw.net/jtv_user_pictures/fd35dbf7-08e7-4fc2-a0dc-0f8b9832c11e-profile_image-150x150.png?imenable=1&impolicy=user-profile-picture&imwidth=100","70296","do0b","17280","3405","12","4","761","21","95","false","false","English","do0b"
"https://static-cdn.jtvnw.net/jtv_user_pictures/d4eeb7c7-fe89-4967-a840-37c443e8f525-profile_image-150x150.png?imenable=1&impolicy=user-profile-picture&imwidth=100","70297","LOVEthatREDHEAD","2670","1005","9","2","761","7","17","false","false","English","LOVEthatREDHEAD"
"https://static-cdn.jtvnw.net/jtv_user_pictures/cb56727c10fcd2a1-profile_image-150x150.jpeg?imenable=1&impolicy=user-profile-picture&imwidth=100","70298","jassythepanda","5820","1815","13","2","761","12","16","false","true","English","jassythepanda"
"https://static-cdn.jtvnw.net/jtv_user_pictures/3d792a4b-a126-4a93-b85c-0d2d3dec58a8-profile_image-150x150.png?imenable=1&impolicy=user-profile-picture&imwidth=100","70299","ProZypher","11040","5385","7","1","761","17","63","false","true","English","ProZypher"
"https://static-cdn.jtvnw.net/jtv_user_pictures/69d594e0-09e4-4891-8df1-8e17a636cc28-profile_image-150x150.png?imenable=1&impolicy=user-profile-picture&imwidth=100","70300","AxelPilopLIVE","0","15","0","0","761","0","0","false","false","French","AxelPilopLIVE"