"","","Channel","Watch time","Stream time","Peak viewers","Average viewers","Followers","Followers gained","Views gained","Partnered","Mature","Language",""
"https://static-cdn.jtvnw.net/jtv_user_pictures/f0e6ab82-b4d4-4eef-8839-fe38fadfd666-profile_image-150x150.png?imenable=1&impolicy=user-profile-picture&imwidth=100","73401","LaurianeBibiche","10260","2715","9","3","707","60","323","false","false","French","LaurianeBibiche"
"https://static-cdn.jtvnw.net/jtv_user_pictures/943df1f0-1056-4dc8-b1fd-8e0aa29c05e1-profile_image-150x150.png?imenable=1&impolicy=user-profile-picture&imwidth=100","73402","CoLyTheCorrupt","1050","585","5","1","707","0","2","false","false","English","CoLyTheCorrupt"
"https://static-cdn.jtvnw.net/jtv_user_pictures/2568b478-f901-4955-ad92-bfb8a83bc375-profile_image-150x150.png?imenable=1&impolicy=user-profile-picture&imwidth=100","73403","SKiDROWxy","480","180","6","2","707","6","45","false","false","German","SKiDROWxy"
"https://static-cdn.jtvnw.net/jtv_user_pictures/1450266a-a154-4640-bea2-442a6e1b549d-profile_image-150x150.png?imenable=1&impolicy=user-profile-picture&imwidth=100","73404","FurnUp","2625","1500","7","1","707","10","45","false","true","English","FurnUp"
"https://static-cdn.jtvnw.net/jtv_user_pictures/1837ea79-2054-4f43-9783-789e46b396d8-profile_image-150x150.png?imenable=1&impolicy=user-profile-picture&imwidth=100","73405","Squik_Man","225","180","2","1","707","0","0","false","true","English","Squik_Man"
"https://static-cdn.jtvnw.net/jtv_user_pictures/12c45952-d4a0-4fd1-a94b-cb5242107b48-profile_image-150x150.jpeg?imenable=1&impolicy=user-profile-picture&imwidth=100","73406","Wiley_Coyote","285","165","5","1","707","1","1","false","true","English","Wiley_Coyote"
"https://static-cdn.jtvnw.net/jtv_user_pictures/feuerdor-profile_image-4b99b98fea218ef0-150x150.jpeg?imenable=1&impolicy=user-profile-picture&imwidth=100","73407","Feuerdor","75","60","2","1","707","0","0","false","true","German","Feuerdor"
"https://static-cdn.jtvnw.net/jtv_user_pictures/0622540b-82a9-4fc3-9154-2f10e15c3555-profile_image-150x150.jpg?imenable=1&impolicy=user-profile-picture&imwidth=100","73408","morrison22e","9420","1815","11","4","707","23","56","false","true","English","morrison22e"
"https://static-cdn.jtvnw.net/jtv_user_pictures/82ae5416-a750-4fca-a234-b7e81efb8ae3-profile_image-150x150.png?imenable=1&impolicy=user-profile-picture&imwidth=100","73409","DGC_Andy","3120","1440","5","1","707","11","139","false","true","German","DGC_Andy"
"https://static-cdn.jtvnw.net/jtv_user_pictures/65ddd764-6b91-4a7d-aec7-3905fa792550-profile_image-150x150.png?imenable=1&impolicy=user-profile-picture&imwidth=100","73410","PurdueSmash","810","180","7","4","707","2","2","false","false","English","PurdueSmash"
"https://static-cdn.jtvnw.net/jtv_user_pictures/rabiiid-profile_image-052af7e6f6a75b12-150x150.png?imenable=1&impolicy=user-profile-picture&imwidth=100","73411","Rabiiid","735","210","11","3","707","-1","11","false","false","English","Rabiiid"
"https://static-cdn.jtvnw.net/jtv_user_pictures/4ee42c75-b72a-4b53-83ce-2f00984a15d8-profile_image-150x150.png?imenable=1&impolicy=user-profile-picture&imwidth=100","73412","Pr1me_r6","1509120","10230","657","147","707","342","2343","false","true","Russian","Pr1me_r6"
"https://static-cdn.jtvnw.net/jtv_user_pictures/2d7c3220-6428-47c4-9fd4-f2935de13d16-profile_image-150x150.png?imenable=1&impolicy=user-profile-picture&imwidth=100","73413","Charibeast_","1185","765","4","1","707","3","6","false","true","English","Charibeast_"
"https://static-cdn.jtvnw.net/jtv_user_pictures/2991f128-0bfc-402d-b482-49b7a537de95-profile_image-150x150.png?imenable=1&impolicy=user-profile-picture&imwidth=100","73414","papamiau","3030","3240","7","0","707","3","117","false","true","Portuguese","papamiau"
"https://static-cdn.jtvnw.net/jtv_user_pictures/26dba57b-d3e4-4f01-999d-fd1c3825ecf2-profile_image-150x150.png?imenable=1&impolicy=user-profile-picture&imwidth=100","73415","Icio_Van","0","30","1","0","707","0","-1","false","false","English","Icio_Van"
"https://static-cdn.jtvnw.net/user-default-pictures-uv/75305d54-c7cc-40d1-bb9c-91fbe85943c7-profile_image-150x150.png?imenable=1&impolicy=user-profile-picture&imwidth=100","73416","yungsavgg","4620","1935","12","1","707","7","3","false","false","English","yungsavgg"
"https://static-cdn.jtvnw.net/jtv_user_pictures/cdf46fea-b639-40f5-8c2a-ed46b306b552-profile_image-150x150.png?imenable=1&impolicy=user-profile-picture&imwidth=100","73417","ItsMike","2535","300","26","8","707","10","16","false","false","English","ItsMike"
"https://static-cdn.jtvnw.net/jtv_user_pictures/936fa42e-8db2-481f-92a7-397249ddccdf-profile_image-150x150.png?imenable=1&impolicy=user-profile-picture&imwidth=100","73418","turts","2070","120","21","17","707","0","12","false","true","English","turts"
"https://static-cdn.jtvnw.net/jtv_user_pictures/151fd4f7-12c5-4d98-8e29-6a9eee6adb7b-profile_image-150x150.png?imenable=1&impolicy=user-profile-picture&imwidth=100","73419","RebelDragon95","3030","510","15","5","707","7","29","false","false","English","RebelDragon95"
"https://static-cdn.jtvnw.net/jtv_user_pictures/fluxiaz-profile_image-cb1dda41cb80d9a8-150x150.jpeg?imenable=1&impolicy=user-profile-picture&imwidth=100","73420","Fluxiaz","21600","2460","92","8","707","132","364","false","false","English","Fluxiaz"
"https://static-cdn.jtvnw.net/jtv_user_pictures/657871dd-e67e-43e5-8005-614ca2e2e18c-profile_image-150x150.jpeg?imenable=1&impolicy=user-profile-picture&imwidth=100","73421","Diizturbd","8670","3015","11","2","707","5","58","false","true","English","Diizturbd"
"https://static-cdn.jtvnw.net/jtv_user_pictures/tildadesu-profile_image-db330be958088b5d-150x150.jpeg?imenable=1&impolicy=user-profile-picture&imwidth=100","73422","Tildadesu","3825","885","14","4","707","16","63","false","false","Swedish","Tildadesu"
"https://static-cdn.jtvnw.net/jtv_user_pictures/themdigits-profile_image-a24aa741fc458d57-150x150.png?imenable=1&impolicy=user-profile-picture&imwidth=100","73423","ThemDigits","11580","1320","35","8","707","35","57","false","false","English","ThemDigits"
"https://static-cdn.jtvnw.net/jtv_user_pictures/d14f1c6e-3cf6-41f9-a598-3f611c52a2f7-profile_image-150x150.png?imenable=1&impolicy=user-profile-picture&imwidth=100","73424","katze114","75","195","2","0","707","0","86","false","true","German","katze114"
"https://static-cdn.jtvnw.net/jtv_user_pictures/82088895-fb21-48fa-970f-d034bd30a685-profile_image-150x150.png?imenable=1&impolicy=user-profile-picture&imwidth=100","73425","Dodri8","36105","3525","46","9","707","9","655","false","true","English","Dodri8"
"https://static-cdn.jtvnw.net/jtv_user_pictures/f4075353-ec39-4ce3-87cc-12680ec836ac-profile_image-150x150.png?imenable=1&impolicy=user-profile-picture&imwidth=100","73426","Shoosler","51150","6465","142","7","707","85","387","false","true","English","Shoosler"
"https://static-cdn.jtvnw.net/jtv_user_pictures/1f3cebb9-4737-44eb-869c-839525d08f76-profile_image-150x150.png?imenable=1&impolicy=user-profile-picture&imwidth=100","73427","TheFernTree","600","600","3","0","707","1","1","false","false","English","TheFernTree"
"https://static-cdn.jtvnw.net/jtv_user_pictures/7d916222-bf91-4358-ace9-65d3e58624f4-profile_image-150x150.jpeg?imenable=1&impolicy=user-profile-picture&imwidth=100","73428","zone7_woop","5490","1590","9","3","707","24","8","false","false","English","zone7_woop"
"https://static-cdn.jtvnw.net/jtv_user_pictures/disapper007-profile_image-3aadc91711e02012-150x150.png?imenable=1&impolicy=user-profile-picture&imwidth=100","73429","夜空君 (disapper007)","10335","2520","15","3","707","23","302","false","false","Chinese","夜空君 (disapper007)"
"https://static-cdn.jtvnw.net/jtv_user_pictures/usamirni-profile_image-269f3d37be34a39e-150x150.png?imenable=1&impolicy=user-profile-picture&imwidth=100","73430","えみみ (usamirni)","22725","720","82","31","707","22","372","false","false","Japanese","えみみ (usamirni)"
"https://static-cdn.jtvnw.net/jtv_user_pictures/roodleypoodleydoodley-profile_image-194dd6610e332073-150x150.png?imenable=1&impolicy=user-profile-picture&imwidth=100","73431","roodleypoodleydoodley","38205","9570","26","3","707","40","865","false","true","English","roodleypoodleydoodley"
"https://static-cdn.jtvnw.net/jtv_user_pictures/efc6d713-32da-47e0-afe9-98fae6f7f20f-profile_image-150x150.jpg?imenable=1&impolicy=user-profile-picture&imwidth=100","73432","TEK187um","2460","1800","4","1","707","-3","10","false","false","English","TEK187um"
"https://static-cdn.jtvnw.net/jtv_user_pictures/00cbcd9e-c375-4f97-900a-12dd190f2571-profile_image-150x150.png?imenable=1&impolicy=user-profile-picture&imwidth=100","73433","thejoeshowrocks","21405","6435","28","2","707","-180","157","false","false","English","thejoeshowrocks"
"https://static-cdn.jtvnw.net/jtv_user_pictures/iamveritass-profile_image-784cc58b2f5357b6-150x150.png?imenable=1&impolicy=user-profile-picture&imwidth=100","73434","IAMVERITASS","9240","5130","7","1","707","9","33","false","false","English","IAMVERITASS"
"https://static-cdn.jtvnw.net/jtv_user_pictures/24a04d61-977c-4d97-a517-c2909d350da4-profile_image-150x150.png?imenable=1&impolicy=user-profile-picture&imwidth=100","73435","JackScrappyArrow","34335","2700","26","12","707","70","537","false","false","Polish","JackScrappyArrow"
"https://static-cdn.jtvnw.net/jtv_user_pictures/jeroen730-profile_image-030a42c937ff5ce2-150x150.png?imenable=1&impolicy=user-profile-picture&imwidth=100","73436","Jeroen730","315","90","5","3","707","0","0","false","false","Dutch","Jeroen730"
"https://static-cdn.jtvnw.net/jtv_user_pictures/roxannaice-profile_image-34bc079552879fd3-150x150.jpeg?imenable=1&impolicy=user-profile-picture&imwidth=100","73437","Roxannaice","0","15","0","0","707","0","0","false","true","Russian","Roxannaice"
"https://static-cdn.jtvnw.net/jtv_user_pictures/lionsword_46-profile_image-70bbc2840cf9bdff-150x150.jpeg?imenable=1&impolicy=user-profile-picture&imwidth=100","73438","Lionsword_46","465","105","10","4","706","2","0","false","true","German","Lionsword_46"
"https://static-cdn.jtvnw.net/jtv_user_pictures/fba34036-5cb5-4d57-ab85-71790842576c-profile_image-150x150.png?imenable=1&impolicy=user-profile-picture&imwidth=100","73439","iziprimee","0","30","0","0","706","0","0","false","false","English","iziprimee"
"https://static-cdn.jtvnw.net/jtv_user_pictures/4d7b2aa9-662f-4846-b45b-ae6d174a736c-profile_image-150x150.png?imenable=1&impolicy=user-profile-picture&imwidth=100","73440","PamSnowStage","60","60","2","1","706","0","0","false","false","Portuguese","PamSnowStage"
"https://static-cdn.jtvnw.net/jtv_user_pictures/e9f4675c6d773437-profile_image-150x150.jpeg?imenable=1&impolicy=user-profile-picture&imwidth=100","73441","haivay","870","360","7","2","706","12","71","false","false","Russian","haivay"
"https://static-cdn.jtvnw.net/jtv_user_pictures/64dcaad5-a2c9-4ce6-b858-975cf81c205e-profile_image-150x150.png?imenable=1&impolicy=user-profile-picture&imwidth=100","73442","vicenoahc","405","495","6","0","706","507","44","false","true","English","vicenoahc"
"https://static-cdn.jtvnw.net/jtv_user_pictures/timamalugin-profile_image-e794a246936f2bcd-150x150.jpeg?imenable=1&impolicy=user-profile-picture&imwidth=100","73443","TimaMalugin","37305","5655","31","6","706","223","643","false","false","Russian","TimaMalugin"
"https://static-cdn.jtvnw.net/jtv_user_pictures/5a9b5b51-b2f1-4e35-9907-bd723f26f485-profile_image-150x150.png?imenable=1&impolicy=user-profile-picture&imwidth=100","73444","MrHavikOP","45","30","2","1","706","0","0","false","false","English","MrHavikOP"
"https://static-cdn.jtvnw.net/jtv_user_pictures/beardedbarrett-profile_image-7f892cde0ed298ee-150x150.jpeg?imenable=1&impolicy=user-profile-picture&imwidth=100","73445","BeardedBarrett","4110","1530","9","2","706","50","23","false","true","English","BeardedBarrett"
"https://static-cdn.jtvnw.net/jtv_user_pictures/b1a8a963-b534-4353-a44a-a8be0dc61c06-profile_image-150x150.png?imenable=1&impolicy=user-profile-picture&imwidth=100","73446","DirLive","4125","360","49","11","706","7","217","false","false","Polish","DirLive"
"https://static-cdn.jtvnw.net/jtv_user_pictures/bd380fb8bbbbea46-profile_image-150x150.png?imenable=1&impolicy=user-profile-picture&imwidth=100","73447","CountryBoyK5","495","300","5","1","706","2","4","false","true","English","CountryBoyK5"
"https://static-cdn.jtvnw.net/jtv_user_pictures/baronsheep-profile_image-cbd631a7c1eb867a-150x150.jpeg?imenable=1&impolicy=user-profile-picture&imwidth=100","73448","BaronSheep","12900","3390","9","3","706","14","92","false","true","English","BaronSheep"
"https://static-cdn.jtvnw.net/jtv_user_pictures/ee145cbb-a3a0-4f91-ab8a-72fc4236bba2-profile_image-150x150.png?imenable=1&impolicy=user-profile-picture&imwidth=100","73449","PitonAli","315","45","9","7","706","1","-9","false","false","Turkish","PitonAli"
"https://static-cdn.jtvnw.net/jtv_user_pictures/8ddac946-f0cc-45e4-8da5-8919308125b8-profile_image-150x150.png?imenable=1&impolicy=user-profile-picture&imwidth=100","73450","PyroPlaysMelee","5655","2130","15","2","706","28","50","false","false","English","PyroPlaysMelee"
"https://static-cdn.jtvnw.net/jtv_user_pictures/3a9bd23b-1338-46d7-9153-e029cb8cad00-profile_image-150x150.png?imenable=1&impolicy=user-profile-picture&imwidth=100","73451","stefanxgame","125955","3270","79","37","706","1010","91","false","true","Other","stefanxgame"
"https://static-cdn.jtvnw.net/jtv_user_pictures/5d456038-6742-47c1-9f12-77765b73e9d4-profile_image-150x150.jpg?imenable=1&impolicy=user-profile-picture&imwidth=100","73452","sabritas5","4755","1545","12","2","706","21","14","false","true","English","sabritas5"
"https://static-cdn.jtvnw.net/jtv_user_pictures/e6dce9fa-4827-43bc-86c5-30ca087196ba-profile_image-150x150.jpg?imenable=1&impolicy=user-profile-picture&imwidth=100","73453","whogirl2011","9615","2295","15","3","706","18","57","false","true","English","whogirl2011"
"https://static-cdn.jtvnw.net/jtv_user_pictures/779f2612-f0ba-4643-b1fb-e33e21488ab8-profile_image-150x150.png?imenable=1&impolicy=user-profile-picture&imwidth=100","73454","Zorwind","1755","1110","4","1","706","2","16","false","true","English","Zorwind"
"https://static-cdn.jtvnw.net/jtv_user_pictures/8456adff-6a46-413a-b119-ff037031f9ff-profile_image-150x150.png?imenable=1&impolicy=user-profile-picture&imwidth=100","73455","chescofrann","75","120","1","0","706","0","2","false","true","Spanish","chescofrann"
"https://static-cdn.jtvnw.net/jtv_user_pictures/137092e6-cf1b-4dca-a9bb-22b104fc3e28-profile_image-150x150.png?imenable=1&impolicy=user-profile-picture&imwidth=100","73456","KTFO_BLADE","75","150","3","0","706","1","0","false","false","English","KTFO_BLADE"
"https://static-cdn.jtvnw.net/jtv_user_pictures/0786a4d6-5c3c-4cf9-ae16-3f7405bb2469-profile_image-150x150.png?imenable=1&impolicy=user-profile-picture&imwidth=100","73457","invikari","18135","6585","14","2","706","23","111","false","true","English","invikari"
"https://static-cdn.jtvnw.net/jtv_user_pictures/8a3c22dc-711e-48e0-b566-0ce571b9e35d-profile_image-150x150.png?imenable=1&impolicy=user-profile-picture&imwidth=100","73458","Qdi_PSX","210","105","9","1","706","0","3","false","false","Polish","Qdi_PSX"
"https://static-cdn.jtvnw.net/jtv_user_pictures/se1pher-profile_image-e37366dd6e9b5799-150x150.png?imenable=1&impolicy=user-profile-picture&imwidth=100","73459","Se1pher","14025","1785","26","7","706","12","184","false","false","English","Se1pher"
"https://static-cdn.jtvnw.net/jtv_user_pictures/segmahd-profile_image-d3e7fd132c1d29b9-150x150.png?imenable=1&impolicy=user-profile-picture&imwidth=100","73460","SegmaHD","195","45","11","4","706","9","24","false","false","English","SegmaHD"
"https://static-cdn.jtvnw.net/jtv_user_pictures/a1896263-1011-4833-9af3-d6953778bc3c-profile_image-150x150.jpg?imenable=1&impolicy=user-profile-picture&imwidth=100","73461","SZociety","8985","5640","6","1","706","47","18","false","false","English","SZociety"
"https://static-cdn.jtvnw.net/jtv_user_pictures/a2101a4f-fc02-45d6-80c7-9b6249ef5b3f-profile_image-150x150.png?imenable=1&impolicy=user-profile-picture&imwidth=100","73462","shaqurh","4080","2070","6","1","706","16","14","false","true","English","shaqurh"
"https://static-cdn.jtvnw.net/jtv_user_pictures/974002bf-20bc-4527-a311-40cc7f862fb4-profile_image-150x150.png?imenable=1&impolicy=user-profile-picture&imwidth=100","73463","LT_enma","5415","1290","49","3","706","10","34","false","false","Italian","LT_enma"
"https://static-cdn.jtvnw.net/jtv_user_pictures/war_omg-profile_image-0cf847348604eb75-150x150.jpeg?imenable=1&impolicy=user-profile-picture&imwidth=100","73464","war_omg","300","270","4","0","706","-3","0","false","true","English","war_omg"
"https://static-cdn.jtvnw.net/jtv_user_pictures/nytemc-profile_image-45470cfed91d30c4-150x150.jpeg?imenable=1&impolicy=user-profile-picture&imwidth=100","73465","nytemc","14235","2295","22","5","706","83","104","false","false","English","nytemc"
"https://static-cdn.jtvnw.net/jtv_user_pictures/mycaddy-profile_image-e1fac7036e326c66-150x150.jpeg?imenable=1&impolicy=user-profile-picture&imwidth=100","73466","mycaddy","30","465","2","0","706","-17","0","false","false","English","mycaddy"
"https://static-cdn.jtvnw.net/jtv_user_pictures/8f672104-afae-4100-ad7f-590f9b414d09-profile_image-150x150.png?imenable=1&impolicy=user-profile-picture&imwidth=100","73467","BrayUchiha","79290","2160","98","36","706","-1320","176","false","false","English","BrayUchiha"
"https://static-cdn.jtvnw.net/jtv_user_pictures/e0c38ecb-ebcf-49e9-889b-a0405fd9b4dd-profile_image-150x150.png?imenable=1&impolicy=user-profile-picture&imwidth=100","73468","Bokoblins","3135","645","17","4","706","1","24","false","true","English","Bokoblins"
"https://static-cdn.jtvnw.net/jtv_user_pictures/aeppleskrutt-profile_image-17a6813c1da0c059-150x150.jpeg?imenable=1&impolicy=user-profile-picture&imwidth=100","73469","Aeppleskrutt","10230","2535","15","3","706","16","60","false","false","English","Aeppleskrutt"
"https://static-cdn.jtvnw.net/jtv_user_pictures/f9bfa8c2-cced-4d45-93b6-9e70d79bade5-profile_image-150x150.png?imenable=1&impolicy=user-profile-picture&imwidth=100","73470","Ashuramm","210","165","2","0","706","0","10","false","false","French","Ashuramm"
"https://static-cdn.jtvnw.net/jtv_user_pictures/moodokan-profile_image-a5b48bfa4c87c596-150x150.png?imenable=1&impolicy=user-profile-picture&imwidth=100","73471","Moodokan","56160","4440","69","12","706","53","920","false","true","German","Moodokan"
"https://static-cdn.jtvnw.net/jtv_user_pictures/unclesteele_-profile_image-1c5b48877dc838b5-150x150.jpeg?imenable=1&impolicy=user-profile-picture&imwidth=100","73472","unclesteele_","675","315","7","1","706","8","13","false","false","English","unclesteele_"
"https://static-cdn.jtvnw.net/jtv_user_pictures/yoshikyon-profile_image-5c450d73e1518fcc-150x150.jpeg?imenable=1&impolicy=user-profile-picture&imwidth=100","73473","YoshiKyon","6075","1605","11","3","706","12","119","false","false","English","YoshiKyon"
"https://static-cdn.jtvnw.net/jtv_user_pictures/6cf2ac36-780e-4321-ae05-b517b28738f4-profile_image-150x150.png?imenable=1&impolicy=user-profile-picture&imwidth=100","73474","FreakOut_Kama","1545","450","9","3","706","35","29","false","false","English","FreakOut_Kama"
"https://static-cdn.jtvnw.net/jtv_user_pictures/abf45000-29bb-4526-8778-1d25a2a2f9c2-profile_image-150x150.jpg?imenable=1&impolicy=user-profile-picture&imwidth=100","73475","ProJukes","75","15","5","5","706","0","0","false","false","English","ProJukes"
"https://static-cdn.jtvnw.net/jtv_user_pictures/1c57a39e-0e63-4730-b33c-6d5967e4d052-profile_image-150x150.png?imenable=1&impolicy=user-profile-picture&imwidth=100","73476","Re1yT","10230","5880","8","1","706","12","49","false","true","English","Re1yT"
"https://static-cdn.jtvnw.net/jtv_user_pictures/beejay-profile_image-8ef3e88e3cd0aa25-150x150.png?imenable=1&impolicy=user-profile-picture&imwidth=100","73477","BeeJay","0","15","0","0","706","0","0","false","true","English","BeeJay"
"https://static-cdn.jtvnw.net/jtv_user_pictures/c10aa2f6-70f9-4168-942f-3c0d765c5a8b-profile_image-150x150.jpg?imenable=1&impolicy=user-profile-picture&imwidth=100","73478","buckz94","4665","5940","9","0","706","13","74","false","true","English","buckz94"
"https://static-cdn.jtvnw.net/ttv-boxart/404_boxart.png?imenable=1&impolicy=user-profile-picture&imwidth=100","73479","minecraftplayer920","35715","525","195","67","706","854","42","false","false","English","minecraftplayer920"
"https://static-cdn.jtvnw.net/jtv_user_pictures/af0dbc20-4916-4f55-b341-41700cc7bfb6-profile_image-150x150.png?imenable=1&impolicy=user-profile-picture&imwidth=100","73480","Victorzcre","18330","3750","13","4","706","43","284","false","false","Spanish","Victorzcre"
"https://static-cdn.jtvnw.net/jtv_user_pictures/pqfxxkyxu-profile_image-214b164106ea1023-150x150.jpeg?imenable=1&impolicy=user-profile-picture&imwidth=100","73481","周先生 (pqfxxkyxu)","9105","1740","13","4","706","-11","307","false","true","Chinese","周先生 (pqfxxkyxu)"
"https://static-cdn.jtvnw.net/jtv_user_pictures/a4034b72-5a19-49e6-b72a-44c9dd3a7875-profile_image-150x150.png?imenable=1&impolicy=user-profile-picture&imwidth=100","73482","slickdickrick1","14190","2190","13","5","706","56","155","false","true","Dutch","slickdickrick1"
"https://static-cdn.jtvnw.net/jtv_user_pictures/7607dd73-73f7-48cd-a7b3-e39f6fb303ca-profile_image-150x150.png?imenable=1&impolicy=user-profile-picture&imwidth=100","73483","Techsweeney","20085","3795","33","5","706","29","150","false","true","English","Techsweeney"
"https://static-cdn.jtvnw.net/jtv_user_pictures/daaager-profile_image-440f68642ec7be1e-150x150.jpeg?imenable=1&impolicy=user-profile-picture&imwidth=100","73484","daaager","5985","2580","18","1","706","-2","233","false","false","Chinese","daaager"
"https://static-cdn.jtvnw.net/jtv_user_pictures/mitchellsimm-profile_image-ae6d6cb23c85d211-150x150.jpeg?imenable=1&impolicy=user-profile-picture&imwidth=100","73485","mitchellsimm","6300","1230","24","4","706","-16","85","false","true","English","mitchellsimm"
"https://static-cdn.jtvnw.net/jtv_user_pictures/killingkong-profile_image-5b0c49f92988fb20-150x150.jpeg?imenable=1&impolicy=user-profile-picture&imwidth=100","73486","killingkong","95715","8085","69","11","706","181","175","false","true","English","killingkong"
"https://static-cdn.jtvnw.net/jtv_user_pictures/5f1acd727651f549-profile_image-150x150.png?imenable=1&impolicy=user-profile-picture&imwidth=100","73487","Exore13","11355","1965","16","5","706","40","269","false","false","Spanish","Exore13"
"https://static-cdn.jtvnw.net/jtv_user_pictures/afbe503ec6122a6d-profile_image-150x150.jpeg?imenable=1&impolicy=user-profile-picture&imwidth=100","73488","JimmyBuilds","13305","5790","7","1","706","14","262","false","true","Spanish","JimmyBuilds"
"https://static-cdn.jtvnw.net/jtv_user_pictures/d9a61db1dff70c08-profile_image-150x150.jpeg?imenable=1&impolicy=user-profile-picture&imwidth=100","73489","CrisPlays125","0","30","1","0","705","0","0","false","false","English","CrisPlays125"
"https://static-cdn.jtvnw.net/jtv_user_pictures/f8756190-259e-41e2-bb42-30727af0388b-profile_image-150x150.png?imenable=1&impolicy=user-profile-picture&imwidth=100","73490","kelciumchloride","1020","585","4","1","705","10","37","false","false","English","kelciumchloride"
"https://static-cdn.jtvnw.net/jtv_user_pictures/0e6c037c-a08c-47ba-88c6-cd738efbdcff-profile_image-150x150.jpg?imenable=1&impolicy=user-profile-picture&imwidth=100","73491","Yazzes","2835","1620","6","1","705","24","75","false","false","English","Yazzes"
"https://static-cdn.jtvnw.net/jtv_user_pictures/9981e6d6-1887-4d32-b3d2-10fd1e99d58b-profile_image-150x150.png?imenable=1&impolicy=user-profile-picture&imwidth=100","73492","ShotsAHoy5","360","555","2","0","705","2","3","false","true","English","ShotsAHoy5"
"https://static-cdn.jtvnw.net/jtv_user_pictures/1621fb21-dde9-4059-a67e-545de412bce0-profile_image-150x150.jpg?imenable=1&impolicy=user-profile-picture&imwidth=100","73493","VerSa62","45","45","2","1","705","2","12","false","false","French","VerSa62"
"https://static-cdn.jtvnw.net/jtv_user_pictures/cf0573fc-6006-4af1-8972-fbd5d84b1e59-profile_image-150x150.png?imenable=1&impolicy=user-profile-picture&imwidth=100","73494","mysitt","2700","1005","5","2","705","12","60","false","true","Finnish","mysitt"
"https://static-cdn.jtvnw.net/jtv_user_pictures/justbangs-profile_image-61d56f5db8b95b7a-150x150.png?imenable=1&impolicy=user-profile-picture&imwidth=100","73495","justbangs","0","135","0","0","705","0","0","false","true","English","justbangs"
"https://static-cdn.jtvnw.net/jtv_user_pictures/ade8289d-7817-466b-aa47-7a8b87ab7dbf-profile_image-150x150.png?imenable=1&impolicy=user-profile-picture&imwidth=100","73496","missilepride42","2985","1785","8","1","705","8","44","false","true","English","missilepride42"
"https://static-cdn.jtvnw.net/jtv_user_pictures/6efdc758-ee44-4b44-8563-2fc4db69e432-profile_image-150x150.png?imenable=1&impolicy=user-profile-picture&imwidth=100","73497","Europa05","30","30","2","1","705","0","0","false","false","Russian","Europa05"
"https://static-cdn.jtvnw.net/jtv_user_pictures/7b5f94cb-0570-4c50-8d0d-1d2658de9b9b-profile_image-150x150.png?imenable=1&impolicy=user-profile-picture&imwidth=100","73498","JawnTheZoz","390","180","3","1","705","0","5","false","true","English","JawnTheZoz"
"https://static-cdn.jtvnw.net/jtv_user_pictures/akeno_fofana-profile_image-bb5c6705174038a5-150x150.jpeg?imenable=1&impolicy=user-profile-picture&imwidth=100","73499","Akeno_Fofana","49290","7995","17","5","705","49","1019","false","false","Russian","Akeno_Fofana"
"https://static-cdn.jtvnw.net/jtv_user_pictures/1fcd62debe94af8e-profile_image-150x150.png?imenable=1&impolicy=user-profile-picture&imwidth=100","73500","RuiCostaCSGO","3690","1095","9","2","705","18","71","false","false","French","RuiCostaCSGO"