"","","Channel","Watch time","Stream time","Peak viewers","Average viewers","Followers","Followers gained","Views gained","Partnered","Mature","Language",""
"https://static-cdn.jtvnw.net/jtv_user_pictures/jaydonated1k-profile_image-efd243bb7832ddd0-150x150.png?imenable=1&impolicy=user-profile-picture&imwidth=100","82201","jaydonated1k","3300","615","41","5","583","1","2","false","false","English","jaydonated1k"
"https://static-cdn.jtvnw.net/jtv_user_pictures/angelstone-profile_image-d7cc0c56e8b93ade-150x150.jpeg?imenable=1&impolicy=user-profile-picture&imwidth=100","82202","Angelstone","315","165","4","1","583","1","2","false","false","English","Angelstone"
"https://static-cdn.jtvnw.net/jtv_user_pictures/5a544f83e8eee7be-profile_image-150x150.png?imenable=1&impolicy=user-profile-picture&imwidth=100","82203","ThatGamerBlue","2160","465","17","4","583","27","72","false","true","English","ThatGamerBlue"
"https://static-cdn.jtvnw.net/jtv_user_pictures/12da9085-6fc2-414f-95f4-9729741f3242-profile_image-150x150.png?imenable=1&impolicy=user-profile-picture&imwidth=100","82204","Okatsu__","2865","1080","24","2","583","22","32","false","false","English","Okatsu__"
"https://static-cdn.jtvnw.net/jtv_user_pictures/ee83ed7f-d9c5-455a-8bbe-866e28e30482-profile_image-150x150.jpg?imenable=1&impolicy=user-profile-picture&imwidth=100","82205","davinator791","0","75","0","0","583","0","0","false","true","English","davinator791"
"https://static-cdn.jtvnw.net/jtv_user_pictures/ce0f753751a0564c-profile_image-150x150.jpeg?imenable=1&impolicy=user-profile-picture&imwidth=100","82206","Miss_Olivia","8910","720","60","12","583","10","121","false","true","English","Miss_Olivia"
"https://static-cdn.jtvnw.net/jtv_user_pictures/b93f3b5f-556b-45eb-ae21-6af3220b274b-profile_image-150x150.png?imenable=1&impolicy=user-profile-picture&imwidth=100","82207","Cedsre","465","435","5","0","583","0","10","false","false","French","Cedsre"
"https://static-cdn.jtvnw.net/jtv_user_pictures/theinfamousalpha-profile_image-a270ab0305fee7c4-150x150.png?imenable=1&impolicy=user-profile-picture&imwidth=100","82208","TheInfamousAlpha","9735","2580","12","3","583","60","60","false","false","English","TheInfamousAlpha"
"https://static-cdn.jtvnw.net/jtv_user_pictures/0ea3e4dd-f610-4ad8-b207-8f9b19f980be-profile_image-150x150.jpeg?imenable=1&impolicy=user-profile-picture&imwidth=100","82209","T0MP03S","1725","330","15","5","583","39","54","false","false","Dutch","T0MP03S"
"https://static-cdn.jtvnw.net/user-default-pictures/cd618d3e-f14d-4960-b7cf-094231b04735-profile_image-150x150.jpg?imenable=1&impolicy=user-profile-picture&imwidth=100","82210","DatLalo","180","285","3","0","583","0","3","false","true","Swedish","DatLalo"
"https://static-cdn.jtvnw.net/jtv_user_pictures/49cdc455-b6e7-4d28-b68c-ff50e19e8ae1-profile_image-150x150.png?imenable=1&impolicy=user-profile-picture&imwidth=100","82211","Alhanalem_the_Yuke","12315","3300","13","3","583","35","52","false","false","English","Alhanalem_the_Yuke"
"https://static-cdn.jtvnw.net/jtv_user_pictures/b40f386b-ae29-4fc6-8199-404e9519d1a9-profile_image-150x150.png?imenable=1&impolicy=user-profile-picture&imwidth=100","82212","Tennek127","315","210","3","1","583","1","2","false","false","English","Tennek127"
"https://static-cdn.jtvnw.net/jtv_user_pictures/383ad790-8355-4cd7-a27b-abc62d3bfa1c-profile_image-150x150.png?imenable=1&impolicy=user-profile-picture&imwidth=100","82213","MeladTheBad","17310","270","209","63","583","28","56","false","false","English","MeladTheBad"
"https://static-cdn.jtvnw.net/jtv_user_pictures/ad55e576-53fd-43ae-8bf7-6af92fff42ef-profile_image-150x150.png?imenable=1&impolicy=user-profile-picture&imwidth=100","82214","akaCB","285","90","7","3","583","0","8","false","false","English","akaCB"
"https://static-cdn.jtvnw.net/jtv_user_pictures/22c54875-0078-47c9-b64a-0357d9e192bd-profile_image-150x150.png?imenable=1&impolicy=user-profile-picture&imwidth=100","82215","clorg","75","30","3","2","583","0","0","false","false","English","clorg"
"https://static-cdn.jtvnw.net/jtv_user_pictures/5e29eca6-1cca-4683-8fa3-4062ccbf5872-profile_image-150x150.jpg?imenable=1&impolicy=user-profile-picture&imwidth=100","82216","isshmmaaaa","780","720","2","1","583","0","39","false","true","Russian","isshmmaaaa"
"https://static-cdn.jtvnw.net/jtv_user_pictures/mcwarzz-profile_image-3488bc90f39c0974-150x150.jpeg?imenable=1&impolicy=user-profile-picture&imwidth=100","82217","MCWarZz","45","45","2","1","583","0","0","false","false","English","MCWarZz"
"https://static-cdn.jtvnw.net/jtv_user_pictures/38da9d20-c80f-4191-b733-2b932c61f9b9-profile_image-150x150.png?imenable=1&impolicy=user-profile-picture&imwidth=100","82218","Lumberhax","8325","1545","12","4","583","25","46","false","true","English","Lumberhax"
"https://static-cdn.jtvnw.net/jtv_user_pictures/vixqq-profile_image-94769f4ca6cf71d3-150x150.jpeg?imenable=1&impolicy=user-profile-picture&imwidth=100","82219","Vixqq","1455","345","8","3","583","1","19","false","true","English","Vixqq"
"https://static-cdn.jtvnw.net/jtv_user_pictures/ilikesoap-profile_image-1d8b80695966e64d-150x150.jpeg?imenable=1&impolicy=user-profile-picture&imwidth=100","82220","ilikesoap","4035","645","15","6","583","9","34","false","true","English","ilikesoap"
"https://static-cdn.jtvnw.net/jtv_user_pictures/etozhe22-profile_image-fdcff2710561cfba-150x150.jpeg?imenable=1&impolicy=user-profile-picture&imwidth=100","82221","etozhe22","360","60","11","6","583","-2","15","false","false","Russian","etozhe22"
"https://static-cdn.jtvnw.net/jtv_user_pictures/dc66104c268a2469-profile_image-150x150.jpeg?imenable=1&impolicy=user-profile-picture&imwidth=100","82222","Konandkun","52050","5280","63","9","583","71","901","false","true","Russian","Konandkun"
"https://static-cdn.jtvnw.net/jtv_user_pictures/343933dd-95e1-46b1-b9fe-0fce7079f4d1-profile_image-150x150.jpeg?imenable=1&impolicy=user-profile-picture&imwidth=100","82223","Aeryn_Hellfire","645","360","4","1","583","0","10","false","true","English","Aeryn_Hellfire"
"https://static-cdn.jtvnw.net/jtv_user_pictures/puffranbaws-profile_image-7db3a775aa1c12c1-150x150.png?imenable=1&impolicy=user-profile-picture&imwidth=100","82224","puffranbaws","15075","690","54","21","583","4","54","false","false","Swedish","puffranbaws"
"https://static-cdn.jtvnw.net/jtv_user_pictures/girlandhercat-profile_image-1ea5ab0a98aa4758-150x150.jpeg?imenable=1&impolicy=user-profile-picture&imwidth=100","82225","Girlandhercat","7740","1395","14","5","583","14","66","false","true","English","Girlandhercat"
"https://static-cdn.jtvnw.net/jtv_user_pictures/1e857bc5-cc60-41be-abc7-514597edc0a8-profile_image-150x150.png?imenable=1&impolicy=user-profile-picture&imwidth=100","82226","Gabrahamsandwich","825","225","7","3","583","-1","1","false","true","English","Gabrahamsandwich"
"https://static-cdn.jtvnw.net/jtv_user_pictures/rassl007-profile_image-7c2d10a3c2c62ddc-150x150.png?imenable=1&impolicy=user-profile-picture&imwidth=100","82227","rassl007","1095","270","9","3","583","-6","105","false","false","Russian","rassl007"
"https://static-cdn.jtvnw.net/jtv_user_pictures/38d0aa38-e4a3-4c51-9fbc-c58247dc47c2-profile_image-150x150.png?imenable=1&impolicy=user-profile-picture&imwidth=100","82228","ultravi0l3nce","135","75","2","1","583","1","1","false","true","English","ultravi0l3nce"
"https://static-cdn.jtvnw.net/user-default-pictures-uv/13e5fa74-defa-11e9-809c-784f43822e80-profile_image-150x150.png?imenable=1&impolicy=user-profile-picture&imwidth=100","82229","xperuxclutch","3930","1110","10","3","583","10","27","false","true","English","xperuxclutch"
"https://static-cdn.jtvnw.net/jtv_user_pictures/fe1bbb9a-d7a3-4ea8-9b9d-e9c522e4245c-profile_image-150x150.png?imenable=1&impolicy=user-profile-picture&imwidth=100","82230","zyxdanny","45","75","1","0","583","0","0","false","true","English","zyxdanny"
"https://static-cdn.jtvnw.net/jtv_user_pictures/c79e9676-05aa-44c0-8eeb-d8947b1e7b78-profile_image-150x150.png?imenable=1&impolicy=user-profile-picture&imwidth=100","82231","Laconis","135","90","2","1","583","-2","11","false","true","English","Laconis"
"https://static-cdn.jtvnw.net/jtv_user_pictures/48977b04-9066-42c1-8bca-49906d764e81-profile_image-150x150.png?imenable=1&impolicy=user-profile-picture&imwidth=100","82232","ChardonGaming  (chardongaming)","28380","2175","37","12","583","68","449","false","true","French","ChardonGaming  (chardongaming)"
"https://static-cdn.jtvnw.net/jtv_user_pictures/ceoyt-profile_image-14104c1af8beb974-150x150.jpeg?imenable=1&impolicy=user-profile-picture&imwidth=100","82233","CeoYT","2085","525","35","3","583","-35","4","false","false","English","CeoYT"
"https://static-cdn.jtvnw.net/jtv_user_pictures/fa7f69e3-e202-4784-8fef-59c715341f50-profile_image-150x150.png?imenable=1&impolicy=user-profile-picture&imwidth=100","82234","筱雪 (a28981331)","9045","1650","13","5","583","3","1019","false","true","Chinese","筱雪 (a28981331)"
"https://static-cdn.jtvnw.net/jtv_user_pictures/bashfoal-profile_image-c243410481b3e9aa-150x150.jpeg?imenable=1&impolicy=user-profile-picture&imwidth=100","82235","bashfoal","600","540","3","1","583","0","2","false","false","English","bashfoal"
"https://static-cdn.jtvnw.net/jtv_user_pictures/danogamingtv-profile_image-ffdbc7142b31cc16-150x150.jpeg?imenable=1&impolicy=user-profile-picture&imwidth=100","82236","DanoGamingTV","720","285","6","2","583","1","10","false","true","English","DanoGamingTV"
"https://static-cdn.jtvnw.net/jtv_user_pictures/ccc120b4-faf5-4c6a-81a8-7988689ab754-profile_image-150x150.png?imenable=1&impolicy=user-profile-picture&imwidth=100","82237","Squajii","1200","345","8","3","583","13","7","false","true","English","Squajii"
"https://static-cdn.jtvnw.net/jtv_user_pictures/4e6da816-e05a-4ff7-a934-91793465d83c-profile_image-150x150.jpg?imenable=1&impolicy=user-profile-picture&imwidth=100","82238","audalanche","16950","1095","35","15","583","73","301","false","false","English","audalanche"
"https://static-cdn.jtvnw.net/jtv_user_pictures/817c696da1b3b8c3-profile_image-150x150.jpeg?imenable=1&impolicy=user-profile-picture&imwidth=100","82239","TrippingCrutch","15945","4050","13","3","583","7","34","false","true","English","TrippingCrutch"
"https://static-cdn.jtvnw.net/jtv_user_pictures/80a3ecac-7b9d-4367-ac82-e9345d43839e-profile_image-150x150.png?imenable=1&impolicy=user-profile-picture&imwidth=100","82240","Starscream11203","285","465","3","0","583","1","0","false","true","English","Starscream11203"
"https://static-cdn.jtvnw.net/jtv_user_pictures/landofpenta-profile_image-2e19b3ed3e81e62d-150x150.jpeg?imenable=1&impolicy=user-profile-picture&imwidth=100","82241","LandofPenta","18525","5205","11","3","583","51","274","false","false","English","LandofPenta"
"https://static-cdn.jtvnw.net/jtv_user_pictures/vasaris-profile_image-759cb6b902d9109c-150x150.png?imenable=1&impolicy=user-profile-picture&imwidth=100","82242","Vasaris","33915","4590","43","6","583","30","495","false","false","German","Vasaris"
"https://static-cdn.jtvnw.net/jtv_user_pictures/81afd54a-cace-4caa-9457-5010692571c1-profile_image-150x150.jpg?imenable=1&impolicy=user-profile-picture&imwidth=100","82243","bill_gregg","375","105","6","3","583","-2","9","false","false","English","bill_gregg"
"https://static-cdn.jtvnw.net/jtv_user_pictures/8bc903ee-b4d8-4888-bf67-b50155bfc1bb-profile_image-150x150.png?imenable=1&impolicy=user-profile-picture&imwidth=100","82244","DavesCaveGaming","6900","2340","13","2","583","1","30","false","false","English","DavesCaveGaming"
"https://static-cdn.jtvnw.net/jtv_user_pictures/tsatsulow-profile_image-ed97d2f1c2e0e5e8-150x150.jpeg?imenable=1&impolicy=user-profile-picture&imwidth=100","82245","Tsatsulow","195","105","4","1","583","1","4","false","false","English","Tsatsulow"
"https://static-cdn.jtvnw.net/jtv_user_pictures/c73b157c-f83f-4e2b-8353-eb1d0217b9fb-profile_image-150x150.png?imenable=1&impolicy=user-profile-picture&imwidth=100","82246","Turkilla","10425","765","22","13","583","54","237","false","true","Arabic","Turkilla"
"https://static-cdn.jtvnw.net/jtv_user_pictures/59d9f2e9-06ad-40b0-9abf-009e52bfd40a-profile_image-150x150.png?imenable=1&impolicy=user-profile-picture&imwidth=100","82247","Acidiabla","2025","480","7","3","583","-1","14","false","true","English","Acidiabla"
"https://static-cdn.jtvnw.net/jtv_user_pictures/e40ab3df-50a5-4bc1-a3d9-10041805fa42-profile_image-150x150.png?imenable=1&impolicy=user-profile-picture&imwidth=100","82248","NotoriousVIDA","105","105","2","1","583","-2","1","false","false","English","NotoriousVIDA"
"https://static-cdn.jtvnw.net/jtv_user_pictures/javi137-profile_image-a5b51a1866c8c575-150x150.jpeg?imenable=1&impolicy=user-profile-picture&imwidth=100","82249","Javi137","150","75","3","2","583","0","0","false","false","English","Javi137"
"https://static-cdn.jtvnw.net/jtv_user_pictures/gr1m3z-profile_image-c6002eaff367a699-150x150.jpeg?imenable=1&impolicy=user-profile-picture&imwidth=100","82250","Gr1m3z","60","135","3","0","583","0","1","false","true","English","Gr1m3z"
"https://static-cdn.jtvnw.net/jtv_user_pictures/vustra-profile_image-ccde45911f30a332-150x150.jpeg?imenable=1&impolicy=user-profile-picture&imwidth=100","82251","Vustra","16275","3975","28","3","583","417","319","false","true","English","Vustra"
"https://static-cdn.jtvnw.net/jtv_user_pictures/c48c9b4f5b11ba31-profile_image-150x150.jpeg?imenable=1&impolicy=user-profile-picture&imwidth=100","82252","SofaZebrah","2010","495","8","3","583","13","24","false","true","English","SofaZebrah"
"https://static-cdn.jtvnw.net/jtv_user_pictures/8968438c-2b85-4204-a193-913a27d3a007-profile_image-150x150.png?imenable=1&impolicy=user-profile-picture&imwidth=100","82253","os_lightning","9960","3315","10","2","583","16","75","false","true","Polish","os_lightning"
"https://static-cdn.jtvnw.net/jtv_user_pictures/alastor0808-profile_image-c1dd5d54c2e6505e-150x150.png?imenable=1&impolicy=user-profile-picture&imwidth=100","82254","Alastor0808","15","15","1","1","583","0","0","false","true","English","Alastor0808"
"https://static-cdn.jtvnw.net/jtv_user_pictures/stevicus-profile_image-f4cbc4efb94b4eaf-150x150.jpeg?imenable=1&impolicy=user-profile-picture&imwidth=100","82255","Stevicus","150","315","3","0","583","0","13","false","true","English","Stevicus"
"https://static-cdn.jtvnw.net/jtv_user_pictures/daleach13-profile_image-b082d9766f054177-150x150.jpeg?imenable=1&impolicy=user-profile-picture&imwidth=100","82256","DaLeach13","645","195","7","3","583","-8","3","false","false","English","DaLeach13"
"https://static-cdn.jtvnw.net/jtv_user_pictures/fireslayer20-profile_image-ab111893851a35ca-150x150.jpeg?imenable=1&impolicy=user-profile-picture&imwidth=100","82257","FIRESLAYER20","9000","2700","12","3","583","19","179","false","false","English","FIRESLAYER20"
"https://static-cdn.jtvnw.net/jtv_user_pictures/05c87ab4-6ea3-41d1-ac9c-fd843c046515-profile_image-150x150.jpeg?imenable=1&impolicy=user-profile-picture&imwidth=100","82258","RHeterGhost","49320","13650","26","3","583","14","1596","false","false","Chinese","RHeterGhost"
"https://static-cdn.jtvnw.net/jtv_user_pictures/blackbluesplayer-profile_image-bb3bf8775fc7fa2a-150x150.png?imenable=1&impolicy=user-profile-picture&imwidth=100","82259","BlackBluesPlayer","720","60","14","12","582","10","0","false","false","English","BlackBluesPlayer"
"https://static-cdn.jtvnw.net/jtv_user_pictures/0441e8f6-a15e-4127-9343-dd4e9ba10850-profile_image-150x150.png?imenable=1&impolicy=user-profile-picture&imwidth=100","82260","rsteele","0","45","0","0","582","0","0","false","false","English","rsteele"
"https://static-cdn.jtvnw.net/jtv_user_pictures/04598eeb-a608-42b0-a2ba-93bad54e21a5-profile_image-150x150.jpeg?imenable=1&impolicy=user-profile-picture&imwidth=100","82261","cleio_","1860","720","5","1","582","8","12","false","true","English","cleio_"
"https://static-cdn.jtvnw.net/jtv_user_pictures/abde89a3-f08a-495a-abbf-155e1d21281b-profile_image-150x150.png?imenable=1&impolicy=user-profile-picture&imwidth=100","82262","realeggstinction","315","195","7","1","582","0","0","false","true","English","realeggstinction"
"https://static-cdn.jtvnw.net/jtv_user_pictures/e46cb7a0-8757-4bb3-bfb7-f6d67cf6b7fc-profile_image-150x150.png?imenable=1&impolicy=user-profile-picture&imwidth=100","82263","Sollec","45","60","1","0","582","0","0","false","false","Russian","Sollec"
"https://static-cdn.jtvnw.net/jtv_user_pictures/d5b67a24-fd18-4fb7-92aa-73d1f8ebc13c-profile_image-150x150.jpg?imenable=1&impolicy=user-profile-picture&imwidth=100","82264","McLIS","60","60","1","1","582","0","0","false","false","Russian","McLIS"
"https://static-cdn.jtvnw.net/jtv_user_pictures/a7bb10f6-129e-4bf8-bfb0-51320124d2e4-profile_image-150x150.png?imenable=1&impolicy=user-profile-picture&imwidth=100","82265","ToxicFFS","30","30","1","1","582","0","4","false","false","Swedish","ToxicFFS"
"https://static-cdn.jtvnw.net/jtv_user_pictures/b892a356-33f8-4d3e-90e0-f0415959ed85-profile_image-150x150.jpeg?imenable=1&impolicy=user-profile-picture&imwidth=100","82266","Denny_Ace","2400","915","11","2","582","1","25","false","false","English","Denny_Ace"
"https://static-cdn.jtvnw.net/jtv_user_pictures/9f1fb411-e881-4cd1-9f86-a7473b92e6a7-profile_image-150x150.png?imenable=1&impolicy=user-profile-picture&imwidth=100","82267","wAesoph","690","315","5","2","582","0","8","false","false","English","wAesoph"
"https://static-cdn.jtvnw.net/jtv_user_pictures/bf07cbd7-e55d-4760-b24d-db4263d08382-profile_image-150x150.png?imenable=1&impolicy=user-profile-picture&imwidth=100","82268","KahnEl","300","360","2","0","582","1","14","false","true","English","KahnEl"
"https://static-cdn.jtvnw.net/jtv_user_pictures/aaron_cummings-profile_image-a12361cee21aba9b-150x150.jpeg?imenable=1&impolicy=user-profile-picture&imwidth=100","82269","Aaron_Cummings","75","585","1","0","582","0","1","false","true","English","Aaron_Cummings"
"https://static-cdn.jtvnw.net/user-default-pictures/27103734-3cda-44d6-a384-f2ab71e4bb85-profile_image-150x150.jpg?imenable=1&impolicy=user-profile-picture&imwidth=100","82270","THE__KEKE","90","330","2","0","582","1","1","false","true","German","THE__KEKE"
"https://static-cdn.jtvnw.net/jtv_user_pictures/0ab99fc2-750d-4a2d-a1a9-0190eaf4df2d-profile_image-150x150.jpeg?imenable=1&impolicy=user-profile-picture&imwidth=100","82271","CoffeHD","30","30","2","1","582","0","0","false","true","Swedish","CoffeHD"
"https://static-cdn.jtvnw.net/jtv_user_pictures/49a7539b-99b4-41a5-a997-42ca9c95cb41-profile_image-150x150.png?imenable=1&impolicy=user-profile-picture&imwidth=100","82272","SkyCro0ws","67275","8535","64","7","582","127","952","false","false","French","SkyCro0ws"
"https://static-cdn.jtvnw.net/jtv_user_pictures/aldo95102official-profile_image-a6d0dfe5784c3b97-150x150.png?imenable=1&impolicy=user-profile-picture&imwidth=100","82273","Aldo95102Official","435","75","26","5","582","176","20","false","false","Italian","Aldo95102Official"
"https://static-cdn.jtvnw.net/jtv_user_pictures/f0182dad-7b2e-4c0a-bae9-6e2f82bab975-profile_image-150x150.png?imenable=1&impolicy=user-profile-picture&imwidth=100","82274","LesNullard","3840","975","20","3","582","22","157","false","false","French","LesNullard"
"https://static-cdn.jtvnw.net/jtv_user_pictures/rebelliousatom-profile_image-fa1898766bfcaa17-150x150.jpeg?imenable=1&impolicy=user-profile-picture&imwidth=100","82275","RebelliousATOM","120","60","3","2","582","-2","1","false","false","English","RebelliousATOM"
"https://static-cdn.jtvnw.net/jtv_user_pictures/a1a87b6f-2cce-46d6-9413-c5a33e4d3149-profile_image-150x150.png?imenable=1&impolicy=user-profile-picture&imwidth=100","82276","jetuxeanu","285","135","6","2","582","0","23","false","false","Romanian","jetuxeanu"
"https://static-cdn.jtvnw.net/jtv_user_pictures/23aad78c-f25f-4445-99e7-ad3e804e03e8-profile_image-150x150.png?imenable=1&impolicy=user-profile-picture&imwidth=100","82277","MNBKWORK","9930","2685","8","3","582","-2","90","false","true","English","MNBKWORK"
"https://static-cdn.jtvnw.net/jtv_user_pictures/659efd90-d380-4b30-89f6-956b32c01a4f-profile_image-150x150.jpg?imenable=1&impolicy=user-profile-picture&imwidth=100","82278","ohhoe","135","60","4","1","582","7","29","false","false","English","ohhoe"
"https://static-cdn.jtvnw.net/jtv_user_pictures/1d201fc2-3ff7-4a45-9c5f-3ce248d1d320-profile_image-150x150.png?imenable=1&impolicy=user-profile-picture&imwidth=100","82279","Master0fHyrule","30","15","2","2","582","0","0","false","false","English","Master0fHyrule"
"https://static-cdn.jtvnw.net/jtv_user_pictures/449294c8-6ea1-48cc-8428-ca58504a8dac-profile_image-150x150.png?imenable=1&impolicy=user-profile-picture&imwidth=100","82280","Uricane06","375","255","3","1","582","0","1","false","false","French","Uricane06"
"https://static-cdn.jtvnw.net/jtv_user_pictures/35ea11b7-f40c-43ec-b01f-94e8cf8fb6aa-profile_image-150x150.png?imenable=1&impolicy=user-profile-picture&imwidth=100","82281","Lerkinz","1215","510","5","2","582","0","1","false","false","English","Lerkinz"
"https://static-cdn.jtvnw.net/jtv_user_pictures/60e40c09-3d88-4a36-bb14-a5a05328ef2c-profile_image-150x150.png?imenable=1&impolicy=user-profile-picture&imwidth=100","82282","RoadRunner_392","210","90","7","2","582","0","2","false","true","English","RoadRunner_392"
"https://static-cdn.jtvnw.net/jtv_user_pictures/3f0313a39bcac2c3-profile_image-150x150.png?imenable=1&impolicy=user-profile-picture&imwidth=100","82283","PlastunTV","14415","6855","15","1","582","50","299","false","false","Russian","PlastunTV"
"https://static-cdn.jtvnw.net/jtv_user_pictures/hiltoneyo-profile_image-3c61159a6609a699-150x150.jpeg?imenable=1&impolicy=user-profile-picture&imwidth=100","82284","hiltoneyo","51795","6585","26","7","582","203","504","false","false","English","hiltoneyo"
"https://static-cdn.jtvnw.net/jtv_user_pictures/27f980f5-8d30-474d-8efa-79b076e968bc-profile_image-150x150.png?imenable=1&impolicy=user-profile-picture&imwidth=100","82285","Sashimanni","180","60","5","3","582","1","-12","false","true","English","Sashimanni"
"https://static-cdn.jtvnw.net/jtv_user_pictures/mihawk21-profile_image-6d2cdd71e07df53d-150x150.jpeg?imenable=1&impolicy=user-profile-picture&imwidth=100","82286","Mihawk21","5400","1980","8","2","582","4","216","false","false","German","Mihawk21"
"https://static-cdn.jtvnw.net/jtv_user_pictures/joegrace9-profile_image-6dcac84bce42cdf9-150x150.jpeg?imenable=1&impolicy=user-profile-picture&imwidth=100","82287","JoeGrace9","0","45","0","0","582","0","9","false","true","Italian","JoeGrace9"
"https://static-cdn.jtvnw.net/jtv_user_pictures/cafd861c-a744-4afe-89bb-8f6cea86e7c4-profile_image-150x150.png?imenable=1&impolicy=user-profile-picture&imwidth=100","82288","Purple_Lemonn","30","30","1","1","582","0","0","false","false","English","Purple_Lemonn"
"https://static-cdn.jtvnw.net/jtv_user_pictures/tuxownyou-profile_image-99364a04e6a0c565-150x150.png?imenable=1&impolicy=user-profile-picture&imwidth=100","82289","TuxOwnYou","225","60","6","3","582","0","17","false","false","French","TuxOwnYou"
"https://static-cdn.jtvnw.net/jtv_user_pictures/3dc4b7f62b4cbdc4-profile_image-150x150.jpeg?imenable=1&impolicy=user-profile-picture&imwidth=100","82290","kotamantv","45","45","1","1","582","0","1","false","true","English","kotamantv"
"https://static-cdn.jtvnw.net/jtv_user_pictures/f4c62e22f95601ea-profile_image-150x150.jpeg?imenable=1&impolicy=user-profile-picture&imwidth=100","82291","acciojackie","8850","1680","18","4","582","24","54","false","true","English","acciojackie"
"https://static-cdn.jtvnw.net/user-default-pictures/0ecbb6c3-fecb-4016-8115-aa467b7c36ed-profile_image-150x150.jpg?imenable=1&impolicy=user-profile-picture&imwidth=100","82292","Ai_season","180","15","12","12","582","0","0","false","false","English","Ai_season"
"https://static-cdn.jtvnw.net/jtv_user_pictures/da55ce76-4f26-4f2f-a906-c27c1ce51e32-profile_image-150x150.png?imenable=1&impolicy=user-profile-picture&imwidth=100","82293","JusticeRonald","120","180","3","0","582","0","0","false","true","English","JusticeRonald"
"https://static-cdn.jtvnw.net/jtv_user_pictures/sagee-profile_image-73b94e4819a372b8-150x150.jpeg?imenable=1&impolicy=user-profile-picture&imwidth=100","82294","sagee","5055","3015","6","1","582","12","111","false","false","French","sagee"
"https://static-cdn.jtvnw.net/jtv_user_pictures/chandyatx-profile_image-9b02a73e312baba5-150x150.jpeg?imenable=1&impolicy=user-profile-picture&imwidth=100","82295","ChandyATX","645","225","5","2","582","0","1","false","false","English","ChandyATX"
"https://static-cdn.jtvnw.net/jtv_user_pictures/mclazyj-profile_image-d3c02bc0a3052ba4-150x150.jpeg?imenable=1&impolicy=user-profile-picture&imwidth=100","82296","mclazyj","90","45","5","2","582","1","2","false","true","English","mclazyj"
"https://static-cdn.jtvnw.net/jtv_user_pictures/elsxkingxjake-profile_image-a8028c71e6ee15bb-150x150.png?imenable=1&impolicy=user-profile-picture&imwidth=100","82297","ELSxKINGxJAKE","4500","390","39","10","582","72","13","false","false","English","ELSxKINGxJAKE"
"https://static-cdn.jtvnw.net/jtv_user_pictures/46dda3c4-5f1d-43fb-974d-19e5f40dde80-profile_image-150x150.jpg?imenable=1&impolicy=user-profile-picture&imwidth=100","82298","TheRicoestRico","0","105","0","0","582","0","0","false","false","English","TheRicoestRico"
"https://static-cdn.jtvnw.net/jtv_user_pictures/alkalineq-profile_image-73a962772211e16f-150x150.png?imenable=1&impolicy=user-profile-picture&imwidth=100","82299","AlkalineQ","5790","6825","8","0","582","14","69","false","true","English","AlkalineQ"
"https://static-cdn.jtvnw.net/jtv_user_pictures/4d3f6dc2-bd35-41ad-86e2-2ce5d4a0f20f-profile_image-150x150.jpg?imenable=1&impolicy=user-profile-picture&imwidth=100","82300","Sentine11","6810","3180","69","1","582","33","448","false","false","Polish","Sentine11"