"","","Channel","Watch time","Stream time","Peak viewers","Average viewers","Followers","Followers gained","Views gained","Partnered","Mature","Language",""
"https://static-cdn.jtvnw.net/jtv_user_pictures/d719234889e1831d-profile_image-150x150.png?imenable=1&impolicy=user-profile-picture&imwidth=100","62601","BalticLIVE","795","240","9","3","926","10","18","false","true","English","BalticLIVE"
"https://static-cdn.jtvnw.net/jtv_user_pictures/a4b19421-0905-4fdd-bf60-736ba0913141-profile_image-150x150.png?imenable=1&impolicy=user-profile-picture&imwidth=100","62602","msemilysays","48705","1950","95","24","926","325","537","false","false","English","msemilysays"
"https://static-cdn.jtvnw.net/jtv_user_pictures/pumpello-profile_image-b4b0aff4dbc638be-150x150.jpeg?imenable=1&impolicy=user-profile-picture&imwidth=100","62603","Pumpello","136305","3810","659","35","926","439","2921","false","false","Other","Pumpello"
"https://static-cdn.jtvnw.net/jtv_user_pictures/782ba22e-5fc6-44d4-a96a-06c036b3b026-profile_image-150x150.png?imenable=1&impolicy=user-profile-picture&imwidth=100","62604","TheDanielMax","3180","1650","9","1","926","3","1","false","false","English","TheDanielMax"
"https://static-cdn.jtvnw.net/jtv_user_pictures/10de583c-97ba-468a-8401-212c5af770a0-profile_image-150x150.png?imenable=1&impolicy=user-profile-picture&imwidth=100","62605","Sincronick","60","45","2","1","926","0","3","false","true","Spanish","Sincronick"
"https://static-cdn.jtvnw.net/jtv_user_pictures/marksr-profile_image-49899a587a3bbb6f-150x150.jpeg?imenable=1&impolicy=user-profile-picture&imwidth=100","62606","MarkSr","15","15","1","1","926","0","0","false","false","English","MarkSr"
"https://static-cdn.jtvnw.net/jtv_user_pictures/e98c6459-37cc-4695-a182-b94fa362f924-profile_image-150x150.png?imenable=1&impolicy=user-profile-picture&imwidth=100","62607","GOBLNM","270","135","4","2","926","1","4","false","false","English","GOBLNM"
"https://static-cdn.jtvnw.net/jtv_user_pictures/a2c5c3cb-197a-448e-b298-4c3eac311632-profile_image-150x150.png?imenable=1&impolicy=user-profile-picture&imwidth=100","62608","夠硬 (jaychen0530)","15600","360","123","42","926","110","598","false","false","Chinese","夠硬 (jaychen0530)"
"https://static-cdn.jtvnw.net/jtv_user_pictures/e240f02f-a943-4785-b3e4-332b808729b9-profile_image-150x150.png?imenable=1&impolicy=user-profile-picture&imwidth=100","62609","Candycorn_Rhino","4140","690","17","5","926","8","31","false","false","English","Candycorn_Rhino"
"https://static-cdn.jtvnw.net/jtv_user_pictures/d010bd3d20909eb8-profile_image-150x150.jpeg?imenable=1&impolicy=user-profile-picture&imwidth=100","62610","Danil1337x","0","45","1","0","926","0","0","false","false","Russian","Danil1337x"
"https://static-cdn.jtvnw.net/jtv_user_pictures/zennyboygames-profile_image-7190c7ebe1d6ac6d-150x150.jpeg?imenable=1&impolicy=user-profile-picture&imwidth=100","62611","Zennyboygames","420","270","5","1","926","1","20","false","true","English","Zennyboygames"
"https://static-cdn.jtvnw.net/jtv_user_pictures/obleena21-profile_image-34d891f7f3ce4bb3-150x150.jpeg?imenable=1&impolicy=user-profile-picture&imwidth=100","62612","Obleena21  (obleena21)","2250","1485","4","1","926","1","145","false","true","English","Obleena21  (obleena21)"
"https://static-cdn.jtvnw.net/jtv_user_pictures/patmas3838-profile_image-e28195b1bb1e2cc7-150x150.jpeg?imenable=1&impolicy=user-profile-picture&imwidth=100","62613","patmas3838","555","195","7","2","926","21","25","false","false","French","patmas3838"
"https://static-cdn.jtvnw.net/jtv_user_pictures/481945b85859771f-profile_image-150x150.jpeg?imenable=1&impolicy=user-profile-picture&imwidth=100","62614","MiziMizia","33675","3300","30","9","926","50","1163","false","false","Polish","MiziMizia"
"https://static-cdn.jtvnw.net/jtv_user_pictures/majiinfreddy-profile_image-1d1606c57a7dfad1-150x150.jpeg?imenable=1&impolicy=user-profile-picture&imwidth=100","62615","Majiinfreddy","75","270","1","0","926","-3","7","false","true","English","Majiinfreddy"
"https://static-cdn.jtvnw.net/jtv_user_pictures/fd544c2cbcb5f0e5-profile_image-150x150.png?imenable=1&impolicy=user-profile-picture&imwidth=100","62616","andiiii88","0","45","2","0","926","0","0","false","false","German","andiiii88"
"https://static-cdn.jtvnw.net/jtv_user_pictures/6b7b3de3-b608-489e-baf1-ba37d19e82d3-profile_image-150x150.png?imenable=1&impolicy=user-profile-picture&imwidth=100","62617","SavageWizzrobe","4275","1395","9","2","926","18","112","false","false","English","SavageWizzrobe"
"https://static-cdn.jtvnw.net/jtv_user_pictures/aveik103-profile_image-753d37c08e7425ce-150x150.png?imenable=1&impolicy=user-profile-picture&imwidth=100","62618","Aveik103","4740","195","37","24","926","53","130","false","false","Slovak","Aveik103"
"https://static-cdn.jtvnw.net/jtv_user_pictures/4061e7a1-5448-41a6-bef3-0b7b628aaf45-profile_image-150x150.png?imenable=1&impolicy=user-profile-picture&imwidth=100","62619","dMico","10245","3060","25","2","926","31","140","false","false","English","dMico"
"https://static-cdn.jtvnw.net/jtv_user_pictures/3ff12fe9-3ba6-4693-9e6a-6d73b5193a4a-profile_image-150x150.png?imenable=1&impolicy=user-profile-picture&imwidth=100","62620","Mekkiepoo","2205","1665","9","1","926","0","6","false","true","English","Mekkiepoo"
"https://static-cdn.jtvnw.net/jtv_user_pictures/snowflash7479-profile_image-6293ffcaa635ee86-150x150.jpeg?imenable=1&impolicy=user-profile-picture&imwidth=100","62621","snowflash7479","0","15","0","0","926","0","0","false","false","Chinese","snowflash7479"
"https://static-cdn.jtvnw.net/jtv_user_pictures/7d028b48-e346-450f-ab7f-98ab42ab91a2-profile_image-150x150.png?imenable=1&impolicy=user-profile-picture&imwidth=100","62622","MalayaPlus","870","165","9","5","926","4","13","false","false","Russian","MalayaPlus"
"https://static-cdn.jtvnw.net/jtv_user_pictures/95c5eab4cae00df7-profile_image-150x150.png?imenable=1&impolicy=user-profile-picture&imwidth=100","62623","8Bitkubo","810","675","4","0","926","6","24","false","false","English","8Bitkubo"
"https://static-cdn.jtvnw.net/jtv_user_pictures/tekkensora-profile_image-6a80d349397f3667-150x150.png?imenable=1&impolicy=user-profile-picture&imwidth=100","62624","TekkenSora","68190","3330","561","20","926","2","165","false","true","Spanish","TekkenSora"
"https://static-cdn.jtvnw.net/user-default-pictures-uv/cdd517fe-def4-11e9-948e-784f43822e80-profile_image-150x150.png?imenable=1&impolicy=user-profile-picture&imwidth=100","62625","nuteiiakeks","299460","9930","368","29","926","414","2732","false","false","German","nuteiiakeks"
"https://static-cdn.jtvnw.net/jtv_user_pictures/hopollo-profile_image-f89fca26956814c2-150x150.png?imenable=1&impolicy=user-profile-picture&imwidth=100","62626","HoPollo","2895","990","7","2","926","10","37","false","true","French","HoPollo"
"https://static-cdn.jtvnw.net/jtv_user_pictures/8c2e7377-724f-4836-a8e5-e47300bb9db6-profile_image-150x150.png?imenable=1&impolicy=user-profile-picture&imwidth=100","62627","twiii_","57855","4380","80","12","926","32","436","false","false","English","twiii_"
"https://static-cdn.jtvnw.net/jtv_user_pictures/dannyslayster-profile_image-0bad28c02ef5369f-150x150.png?imenable=1&impolicy=user-profile-picture&imwidth=100","62628","DannySlayster","1095","90","23","11","926","9","25","false","false","English","DannySlayster"
"https://static-cdn.jtvnw.net/jtv_user_pictures/lonsjke-profile_image-ecf057f2a37633cb-150x150.png?imenable=1&impolicy=user-profile-picture&imwidth=100","62629","Lonsjke","42195","1485","83","28","926","5","1267","false","true","Russian","Lonsjke"
"https://static-cdn.jtvnw.net/jtv_user_pictures/boricuas_rules-profile_image-f504b5e0e9e67b1b-150x150.jpeg?imenable=1&impolicy=user-profile-picture&imwidth=100","62630","Boricuas_Rules","1680","1230","7","0","926","10","63","false","true","Spanish","Boricuas_Rules"
"https://static-cdn.jtvnw.net/jtv_user_pictures/97f8ffcb-10cc-46ab-9d88-a9e2b8d8ed78-profile_image-150x150.png?imenable=1&impolicy=user-profile-picture&imwidth=100","62631","razeura","8730","1620","17","5","926","19","177","false","true","French","razeura"
"https://static-cdn.jtvnw.net/jtv_user_pictures/89d679718151baed-profile_image-150x150.png?imenable=1&impolicy=user-profile-picture&imwidth=100","62632","Cousin__Eddy","15525","1545","31","9","926","14","74","false","true","English","Cousin__Eddy"
"https://static-cdn.jtvnw.net/jtv_user_pictures/ea335fb4-a1a3-4bf1-8c1d-20467a77d028-profile_image-150x150.png?imenable=1&impolicy=user-profile-picture&imwidth=100","62633","Gentek_R6","90","45","2","2","926","0","0","false","true","English","Gentek_R6"
"https://static-cdn.jtvnw.net/jtv_user_pictures/8012057e-93c9-4ec8-96b9-09aaa2ecacd4-profile_image-150x150.png?imenable=1&impolicy=user-profile-picture&imwidth=100","62634","yuhihikali","495","195","5","2","925","0","1","false","false","Japanese","yuhihikali"
"https://static-cdn.jtvnw.net/jtv_user_pictures/d845bf57c9190733-profile_image-150x150.jpeg?imenable=1&impolicy=user-profile-picture&imwidth=100","62635","LiveBlocki","1395","120","15","11","925","9","27","false","false","German","LiveBlocki"
"https://static-cdn.jtvnw.net/jtv_user_pictures/1f80d578-1733-4d35-8042-edc0e5dbb17b-profile_image-150x150.png?imenable=1&impolicy=user-profile-picture&imwidth=100","62636","MasterDios","45","15","3","3","925","0","0","false","true","Spanish","MasterDios"
"https://static-cdn.jtvnw.net/jtv_user_pictures/wintermu7e-profile_image-da85577c4b18290c-150x150.png?imenable=1&impolicy=user-profile-picture&imwidth=100","62637","WINTERMU7E","13440","4035","19","2","925","23","171","false","true","English","WINTERMU7E"
"https://static-cdn.jtvnw.net/jtv_user_pictures/47714bb6-6108-4cb1-9242-f7b1eaf1a4f4-profile_image-150x150.png?imenable=1&impolicy=user-profile-picture&imwidth=100","62638","TomMcQ","12900","1845","20","6","925","19","255","false","true","English","TomMcQ"
"https://static-cdn.jtvnw.net/jtv_user_pictures/e59a83fc-1659-4e94-a171-743321ab16c3-profile_image-150x150.png?imenable=1&impolicy=user-profile-picture&imwidth=100","62639","Kunseler","7815","2925","9","2","925","44","252","false","true","French","Kunseler"
"https://static-cdn.jtvnw.net/jtv_user_pictures/3b1f7dfe-2fae-4ec6-85d6-bdf8c63df490-profile_image-150x150.png?imenable=1&impolicy=user-profile-picture&imwidth=100","62640","中野ちゃん (lusyachu)","1620","420","7","3","925","2","42","false","false","Japanese","中野ちゃん (lusyachu)"
"https://static-cdn.jtvnw.net/jtv_user_pictures/62c10050-8bc4-4814-8289-3c2c556847c8-profile_image-150x150.png?imenable=1&impolicy=user-profile-picture&imwidth=100","62641","L00seyG005ey","180","255","2","0","925","0","0","false","false","English","L00seyG005ey"
"https://static-cdn.jtvnw.net/jtv_user_pictures/a7ee2e7f-490b-4e68-a612-c3f93e9558be-profile_image-150x150.png?imenable=1&impolicy=user-profile-picture&imwidth=100","62642","dzhigurbas","60","45","2","1","925","0","4","false","false","Russian","dzhigurbas"
"https://static-cdn.jtvnw.net/jtv_user_pictures/tektic-profile_image-01be7a446492a40b-150x150.png?imenable=1&impolicy=user-profile-picture&imwidth=100","62643","TEKTIC","375","210","5","1","925","-5","11","false","false","English","TEKTIC"
"https://static-cdn.jtvnw.net/jtv_user_pictures/eb4b07a2-6ea5-4d74-8147-0045b9099f8a-profile_image-150x150.png?imenable=1&impolicy=user-profile-picture&imwidth=100","62644","epix2k17","15","15","1","1","925","0","0","false","false","German","epix2k17"
"https://static-cdn.jtvnw.net/jtv_user_pictures/cbb806a6-f881-4bf5-8448-0583f0bb23f2-profile_image-150x150.png?imenable=1&impolicy=user-profile-picture&imwidth=100","62645","SpikeParra","2085","825","6","2","925","4","52","false","false","English","SpikeParra"
"https://static-cdn.jtvnw.net/jtv_user_pictures/53bacbaa-0bcb-45e1-b32c-b0e45551fde2-profile_image-150x150.png?imenable=1&impolicy=user-profile-picture&imwidth=100","62646","JinxVR","435","420","8","0","925","2","7","false","false","English","JinxVR"
"https://static-cdn.jtvnw.net/jtv_user_pictures/talianthots-profile_image-1dbc9cd6da26d1d1-150x150.png?imenable=1&impolicy=user-profile-picture&imwidth=100","62647","talianthots","8115","2850","8","2","925","9","31","false","false","English","talianthots"
"https://static-cdn.jtvnw.net/jtv_user_pictures/hilmfrozen-profile_image-4a8845b25844662d-150x150.jpeg?imenable=1&impolicy=user-profile-picture&imwidth=100","62648","hilmfrozen","26340","2430","36","10","925","114","1634","false","false","French","hilmfrozen"
"https://static-cdn.jtvnw.net/jtv_user_pictures/nikoniko2027-profile_image-b730601fd8db0c7d-150x150.png?imenable=1&impolicy=user-profile-picture&imwidth=100","62649","nikoniko2027","15","30","1","0","925","0","0","false","false","Russian","nikoniko2027"
"https://static-cdn.jtvnw.net/jtv_user_pictures/xocorie-profile_image-a3492b9cecfae99d-150x150.jpeg?imenable=1&impolicy=user-profile-picture&imwidth=100","62650","xoCorie","19755","4230","12","4","925","106","55","false","true","English","xoCorie"
"https://static-cdn.jtvnw.net/jtv_user_pictures/b9875b47-1875-4544-bd61-0b4ddd047712-profile_image-150x150.png?imenable=1&impolicy=user-profile-picture&imwidth=100","62651","LaydeeLozza","480","120","9","4","925","7","12","false","false","English","LaydeeLozza"
"https://static-cdn.jtvnw.net/jtv_user_pictures/af_legends-profile_image-5ee7d5e79b4e0044-150x150.png?imenable=1&impolicy=user-profile-picture&imwidth=100","62652","AF_Legends","3810","165","35","23","925","8","21","false","false","German","AF_Legends"
"https://static-cdn.jtvnw.net/jtv_user_pictures/38444580-e18e-41ac-bbee-af5ee2f50e34-profile_image-150x150.jpeg?imenable=1&impolicy=user-profile-picture&imwidth=100","62653","Pishys","750","930","3","0","925","4","16","false","false","English","Pishys"
"https://static-cdn.jtvnw.net/jtv_user_pictures/kyorignoupic-profile_image-ac7619919df5d941-150x150.jpeg?imenable=1&impolicy=user-profile-picture&imwidth=100","62654","Kyorignoupic","7650","3975","19","1","925","22","61","false","false","French","Kyorignoupic"
"https://static-cdn.jtvnw.net/jtv_user_pictures/c4be082e-79a2-4be5-a5a1-84610c2d9930-profile_image-150x150.png?imenable=1&impolicy=user-profile-picture&imwidth=100","62655","JamesAutumn","11670","4140","9","2","925","19","146","false","true","English","JamesAutumn"
"https://static-cdn.jtvnw.net/jtv_user_pictures/f94d4b63-c4e5-4c7d-adec-3944634e76b7-profile_image-150x150.png?imenable=1&impolicy=user-profile-picture&imwidth=100","62656","F99_Twitch","300","120","5","2","925","0","3","false","false","Spanish","F99_Twitch"
"https://static-cdn.jtvnw.net/jtv_user_pictures/olws-profile_image-f7583625e34f3878-150x150.jpeg?imenable=1&impolicy=user-profile-picture&imwidth=100","62657","Olws","150","210","5","0","925","0","15","false","true","French","Olws"
"https://static-cdn.jtvnw.net/jtv_user_pictures/dragoniteeu-profile_image-48bd64e248da13dd-150x150.jpeg?imenable=1&impolicy=user-profile-picture&imwidth=100","62658","DragoniteEU","29250","1980","41","14","925","25","121","false","false","English","DragoniteEU"
"https://static-cdn.jtvnw.net/jtv_user_pictures/radx21-profile_image-af5d14166f660808-150x150.jpeg?imenable=1&impolicy=user-profile-picture&imwidth=100","62659","Radx21","5385","300","29","17","925","4","218","false","false","Spanish","Radx21"
"https://static-cdn.jtvnw.net/jtv_user_pictures/b4027380-c11f-4d83-b472-fdb87c37a508-profile_image-150x150.png?imenable=1&impolicy=user-profile-picture&imwidth=100","62660","ZakkuRye","5625","690","22","7","925","11","49","false","false","English","ZakkuRye"
"https://static-cdn.jtvnw.net/jtv_user_pictures/833c4b43-9b52-4f6e-8135-4c05b8e06b91-profile_image-150x150.png?imenable=1&impolicy=user-profile-picture&imwidth=100","62661","Ikematic","0","60","0","0","925","0","0","false","false","English","Ikematic"
"https://static-cdn.jtvnw.net/jtv_user_pictures/e28ca43d-5da7-480c-a99b-9c282646f96a-profile_image-150x150.jpg?imenable=1&impolicy=user-profile-picture&imwidth=100","62662","Ragevporkers","1500","300","11","4","925","1","7","false","false","","Ragevporkers"
"https://static-cdn.jtvnw.net/jtv_user_pictures/browgamingdk-profile_image-6c293e8894639546-150x150.png?imenable=1&impolicy=user-profile-picture&imwidth=100","62663","Browgamingdk","6060","1245","14","4","925","27","82","false","false","Danish","Browgamingdk"
"https://static-cdn.jtvnw.net/jtv_user_pictures/zamilol-profile_image-289d481cdfa2f17b-150x150.jpeg?imenable=1&impolicy=user-profile-picture&imwidth=100","62664","zamilol","1320","120","20","11","925","16","0","false","false","Czech","zamilol"
"https://static-cdn.jtvnw.net/jtv_user_pictures/97541b24-150b-4a1a-8e49-903da8c8208a-profile_image-150x150.png?imenable=1&impolicy=user-profile-picture&imwidth=100","62665","twinklestarserena","9285","825","21","11","925","4","25","false","false","English","twinklestarserena"
"https://static-cdn.jtvnw.net/jtv_user_pictures/slixpvp-profile_image-010a1676809984e6-150x150.png?imenable=1&impolicy=user-profile-picture&imwidth=100","62666","SlixPvP","45765","3120","1036","14","925","148","161","false","true","English","SlixPvP"
"https://static-cdn.jtvnw.net/jtv_user_pictures/1e3998e110b21aed-profile_image-150x150.jpeg?imenable=1&impolicy=user-profile-picture&imwidth=100","62667","Wulleybully","16980","3150","22","4","925","38","58","false","true","English","Wulleybully"
"https://static-cdn.jtvnw.net/jtv_user_pictures/ch3v-profile_image-4a9cdb4361abcf5c-150x150.jpeg?imenable=1&impolicy=user-profile-picture&imwidth=100","62668","CH3V","0","60","1","0","925","0","0","false","true","English","CH3V"
"https://static-cdn.jtvnw.net/jtv_user_pictures/godzhand007-profile_image-7a1713e026c9a5d4-150x150.png?imenable=1&impolicy=user-profile-picture&imwidth=100","62669","Godzhand007","5190","2355","10","1","925","6","129","false","false","Russian","Godzhand007"
"https://static-cdn.jtvnw.net/jtv_user_pictures/0d754e41-0e44-4b7b-892d-934b1050ec19-profile_image-150x150.png?imenable=1&impolicy=user-profile-picture&imwidth=100","62670","Ultimatelick","28320","5685","19","4","925","20","874","false","true","English","Ultimatelick"
"https://static-cdn.jtvnw.net/jtv_user_pictures/def55c23-5bf8-4c9b-9655-6162a1895699-profile_image-150x150.png?imenable=1&impolicy=user-profile-picture&imwidth=100","62671","Gintamier","3150","1890","5","1","925","6","47","false","true","English","Gintamier"
"https://static-cdn.jtvnw.net/jtv_user_pictures/680c72f2-9bf2-4138-a045-825f56bd6efc-profile_image-150x150.png?imenable=1&impolicy=user-profile-picture&imwidth=100","62672","Ryno1026","6885","1545","20","4","925","16","21","false","false","English","Ryno1026"
"https://static-cdn.jtvnw.net/jtv_user_pictures/atsymiko-profile_image-1dedff7175e48ad1-150x150.jpeg?imenable=1&impolicy=user-profile-picture&imwidth=100","62673","atsymiko","29775","840","78","35","925","15","519","false","false","Russian","atsymiko"
"https://static-cdn.jtvnw.net/jtv_user_pictures/5efc8c8d-81cb-41e7-b0b8-f0a65351de4d-profile_image-150x150.png?imenable=1&impolicy=user-profile-picture&imwidth=100","62674","thehunterhack","32325","5025","52","6","925","62","343","false","true","English","thehunterhack"
"https://static-cdn.jtvnw.net/jtv_user_pictures/b37f44f1-ad5b-4bdd-8927-cfdef72b5ab3-profile_image-150x150.jpg?imenable=1&impolicy=user-profile-picture&imwidth=100","62675","JOEYKRAKED","21780","3060","41","6","925","22","126","false","false","English","JOEYKRAKED"
"https://static-cdn.jtvnw.net/jtv_user_pictures/3c6ce7b7-c367-4ca5-9839-3a23dac9369a-profile_image-150x150.png?imenable=1&impolicy=user-profile-picture&imwidth=100","62676","BeEasyBeez","7830","3810","8","1","925","23","8","false","true","English","BeEasyBeez"
"https://static-cdn.jtvnw.net/jtv_user_pictures/4a66d4f1-7ad6-407d-92e7-f3d5610c140c-profile_image-150x150.png?imenable=1&impolicy=user-profile-picture&imwidth=100","62677","Jeffry_8x","2475","1830","4","0","924","6","29","false","true","Czech","Jeffry_8x"
"https://static-cdn.jtvnw.net/jtv_user_pictures/82fa8b42-e4c8-4d0d-98b2-0b2407fd8760-profile_image-150x150.png?imenable=1&impolicy=user-profile-picture&imwidth=100","62678","therealorose","0","30","0","0","924","0","0","false","false","English","therealorose"
"https://static-cdn.jtvnw.net/jtv_user_pictures/726e955b-aab0-410e-b5a5-9b4ab62a0437-profile_image-150x150.png?imenable=1&impolicy=user-profile-picture&imwidth=100","62679","spiny_17","45","45","2","1","924","1","0","false","false","Italian","spiny_17"
"https://static-cdn.jtvnw.net/jtv_user_pictures/c3ca73c9-b03f-463d-a8c2-3f4e069ab200-profile_image-150x150.png?imenable=1&impolicy=user-profile-picture&imwidth=100","62680","sky3linlive","0","15","0","0","924","0","0","false","false","French","sky3linlive"
"https://static-cdn.jtvnw.net/jtv_user_pictures/5c283772-ac94-4140-a0e5-44204146766d-profile_image-150x150.png?imenable=1&impolicy=user-profile-picture&imwidth=100","62681","ooblahtv","2745","675","10","3","924","10","12","false","true","English","ooblahtv"
"https://static-cdn.jtvnw.net/jtv_user_pictures/nyrix_du94-profile_image-edbb5d0599687fac-150x150.png?imenable=1&impolicy=user-profile-picture&imwidth=100","62682","Nyrix_du94","6195","1320","13","4","924","55","74","false","false","French","Nyrix_du94"
"https://static-cdn.jtvnw.net/user-default-pictures/b83b1794-7df9-4878-916c-88c2ad2e4f9f-profile_image-150x150.jpg?imenable=1&impolicy=user-profile-picture&imwidth=100","62683","owlish_","1785","1650","4","0","924","1","6","false","true","English","owlish_"
"https://static-cdn.jtvnw.net/jtv_user_pictures/tonytony1212-profile_image-c8c933cd6b4afd5b-150x150.jpeg?imenable=1&impolicy=user-profile-picture&imwidth=100","62684","tonytony1212","30","30","2","1","924","0","0","false","true","French","tonytony1212"
"https://static-cdn.jtvnw.net/jtv_user_pictures/onelovelp-profile_image-22d68e0bec160872-150x150.jpeg?imenable=1&impolicy=user-profile-picture&imwidth=100","62685","OneloveLP","132255","9165","192","13","924","373","1449","false","true","German","OneloveLP"
"https://static-cdn.jtvnw.net/jtv_user_pictures/dingelschlingel-profile_image-92a9585d380a71b2-150x150.png?imenable=1&impolicy=user-profile-picture&imwidth=100","62686","DingelSchlingel","14625","3630","24","3","924","42","275","false","true","German","DingelSchlingel"
"https://static-cdn.jtvnw.net/jtv_user_pictures/498491bd-e980-4cf9-b869-edc318c90c3a-profile_image-150x150.png?imenable=1&impolicy=user-profile-picture&imwidth=100","62687","Prauph","1800","2340","6","0","924","21","15","false","false","English","Prauph"
"https://static-cdn.jtvnw.net/jtv_user_pictures/eaacb2c7-af5c-4460-b733-9f38c3139f32-profile_image-150x150.png?imenable=1&impolicy=user-profile-picture&imwidth=100","62688","HerrIndigo","121560","10275","353","11","924","65","1938","false","true","German","HerrIndigo"
"https://static-cdn.jtvnw.net/jtv_user_pictures/jkkool-profile_image-bff3cb987f7160b9-150x150.jpeg?imenable=1&impolicy=user-profile-picture&imwidth=100","62689","Jkkool","50820","3675","40","13","924","69","507","false","true","English","Jkkool"
"https://static-cdn.jtvnw.net/jtv_user_pictures/fr0zen_cs-profile_image-41ca5def23eba0ce-150x150.png?imenable=1&impolicy=user-profile-picture&imwidth=100","62690","FR0ZEN_CS","1695","915","6","1","924","7","36","false","false","English","FR0ZEN_CS"
"https://static-cdn.jtvnw.net/jtv_user_pictures/intern0-profile_image-38e1caae13aabbdf-150x150.png?imenable=1&impolicy=user-profile-picture&imwidth=100","62691","Intern0","7965","390","47","20","924","55","666","false","false","Russian","Intern0"
"https://static-cdn.jtvnw.net/jtv_user_pictures/b89fa213e10d995e-profile_image-150x150.jpeg?imenable=1&impolicy=user-profile-picture&imwidth=100","62692","DevilCube","125730","2025","152","61","924","-857","1028","false","false","German","DevilCube"
"https://static-cdn.jtvnw.net/jtv_user_pictures/385fdd0b-f6f2-4270-8e45-31e20496635c-profile_image-150x150.jpg?imenable=1&impolicy=user-profile-picture&imwidth=100","62693","Defiance1","15","195","1","0","924","0","5","false","true","English","Defiance1"
"https://static-cdn.jtvnw.net/jtv_user_pictures/3a6d1458-326d-44fa-9278-dfe0cb8375e9-profile_image-150x150.png?imenable=1&impolicy=user-profile-picture&imwidth=100","62694","ZCrimes","18060","6090","21","2","924","-37","115","false","true","English","ZCrimes"
"https://static-cdn.jtvnw.net/jtv_user_pictures/1834499e-1d95-4628-8196-8115c4a02c9c-profile_image-150x150.jpg?imenable=1&impolicy=user-profile-picture&imwidth=100","62695","Even0402","2925","3150","7","0","924","2","47","false","true","German","Even0402"
"https://static-cdn.jtvnw.net/jtv_user_pictures/f42316bf-e9b9-49d7-8f66-cd88c0641851-profile_image-150x150.png?imenable=1&impolicy=user-profile-picture&imwidth=100","62696","iamkreazy","4245","2130","5","1","924","1","92","false","true","German","iamkreazy"
"https://static-cdn.jtvnw.net/jtv_user_pictures/4bb3cdfc-1185-478c-a1b7-48117373eb9b-profile_image-150x150.png?imenable=1&impolicy=user-profile-picture&imwidth=100","62697","MoketteTV","33360","2835","22","11","924","32","500","false","false","French","MoketteTV"
"https://static-cdn.jtvnw.net/jtv_user_pictures/3de88704-0949-409c-8fb8-8a68a1a32937-profile_image-150x150.png?imenable=1&impolicy=user-profile-picture&imwidth=100","62698","DiggyStock","3795","540","18","6","924","29","41","false","true","English","DiggyStock"
"https://static-cdn.jtvnw.net/jtv_user_pictures/tv_urfo-profile_image-67aedfa1f233c84a-150x150.jpeg?imenable=1&impolicy=user-profile-picture&imwidth=100","62699","TV_URFO","8925","4245","10","1","924","10","443","false","false","Russian","TV_URFO"
"https://static-cdn.jtvnw.net/jtv_user_pictures/therealcripdontlose-profile_image-92b1d73bd677fdc5-150x150.jpeg?imenable=1&impolicy=user-profile-picture&imwidth=100","62700","therealcripdontlose","360","150","5","1","924","0","0","false","false","English","therealcripdontlose"