"","","Channel","Watch time","Stream time","Peak viewers","Average viewers","Followers","Followers gained","Views gained","Partnered","Mature","Language",""
"https://static-cdn.jtvnw.net/jtv_user_pictures/ciroc_ent-profile_image-c295bfd69c0ce383-150x150.jpeg?imenable=1&impolicy=user-profile-picture&imwidth=100","56201","CiroC_ENT","1575","555","8","2","1095","25","8","false","false","English","CiroC_ENT"
"https://static-cdn.jtvnw.net/user-default-pictures/b83b1794-7df9-4878-916c-88c2ad2e4f9f-profile_image-150x150.jpg?imenable=1&impolicy=user-profile-picture&imwidth=100","56202","abbewaper","4440","405","26","10","1095","19","27","false","false","Swedish","abbewaper"
"https://static-cdn.jtvnw.net/jtv_user_pictures/8c2c9300-234d-4643-8c6e-1936e9b8fcbd-profile_image-150x150.png?imenable=1&impolicy=user-profile-picture&imwidth=100","56203","PLAYSNG","112455","4260","90","25","1095","99","40490","false","true","Russian","PLAYSNG"
"https://static-cdn.jtvnw.net/jtv_user_pictures/aeon_guardian09-profile_image-9712cb382975a358-150x150.jpeg?imenable=1&impolicy=user-profile-picture&imwidth=100","56204","Aeon_guardian09","410700","13845","99","29","1095","382","552","false","false","English","Aeon_guardian09"
"https://static-cdn.jtvnw.net/jtv_user_pictures/e537d857-3a36-480d-8a26-d37f61ecbadb-profile_image-150x150.png?imenable=1&impolicy=user-profile-picture&imwidth=100","56205","Chef7x","15","15","1","1","1095","0","0","false","true","English","Chef7x"
"https://static-cdn.jtvnw.net/jtv_user_pictures/03cf83a1-5803-4dbd-9214-c8574ab3245e-profile_image-150x150.png?imenable=1&impolicy=user-profile-picture&imwidth=100","56206","evils714","271635","5370","187","50","1095","79","182","false","true","English","evils714"
"https://static-cdn.jtvnw.net/jtv_user_pictures/07140c71-3be4-4ae4-8735-233ed24e55e2-profile_image-150x150.png?imenable=1&impolicy=user-profile-picture&imwidth=100","56207","za9c","120","60","2","2","1095","0","0","false","false","Russian","za9c"
"https://static-cdn.jtvnw.net/jtv_user_pictures/2c8ebbc6-4b98-4748-9c21-d4c6197466cb-profile_image-150x150.png?imenable=1&impolicy=user-profile-picture&imwidth=100","56208","Horned2k","0","30","1","0","1095","0","0","false","true","Russian","Horned2k"
"https://static-cdn.jtvnw.net/jtv_user_pictures/5ce7ba0e2e4183cf-profile_image-150x150.jpeg?imenable=1&impolicy=user-profile-picture&imwidth=100","56209","senpaaay","30420","2145","67","13","1095","25","554","false","false","Russian","senpaaay"
"https://static-cdn.jtvnw.net/jtv_user_pictures/jaypatrickjames-profile_image-f3032844fcd40189-150x150.png?imenable=1&impolicy=user-profile-picture&imwidth=100","56210","jaypatrickjames","1305","465","9","2","1095","-6","10","false","true","English","jaypatrickjames"
"https://static-cdn.jtvnw.net/jtv_user_pictures/ae78e2dc-d743-4b04-a03d-ca324dafdf98-profile_image-150x150.jpeg?imenable=1&impolicy=user-profile-picture&imwidth=100","56211","Jeesuis","22485","2985","32","7","1095","74","150","false","false","English","Jeesuis"
"https://static-cdn.jtvnw.net/jtv_user_pictures/3c0dc4992e715650-profile_image-150x150.jpeg?imenable=1&impolicy=user-profile-picture&imwidth=100","56212","InfiniteFlashChess","90","30","6","3","1095","0","0","false","false","English","InfiniteFlashChess"
"https://static-cdn.jtvnw.net/jtv_user_pictures/xibxassassin-profile_image-5e893acea75e5a6a-150x150.jpeg?imenable=1&impolicy=user-profile-picture&imwidth=100","56213","xIBxAssassin","39615","1245","78","31","1095","979","46","false","false","","xIBxAssassin"
"https://static-cdn.jtvnw.net/jtv_user_pictures/b1205cd9-d8a8-4849-8509-2ada80329ed3-profile_image-150x150.png?imenable=1&impolicy=user-profile-picture&imwidth=100","56214","skiorh_art","5970","375","44","15","1095","12","157","false","true","Russian","skiorh_art"
"https://static-cdn.jtvnw.net/jtv_user_pictures/b3e662e4-530f-421e-9bb0-887ad09dce84-profile_image-150x150.png?imenable=1&impolicy=user-profile-picture&imwidth=100","56215","Lady_Immortal","1215","570","4","1","1095","1","29","false","true","English","Lady_Immortal"
"https://static-cdn.jtvnw.net/jtv_user_pictures/dad742df-4e2c-483a-8090-93577bf3e04c-profile_image-150x150.png?imenable=1&impolicy=user-profile-picture&imwidth=100","56216","BayGames","9720","1665","18","5","1095","27","81","false","false","English","BayGames"
"https://static-cdn.jtvnw.net/jtv_user_pictures/m0rxi-profile_image-43e374b2f237c02d-150x150.jpeg?imenable=1&impolicy=user-profile-picture&imwidth=100","56217","M0rXi","23820","1065","73","21","1095","58","81","false","false","Danish","M0rXi"
"https://static-cdn.jtvnw.net/jtv_user_pictures/torilac-profile_image-cfa92e372ec4ff7f-150x150.png?imenable=1&impolicy=user-profile-picture&imwidth=100","56218","ToriLaC","870","165","8","5","1095","10","3","false","true","English","ToriLaC"
"https://static-cdn.jtvnw.net/jtv_user_pictures/raynehaole-profile_image-b0afd792ad6dd701-150x150.jpeg?imenable=1&impolicy=user-profile-picture&imwidth=100","56219","RayneHaole","30","15","2","2","1095","0","0","false","false","English","RayneHaole"
"https://static-cdn.jtvnw.net/jtv_user_pictures/chubampow-profile_image-08a6461e2604857b-150x150.png?imenable=1&impolicy=user-profile-picture&imwidth=100","56220","ChuBamPow","5130","435","18","11","1095","22","157","false","true","English","ChuBamPow"
"https://static-cdn.jtvnw.net/jtv_user_pictures/tjienta-profile_image-9d32c1246babb391-150x150.png?imenable=1&impolicy=user-profile-picture&imwidth=100","56221","Tjienta","1065","405","4","2","1095","3","6","false","false","English","Tjienta"
"https://static-cdn.jtvnw.net/jtv_user_pictures/ckarl_bobadine-profile_image-e86c2ac81b05092a-150x150.jpeg?imenable=1&impolicy=user-profile-picture&imwidth=100","56222","Ckarl_Bobadine","37260","4980","22","7","1095","25","210","false","true","English","Ckarl_Bobadine"
"https://static-cdn.jtvnw.net/jtv_user_pictures/winkypotomus-profile_image-a1ee24268227cdb2-150x150.jpeg?imenable=1&impolicy=user-profile-picture&imwidth=100","56223","winkypotomus","2790","1335","4","1","1095","8","9","false","true","English","winkypotomus"
"https://static-cdn.jtvnw.net/jtv_user_pictures/e2f103f9-aed6-4e4d-b7d9-04747bb44f76-profile_image-150x150.png?imenable=1&impolicy=user-profile-picture&imwidth=100","56224","ButterMyToastTV","105","75","2","1","1095","0","0","false","false","English","ButterMyToastTV"
"https://static-cdn.jtvnw.net/jtv_user_pictures/justframenope-profile_image-90ebeee10fde4ee6-150x150.jpeg?imenable=1&impolicy=user-profile-picture&imwidth=100","56225","JustFrameNope","29910","705","80","42","1095","19","232","false","false","English","JustFrameNope"
"https://static-cdn.jtvnw.net/jtv_user_pictures/itme_screeb-profile_image-5cbb139eef9a7b8b-150x150.jpeg?imenable=1&impolicy=user-profile-picture&imwidth=100","56226","itme_screeb","15","390","1","0","1095","1","1","false","true","English","itme_screeb"
"https://static-cdn.jtvnw.net/jtv_user_pictures/2c9eb53b-ff97-4c8c-a8a4-56db2a9fc0e9-profile_image-150x150.png?imenable=1&impolicy=user-profile-picture&imwidth=100","56227","Cheesus8069","22380","3315","90","6","1095","19","163","false","true","English","Cheesus8069"
"https://static-cdn.jtvnw.net/jtv_user_pictures/363b6db0-b821-47f3-b3f4-5677df74c5be-profile_image-150x150.png?imenable=1&impolicy=user-profile-picture&imwidth=100","56228","hugdealer","3315","630","10","4","1095","2","49","false","true","English","hugdealer"
"https://static-cdn.jtvnw.net/jtv_user_pictures/59cf74b0-81f9-4961-89df-d6281b5997f0-profile_image-150x150.png?imenable=1&impolicy=user-profile-picture&imwidth=100","56229","ClamDown","33015","2415","264","13","1095","94","382","false","false","English","ClamDown"
"https://static-cdn.jtvnw.net/jtv_user_pictures/harsh1k-profile_image-04cd1d772cc15a59-150x150.png?imenable=1&impolicy=user-profile-picture&imwidth=100","56230","Harsh1k","14655","6510","9","1","1095","35","92","false","true","Czech","Harsh1k"
"https://static-cdn.jtvnw.net/jtv_user_pictures/fwbronaugh-profile_image-386a58edfb94e94e-150x150.jpeg?imenable=1&impolicy=user-profile-picture&imwidth=100","56231","FWBronaugh","0","30","0","0","1094","0","0","false","true","English","FWBronaugh"
"https://static-cdn.jtvnw.net/jtv_user_pictures/088c1642-ae3b-49f2-8a13-847ce9110952-profile_image-150x150.png?imenable=1&impolicy=user-profile-picture&imwidth=100","56232","mr_doppelkaese","15","30","1","0","1094","0","0","false","true","German","mr_doppelkaese"
"https://static-cdn.jtvnw.net/jtv_user_pictures/8ef7e88b-93f9-4ceb-a691-d0f25b470f9a-profile_image-150x150.png?imenable=1&impolicy=user-profile-picture&imwidth=100","56233","DasMario8","0","15","0","0","1094","0","0","false","false","English","DasMario8"
"https://static-cdn.jtvnw.net/jtv_user_pictures/4a556379-fff0-48ee-b827-ca86a6c895a8-profile_image-150x150.png?imenable=1&impolicy=user-profile-picture&imwidth=100","56234","Willowglitter","165","45","5","3","1094","0","0","false","true","English","Willowglitter"
"https://static-cdn.jtvnw.net/jtv_user_pictures/fe1fa6d6-d70b-4689-b4c9-48a48ec07cce-profile_image-150x150.png?imenable=1&impolicy=user-profile-picture&imwidth=100","56235","MackToxicDE","30","30","1","1","1094","0","-5","false","true","German","MackToxicDE"
"https://static-cdn.jtvnw.net/jtv_user_pictures/ed3fad07-4c77-4680-8868-a44d113a888c-profile_image-150x150.png?imenable=1&impolicy=user-profile-picture&imwidth=100","56236","KxngWxlf","90","255","2","0","1094","0","1","false","true","English","KxngWxlf"
"https://static-cdn.jtvnw.net/user-default-pictures/b83b1794-7df9-4878-916c-88c2ad2e4f9f-profile_image-150x150.jpg?imenable=1&impolicy=user-profile-picture&imwidth=100","56237","JewyJips","92280","5625","57","15","1094","549","313","false","false","English","JewyJips"
"https://static-cdn.jtvnw.net/jtv_user_pictures/805d1232-866c-40b9-bc95-b76c56e459ed-profile_image-150x150.png?imenable=1&impolicy=user-profile-picture&imwidth=100","56238","BlackCloudzTTV","1140","495","5","1","1094","4","12","false","true","English","BlackCloudzTTV"
"https://static-cdn.jtvnw.net/jtv_user_pictures/ce822ea3-aca1-4de7-bf4b-3eb7ca79946e-profile_image-150x150.png?imenable=1&impolicy=user-profile-picture&imwidth=100","56239","KKcyber","345","135","3","2","1094","3","11","false","true","English","KKcyber"
"https://static-cdn.jtvnw.net/jtv_user_pictures/w1zard17_03-profile_image-d1cfd19756827667-150x150.jpeg?imenable=1&impolicy=user-profile-picture&imwidth=100","56240","w1zard17_03","765","585","5","0","1094","5","37","false","false","Russian","w1zard17_03"
"https://static-cdn.jtvnw.net/jtv_user_pictures/4977d97c-bd5a-465a-9a28-cfc119b91afd-profile_image-150x150.png?imenable=1&impolicy=user-profile-picture&imwidth=100","56241","Outlaw_560","60","705","1","0","1094","1","0","false","true","English","Outlaw_560"
"https://static-cdn.jtvnw.net/jtv_user_pictures/04dadc51-aff7-406f-b894-3e0536c57df4-profile_image-150x150.jpg?imenable=1&impolicy=user-profile-picture&imwidth=100","56242","Nootin","3000","1530","5","1","1094","12","172","false","true","English","Nootin"
"https://static-cdn.jtvnw.net/jtv_user_pictures/creezy92-profile_image-8d60f8605a86e1e1-150x150.jpeg?imenable=1&impolicy=user-profile-picture&imwidth=100","56243","Creezy92","25530","9330","16","2","1094","79","70","false","false","English","Creezy92"
"https://static-cdn.jtvnw.net/jtv_user_pictures/danistars4-profile_image-2e4903ab046c29ba-150x150.png?imenable=1&impolicy=user-profile-picture&imwidth=100","56244","danistars4","15","330","1","0","1094","0","0","false","false","English","danistars4"
"https://static-cdn.jtvnw.net/jtv_user_pictures/nekfou123-profile_image-11cb006510120562-150x150.png?imenable=1&impolicy=user-profile-picture&imwidth=100","56245","nekfou123","30795","1245","92","24","1094","343","333","false","false","","nekfou123"
"https://static-cdn.jtvnw.net/jtv_user_pictures/gunbu11ets-profile_image-a3abc79c03afb78c-150x150.png?imenable=1&impolicy=user-profile-picture&imwidth=100","56246","Gunbu11ets","60","90","2","0","1094","0","0","false","true","English","Gunbu11ets"
"https://static-cdn.jtvnw.net/jtv_user_pictures/69e45edb-57c4-49b6-ab3b-df99aaf73963-profile_image-150x150.png?imenable=1&impolicy=user-profile-picture&imwidth=100","56247","maximusgamingtr","1470","330","9","4","1094","16","74","false","true","Turkish","maximusgamingtr"
"https://static-cdn.jtvnw.net/jtv_user_pictures/coletrickles-profile_image-07b44bea29d12027-150x150.png?imenable=1&impolicy=user-profile-picture&imwidth=100","56248","ColeTrickles","90","90","2","1","1094","0","0","false","false","","ColeTrickles"
"https://static-cdn.jtvnw.net/jtv_user_pictures/6de5c9b8-6045-4e8e-b585-7a1622770266-profile_image-150x150.png?imenable=1&impolicy=user-profile-picture&imwidth=100","56249","M00SE","0","15","0","0","1094","0","0","false","true","English","M00SE"
"https://static-cdn.jtvnw.net/jtv_user_pictures/guished-profile_image-48604706dd4de115-150x150.png?imenable=1&impolicy=user-profile-picture&imwidth=100","56250","guished","9015","765","31","11","1094","360","207","false","true","English","guished"
"https://static-cdn.jtvnw.net/jtv_user_pictures/chawharveytv-profile_image-19d5eacfa2c4d69c-150x150.jpeg?imenable=1&impolicy=user-profile-picture&imwidth=100","56251","ChawHarveyTV","52950","4485","95","11","1094","279","398","false","false","English","ChawHarveyTV"
"https://static-cdn.jtvnw.net/jtv_user_pictures/b5f7e904-66c0-45ce-9cf4-056b0b1a0e8e-profile_image-150x150.jpg?imenable=1&impolicy=user-profile-picture&imwidth=100","56252","MissTruKiLLa","4920","1065","10","4","1094","60","22","false","false","English","MissTruKiLLa"
"https://static-cdn.jtvnw.net/jtv_user_pictures/0f003ca6-7fb8-4ed9-a3d1-6bd1fa3666b5-profile_image-150x150.png?imenable=1&impolicy=user-profile-picture&imwidth=100","56253","FryingKirby","630","150","7","4","1094","-1","2","false","false","English","FryingKirby"
"https://static-cdn.jtvnw.net/jtv_user_pictures/cakeisdirty-profile_image-ffdabeb2ae782bc6-150x150.jpeg?imenable=1&impolicy=user-profile-picture&imwidth=100","56254","CakeisDirty","193170","6270","101","30","1094","47","635","false","true","English","CakeisDirty"
"https://static-cdn.jtvnw.net/jtv_user_pictures/ddrkhat-profile_image-0b63fc8c7a44d85e-150x150.png?imenable=1&impolicy=user-profile-picture&imwidth=100","56255","DDRKhat","16785","4245","22","3","1094","36","131","false","true","English","DDRKhat"
"https://static-cdn.jtvnw.net/jtv_user_pictures/emazyo-profile_image-8be148a22face74e-150x150.jpeg?imenable=1&impolicy=user-profile-picture&imwidth=100","56256","Emazyo","68430","2430","91","27","1094","51","2081","false","false","English","Emazyo"
"https://static-cdn.jtvnw.net/jtv_user_pictures/the_wabbit-profile_image-b471a91ccc73102a-150x150.jpeg?imenable=1&impolicy=user-profile-picture&imwidth=100","56257","The_Wabbit","36825","21840","9","1","1094","23","403","false","true","English","The_Wabbit"
"https://static-cdn.jtvnw.net/jtv_user_pictures/4799a8c4-24b9-431f-891e-c82de28c41ea-profile_image-150x150.png?imenable=1&impolicy=user-profile-picture&imwidth=100","56258","BuuBot_","120","135","1","0","1094","1","4","false","false","English","BuuBot_"
"https://static-cdn.jtvnw.net/jtv_user_pictures/4248f8d2-1f26-4b91-bc26-8c53bfa56552-profile_image-150x150.png?imenable=1&impolicy=user-profile-picture&imwidth=100","56259","Ace","270","135","3","2","1094","0","0","false","false","English","Ace"
"https://static-cdn.jtvnw.net/jtv_user_pictures/5632b913-143a-450a-9389-dc0a3d7229a7-profile_image-150x150.png?imenable=1&impolicy=user-profile-picture&imwidth=100","56260","Skillz_kevko","930","1290","6","0","1094","8","17","false","false","German","Skillz_kevko"
"https://static-cdn.jtvnw.net/jtv_user_pictures/f3df53c7-5638-4ae2-b4e7-79b81d269be8-profile_image-150x150.png?imenable=1&impolicy=user-profile-picture&imwidth=100","56261","jerianfay","39255","1500","58","25","1094","37","492","false","false","English","jerianfay"
"https://static-cdn.jtvnw.net/user-default-pictures-uv/215b7342-def9-11e9-9a66-784f43822e80-profile_image-150x150.png?imenable=1&impolicy=user-profile-picture&imwidth=100","56262","GS_98X","9480","2070","13","4","1094","33","154","false","true","English","GS_98X"
"https://static-cdn.jtvnw.net/jtv_user_pictures/c13c86c5-3165-40f9-a8ff-82a75b6d25c3-profile_image-150x150.png?imenable=1&impolicy=user-profile-picture&imwidth=100","56263","SmokeQL","2235","360","9","5","1094","-87","11","false","false","English","SmokeQL"
"https://static-cdn.jtvnw.net/jtv_user_pictures/1b91c70c-cc14-4a1d-81d6-962220e19bb6-profile_image-150x150.jpeg?imenable=1&impolicy=user-profile-picture&imwidth=100","56264","ItsBlockk","29520","7095","110","3","1094","104","179","false","true","English","ItsBlockk"
"https://static-cdn.jtvnw.net/jtv_user_pictures/enragedfatwoman-profile_image-14a1d708685f17ff-150x150.jpeg?imenable=1&impolicy=user-profile-picture&imwidth=100","56265","EnragedFatWoman","60750","6285","33","9","1094","30","198","false","true","English","EnragedFatWoman"
"https://static-cdn.jtvnw.net/jtv_user_pictures/95263066-420e-4dd6-b1ef-69bbc85fba51-profile_image-150x150.png?imenable=1&impolicy=user-profile-picture&imwidth=100","56266","mmaxamms","2160","255","11","8","1094","3","17","false","true","English","mmaxamms"
"https://static-cdn.jtvnw.net/jtv_user_pictures/d52b6027-b84a-467d-bf1e-1656ddceda3d-profile_image-150x150.png?imenable=1&impolicy=user-profile-picture&imwidth=100","56267","ytdotcomslashmikkelvr","210","105","3","2","1094","1","0","false","false","English","ytdotcomslashmikkelvr"
"https://static-cdn.jtvnw.net/jtv_user_pictures/2773ccfc-a045-4574-b39c-b203525d4f15-profile_image-150x150.png?imenable=1&impolicy=user-profile-picture&imwidth=100","56268","Zockerweibchen","495","90","9","5","1093","2","12","false","true","German","Zockerweibchen"
"https://static-cdn.jtvnw.net/jtv_user_pictures/xbigornox-profile_image-7fc9e9a12d138f69-150x150.jpeg?imenable=1&impolicy=user-profile-picture&imwidth=100","56269","xbigornox","0","120","1","0","1093","0","0","false","false","","xbigornox"
"https://static-cdn.jtvnw.net/jtv_user_pictures/6b755161-5e16-4838-899b-9d9acf98c216-profile_image-150x150.png?imenable=1&impolicy=user-profile-picture&imwidth=100","56270","Leehtiis","15","45","1","0","1093","0","0","false","true","Finnish","Leehtiis"
"https://static-cdn.jtvnw.net/jtv_user_pictures/007fe9b8-71d7-405a-b5d6-bda49757833b-profile_image-150x150.png?imenable=1&impolicy=user-profile-picture&imwidth=100","56271","Sshp","12030","2790","22","3","1093","149","255","false","false","English","Sshp"
"https://static-cdn.jtvnw.net/jtv_user_pictures/tnz1337-profile_image-22abe1626ebe25d4-150x150.jpeg?imenable=1&impolicy=user-profile-picture&imwidth=100","56272","tnz1337","466800","1860","526","250","1093","1356","478","false","false","Russian","tnz1337"
"https://static-cdn.jtvnw.net/jtv_user_pictures/1bed8f0c-9aab-4da7-9b95-d1ebfe9bee7e-profile_image-150x150.png?imenable=1&impolicy=user-profile-picture&imwidth=100","56273","nicholeRAGE","345","225","5","1","1093","8","1","false","true","English","nicholeRAGE"
"https://static-cdn.jtvnw.net/jtv_user_pictures/e4490092-494a-46da-a36d-5d906397cec8-profile_image-150x150.png?imenable=1&impolicy=user-profile-picture&imwidth=100","56274","AlphaStormOdin","0","15","0","0","1093","0","0","false","true","English","AlphaStormOdin"
"https://static-cdn.jtvnw.net/jtv_user_pictures/d4444a23-3884-4337-af7b-69cb375b8d07-profile_image-150x150.png?imenable=1&impolicy=user-profile-picture&imwidth=100","56275","Rezs__","1545","885","5","1","1093","19","5","false","false","English","Rezs__"
"https://static-cdn.jtvnw.net/jtv_user_pictures/5cfafebd-851d-4c54-8639-19248b8888de-profile_image-150x150.png?imenable=1&impolicy=user-profile-picture&imwidth=100","56276","retroxx_tv","0","15","0","0","1093","0","0","false","true","French","retroxx_tv"
"https://static-cdn.jtvnw.net/jtv_user_pictures/lorddeimosiv-profile_image-6e3a3111efb9e0ff-150x150.png?imenable=1&impolicy=user-profile-picture&imwidth=100","56277","LordDeimosIV","135870","5325","70","25","1093","237","970","false","false","English","LordDeimosIV"
"https://static-cdn.jtvnw.net/jtv_user_pictures/robobisty-profile_image-6fb36ba4d44b72dd-150x150.png?imenable=1&impolicy=user-profile-picture&imwidth=100","56278","RoboBisty","5955","2400","8","2","1093","45","62","false","false","English","RoboBisty"
"https://static-cdn.jtvnw.net/jtv_user_pictures/tobakaz-profile_image-9c8241f92ff190bc-150x150.jpeg?imenable=1&impolicy=user-profile-picture&imwidth=100","56279","TobakaZ","5430","915","28","5","1093","20","80","false","false","English","TobakaZ"
"https://static-cdn.jtvnw.net/jtv_user_pictures/pullerke-profile_image-9c496a5e7bb1c2d6-150x150.jpeg?imenable=1&impolicy=user-profile-picture&imwidth=100","56280","pullerke","100680","13380","111","7","1093","571","754","false","false","French","pullerke"
"https://static-cdn.jtvnw.net/jtv_user_pictures/9f6cf2db-d856-4e4d-9d97-89bb22054e42-profile_image-150x150.png?imenable=1&impolicy=user-profile-picture&imwidth=100","56281","dmraid","12015","2865","9","3","1093","31","7","false","false","English","dmraid"
"https://static-cdn.jtvnw.net/jtv_user_pictures/raqnarox-profile_image-34239c01dc122231-150x150.png?imenable=1&impolicy=user-profile-picture&imwidth=100","56282","Raqnarox","3480","660","12","4","1093","28","95","false","true","German","Raqnarox"
"https://static-cdn.jtvnw.net/jtv_user_pictures/d0b2d087-1207-4d5c-aaaf-d82be5fc9b8d-profile_image-150x150.png?imenable=1&impolicy=user-profile-picture&imwidth=100","56283","Calys_PewPew","2655","1260","6","1","1093","2","21","false","true","French","Calys_PewPew"
"https://static-cdn.jtvnw.net/jtv_user_pictures/swordking090-profile_image-7f05bd2fbfe336e8-150x150.png?imenable=1&impolicy=user-profile-picture&imwidth=100","56284","Swordking090","180","45","5","4","1093","0","0","false","false","English","Swordking090"
"https://static-cdn.jtvnw.net/jtv_user_pictures/d3ac5cb7-c005-4baa-a321-83a2dfe0cd47-profile_image-150x150.png?imenable=1&impolicy=user-profile-picture&imwidth=100","56285","xquinningx","7110","2775","11","2","1093","107","74","false","true","English","xquinningx"
"https://static-cdn.jtvnw.net/jtv_user_pictures/3178cad9-686c-43e0-a4b6-d6932a3c4044-profile_image-150x150.png?imenable=1&impolicy=user-profile-picture&imwidth=100","56286","IonicWind","2955","1545","8","1","1093","1","229","false","false","English","IonicWind"
"https://static-cdn.jtvnw.net/jtv_user_pictures/gplaytv2-profile_image-8c85bc28edcaa271-150x150.png?imenable=1&impolicy=user-profile-picture&imwidth=100","56287","gplaytv2","4290","870","15","4","1093","28","125","true","false","Bulgarian","gplaytv2"
"https://static-cdn.jtvnw.net/jtv_user_pictures/davvevucko-profile_image-6be1de0a69d4200e-150x150.png?imenable=1&impolicy=user-profile-picture&imwidth=100","56288","Davvevucko","14115","735","32","18","1093","49","127","false","false","Swedish","Davvevucko"
"https://static-cdn.jtvnw.net/jtv_user_pictures/04196540-6577-42df-a52b-1e0c544e78d1-profile_image-150x150.png?imenable=1&impolicy=user-profile-picture&imwidth=100","56289","Angel_Online","18645","5100","13","3","1093","25","241","false","true","German","Angel_Online"
"https://static-cdn.jtvnw.net/jtv_user_pictures/a712f58e-711f-49af-8e03-504bded764b5-profile_image-150x150.png?imenable=1&impolicy=user-profile-picture&imwidth=100","56290","ZyloWolfBane","31125","3525","62","8","1093","73","454","false","false","English","ZyloWolfBane"
"https://static-cdn.jtvnw.net/ttv-boxart/404_boxart.png?imenable=1&impolicy=user-profile-picture&imwidth=100","56291","1220jay","49290","1125","123","43","1093","818","5077","false","false","English","1220jay"
"https://static-cdn.jtvnw.net/jtv_user_pictures/60c5b6de-6e71-43a4-9045-11a27e9007ca-profile_image-150x150.png?imenable=1&impolicy=user-profile-picture&imwidth=100","56292","LittleBoxx_","7590","1080","22","6","1093","14","274","false","false","Spanish","LittleBoxx_"
"https://static-cdn.jtvnw.net/jtv_user_pictures/wei530-profile_image-946188d6005cec04-150x150.jpeg?imenable=1&impolicy=user-profile-picture&imwidth=100","56293","Wei530","11910","960","25","12","1093","48","600","false","false","Chinese","Wei530"
"https://static-cdn.jtvnw.net/jtv_user_pictures/punished_goatdog-profile_image-b4ef0582911f66cf-150x150.png?imenable=1&impolicy=user-profile-picture&imwidth=100","56294","punished_goatdog","56760","2805","31","19","1093","64","436","false","true","","punished_goatdog"
"https://static-cdn.jtvnw.net/jtv_user_pictures/aznablu-profile_image-412fa322d57092cc-150x150.png?imenable=1&impolicy=user-profile-picture&imwidth=100","56295","夏亞 (aznablu)","130365","4725","200","27","1093","18","2781","false","false","Chinese","夏亞 (aznablu)"
"https://static-cdn.jtvnw.net/jtv_user_pictures/9fb99d10-f954-4f28-a0f5-2c1fdb671c38-profile_image-150x150.png?imenable=1&impolicy=user-profile-picture&imwidth=100","56296","KiwiCheeseLive","870","105","11","8","1093","0","14","false","true","English","KiwiCheeseLive"
"https://static-cdn.jtvnw.net/jtv_user_pictures/nurland-profile_image-478f1d1065458392-150x150.jpeg?imenable=1&impolicy=user-profile-picture&imwidth=100","56297","Nurland","113385","4065","62","27","1093","53","1207","false","true","English","Nurland"
"https://static-cdn.jtvnw.net/jtv_user_pictures/90f2f190-7536-4c26-9159-91a3b320d209-profile_image-150x150.png?imenable=1&impolicy=user-profile-picture&imwidth=100","56298","kasperthagod","1185","330","6","3","1093","1","5","false","true","English","kasperthagod"
"https://static-cdn.jtvnw.net/jtv_user_pictures/bb6613adf34908bb-profile_image-150x150.png?imenable=1&impolicy=user-profile-picture&imwidth=100","56299","TitoTheFrog","2925","5385","4","0","1093","-2","80","false","true","English","TitoTheFrog"
"https://static-cdn.jtvnw.net/jtv_user_pictures/c386a9a96a8c18fd-profile_image-150x150.png?imenable=1&impolicy=user-profile-picture&imwidth=100","56300","Hamlik","390","180","5","1","1093","1","0","false","true","English","Hamlik"