"","","Channel","Watch time","Stream time","Peak viewers","Average viewers","Followers","Followers gained","Views gained","Partnered","Mature","Language",""
"https://static-cdn.jtvnw.net/jtv_user_pictures/24231a8a-4f59-48be-8578-14bef3c5e484-profile_image-150x150.png?imenable=1&impolicy=user-profile-picture&imwidth=100","6201","stonde1337","95520","420","509","227","24101","862","609","true","false","Finnish","stonde1337"
"https://static-cdn.jtvnw.net/jtv_user_pictures/8b1420bd-4962-45eb-884c-5636322b4c34-profile_image-150x150.png?imenable=1&impolicy=user-profile-picture&imwidth=100","6202","Jounie","1847460","5865","865","314","24101","346","4713","true","false","English","Jounie"
"https://static-cdn.jtvnw.net/jtv_user_pictures/ec493836-1f99-4574-8c2a-563bf6e027df-profile_image-150x150.png?imenable=1&impolicy=user-profile-picture&imwidth=100","6203","SmiloHraje","10095","915","28","10","24100","117","446","true","false","Slovak","SmiloHraje"
"https://static-cdn.jtvnw.net/jtv_user_pictures/03427cd0-34b0-4ad2-81df-5c8add4c5173-profile_image-150x150.jpg?imenable=1&impolicy=user-profile-picture&imwidth=100","6204","Pomelyne","101925","3780","124","26","24100","567","1866","true","false","English","Pomelyne"
"https://static-cdn.jtvnw.net/jtv_user_pictures/digiubb-profile_image-62f0ec4d11065ac4-150x150.jpeg?imenable=1&impolicy=user-profile-picture&imwidth=100","6205","阿尼 (digiubb)","498870","4365","386","113","24091","458","14599","true","false","Chinese","阿尼 (digiubb)"
"https://static-cdn.jtvnw.net/jtv_user_pictures/gg_anjii-profile_image-08f41415f8c9f75c-150x150.png?imenable=1&impolicy=user-profile-picture&imwidth=100","6206","GG_Anjii","151380","1965","162","76","24089","191","1882","true","false","English","GG_Anjii"
"https://static-cdn.jtvnw.net/jtv_user_pictures/majpaj-profile_image-acdab2b6aac8a91c-150x150.jpeg?imenable=1&impolicy=user-profile-picture&imwidth=100","6207","MajPaj","173295","2175","291","79","24089","14","2574","true","false","English","MajPaj"
"https://static-cdn.jtvnw.net/jtv_user_pictures/1fe43ad1-0ffb-4021-9bff-d45b2e2e95fa-profile_image-150x150.png?imenable=1&impolicy=user-profile-picture&imwidth=100","6208","Swayy","1200","240","12","4","24082","17","25","true","false","Bulgarian","Swayy"
"https://static-cdn.jtvnw.net/jtv_user_pictures/6ec2977b-d913-4db4-8e50-62f7300b4481-profile_image-150x150.png?imenable=1&impolicy=user-profile-picture&imwidth=100","6209","RunJkeeeTV","202395","945","452","213","24073","-2628","2319","false","false","Russian","RunJkeeeTV"
"https://static-cdn.jtvnw.net/jtv_user_pictures/905a4aeb-1b62-47bd-a837-4587c6ecee18-profile_image-150x150.png?imenable=1&impolicy=user-profile-picture&imwidth=100","6210","go_tsukishima","391455","6495","162","59","24073","88","2059","true","false","Japanese","go_tsukishima"
"https://static-cdn.jtvnw.net/jtv_user_pictures/ohzman-profile_image-b77dc33b05efc3de-150x150.png?imenable=1&impolicy=user-profile-picture&imwidth=100","6211","Ohzman","148080","630","431","234","24061","203","6040","true","false","Turkish","Ohzman"
"https://static-cdn.jtvnw.net/jtv_user_pictures/8614a43c-34cc-4792-b6b0-6aba096f72a4-profile_image-150x150.png?imenable=1&impolicy=user-profile-picture&imwidth=100","6212","Shuume","19575","3195","16","5","24059","-14140","282","false","true","English","Shuume"
"https://static-cdn.jtvnw.net/jtv_user_pictures/f71bc4b4-c58d-44fd-a0f0-2a7b91008594-profile_image-150x150.png?imenable=1&impolicy=user-profile-picture&imwidth=100","6213","WorkTheSpace","23115","150","233","153","24043","36","182","true","false","English","WorkTheSpace"
"https://static-cdn.jtvnw.net/jtv_user_pictures/progunxzx-profile_image-533d0d33340a78b0-150x150.jpeg?imenable=1&impolicy=user-profile-picture&imwidth=100","6214","progunxzx","3397020","14640","432","231","24042","412","8696","true","false","English","progunxzx"
"https://static-cdn.jtvnw.net/jtv_user_pictures/f0urleaf-profile_image-7c0afa009017bcb6-150x150.png?imenable=1&impolicy=user-profile-picture&imwidth=100","6215","F0urleaf","925320","2925","1111","315","24034","488","1316","false","true","English","F0urleaf"
"https://static-cdn.jtvnw.net/jtv_user_pictures/91a4e234-6fdb-4299-ab86-ba10ead26b9b-profile_image-150x150.png?imenable=1&impolicy=user-profile-picture&imwidth=100","6216","adultswim","1278465","14400","757","88","24030","2536","55673","true","true","English","adultswim"
"https://static-cdn.jtvnw.net/jtv_user_pictures/trapacoc-profile_image-499116d22b464849-150x150.jpeg?imenable=1&impolicy=user-profile-picture&imwidth=100","6217","TRAPACOC","235710","1635","918","143","24030","1874","3813","true","false","French","TRAPACOC"
"https://static-cdn.jtvnw.net/jtv_user_pictures/cantelope-profile_image-e15c3d9effe12180-150x150.jpeg?imenable=1&impolicy=user-profile-picture&imwidth=100","6218","Cantelope","2280","420","11","5","24015","4","23","true","false","English","Cantelope"
"https://static-cdn.jtvnw.net/jtv_user_pictures/e42b6cdc-bcd6-4a30-8ddd-202207004006-profile_image-150x150.png?imenable=1&impolicy=user-profile-picture&imwidth=100","6219","Byndogehk","199275","4770","178","41","23996","890","3988","true","false","English","Byndogehk"
"https://static-cdn.jtvnw.net/jtv_user_pictures/kuteypanda-profile_image-8b2231329a85db6a-150x150.jpeg?imenable=1&impolicy=user-profile-picture&imwidth=100","6220","KuteyPanda","16380","390","68","41","23988","-3","506","true","false","English","KuteyPanda"
"https://static-cdn.jtvnw.net/jtv_user_pictures/kavalierpirat-profile_image-debf896a6711f743-150x150.jpeg?imenable=1&impolicy=user-profile-picture&imwidth=100","6221","KavalierPirat","37320","405","512","91","23987","229","2469","true","true","German","KavalierPirat"
"https://static-cdn.jtvnw.net/jtv_user_pictures/505e0e69-9f98-4269-9b46-049ca16cb65f-profile_image-150x150.png?imenable=1&impolicy=user-profile-picture&imwidth=100","6222","Catwoman","25425","1035","38","24","23975","69","135","true","true","English","Catwoman"
"https://static-cdn.jtvnw.net/jtv_user_pictures/evolvegame-profile_image-547427c19efcdfb7-150x150.jpeg?imenable=1&impolicy=user-profile-picture&imwidth=100","6223","EvolveGame","95460","510","985","186","23973","103","2760","true","true","","EvolveGame"
"https://static-cdn.jtvnw.net/jtv_user_pictures/5a6fd82c-d5da-4ccc-8eaf-51bd1d391450-profile_image-150x150.png?imenable=1&impolicy=user-profile-picture&imwidth=100","6224","Tutsi","153975","1740","302","87","23972","127","537","true","true","Swedish","Tutsi"
"https://static-cdn.jtvnw.net/jtv_user_pictures/polski_belg_-profile_image-fe8bad5939565752-150x150.jpeg?imenable=1&impolicy=user-profile-picture&imwidth=100","6225","POLSKI_BELG_","516300","8475","410","60","23965","1127","9988","true","true","Polish","POLSKI_BELG_"
"https://static-cdn.jtvnw.net/jtv_user_pictures/1eec70d52f6e1203-profile_image-150x150.png?imenable=1&impolicy=user-profile-picture&imwidth=100","6226","Dooble","1710","615","8","2","23962","15","10","true","false","English","Dooble"
"https://static-cdn.jtvnw.net/jtv_user_pictures/houseof3000-profile_image-e56704038d83a2e1-150x150.jpeg?imenable=1&impolicy=user-profile-picture&imwidth=100","6227","HouseOf3000","443715","2880","722","153","23962","231","1769","true","false","English","HouseOf3000"
"https://static-cdn.jtvnw.net/jtv_user_pictures/0f18819b-83fc-41db-8c18-1dbea3884b29-profile_image-150x150.png?imenable=1&impolicy=user-profile-picture&imwidth=100","6228","Naes","168210","8970","53","18","23959","-14821","236","true","false","English","Naes"
"https://static-cdn.jtvnw.net/jtv_user_pictures/09579fae-3820-4e2d-86e3-f6115eda7db8-profile_image-150x150.png?imenable=1&impolicy=user-profile-picture&imwidth=100","6229","KatyRose9","18540","1140","55","15","23958","136","107","true","true","English","KatyRose9"
"https://static-cdn.jtvnw.net/jtv_user_pictures/bc2a3d1fb5ae8a3c-profile_image-150x150.jpeg?imenable=1&impolicy=user-profile-picture&imwidth=100","6230","MRFUT","363855","7680","147","46","23956","1455","2840","false","false","French","MRFUT"
"https://static-cdn.jtvnw.net/jtv_user_pictures/sarahgracie-profile_image-e465f24bc9181cc2-150x150.jpeg?imenable=1&impolicy=user-profile-picture&imwidth=100","6231","sarahgracie","482565","8760","127","54","23956","556","3044","true","false","English","sarahgracie"
"https://static-cdn.jtvnw.net/jtv_user_pictures/1feeff39-a3ca-401e-a825-4c50bef03275-profile_image-150x150.png?imenable=1&impolicy=user-profile-picture&imwidth=100","6232","COOLGUYDIABOLIC","427005","3330","315","127","23955","1003","2587","false","true","English","COOLGUYDIABOLIC"
"https://static-cdn.jtvnw.net/jtv_user_pictures/4e29a4b7-2fa3-4d0c-a534-0568e1ebed61-profile_image-150x150.jpeg?imenable=1&impolicy=user-profile-picture&imwidth=100","6233","Invictus","99465","1140","139","86","23955","183","461","true","false","English","Invictus"
"https://static-cdn.jtvnw.net/jtv_user_pictures/4882e502-2741-47d2-9e4d-ba359aa4b162-profile_image-150x150.jpg?imenable=1&impolicy=user-profile-picture&imwidth=100","6234","azialive","581565","7560","224","76","23954","284","7310","true","true","French","azialive"
"https://static-cdn.jtvnw.net/jtv_user_pictures/b0e3f032-9f3b-4e4d-891f-29834b65e52e-profile_image-150x150.png?imenable=1&impolicy=user-profile-picture&imwidth=100","6235","MontyGG","179010","14220","162","12","23951","435","761","true","true","English","MontyGG"
"https://static-cdn.jtvnw.net/jtv_user_pictures/7d8b1d38-bb7f-408d-b754-a48f91660f30-profile_image-150x150.png?imenable=1&impolicy=user-profile-picture&imwidth=100","6236","ThamriyellVR","1125","1815","6","0","23951","17","60","true","true","English","ThamriyellVR"
"https://static-cdn.jtvnw.net/jtv_user_pictures/0e4b6f81-5cff-45aa-894b-a88fb2357667-profile_image-150x150.png?imenable=1&impolicy=user-profile-picture&imwidth=100","6237","Alasdair","495","195","6","2","23949","2","16","true","true","English","Alasdair"
"https://static-cdn.jtvnw.net/jtv_user_pictures/ee4817db-cdaa-4850-af3e-59d41330e7d5-profile_image-150x150.png?imenable=1&impolicy=user-profile-picture&imwidth=100","6238","otherGun","35055","1080","85","32","23944","284","397","true","false","French","otherGun"
"https://static-cdn.jtvnw.net/jtv_user_pictures/53d410e4-5289-4526-8262-2fe92589aaa3-profile_image-150x150.jpeg?imenable=1&impolicy=user-profile-picture&imwidth=100","6239","akaStinger","269220","3135","255","85","23943","32","1659","true","false","Russian","akaStinger"
"https://static-cdn.jtvnw.net/jtv_user_pictures/6dd0cf2a-f414-4b4a-a257-39fbb0553687-profile_image-150x150.png?imenable=1&impolicy=user-profile-picture&imwidth=100","6240","Mofat","376755","3735","285","100","23940","56","2159","true","true","English","Mofat"
"https://static-cdn.jtvnw.net/jtv_user_pictures/quadmft-profile_image-197a397536210d61-150x150.png?imenable=1&impolicy=user-profile-picture&imwidth=100","6241","Quadmft","61305","2985","43","20","23936","125","368","true","false","English","Quadmft"
"https://static-cdn.jtvnw.net/jtv_user_pictures/f7f02f42-cc14-4f4e-8e20-66cfeb3b4c08-profile_image-150x150.png?imenable=1&impolicy=user-profile-picture&imwidth=100","6242","insan1a","141015","4980","532","27","23927","45","1288","true","false","English","insan1a"
"https://static-cdn.jtvnw.net/jtv_user_pictures/32c79687-23f9-4c17-8145-0fa7d376fe40-profile_image-150x150.jpg?imenable=1&impolicy=user-profile-picture&imwidth=100","6243","Saber_Six","145770","1620","158","89","23921","168","3098","true","true","English","Saber_Six"
"https://static-cdn.jtvnw.net/jtv_user_pictures/d38fb01d-88e0-4f76-afec-f46d019911d8-profile_image-150x150.png?imenable=1&impolicy=user-profile-picture&imwidth=100","6244","DaGamer2323","128850","1560","241","82","23911","152","717","true","false","English","DaGamer2323"
"https://static-cdn.jtvnw.net/jtv_user_pictures/alexogloza-profile_image-c28420201ccad60d-150x150.jpeg?imenable=1&impolicy=user-profile-picture&imwidth=100","6245","AlexOgloza","144030","1560","159","91","23909","231","2370","true","false","English","AlexOgloza"
"https://static-cdn.jtvnw.net/jtv_user_pictures/7ef43aec-a781-43f1-b24e-af081bdd00b1-profile_image-150x150.png?imenable=1&impolicy=user-profile-picture&imwidth=100","6246","BakeeZy","510","225","6","2","23908","3","24","true","false","English","BakeeZy"
"https://static-cdn.jtvnw.net/jtv_user_pictures/ajnrk-profile_image-6a893d64ba3153b8-150x150.png?imenable=1&impolicy=user-profile-picture&imwidth=100","6247","AJnRK","15570","285","85","54","23902","29","60","false","false","English","AJnRK"
"https://static-cdn.jtvnw.net/jtv_user_pictures/aa4136ad-c3a0-405b-8f21-96e5c69bcb48-profile_image-150x150.jpeg?imenable=1&impolicy=user-profile-picture&imwidth=100","6248","emil","3391485","9705","2584","348","23901","409","52520","true","false","Polish","emil"
"https://static-cdn.jtvnw.net/jtv_user_pictures/8160d626-1971-4d2a-bfa7-509f85b57927-profile_image-150x150.png?imenable=1&impolicy=user-profile-picture&imwidth=100","6249","Elkonn8tor","32865","9015","124","3","23892","201","187","false","false","English","Elkonn8tor"
"https://static-cdn.jtvnw.net/jtv_user_pictures/2edfa2d3-f508-4005-a308-eb5ec59ad07e-profile_image-150x150.png?imenable=1&impolicy=user-profile-picture&imwidth=100","6250","Dorian_D","494640","8640","136","56","23892","89","1137","true","true","English","Dorian_D"
"https://static-cdn.jtvnw.net/jtv_user_pictures/fatewinters-profile_image-6ffa72bc0487aca4-150x150.jpeg?imenable=1&impolicy=user-profile-picture&imwidth=100","6251","fateWinters","244080","5010","150","48","23869","156","2699","true","true","English","fateWinters"
"https://static-cdn.jtvnw.net/jtv_user_pictures/asianguystream-profile_image-77a083488aa9c476-150x150.jpeg?imenable=1&impolicy=user-profile-picture&imwidth=100","6252","AsianGuyStream","76410","2040","78","37","23866","121","1165","true","false","English","AsianGuyStream"
"https://static-cdn.jtvnw.net/jtv_user_pictures/8fbfad70-3ce5-49e4-aa9e-223835d6e873-profile_image-150x150.png?imenable=1&impolicy=user-profile-picture&imwidth=100","6253","0neAway","84735","8415","96","9","23858","143","195","true","false","English","0neAway"
"https://static-cdn.jtvnw.net/jtv_user_pictures/16039d40-0861-4c1e-85d2-a4a505b396da-profile_image-150x150.png?imenable=1&impolicy=user-profile-picture&imwidth=100","6254","Assassine84","21540","5190","34","3","23857","47","306","true","false","German","Assassine84"
"https://static-cdn.jtvnw.net/jtv_user_pictures/theanatolich-profile_image-206ee5105aee3831-150x150.jpeg?imenable=1&impolicy=user-profile-picture&imwidth=100","6255","TheAnatolich","51105","240","398","212","23850","55","789","true","false","Russian","TheAnatolich"
"https://static-cdn.jtvnw.net/jtv_user_pictures/45b8db76-7066-435e-81de-b104b599cb09-profile_image-150x150.png?imenable=1&impolicy=user-profile-picture&imwidth=100","6256","mike_rzn","12825","2190","16","5","23845","-84","361","true","false","English","mike_rzn"
"https://static-cdn.jtvnw.net/jtv_user_pictures/4aa52792-face-4b29-bbb6-0cc9da47b37d-profile_image-150x150.png?imenable=1&impolicy=user-profile-picture&imwidth=100","6257","Tirean","3563895","11040","1240","322","23843","1309","17407","true","false","English","Tirean"
"https://static-cdn.jtvnw.net/jtv_user_pictures/bfd71bfda090b5f7-profile_image-150x150.jpeg?imenable=1&impolicy=user-profile-picture&imwidth=100","6258","RyuTheRed","1427700","9075","309","156","23841","1256","13026","true","true","English","RyuTheRed"
"https://static-cdn.jtvnw.net/jtv_user_pictures/velcra-profile_image-bebbb267995d600e-150x150.jpeg?imenable=1&impolicy=user-profile-picture&imwidth=100","6259","柏木べるくら (velcra)","4140","90","68","46","23838","0","0","true","false","Japanese","柏木べるくら (velcra)"
"https://static-cdn.jtvnw.net/jtv_user_pictures/448be7c3-e2f5-4217-a3cd-8019beffee12-profile_image-150x150.png?imenable=1&impolicy=user-profile-picture&imwidth=100","6260","Brodilo","76035","7545","54","9","23838","-32","1596","true","false","Russian","Brodilo"
"https://static-cdn.jtvnw.net/jtv_user_pictures/horstor-profile_image-3d1d6fa3b7491796-150x150.png?imenable=1&impolicy=user-profile-picture&imwidth=100","6261","Horstor","114270","1215","171","93","23831","135","2954","true","true","German","Horstor"
"https://static-cdn.jtvnw.net/jtv_user_pictures/691c9a72-508a-48f2-becf-75000dc7c5bc-profile_image-150x150.png?imenable=1&impolicy=user-profile-picture&imwidth=100","6262","kireiOP","6795","240","47","27","23827","36","105","true","false","English","kireiOP"
"https://static-cdn.jtvnw.net/jtv_user_pictures/97e50867-3d0c-41cf-8a32-991d16c61840-profile_image-150x150.png?imenable=1&impolicy=user-profile-picture&imwidth=100","6263","SlavDaRussian","975660","9870","633","98","23827","1863","3495","true","true","English","SlavDaRussian"
"https://static-cdn.jtvnw.net/jtv_user_pictures/twfighter-profile_image-75eafe5908cb56ac-150x150.png?imenable=1&impolicy=user-profile-picture&imwidth=100","6264","TWFighter","326610","1275","1168","255","23821","230","31466","true","false","Chinese","TWFighter"
"https://static-cdn.jtvnw.net/jtv_user_pictures/8c84694a-8783-4ccf-8eeb-7517a6a2a4e6-profile_image-150x150.png?imenable=1&impolicy=user-profile-picture&imwidth=100","6265","TheFlyingRam","3492870","8760","1150","398","23814","1102","46879","true","false","Turkish","TheFlyingRam"
"https://static-cdn.jtvnw.net/jtv_user_pictures/jaku-profile_image-6c1257ba62c1ec47-150x150.png?imenable=1&impolicy=user-profile-picture&imwidth=100","6266","jaku","76695","1755","156","43","23808","155","366","true","true","English","jaku"
"https://static-cdn.jtvnw.net/jtv_user_pictures/9e71ce62bf6c9186-profile_image-150x150.jpeg?imenable=1&impolicy=user-profile-picture&imwidth=100","6267","Niku_Senpai","475515","10260","156","45","23800","683","3255","true","true","English","Niku_Senpai"
"https://static-cdn.jtvnw.net/jtv_user_pictures/drewby-profile_image-3ccc70883ecf56b4-150x150.png?imenable=1&impolicy=user-profile-picture&imwidth=100","6268","Drewby","239265","3390","139","70","23789","519","1600","true","true","English","Drewby"
"https://static-cdn.jtvnw.net/jtv_user_pictures/875174a050ffdd1d-profile_image-150x150.png?imenable=1&impolicy=user-profile-picture&imwidth=100","6269","TechnoYT","1695","1395","5","0","23787","13","22","false","false","English","TechnoYT"
"https://static-cdn.jtvnw.net/jtv_user_pictures/d0cd6858-f8c8-45e9-83bc-61a5635753e1-profile_image-150x150.png?imenable=1&impolicy=user-profile-picture&imwidth=100","6270","Stemor61","32955","2955","25","10","23780","6","140","false","true","English","Stemor61"
"https://static-cdn.jtvnw.net/jtv_user_pictures/zotbot-profile_image-f2f71d0a9a32fcd6-150x150.jpeg?imenable=1&impolicy=user-profile-picture&imwidth=100","6271","Zotbot","142410","4845","73","28","23779","149","654","true","true","English","Zotbot"
"https://static-cdn.jtvnw.net/jtv_user_pictures/2ffc93f2-6c5f-4d03-b3fa-26fb6104333a-profile_image-150x150.jpeg?imenable=1&impolicy=user-profile-picture&imwidth=100","6272","Sneakerheadhtxx","75285","1065","171","70","23774","2136","64","false","false","English","Sneakerheadhtxx"
"https://static-cdn.jtvnw.net/jtv_user_pictures/ba1d40f9b31f44da-profile_image-150x150.jpeg?imenable=1&impolicy=user-profile-picture&imwidth=100","6273","Kanube77","468540","4635","508","100","23769","411","3612","true","false","English","Kanube77"
"https://static-cdn.jtvnw.net/jtv_user_pictures/888de427-ab02-41d1-a38c-e264c69ffa63-profile_image-150x150.png?imenable=1&impolicy=user-profile-picture&imwidth=100","6274","HazardousHDTV","15","15","1","1","23766","0","0","true","false","English","HazardousHDTV"
"https://static-cdn.jtvnw.net/jtv_user_pictures/2f197086-e05c-47e5-b2fe-0870005348ea-profile_image-150x150.png?imenable=1&impolicy=user-profile-picture&imwidth=100","6275","simon_web","186390","3870","112","47","23763","888","3263","true","true","French","simon_web"
"https://static-cdn.jtvnw.net/jtv_user_pictures/6db26074-9a13-4fb8-951d-cb3cd24e14b5-profile_image-150x150.jpeg?imenable=1&impolicy=user-profile-picture&imwidth=100","6276","Adelora","131190","1110","252","117","23757","139","2477","true","true","Russian","Adelora"
"https://static-cdn.jtvnw.net/jtv_user_pictures/2ab6e3fb-575f-4721-9487-75dedea10de7-profile_image-150x150.jpg?imenable=1&impolicy=user-profile-picture&imwidth=100","6277","iambirdyy","218835","390","1887","560","23756","2421","2125","false","false","French","iambirdyy"
"https://static-cdn.jtvnw.net/jtv_user_pictures/81b548ba-b63c-42ac-8d4e-0eb0623c5de2-profile_image-150x150.png?imenable=1&impolicy=user-profile-picture&imwidth=100","6278","Vendetta","188490","8820","178","20","23753","270","694","true","false","English","Vendetta"
"https://static-cdn.jtvnw.net/jtv_user_pictures/8e16ff38-b197-42a7-96fd-d76fc23594f9-profile_image-150x150.png?imenable=1&impolicy=user-profile-picture&imwidth=100","6279","金黑邪 (kumiko_kamisama)","23610","540","86","43","23752","-57","811","false","false","Chinese","金黑邪 (kumiko_kamisama)"
"https://static-cdn.jtvnw.net/jtv_user_pictures/dr4g0on-profile_image-f289f5744840318d-150x150.jpeg?imenable=1&impolicy=user-profile-picture&imwidth=100","6280","DR4G0oN","44670","1815","87","24","23747","168","1894","false","false","German","DR4G0oN"
"https://static-cdn.jtvnw.net/jtv_user_pictures/4beebe68-7f47-4fd6-9863-d35522e1bfa4-profile_image-150x150.png?imenable=1&impolicy=user-profile-picture&imwidth=100","6281","namasuo","570","120","8","4","23730","0","13","false","true","Japanese","namasuo"
"https://static-cdn.jtvnw.net/jtv_user_pictures/darude-profile_image-16bb493dadd8e465-150x150.png?imenable=1&impolicy=user-profile-picture&imwidth=100","6282","Darude","21765","150","201","145","23725","161","508","true","false","English","Darude"
"https://static-cdn.jtvnw.net/jtv_user_pictures/ec8283ef-72ef-4917-94d7-b109d5a31972-profile_image-150x150.jpg?imenable=1&impolicy=user-profile-picture&imwidth=100","6283","Lusth","103635","2745","81","37","23722","13","3137","true","true","French","Lusth"
"https://static-cdn.jtvnw.net/jtv_user_pictures/cdd92a795378e6a3-profile_image-150x150.jpeg?imenable=1&impolicy=user-profile-picture&imwidth=100","6284","ksf_ow","16470","435","99","37","23719","221","350","true","false","English","ksf_ow"
"https://static-cdn.jtvnw.net/jtv_user_pictures/dee792a7-d1eb-4e40-9b70-c8fa324eea2d-profile_image-150x150.png?imenable=1&impolicy=user-profile-picture&imwidth=100","6285","얄땅 (yaltank)","6120","435","22","13","23717","9","675","true","false","Korean","얄땅 (yaltank)"
"https://static-cdn.jtvnw.net/jtv_user_pictures/48b851f0-446b-4348-99da-1abc802703d0-profile_image-150x150.png?imenable=1&impolicy=user-profile-picture&imwidth=100","6286","Hoffnung91","325905","4605","361","70","23714","410","2795","true","true","German","Hoffnung91"
"https://static-cdn.jtvnw.net/jtv_user_pictures/799b432a1439ef86-profile_image-150x150.jpeg?imenable=1&impolicy=user-profile-picture&imwidth=100","6287","ByNoGame","151485","540","2412","279","23713","1438","8544","false","false","Turkish","ByNoGame"
"https://static-cdn.jtvnw.net/jtv_user_pictures/technobuffalo-profile_image-20e25ab7fe336d5a-150x150.jpeg?imenable=1&impolicy=user-profile-picture&imwidth=100","6288","TechnoBuffalo","600","120","10","4","23710","-4","14","false","false","English","TechnoBuffalo"
"https://static-cdn.jtvnw.net/jtv_user_pictures/clutcheify-profile_image-d84ba4e9a9a1b4da-150x150.jpeg?imenable=1&impolicy=user-profile-picture&imwidth=100","6289","clutcheify","74730","3615","91","20","23708","-665","437","false","true","English","clutcheify"
"https://static-cdn.jtvnw.net/jtv_user_pictures/thelasercornshow-profile_image-95dc1c8cb5d0b0b7-150x150.jpeg?imenable=1&impolicy=user-profile-picture&imwidth=100","6290","TheLasercornShow","10935","120","106","91","23706","87","175","true","false","English","TheLasercornShow"
"https://static-cdn.jtvnw.net/jtv_user_pictures/a3de98a7-1a97-4cdc-acd3-0306cc374862-profile_image-150x150.png?imenable=1&impolicy=user-profile-picture&imwidth=100","6291","Maffeine","210","210","2","1","23699","1","0","false","false","English","Maffeine"
"https://static-cdn.jtvnw.net/jtv_user_pictures/134772b6-6a6b-4302-a9c0-1444f9d17b99-profile_image-150x150.png?imenable=1&impolicy=user-profile-picture&imwidth=100","6292","SubtoSenpai","377295","26700","44","13","23699","-33","1963","true","true","English","SubtoSenpai"
"https://static-cdn.jtvnw.net/jtv_user_pictures/ac685ee0-07be-4e53-896c-4b90051ce147-profile_image-150x150.png?imenable=1&impolicy=user-profile-picture&imwidth=100","6293","honmaster","750","780","4","0","23697","-3","16","false","true","Russian","honmaster"
"https://static-cdn.jtvnw.net/jtv_user_pictures/7d7ae7d3-1156-48f2-97ce-1a48412680c2-profile_image-150x150.png?imenable=1&impolicy=user-profile-picture&imwidth=100","6294","linnymaus","69555","4485","129","15","23695","243","2700","false","true","German","linnymaus"
"https://static-cdn.jtvnw.net/jtv_user_pictures/7c8e31e5-00eb-4224-b161-4f1c114f8b12-profile_image-150x150.png?imenable=1&impolicy=user-profile-picture&imwidth=100","6295","Bohe","4155","360","22","11","23693","-31","106","true","false","French","Bohe"
"https://static-cdn.jtvnw.net/jtv_user_pictures/4b83efec-d0f7-4583-8a46-2d0fac4d1440-profile_image-150x150.png?imenable=1&impolicy=user-profile-picture&imwidth=100","6296","CizLucky","60","60","2","1","23687","0","0","true","false","English","CizLucky"
"https://static-cdn.jtvnw.net/jtv_user_pictures/2e83cf86-a0cd-4c44-89b7-1e84befa8b83-profile_image-150x150.png?imenable=1&impolicy=user-profile-picture&imwidth=100","6297","Fotosh","44865","1920","58","22","23687","11","255","false","true","Russian","Fotosh"
"https://static-cdn.jtvnw.net/jtv_user_pictures/a1f3b7b0-fa28-4720-b9f5-8343419b624a-profile_image-150x150.png?imenable=1&impolicy=user-profile-picture&imwidth=100","6298","Megasnoop","111840","1455","152","76","23682","-2614","1574","true","false","English","Megasnoop"
"https://static-cdn.jtvnw.net/jtv_user_pictures/mblshko_billy-profile_image-667abedb2a71bfc3-150x150.png?imenable=1&impolicy=user-profile-picture&imwidth=100","6299","Mblshko_Billy","362505","2865","329","126","23677","1008","11736","true","false","Russian","Mblshko_Billy"
"https://static-cdn.jtvnw.net/jtv_user_pictures/bgcallisto-profile_image-36b764faea11a85b-150x150.jpeg?imenable=1&impolicy=user-profile-picture&imwidth=100","6300","bgcallisto","1611345","1485","2357","1084","23674","853","14542","true","true","English","bgcallisto"