"","","Channel","Watch time","Stream time","Peak viewers","Average viewers","Followers","Followers gained","Views gained","Partnered","Mature","Language",""
"https://static-cdn.jtvnw.net/jtv_user_pictures/40cf7fc0-5256-4f12-adac-42e05e20b167-profile_image-150x150.jpeg?imenable=1&impolicy=user-profile-picture&imwidth=100","86001","CrookedSoldiersGaming","1725","3735","6","0","541","5","54","false","false","English","CrookedSoldiersGaming"
"https://static-cdn.jtvnw.net/jtv_user_pictures/b62e55e4-cb9b-42c2-bc6a-d6de15eb48b7-profile_image-150x150.jpg?imenable=1&impolicy=user-profile-picture&imwidth=100","86002","LifeandPixels","2370","840","11","2","541","14","22","false","true","English","LifeandPixels"
"https://static-cdn.jtvnw.net/jtv_user_pictures/527992d9-ec14-49ba-9049-1cf76ac0a327-profile_image-150x150.jpg?imenable=1&impolicy=user-profile-picture&imwidth=100","86003","Vipcookie","390","570","4","0","540","4","34","false","true","German","Vipcookie"
"https://static-cdn.jtvnw.net/jtv_user_pictures/9a249e41-72b6-494b-aebf-7d9f836e134f-profile_image-150x150.png?imenable=1&impolicy=user-profile-picture&imwidth=100","86004","Zyra","555","150","8","3","540","0","7","false","false","English","Zyra"
"https://static-cdn.jtvnw.net/jtv_user_pictures/001d4942-5f7a-4f26-972a-08002086935c-profile_image-150x150.png?imenable=1&impolicy=user-profile-picture&imwidth=100","86005","Geckooh","15","15","1","1","540","0","0","false","true","French","Geckooh"
"https://static-cdn.jtvnw.net/jtv_user_pictures/ac7cebcb-19a6-40b8-af70-3b50c320bb32-profile_image-150x150.jpg?imenable=1&impolicy=user-profile-picture&imwidth=100","86006","Br1tters","4110","660","10","6","540","5","16","false","true","English","Br1tters"
"https://static-cdn.jtvnw.net/jtv_user_pictures/ad95e001-396b-48b5-9bd9-15406ed57992-profile_image-150x150.png?imenable=1&impolicy=user-profile-picture&imwidth=100","86007","iamnxera","0","105","0","0","540","0","0","false","true","English","iamnxera"
"https://static-cdn.jtvnw.net/jtv_user_pictures/conman197-profile_image-e2eeeadec65b041e-150x150.jpeg?imenable=1&impolicy=user-profile-picture&imwidth=100","86008","Conman197","810","390","4","1","540","6","32","false","false","English","Conman197"
"https://static-cdn.jtvnw.net/jtv_user_pictures/quantum_e-profile_image-3effdd9a08f3ac31-150x150.png?imenable=1&impolicy=user-profile-picture&imwidth=100","86009","Quantum_e","27210","4230","29","6","540","102","184","false","false","English","Quantum_e"
"https://static-cdn.jtvnw.net/jtv_user_pictures/4f925608-a180-4666-b342-96fea0f7f564-profile_image-150x150.png?imenable=1&impolicy=user-profile-picture&imwidth=100","86010","ComplexNinjah","345","1590","3","0","540","4","8","false","false","English","ComplexNinjah"
"https://static-cdn.jtvnw.net/jtv_user_pictures/ecb3b182-0e06-4441-8f22-7e495a038021-profile_image-150x150.png?imenable=1&impolicy=user-profile-picture&imwidth=100","86011","Basfing","90","30","4","3","540","0","0","false","false","French","Basfing"
"https://static-cdn.jtvnw.net/jtv_user_pictures/dislike_wt-profile_image-7d9878c6901316b9-150x150.png?imenable=1&impolicy=user-profile-picture&imwidth=100","86012","dislike_wt","29280","1560","56","18","540","110","547","false","false","Russian","dislike_wt"
"https://static-cdn.jtvnw.net/jtv_user_pictures/84507d62-b352-4546-8e56-de3689ad5e44-profile_image-150x150.png?imenable=1&impolicy=user-profile-picture&imwidth=100","86013","Frencheyy","300","180","4","1","540","0","14","false","false","English","Frencheyy"
"https://static-cdn.jtvnw.net/jtv_user_pictures/2f9bc82e-9bf2-48ad-ae52-b2c6c0123103-profile_image-150x150.png?imenable=1&impolicy=user-profile-picture&imwidth=100","86014","jakecamyo","60","60","2","1","540","0","0","false","true","English","jakecamyo"
"https://static-cdn.jtvnw.net/jtv_user_pictures/22727abe-effb-41e5-9696-6ac827e655e3-profile_image-150x150.png?imenable=1&impolicy=user-profile-picture&imwidth=100","86015","pengoy","17925","2160","94","7","540","42","72","false","true","English","pengoy"
"https://static-cdn.jtvnw.net/jtv_user_pictures/51cfdb91-2c45-4626-8f71-67fef1c66901-profile_image-150x150.png?imenable=1&impolicy=user-profile-picture&imwidth=100","86016","mementomori88","300","60","9","5","540","4","-31","false","false","French","mementomori88"
"https://static-cdn.jtvnw.net/jtv_user_pictures/kriitical_85-profile_image-a6103032c0fcbcf5-150x150.jpeg?imenable=1&impolicy=user-profile-picture&imwidth=100","86017","Kriitical_85","180","135","2","1","540","0","9","false","false","French","Kriitical_85"
"https://static-cdn.jtvnw.net/jtv_user_pictures/8a7dd30d-a321-4a5f-9a38-25ce76799497-profile_image-150x150.png?imenable=1&impolicy=user-profile-picture&imwidth=100","86018","youngkrillin27","6765","1515","10","4","540","24","46","false","false","German","youngkrillin27"
"https://static-cdn.jtvnw.net/jtv_user_pictures/romanw0w-profile_image-823d2ef7bbe8132d-150x150.jpeg?imenable=1&impolicy=user-profile-picture&imwidth=100","86019","romanw0w","18240","4605","20","3","540","93","324","false","false","Slovak","romanw0w"
"https://static-cdn.jtvnw.net/jtv_user_pictures/60a5c304-d171-4994-aa07-d359629fde1c-profile_image-150x150.jpg?imenable=1&impolicy=user-profile-picture&imwidth=100","86020","IsouDw","4860","945","13","4","540","10","99","false","true","French","IsouDw"
"https://static-cdn.jtvnw.net/jtv_user_pictures/cccbfe72-4350-49c7-91d7-d28759afecb6-profile_image-150x150.png?imenable=1&impolicy=user-profile-picture&imwidth=100","86021","4MATICfps","1470","3735","3","0","540","-11","90","false","false","German","4MATICfps"
"https://static-cdn.jtvnw.net/jtv_user_pictures/jpalm316-profile_image-12a4158962a1a01f-150x150.jpeg?imenable=1&impolicy=user-profile-picture&imwidth=100","86022","Jpalm316","12795","3225","8","3","540","18","190","false","true","English","Jpalm316"
"https://static-cdn.jtvnw.net/jtv_user_pictures/il_jerry-profile_image-746cf73a9578900f-150x150.png?imenable=1&impolicy=user-profile-picture&imwidth=100","86023","iL_Jerry","120900","6555","53","18","540","116","1275","false","false","Russian","iL_Jerry"
"https://static-cdn.jtvnw.net/jtv_user_pictures/f2e0d51e-0f63-444d-9410-370ae910045d-profile_image-150x150.png?imenable=1&impolicy=user-profile-picture&imwidth=100","86024","The2ZO","1125","615","5","1","540","0","7","false","true","English","The2ZO"
"https://static-cdn.jtvnw.net/jtv_user_pictures/optinapustyn-profile_image-6c7af9c77df3ab33-150x150.png?imenable=1&impolicy=user-profile-picture&imwidth=100","86025","OptinaPustyn","37005","6315","17","5","540","29","774","false","false","Russian","OptinaPustyn"
"https://static-cdn.jtvnw.net/jtv_user_pictures/de2b0df2-3259-47e6-92b2-8ff30d6847df-profile_image-150x150.jpg?imenable=1&impolicy=user-profile-picture&imwidth=100","86026","Dan4114","75","45","2","1","540","0","0","true","false","English","Dan4114"
"https://static-cdn.jtvnw.net/jtv_user_pictures/lays_dex_cz-profile_image-4e71addaee413464-150x150.png?imenable=1&impolicy=user-profile-picture&imwidth=100","86027","lays_dex_cz","45495","4005","34","10","540","153","205","false","false","Czech","lays_dex_cz"
"https://static-cdn.jtvnw.net/jtv_user_pictures/vecou-profile_image-c16d1f911a1d36db-150x150.png?imenable=1&impolicy=user-profile-picture&imwidth=100","86028","vecou","78990","5280","44","14","540","188","550","false","false","German","vecou"
"https://static-cdn.jtvnw.net/jtv_user_pictures/beautifulpanda__-profile_image-deeb50aef35fb825-150x150.jpeg?imenable=1&impolicy=user-profile-picture&imwidth=100","86029","BeautifulPanda__","855","855","3","0","540","2","10","false","true","English","BeautifulPanda__"
"https://static-cdn.jtvnw.net/jtv_user_pictures/8d1b312f-0c58-4e56-9af6-6a70b152b427-profile_image-150x150.png?imenable=1&impolicy=user-profile-picture&imwidth=100","86030","drafor_","0","75","0","0","540","0","0","false","false","Spanish","drafor_"
"https://static-cdn.jtvnw.net/jtv_user_pictures/saffireyin-profile_image-cbb524ad4f76d071-150x150.png?imenable=1&impolicy=user-profile-picture&imwidth=100","86031","SaffireYin","7695","855","14","8","540","28","22","false","false","English","SaffireYin"
"https://static-cdn.jtvnw.net/jtv_user_pictures/a07c7e0e-9976-486a-8c88-5f573a4a46d3-profile_image-150x150.png?imenable=1&impolicy=user-profile-picture&imwidth=100","86032","JayPeaSize","105","120","3","0","540","-1","1","false","false","English","JayPeaSize"
"https://static-cdn.jtvnw.net/jtv_user_pictures/a55d3ea1-4665-4081-9a38-77ff86407afc-profile_image-150x150.png?imenable=1&impolicy=user-profile-picture&imwidth=100","86033","pugdur","45","30","2","1","540","0","1","false","false","Russian","pugdur"
"https://static-cdn.jtvnw.net/jtv_user_pictures/8a789e4c-281f-4158-8865-b89a32e3c93a-profile_image-150x150.png?imenable=1&impolicy=user-profile-picture&imwidth=100","86034","ArktiQ","2505","765","9","2","540","10","76","false","false","English","ArktiQ"
"https://static-cdn.jtvnw.net/jtv_user_pictures/oduncutv-profile_image-8cd3812d7781a217-150x150.jpeg?imenable=1&impolicy=user-profile-picture&imwidth=100","86035","OduncuTV","885","75","16","11","540","1","0","false","false","Turkish","OduncuTV"
"https://static-cdn.jtvnw.net/jtv_user_pictures/81380ab5-6308-4962-a1a3-f525b6c71457-profile_image-150x150.png?imenable=1&impolicy=user-profile-picture&imwidth=100","86036","b0nsaksen","1035","780","7","0","540","5","14","false","false","Swedish","b0nsaksen"
"https://static-cdn.jtvnw.net/jtv_user_pictures/c772c7fa-33a8-4d08-9ede-8cb01679de56-profile_image-150x150.png?imenable=1&impolicy=user-profile-picture&imwidth=100","86037","BedRockYETI","390","480","3","0","540","4","25","false","true","English","BedRockYETI"
"https://static-cdn.jtvnw.net/jtv_user_pictures/c5b6f2a2-b8ff-40bf-a161-0e5a22ad6ae8-profile_image-150x150.png?imenable=1&impolicy=user-profile-picture&imwidth=100","86038","Format_mvp","1710","1440","4","0","540","-4","28","false","true","Russian","Format_mvp"
"https://static-cdn.jtvnw.net/jtv_user_pictures/6d838165471fa9b5-profile_image-150x150.jpeg?imenable=1&impolicy=user-profile-picture&imwidth=100","86039","EpiicTiger","15","15","1","1","540","0","0","false","true","English","EpiicTiger"
"https://static-cdn.jtvnw.net/jtv_user_pictures/f26edff4-52d5-44fb-aab9-2969e49108b2-profile_image-150x150.png?imenable=1&impolicy=user-profile-picture&imwidth=100","86040","JamieJayCarGaming","0","15","0","0","540","0","0","false","true","English","JamieJayCarGaming"
"https://static-cdn.jtvnw.net/jtv_user_pictures/yamiiiiiiii-profile_image-e189977383359277-150x150.jpeg?imenable=1&impolicy=user-profile-picture&imwidth=100","86041","Yamiiiiiiii","3510","3540","4","0","540","9","158","false","false","German","Yamiiiiiiii"
"https://static-cdn.jtvnw.net/jtv_user_pictures/3839a597-5900-4981-b568-4ced560c3738-profile_image-150x150.png?imenable=1&impolicy=user-profile-picture&imwidth=100","86042","DeGFeT","30","15","2","2","540","0","0","false","true","Russian","DeGFeT"
"https://static-cdn.jtvnw.net/jtv_user_pictures/ilikebeingsmart-profile_image-fc156c8d1df43fe3-150x150.jpeg?imenable=1&impolicy=user-profile-picture&imwidth=100","86043","ilikebeingsmart","3630","1005","11","3","540","4","16","false","false","English","ilikebeingsmart"
"https://static-cdn.jtvnw.net/jtv_user_pictures/chrisofwar007-profile_image-74f13f75b36b8485-150x150.png?imenable=1&impolicy=user-profile-picture&imwidth=100","86044","ChrisOfWar007","750","180","9","3","540","5","2","false","false","Czech","ChrisOfWar007"
"https://static-cdn.jtvnw.net/jtv_user_pictures/24c0417e-b718-4631-acee-d2a3a87c6b89-profile_image-150x150.png?imenable=1&impolicy=user-profile-picture&imwidth=100","86045","rodeboy09","2070","315","13","6","540","1","80","false","false","Spanish","rodeboy09"
"https://static-cdn.jtvnw.net/jtv_user_pictures/officialbartlet-profile_image-5cd29eea4bdba7a9-150x150.jpeg?imenable=1&impolicy=user-profile-picture&imwidth=100","86046","OfficialBartlet","14775","1125","62","12","540","61","451","false","true","English","OfficialBartlet"
"https://static-cdn.jtvnw.net/jtv_user_pictures/raafuh-profile_image-bee32e7f0cf0deb2-150x150.jpeg?imenable=1&impolicy=user-profile-picture&imwidth=100","86047","Raafuh","1335","630","7","1","540","4","5","false","false","English","Raafuh"
"https://static-cdn.jtvnw.net/jtv_user_pictures/666af060-5efb-4ae8-ae20-96f2a1a4af47-profile_image-150x150.png?imenable=1&impolicy=user-profile-picture&imwidth=100","86048","twofacejayyy","150","165","3","0","540","-3","0","false","false","English","twofacejayyy"
"https://static-cdn.jtvnw.net/jtv_user_pictures/c9ed763f-ab75-4432-bae5-b5816d87d7d0-profile_image-150x150.png?imenable=1&impolicy=user-profile-picture&imwidth=100","86049","SophhCx","555","135","8","4","540","1","16","false","false","English","SophhCx"
"https://static-cdn.jtvnw.net/jtv_user_pictures/30d9379e-5dc4-4051-a907-12264024be05-profile_image-150x150.jpeg?imenable=1&impolicy=user-profile-picture&imwidth=100","86050","Jakza_","735","315","4","2","540","0","12","false","false","English","Jakza_"
"https://static-cdn.jtvnw.net/jtv_user_pictures/dbc67d01-0a6f-4e0f-b645-a4ba92703ace-profile_image-150x150.png?imenable=1&impolicy=user-profile-picture&imwidth=100","86051","SinnaBunz","3780","2430","8","1","540","14","74","false","true","English","SinnaBunz"
"https://static-cdn.jtvnw.net/jtv_user_pictures/61407c10-7685-4586-bb45-9eebf48eab79-profile_image-150x150.jpeg?imenable=1&impolicy=user-profile-picture&imwidth=100","86052","itbewilborn","2490","795","7","2","540","4","21","false","true","English","itbewilborn"
"https://static-cdn.jtvnw.net/jtv_user_pictures/70d97356c231e388-profile_image-150x150.png?imenable=1&impolicy=user-profile-picture&imwidth=100","86053","Mister_Supreme","60","195","1","0","540","0","0","false","false","Dutch","Mister_Supreme"
"https://static-cdn.jtvnw.net/jtv_user_pictures/notiris_-profile_image-207c6882f3ff21cd-150x150.jpeg?imenable=1&impolicy=user-profile-picture&imwidth=100","86054","NotIris_","1200","150","12","8","540","3","4","false","false","English","NotIris_"
"https://static-cdn.jtvnw.net/jtv_user_pictures/0a905ee7-2774-4e33-a0f3-fc3ff7535737-profile_image-150x150.jpg?imenable=1&impolicy=user-profile-picture&imwidth=100","86055","morphiusfps","2355","1575","3","1","540","1","17","false","true","English","morphiusfps"
"https://static-cdn.jtvnw.net/jtv_user_pictures/fd399389-f540-41bb-ab28-d3568894e33b-profile_image-150x150.png?imenable=1&impolicy=user-profile-picture&imwidth=100","86056","Keihndeth","4230","1950","9","1","540","4","27","false","true","English","Keihndeth"
"https://static-cdn.jtvnw.net/jtv_user_pictures/8bb54e0a-0e14-49b0-b9c8-769965e22344-profile_image-150x150.png?imenable=1&impolicy=user-profile-picture&imwidth=100","86057","MattsVariety","2955","735","10","3","540","0","5","false","true","English","MattsVariety"
"https://static-cdn.jtvnw.net/jtv_user_pictures/978bf352-0cf2-45e4-9895-c822d39658c4-profile_image-150x150.png?imenable=1&impolicy=user-profile-picture&imwidth=100","86058","ItzzSoRaven","180","60","5","3","540","0","9","false","true","English","ItzzSoRaven"
"https://static-cdn.jtvnw.net/jtv_user_pictures/d1f74bc9-c8e9-4454-8cc8-4632c664c67e-profile_image-150x150.png?imenable=1&impolicy=user-profile-picture&imwidth=100","86059","CA8OOSE","90","90","2","1","540","0","1","false","false","English","CA8OOSE"
"https://static-cdn.jtvnw.net/jtv_user_pictures/fa6436d0-57ec-4ab5-beb5-994b451242da-profile_image-150x150.png?imenable=1&impolicy=user-profile-picture&imwidth=100","86060","ZaytovenP","630","615","4","0","540","2","10","false","true","English","ZaytovenP"
"https://static-cdn.jtvnw.net/jtv_user_pictures/cwheezy-profile_image-06374e40340f976f-150x150.jpeg?imenable=1&impolicy=user-profile-picture&imwidth=100","86061","CWheezy","90","195","3","0","540","0","2","false","false","English","CWheezy"
"https://static-cdn.jtvnw.net/jtv_user_pictures/81df45ad-c702-4428-9f73-04ebc203727e-profile_image-150x150.png?imenable=1&impolicy=user-profile-picture&imwidth=100","86062","lettucebishhxx","2115","720","7","2","540","9","18","false","true","English","lettucebishhxx"
"https://static-cdn.jtvnw.net/jtv_user_pictures/xrg_rage-profile_image-300a369d9d8d8101-150x150.jpeg?imenable=1&impolicy=user-profile-picture&imwidth=100","86063","XRG_Rage","13950","5175","13","2","540","24","58","false","true","English","XRG_Rage"
"https://static-cdn.jtvnw.net/jtv_user_pictures/981fa81f-586e-4135-acc5-64020415c118-profile_image-150x150.png?imenable=1&impolicy=user-profile-picture&imwidth=100","86064","RandyDoe","1500","570","9","2","540","6","29","false","true","English","RandyDoe"
"https://static-cdn.jtvnw.net/jtv_user_pictures/froskelort-profile_image-3a3f12ce6c5337c9-150x150.png?imenable=1&impolicy=user-profile-picture&imwidth=100","86065","Froskelort","150","15","10","10","540","0","0","false","false","Norwegian","Froskelort"
"https://static-cdn.jtvnw.net/jtv_user_pictures/snake_of_soul-profile_image-67b737adf1fa552f-150x150.jpeg?imenable=1&impolicy=user-profile-picture&imwidth=100","86066","Snake_Of_Soul","47055","4455","28","10","540","143","549","false","false","Italian","Snake_Of_Soul"
"https://static-cdn.jtvnw.net/jtv_user_pictures/8775a2da-0831-4c66-8c36-01dbf9a50d8f-profile_image-150x150.png?imenable=1&impolicy=user-profile-picture&imwidth=100","86067","Shrimplonex","4665","825","11","5","540","11","24","false","true","English","Shrimplonex"
"https://static-cdn.jtvnw.net/jtv_user_pictures/612b9f56-0aa9-4089-b62d-e3e84ec7a338-profile_image-150x150.jpeg?imenable=1&impolicy=user-profile-picture&imwidth=100","86068","Esperist","3990","2160","9","1","540","9","51","false","true","English","Esperist"
"https://static-cdn.jtvnw.net/jtv_user_pictures/retromadnesszone-profile_image-bc181e0baa65bf3c-150x150.png?imenable=1&impolicy=user-profile-picture&imwidth=100","86069","RetroMadnessZone","2460","810","7","2","540","4","37","false","false","French","RetroMadnessZone"
"https://static-cdn.jtvnw.net/jtv_user_pictures/5824e914-e6d2-4e84-83b6-b743245501e1-profile_image-150x150.png?imenable=1&impolicy=user-profile-picture&imwidth=100","86070","nonpintu","12480","2925","9","3","540","11","270","false","false","English","nonpintu"
"https://static-cdn.jtvnw.net/jtv_user_pictures/836944ee-77c1-4f15-a7ba-e81f1f1277ee-profile_image-150x150.png?imenable=1&impolicy=user-profile-picture&imwidth=100","86071","VenomCorp","1560","1170","5","1","540","3","46","false","true","French","VenomCorp"
"https://static-cdn.jtvnw.net/jtv_user_pictures/crazyman64335-profile_image-0c42cb76cd32fbaf-150x150.png?imenable=1&impolicy=user-profile-picture&imwidth=100","86072","Crazyman64335","1800","1695","16","0","540","-2","58","false","false","English","Crazyman64335"
"https://static-cdn.jtvnw.net/jtv_user_pictures/toxickrusader-profile_image-06e735a766aa33f6-150x150.jpeg?imenable=1&impolicy=user-profile-picture&imwidth=100","86073","ToxicKrusader","47460","13815","16","2","540","17","113","false","false","English","ToxicKrusader"
"https://static-cdn.jtvnw.net/jtv_user_pictures/x3tv-profile_image-c262fcd29007ff0d-150x150.jpeg?imenable=1&impolicy=user-profile-picture&imwidth=100","86074","X3TV","10110","615","95","16","540","33","182","false","false","English","X3TV"
"https://static-cdn.jtvnw.net/jtv_user_pictures/mikefox_tv-profile_image-f79cb75447a5e9da-150x150.png?imenable=1&impolicy=user-profile-picture&imwidth=100","86075","mikefox_tv","3240","1860","6","1","540","-1","147","false","false","German","mikefox_tv"
"https://static-cdn.jtvnw.net/jtv_user_pictures/7aa07bab-4638-4d59-b1a2-6211d0b695ca-profile_image-150x150.png?imenable=1&impolicy=user-profile-picture&imwidth=100","86076","Chrittaz","11775","4350","10","2","540","26","83","false","false","English","Chrittaz"
"https://static-cdn.jtvnw.net/jtv_user_pictures/70e68bf3-b897-4699-9dea-b296c3d7173f-profile_image-150x150.png?imenable=1&impolicy=user-profile-picture&imwidth=100","86077","empyxd","480","405","5","1","539","7","16","false","false","Swedish","empyxd"
"https://static-cdn.jtvnw.net/jtv_user_pictures/b2c434eb-8fa5-4d2c-98a0-1674aa2b11a0-profile_image-150x150.png?imenable=1&impolicy=user-profile-picture&imwidth=100","86078","NightGamingTV","45","120","3","0","539","2","8","false","false","German","NightGamingTV"
"https://static-cdn.jtvnw.net/jtv_user_pictures/henskyyy-profile_image-4e1fe9ebb13236bc-150x150.png?imenable=1&impolicy=user-profile-picture&imwidth=100","86079","Henskyyy","5445","330","57","16","539","126","50","false","false","Norwegian","Henskyyy"
"https://static-cdn.jtvnw.net/jtv_user_pictures/bf14b087-9a28-4435-8024-33d4815cbef3-profile_image-150x150.png?imenable=1&impolicy=user-profile-picture&imwidth=100","86080","EyePau","0","150","0","0","539","0","0","false","true","English","EyePau"
"https://static-cdn.jtvnw.net/jtv_user_pictures/13a1dc499b903876-profile_image-150x150.png?imenable=1&impolicy=user-profile-picture&imwidth=100","86081","Skyrant","15","15","1","1","539","0","0","false","false","English","Skyrant"
"https://static-cdn.jtvnw.net/jtv_user_pictures/6e2fee99d04a3825-profile_image-150x150.png?imenable=1&impolicy=user-profile-picture&imwidth=100","86082","roro1506HD","75","15","5","5","539","0","0","false","false","French","roro1506HD"
"https://static-cdn.jtvnw.net/jtv_user_pictures/ab708635-7dab-4198-97a4-209d91165060-profile_image-150x150.png?imenable=1&impolicy=user-profile-picture&imwidth=100","86083","Someluckyboy97","105","105","2","1","539","0","9","false","true","English","Someluckyboy97"
"https://static-cdn.jtvnw.net/jtv_user_pictures/retsnom25-profile_image-e9b8237a9a43b5f7-150x150.jpeg?imenable=1&impolicy=user-profile-picture&imwidth=100","86084","Retsnom25","150","150","3","1","539","0","0","false","false","English","Retsnom25"
"https://static-cdn.jtvnw.net/jtv_user_pictures/689dde13-df1b-4f59-8e7e-d62a87fc85d7-profile_image-150x150.png?imenable=1&impolicy=user-profile-picture&imwidth=100","86085","BreadAndJam","4380","3555","5","0","539","22","186","false","false","Russian","BreadAndJam"
"https://static-cdn.jtvnw.net/jtv_user_pictures/3d9b40c5-5774-4f7f-ae34-bceb305da09d-profile_image-150x150.png?imenable=1&impolicy=user-profile-picture&imwidth=100","86086","royaltroublez","45","45","1","1","539","0","0","false","false","Dutch","royaltroublez"
"https://static-cdn.jtvnw.net/jtv_user_pictures/ab8915d9-9c58-42cb-9b61-6b547cbe2514-profile_image-150x150.png?imenable=1&impolicy=user-profile-picture&imwidth=100","86087","Ravenesyn","2790","1950","5","1","539","3","44","false","true","English","Ravenesyn"
"https://static-cdn.jtvnw.net/jtv_user_pictures/7ac78497-2740-493e-b505-fe65398e1dd1-profile_image-150x150.jpg?imenable=1&impolicy=user-profile-picture&imwidth=100","86088","Vin_Fo","4050","2490","8","1","539","8","69","false","true","English","Vin_Fo"
"https://static-cdn.jtvnw.net/jtv_user_pictures/pl4y4round-profile_image-b62720556f099a20-150x150.jpeg?imenable=1&impolicy=user-profile-picture&imwidth=100","86089","PL4Y4ROUND","345","900","2","0","539","4","30","false","true","German","PL4Y4ROUND"
"https://static-cdn.jtvnw.net/jtv_user_pictures/0b263159-6b48-4994-8bdb-dfaef2ecd916-profile_image-150x150.png?imenable=1&impolicy=user-profile-picture&imwidth=100","86090","Elitexfliightx","75","75","3","0","539","1","0","false","false","English","Elitexfliightx"
"https://static-cdn.jtvnw.net/jtv_user_pictures/scottaligator-profile_image-22422a8d65034edb-150x150.jpeg?imenable=1&impolicy=user-profile-picture&imwidth=100","86091","ScottAliGator","19890","9255","9","1","539","70","90","false","false","English","ScottAliGator"
"https://static-cdn.jtvnw.net/jtv_user_pictures/25f3c8c4-9577-4437-87d5-4bcff1296ee4-profile_image-150x150.png?imenable=1&impolicy=user-profile-picture&imwidth=100","86092","RustyGamerTV","3540","1320","16","2","539","19","39","false","true","German","RustyGamerTV"
"https://static-cdn.jtvnw.net/jtv_user_pictures/phellmangaming-profile_image-2b666389948b5ee1-150x150.jpeg?imenable=1&impolicy=user-profile-picture&imwidth=100","86093","phellmangaming","795","210","8","3","539","15","76","false","false","Swedish","phellmangaming"
"https://static-cdn.jtvnw.net/jtv_user_pictures/e5258697-4651-4465-b8e5-6a683e6b9439-profile_image-150x150.png?imenable=1&impolicy=user-profile-picture&imwidth=100","86094","Brascassat","0","165","0","0","539","0","0","false","true","French","Brascassat"
"https://static-cdn.jtvnw.net/jtv_user_pictures/49f1c8e0-6984-456f-9e74-c72e384e7215-profile_image-150x150.png?imenable=1&impolicy=user-profile-picture&imwidth=100","86095","MissFitz","30","15","2","2","539","0","0","false","true","English","MissFitz"
"https://static-cdn.jtvnw.net/jtv_user_pictures/a9b3f823-c81b-4de9-9de3-3026adfe9baa-profile_image-150x150.jpg?imenable=1&impolicy=user-profile-picture&imwidth=100","86096","RubenAsher","0","15","0","0","539","0","0","false","true","English","RubenAsher"
"https://static-cdn.jtvnw.net/jtv_user_pictures/acb0413c-41ce-4cd8-9896-6b776c160f68-profile_image-150x150.png?imenable=1&impolicy=user-profile-picture&imwidth=100","86097","GAMEHUBLER","525","630","4","0","539","1","40","false","false","German","GAMEHUBLER"
"https://static-cdn.jtvnw.net/jtv_user_pictures/20fbc10b-0448-4a18-a8d9-9c4fd13679a2-profile_image-150x150.png?imenable=1&impolicy=user-profile-picture&imwidth=100","86098","dmtr_ebtv","14010","4365","13","2","539","64","180","false","false","French","dmtr_ebtv"
"https://static-cdn.jtvnw.net/user-default-pictures-uv/cdd517fe-def4-11e9-948e-784f43822e80-profile_image-150x150.png?imenable=1&impolicy=user-profile-picture&imwidth=100","86099","kev_cs","10815","5160","8","1","539","45","87","true","false","English","kev_cs"
"https://static-cdn.jtvnw.net/jtv_user_pictures/0e407897-0b11-4ecf-bcee-1cd9b97ffbd5-profile_image-150x150.jpeg?imenable=1&impolicy=user-profile-picture&imwidth=100","86100","dymomenq","47235","10440","13","4","539","84","442","false","true","Polish","dymomenq"