"","","Channel","Watch time","Stream time","Peak viewers","Average viewers","Followers","Followers gained","Views gained","Partnered","Mature","Language",""
"https://static-cdn.jtvnw.net/jtv_user_pictures/gocsprotv-profile_image-d93f351e5d835741-150x150.jpeg?imenable=1&impolicy=user-profile-picture&imwidth=100","6101","gocsprotv","63600","615","245","103","24661","266","2158","false","false","","gocsprotv"
"https://static-cdn.jtvnw.net/jtv_user_pictures/b9555446-f455-452b-95a5-78aed08cdc19-profile_image-150x150.png?imenable=1&impolicy=user-profile-picture&imwidth=100","6102","Eli_X","11850","2865","35","3","24661","75","70","true","true","English","Eli_X"
"https://static-cdn.jtvnw.net/jtv_user_pictures/206e15d5-fe53-4963-83b2-fc9cf6747eb9-profile_image-150x150.png?imenable=1&impolicy=user-profile-picture&imwidth=100","6103","MsAshRocks","0","15","0","0","24661","0","0","true","false","English","MsAshRocks"
"https://static-cdn.jtvnw.net/jtv_user_pictures/shootygirl-profile_image-f2b8fa02e09c58b6-150x150.jpeg?imenable=1&impolicy=user-profile-picture&imwidth=100","6104","ShootyGirl","201885","4725","104","42","24651","252","1577","true","true","English","ShootyGirl"
"https://static-cdn.jtvnw.net/jtv_user_pictures/approachingnirvana-profile_image-45e4933a3f7598fc-150x150.png?imenable=1&impolicy=user-profile-picture&imwidth=100","6105","ApproachingNirvana","48255","300","253","160","24647","91","827","true","false","English","ApproachingNirvana"
"https://static-cdn.jtvnw.net/jtv_user_pictures/abc4a3aa-ac69-42c5-8fe0-983bd57fd24f-profile_image-150x150.png?imenable=1&impolicy=user-profile-picture&imwidth=100","6106","nick2reckless","83235","1080","255","76","24644","386","1008","true","false","English","nick2reckless"
"https://static-cdn.jtvnw.net/jtv_user_pictures/bddee441-fe9a-423c-bdae-73654fb61a4c-profile_image-150x150.png?imenable=1&impolicy=user-profile-picture&imwidth=100","6107","Skate","324690","2295","213","140","24643","467","1606","true","true","Dutch","Skate"
"https://static-cdn.jtvnw.net/jtv_user_pictures/905f2c4a-0210-46c6-88c7-e3bcbe03caf9-profile_image-150x150.png?imenable=1&impolicy=user-profile-picture&imwidth=100","6108","vandipitty","466890","11910","152","38","24637","353","1894","false","true","English","vandipitty"
"https://static-cdn.jtvnw.net/jtv_user_pictures/70f547fd-0862-43cc-8cdb-ffecefa1b67e-profile_image-150x150.png?imenable=1&impolicy=user-profile-picture&imwidth=100","6109","Gnaw","240705","3615","218","66","24637","-3695","919","true","true","English","Gnaw"
"https://static-cdn.jtvnw.net/jtv_user_pictures/5e9e8a9a-51e3-40d4-bfac-3b4ba725a31a-profile_image-150x150.png?imenable=1&impolicy=user-profile-picture&imwidth=100","6110","SPLovesDrums","53940","3690","34","14","24636","393","746","true","false","English","SPLovesDrums"
"https://static-cdn.jtvnw.net/jtv_user_pictures/74a72893-939c-4eb4-8f06-d488706c0b21-profile_image-150x150.png?imenable=1&impolicy=user-profile-picture&imwidth=100","6111","Kiyeberries","321480","5490","310","58","24634","238","2207","true","false","English","Kiyeberries"
"https://static-cdn.jtvnw.net/jtv_user_pictures/x_capgas_x-profile_image-b119a5139fc49306-150x150.png?imenable=1&impolicy=user-profile-picture&imwidth=100","6112","x_CapGAS_x","330","435","2","0","24621","1","26","false","false","English","x_CapGAS_x"
"https://static-cdn.jtvnw.net/jtv_user_pictures/3e134f74-15c2-4818-b5b5-8adec6627e55-profile_image-150x150.png?imenable=1&impolicy=user-profile-picture&imwidth=100","6113","Fadinglawl","630","90","9","7","24611","-1","0","false","false","English","Fadinglawl"
"https://static-cdn.jtvnw.net/jtv_user_pictures/48a1e7c0-37a2-47fe-87a0-78f465873a19-profile_image-150x150.png?imenable=1&impolicy=user-profile-picture&imwidth=100","6114","dreamhackplays","1417740","34665","5238","40","24599","6232","22475","true","true","English","dreamhackplays"
"https://static-cdn.jtvnw.net/jtv_user_pictures/twitchplaysdark-profile_image-2448f1a6fa9f75bc-150x150.png?imenable=1&impolicy=user-profile-picture&imwidth=100","6115","TwitchPlaysDark","415545","44280","27","8","24586","-977","15393","true","false","English","TwitchPlaysDark"
"https://static-cdn.jtvnw.net/jtv_user_pictures/ginachantv-profile_image-5758addacc097b38-150x150.jpeg?imenable=1&impolicy=user-profile-picture&imwidth=100","6116","GinaChanTV","60585","1785","66","33","24585","17","596","true","true","English","GinaChanTV"
"https://static-cdn.jtvnw.net/jtv_user_pictures/85c432ee-2801-4331-ada3-d4e8db19fd30-profile_image-150x150.jpeg?imenable=1&impolicy=user-profile-picture&imwidth=100","6117","ESL_SC2b","207165","2355","460","87","24573","57","1949","true","false","English","ESL_SC2b"
"https://static-cdn.jtvnw.net/jtv_user_pictures/0d8ca19300f947b8-profile_image-150x150.jpeg?imenable=1&impolicy=user-profile-picture&imwidth=100","6118","澈哥第一鱷魚 (che_lolz)","324405","4695","239","68","24571","265","7125","true","false","Chinese","澈哥第一鱷魚 (che_lolz)"
"https://static-cdn.jtvnw.net/jtv_user_pictures/5b2059c38c7142e0-profile_image-150x150.jpeg?imenable=1&impolicy=user-profile-picture&imwidth=100","6119","SPOTTEDWOLF0812","444645","5745","313","76","24570","-38","5146","false","true","English","SPOTTEDWOLF0812"
"https://static-cdn.jtvnw.net/jtv_user_pictures/f8e61b9b-4b0a-4b46-a809-85a0144ebc26-profile_image-150x150.png?imenable=1&impolicy=user-profile-picture&imwidth=100","6120","ParamoreNA","26310","5805","11","4","24563","72","110","false","false","English","ParamoreNA"
"https://static-cdn.jtvnw.net/jtv_user_pictures/bf2b06c0-b6b4-4c2a-9f9f-f4551890aa77-profile_image-150x150.jpeg?imenable=1&impolicy=user-profile-picture&imwidth=100","6121","Wylsacom","47490","165","341","287","24561","114","210","true","false","Russian","Wylsacom"
"https://static-cdn.jtvnw.net/jtv_user_pictures/sampetersonart-profile_image-141951d50ff167a3-150x150.jpeg?imenable=1&impolicy=user-profile-picture&imwidth=100","6122","SamPetersonArt","316725","3360","381","93","24561","594","2572","true","false","English","SamPetersonArt"
"https://static-cdn.jtvnw.net/jtv_user_pictures/3gordosb-profile_image-cf37ccab40012529-150x150.png?imenable=1&impolicy=user-profile-picture&imwidth=100","6123","3GordosB","256185","945","379","270","24550","231","5022","true","false","Spanish","3GordosB"
"https://static-cdn.jtvnw.net/jtv_user_pictures/9aa96a58-5b3f-4fbd-bf68-1fc76b8a772d-profile_image-150x150.jpg?imenable=1&impolicy=user-profile-picture&imwidth=100","6124","Rynn","274485","4515","204","60","24543","649","2790","true","true","English","Rynn"
"https://static-cdn.jtvnw.net/jtv_user_pictures/6a9d93ee-a125-48f2-8c96-7dd49138cacb-profile_image-150x150.png?imenable=1&impolicy=user-profile-picture&imwidth=100","6125","Niyan","3750","480","14","7","24541","48","274","true","true","Turkish","Niyan"
"https://static-cdn.jtvnw.net/jtv_user_pictures/radiotalbot-profile_image-d93e773398d7e220-150x150.png?imenable=1&impolicy=user-profile-picture&imwidth=100","6126","RadioTalbot","366915","1620","471","225","24525","213","5315","true","false","French","RadioTalbot"
"https://static-cdn.jtvnw.net/jtv_user_pictures/60cb321b-efb4-4235-9bc4-1cd1bce13c85-profile_image-150x150.png?imenable=1&impolicy=user-profile-picture&imwidth=100","6127","Ruler","86115","1380","157","61","24512","-424","1716","true","false","Dutch","Ruler"
"https://static-cdn.jtvnw.net/jtv_user_pictures/liay5-profile_image-d05c02b8383788a1-150x150.jpeg?imenable=1&impolicy=user-profile-picture&imwidth=100","6128","Liay5","306570","705","721","434","24509","603","11316","true","false","Russian","Liay5"
"https://static-cdn.jtvnw.net/jtv_user_pictures/866a5a92-c595-4242-92d4-c43975f3812a-profile_image-150x150.png?imenable=1&impolicy=user-profile-picture&imwidth=100","6129","Slayer","23430","375","80","62","24500","4","42","true","false","English","Slayer"
"https://static-cdn.jtvnw.net/jtv_user_pictures/6ac038d6-715d-427e-97b1-62dd7f99a262-profile_image-150x150.png?imenable=1&impolicy=user-profile-picture&imwidth=100","6130","RubyAutumn","301515","4935","457","60","24498","1198","595","true","true","English","RubyAutumn"
"https://static-cdn.jtvnw.net/jtv_user_pictures/018d11e3-7a59-4f1f-ae12-72eef6756416-profile_image-150x150.png?imenable=1&impolicy=user-profile-picture&imwidth=100","6131","Reodora","693780","7350","304","93","24465","1401","9924","true","true","English","Reodora"
"https://static-cdn.jtvnw.net/jtv_user_pictures/6fa715d4-10eb-4ec5-9a21-f1eae3a88cd0-profile_image-150x150.png?imenable=1&impolicy=user-profile-picture&imwidth=100","6132","xChronoFox","2175","675","9","2","24464","20","178","true","false","Spanish","xChronoFox"
"https://static-cdn.jtvnw.net/jtv_user_pictures/4a7cd23c-107c-4b2f-bf21-0fd3ccbe3235-profile_image-150x150.png?imenable=1&impolicy=user-profile-picture&imwidth=100","6133","JasmineLea","1275435","9090","297","139","24462","1525","6172","true","true","English","JasmineLea"
"https://static-cdn.jtvnw.net/jtv_user_pictures/83bfa8c9-4ccc-424d-8070-a00bee1ec573-profile_image-150x150.png?imenable=1&impolicy=user-profile-picture&imwidth=100","6134","Dreamerzlel","5130","150","59","34","24460","36","226","true","false","Arabic","Dreamerzlel"
"https://static-cdn.jtvnw.net/jtv_user_pictures/d4fcd480-1500-45d4-ad25-75b358ae41ae-profile_image-150x150.png?imenable=1&impolicy=user-profile-picture&imwidth=100","6135","EvadeR","162060","5280","66","30","24449","69","530","true","false","English","EvadeR"
"https://static-cdn.jtvnw.net/jtv_user_pictures/90e075e7-8ca0-4cc4-b505-43ca366959a5-profile_image-150x150.png?imenable=1&impolicy=user-profile-picture&imwidth=100","6136","xAreios","159780","4110","81","38","24448","299","1791","false","true","English","xAreios"
"https://static-cdn.jtvnw.net/jtv_user_pictures/3ef76d39-e998-4857-bf56-949ae17b2124-profile_image-150x150.png?imenable=1&impolicy=user-profile-picture&imwidth=100","6137","iChaseGaming","789675","3705","334","212","24443","586","7065","true","true","English","iChaseGaming"
"https://static-cdn.jtvnw.net/jtv_user_pictures/adryanhdstream-profile_image-3db5d5f83a5a7a42-150x150.jpeg?imenable=1&impolicy=user-profile-picture&imwidth=100","6138","AdryanHDStream","118605","375","1446","315","24437","783","2914","true","false","Polish","AdryanHDStream"
"https://static-cdn.jtvnw.net/jtv_user_pictures/mrboombati-profile_image-dba35b5240d0a24e-150x150.png?imenable=1&impolicy=user-profile-picture&imwidth=100","6139","MrBoombati","365970","8985","182","40","24428","179","1387","true","true","English","MrBoombati"
"https://static-cdn.jtvnw.net/jtv_user_pictures/thugonomix-profile_image-78be9319c53f3b87-150x150.png?imenable=1&impolicy=user-profile-picture&imwidth=100","6140","thugonomix","873420","3480","1439","250","24420","559","5319","true","true","English","thugonomix"
"https://static-cdn.jtvnw.net/jtv_user_pictures/8723ca95-cffc-497b-b619-d77d5ad0db52-profile_image-150x150.png?imenable=1&impolicy=user-profile-picture&imwidth=100","6141","NTleo","0","30","0","0","24413","0","5","true","false","Spanish","NTleo"
"https://static-cdn.jtvnw.net/jtv_user_pictures/4b709f71-d5e4-4915-b94f-cf0fc8b1113c-profile_image-150x150.png?imenable=1&impolicy=user-profile-picture&imwidth=100","6142","duoking1","4320","420","18","9","24412","8","60","true","false","English","duoking1"
"https://static-cdn.jtvnw.net/jtv_user_pictures/3ade79f0-5a32-4245-8742-d38aa8286654-profile_image-150x150.png?imenable=1&impolicy=user-profile-picture&imwidth=100","6143","My_Goggle","283530","9285","194","30","24408","89","782","true","false","English","My_Goggle"
"https://static-cdn.jtvnw.net/jtv_user_pictures/6b223013-a0fd-44ad-9b02-bc7a364cec10-profile_image-150x150.png?imenable=1&impolicy=user-profile-picture&imwidth=100","6144","Robinoyo","12510","135","108","92","24389","20","74","true","false","English","Robinoyo"
"https://static-cdn.jtvnw.net/jtv_user_pictures/ffb61cf5-3fe6-45a8-a098-38031779d6d9-profile_image-150x150.png?imenable=1&impolicy=user-profile-picture&imwidth=100","6145","VanionEU","196335","1065","278","184","24380","70","8816","true","false","German","VanionEU"
"https://static-cdn.jtvnw.net/jtv_user_pictures/c63dd75e586d84b1-profile_image-150x150.jpeg?imenable=1&impolicy=user-profile-picture&imwidth=100","6146","雷阿文 (rivenasialol)","1616160","15885","789","101","24379","-34","32073","true","false","Chinese","雷阿文 (rivenasialol)"
"https://static-cdn.jtvnw.net/jtv_user_pictures/5aa3f576-fd1f-4510-8558-5d4252f30e27-profile_image-150x150.jpg?imenable=1&impolicy=user-profile-picture&imwidth=100","6147","kers55","30420","555","415","54","24372","115","408","false","true","English","kers55"
"https://static-cdn.jtvnw.net/jtv_user_pictures/3523134a-cb3c-4bf4-9303-6f4f828d14ad-profile_image-150x150.png?imenable=1&impolicy=user-profile-picture&imwidth=100","6148","WildMics","194235","8565","692","22","24353","243","3285","true","false","German","WildMics"
"https://static-cdn.jtvnw.net/jtv_user_pictures/spsdebo-profile_image-facc2a97dab10dd5-150x150.jpeg?imenable=1&impolicy=user-profile-picture&imwidth=100","6149","SpsDebo","81795","2250","126","35","24339","-219","825","true","true","English","SpsDebo"
"https://static-cdn.jtvnw.net/user-default-pictures-uv/75305d54-c7cc-40d1-bb9c-91fbe85943c7-profile_image-150x150.png?imenable=1&impolicy=user-profile-picture&imwidth=100","6150","宏宏 (betty206046)","285585","2775","441","102","24336","385","6671","true","true","Chinese","宏宏 (betty206046)"
"https://static-cdn.jtvnw.net/jtv_user_pictures/4df9c79f-e354-4042-a6fe-0220d600f8d5-profile_image-150x150.png?imenable=1&impolicy=user-profile-picture&imwidth=100","6151","RabiesTV","563280","4350","420","129","24335","95","1572","false","true","English","RabiesTV"
"https://static-cdn.jtvnw.net/jtv_user_pictures/8ee08bd7-ff38-47a6-ae18-a670800e1163-profile_image-150x150.png?imenable=1&impolicy=user-profile-picture&imwidth=100","6152","HORSEPANTS","394455","1290","569","304","24327","102","1760","true","true","English","HORSEPANTS"
"https://static-cdn.jtvnw.net/jtv_user_pictures/murphy-profile_image-e96a332343a39bd5-150x150.png?imenable=1&impolicy=user-profile-picture&imwidth=100","6153","Murphy","39285","4650","21","8","24326","-1514","844","true","true","German","Murphy"
"https://static-cdn.jtvnw.net/jtv_user_pictures/ab6a6bb5-1378-488b-95d9-04057d90bd0e-profile_image-150x150.png?imenable=1&impolicy=user-profile-picture&imwidth=100","6154","lissabun","244830","4995","137","48","24324","-3060","2065","false","false","English","lissabun"
"https://static-cdn.jtvnw.net/jtv_user_pictures/a8cbddfd-25ea-42cb-8a99-7fd88304d1b6-profile_image-150x150.jpg?imenable=1&impolicy=user-profile-picture&imwidth=100","6155","elmsyyt","300","660","6","0","24315","13","12","false","false","English","elmsyyt"
"https://static-cdn.jtvnw.net/jtv_user_pictures/mistercroo-profile_image-af72f17b4fa5f2cd-150x150.png?imenable=1&impolicy=user-profile-picture&imwidth=100","6156","mistercroo","1056840","8445","563","124","24310","987","24964","true","false","English","mistercroo"
"https://static-cdn.jtvnw.net/jtv_user_pictures/d8676031-3269-4830-a30c-2dc9e7ccf11e-profile_image-150x150.png?imenable=1&impolicy=user-profile-picture&imwidth=100","6157","goth","44610","5340","20","7","24302","196","170","true","false","English","goth"
"https://static-cdn.jtvnw.net/jtv_user_pictures/211b7857-9107-4eb7-ac61-20a1b66699d5-profile_image-150x150.png?imenable=1&impolicy=user-profile-picture&imwidth=100","6158","dk_nice1","44130","5835","39","7","24301","42","99","true","false","English","dk_nice1"
"https://static-cdn.jtvnw.net/jtv_user_pictures/ecd6606b-8cdd-412d-a4ad-e845955ce4c8-profile_image-150x150.png?imenable=1&impolicy=user-profile-picture&imwidth=100","6159","AshwiniTV","204540","4905","107","41","24300","44","3748","true","true","English","AshwiniTV"
"https://static-cdn.jtvnw.net/jtv_user_pictures/13c13637-d3d8-4962-a778-0f1397dc1d8a-profile_image-150x150.png?imenable=1&impolicy=user-profile-picture&imwidth=100","6160","SaintsRF","185160","735","404","251","24296","760","533","true","false","English","SaintsRF"
"https://static-cdn.jtvnw.net/jtv_user_pictures/e7553956-b31f-45e4-ac55-cd516bb724f1-profile_image-150x150.png?imenable=1&impolicy=user-profile-picture&imwidth=100","6161","Kismet","227760","13380","59","16","24290","285","999","true","false","English","Kismet"
"https://static-cdn.jtvnw.net/jtv_user_pictures/18f09c18-37ac-40f7-bdf2-9e1db6a92a47-profile_image-150x150.png?imenable=1&impolicy=user-profile-picture&imwidth=100","6162","MariPyxi","125490","630","319","198","24290","605","8853","true","false","Portuguese","MariPyxi"
"https://static-cdn.jtvnw.net/jtv_user_pictures/f1fb98f9-c49c-41b4-9c31-3b18728bce9f-profile_image-150x150.jpeg?imenable=1&impolicy=user-profile-picture&imwidth=100","6163","嗚拉拉 (lala325)","213240","8880","138","23","24285","862","10289","false","false","Chinese","嗚拉拉 (lala325)"
"https://static-cdn.jtvnw.net/jtv_user_pictures/bef656e6-7cd5-4cc6-86ae-0e389a1e436a-profile_image-150x150.png?imenable=1&impolicy=user-profile-picture&imwidth=100","6164","YeIIowEN","2640","540","16","4","24285","-41","55","true","true","English","YeIIowEN"
"https://static-cdn.jtvnw.net/user-default-pictures/0ecbb6c3-fecb-4016-8115-aa467b7c36ed-profile_image-150x150.jpg?imenable=1&impolicy=user-profile-picture&imwidth=100","6165","kjaerbye","151245","360","1208","419","24283","1518","4037","true","false","Danish","kjaerbye"
"https://static-cdn.jtvnw.net/jtv_user_pictures/78322dcd-7f46-4b5e-9ee2-258aea4f9cc4-profile_image-150x150.png?imenable=1&impolicy=user-profile-picture&imwidth=100","6166","sharkz","30060","255","204","117","24282","-24","520","true","false","Russian","sharkz"
"https://static-cdn.jtvnw.net/jtv_user_pictures/willywonka_hc-profile_image-54cd3aa341ea7898-150x150.png?imenable=1&impolicy=user-profile-picture&imwidth=100","6167","Willywonka_HC","800445","5880","323","135","24282","68","5423","true","false","English","Willywonka_HC"
"https://static-cdn.jtvnw.net/jtv_user_pictures/raytontv-profile_image-2294bec009ab4e91-150x150.png?imenable=1&impolicy=user-profile-picture&imwidth=100","6168","RaytonTV","4215","780","15","5","24280","47","246","true","false","French","RaytonTV"
"https://static-cdn.jtvnw.net/jtv_user_pictures/ibarboo-profile_image-42c2df29ba888e67-150x150.jpeg?imenable=1&impolicy=user-profile-picture&imwidth=100","6169","IbarBoo","863760","9285","375","92","24278","3678","4759","true","false","French","IbarBoo"
"https://static-cdn.jtvnw.net/jtv_user_pictures/dutchfifahd-profile_image-cc34c620f011c851-150x150.jpeg?imenable=1&impolicy=user-profile-picture&imwidth=100","6170","DutchFifaHD","561870","420","2562","1337","24276","1604","4639","true","false","Dutch","DutchFifaHD"
"https://static-cdn.jtvnw.net/jtv_user_pictures/09bd8410-fdc3-4c44-8de4-120cb713c529-profile_image-150x150.png?imenable=1&impolicy=user-profile-picture&imwidth=100","6171","Cyferkowy","15705","2460","114","6","24267","85","524","true","false","Polish","Cyferkowy"
"https://static-cdn.jtvnw.net/jtv_user_pictures/dfbc0b86-6374-4af0-9d49-a879eaeb528f-profile_image-150x150.png?imenable=1&impolicy=user-profile-picture&imwidth=100","6172","Mat_","2565","90","31","28","24265","19","0","true","false","Danish","Mat_"
"https://static-cdn.jtvnw.net/jtv_user_pictures/thenoxcrew-profile_image-f09ac2f66f8c3102-150x150.png?imenable=1&impolicy=user-profile-picture&imwidth=100","6173","TheNoxcrew","24345","360","288","67","24261","71","887","true","false","English","TheNoxcrew"
"https://static-cdn.jtvnw.net/jtv_user_pictures/83dc0582-912a-422c-bd75-db959da47050-profile_image-150x150.png?imenable=1&impolicy=user-profile-picture&imwidth=100","6174","onixztv","345","270","4","1","24258","1","11","false","false","Russian","onixztv"
"https://static-cdn.jtvnw.net/jtv_user_pictures/fuzzyfreaks-profile_image-54022390f2b04bcc-150x150.jpeg?imenable=1&impolicy=user-profile-picture&imwidth=100","6175","FuzzyFreaks","836025","8520","337","97","24256","299","5532","true","true","English","FuzzyFreaks"
"https://static-cdn.jtvnw.net/jtv_user_pictures/7ec170ac-8d9e-49a2-b331-54c6c9484a2f-profile_image-150x150.png?imenable=1&impolicy=user-profile-picture&imwidth=100","6176","ZedxReal","15","30","1","0","24245","1","4","true","true","French","ZedxReal"
"https://static-cdn.jtvnw.net/jtv_user_pictures/batyatv-profile_image-651d748988f02f9f-150x150.jpeg?imenable=1&impolicy=user-profile-picture&imwidth=100","6177","BatyaTV","5537970","8385","1313","659","24244","1469","50688","true","false","Russian","BatyaTV"
"https://static-cdn.jtvnw.net/jtv_user_pictures/b24e9e39-191f-4ddc-ae5d-b9630890a5a9-profile_image-150x150.jpg?imenable=1&impolicy=user-profile-picture&imwidth=100","6178","Aherys","1365","525","8","2","24243","1","77","true","true","French","Aherys"
"https://static-cdn.jtvnw.net/jtv_user_pictures/5415b95a-3254-42c1-b3a8-96394ab3875f-profile_image-150x150.png?imenable=1&impolicy=user-profile-picture&imwidth=100","6179","thaButtress","108765","4020","63","26","24240","210","617","true","true","English","thaButtress"
"https://static-cdn.jtvnw.net/jtv_user_pictures/fceeed8b-eb49-4d29-80b7-e13e2fcd8dc3-profile_image-150x150.jpg?imenable=1&impolicy=user-profile-picture&imwidth=100","6180","izsynthesiszi","3015","270","19","11","24223","61","118","true","true","English","izsynthesiszi"
"https://static-cdn.jtvnw.net/jtv_user_pictures/pottux-profile_image-35f3a19f02cd577d-150x150.jpeg?imenable=1&impolicy=user-profile-picture&imwidth=100","6181","Pottux","597600","8520","136","69","24222","347","4973","true","true","Finnish","Pottux"
"https://static-cdn.jtvnw.net/jtv_user_pictures/microsoftstudios-profile_image-43ff1fcf6083537f-150x150.jpeg?imenable=1&impolicy=user-profile-picture&imwidth=100","6182","MicrosoftStudios","253575","4395","973","57","24220","1702","7141","true","false","English","MicrosoftStudios"
"https://static-cdn.jtvnw.net/jtv_user_pictures/esportstrategy-profile_image-3f42dbafceacdd91-150x150.png?imenable=1&impolicy=user-profile-picture&imwidth=100","6183","esportstrategy","769200","12060","596","63","24218","1383","24028","true","false","French","esportstrategy"
"https://static-cdn.jtvnw.net/jtv_user_pictures/084551c5-92dd-4dba-8751-f2ca98a4ec80-profile_image-150x150.png?imenable=1&impolicy=user-profile-picture&imwidth=100","6184","Peibool","21255","5415","15","3","24210","99","322","true","true","Spanish","Peibool"
"https://static-cdn.jtvnw.net/jtv_user_pictures/d7da2e6f-ba9e-48cf-bbb0-3fb35c3dc35c-profile_image-150x150.png?imenable=1&impolicy=user-profile-picture&imwidth=100","6185","Casping_","16530","1605","24","9","24204","82","899","false","false","Turkish","Casping_"
"https://static-cdn.jtvnw.net/jtv_user_pictures/4def9004-dbc2-45ec-8090-40e2cff86e1a-profile_image-150x150.png?imenable=1&impolicy=user-profile-picture&imwidth=100","6186","CrossFireX","217410","9195","63","23","24202","89","1181","true","true","English","CrossFireX"
"https://static-cdn.jtvnw.net/jtv_user_pictures/6dd2c1e5-891d-4baf-a1c8-e7dec8884f90-profile_image-150x150.png?imenable=1&impolicy=user-profile-picture&imwidth=100","6187","Maksimaf","63375","105","721","603","24193","44","0","false","false","Russian","Maksimaf"
"https://static-cdn.jtvnw.net/jtv_user_pictures/marwangaming-profile_image-53e7eff42fb9829d-150x150.jpeg?imenable=1&impolicy=user-profile-picture&imwidth=100","6188","MarwanGaming","14475","2280","14","5","24187","-26","170","true","true","English","MarwanGaming"
"https://static-cdn.jtvnw.net/jtv_user_pictures/45aacdb4-9b66-4356-a37e-afab63e48650-profile_image-150x150.png?imenable=1&impolicy=user-profile-picture&imwidth=100","6189","PDSdoto","118365","1005","248","117","24179","275","3421","true","false","Portuguese","PDSdoto"
"https://static-cdn.jtvnw.net/jtv_user_pictures/e0a5807d-b414-45c7-b105-de49dbbc50a9-profile_image-150x150.png?imenable=1&impolicy=user-profile-picture&imwidth=100","6190","CaptainPanez","42315","135","412","313","24178","112","988","true","false","Greek","CaptainPanez"
"https://static-cdn.jtvnw.net/jtv_user_pictures/47a47fca-9d20-4810-af52-138eec467f09-profile_image-150x150.png?imenable=1&impolicy=user-profile-picture&imwidth=100","6191","Wanjin","320460","4635","477","68","24147","165","6484","true","false","English","Wanjin"
"https://static-cdn.jtvnw.net/jtv_user_pictures/67d46a42-de5c-4ddf-a98c-13fd510734a1-profile_image-150x150.png?imenable=1&impolicy=user-profile-picture&imwidth=100","6192","Lucroan","4575","2880","8","1","24137","30","50","true","true","English","Lucroan"
"https://static-cdn.jtvnw.net/jtv_user_pictures/a_fortuna-profile_image-ed526637fa7910d4-150x150.jpeg?imenable=1&impolicy=user-profile-picture&imwidth=100","6193","A_fortuna","18120","540","82","33","24137","180","852","true","true","Russian","A_fortuna"
"https://static-cdn.jtvnw.net/jtv_user_pictures/7849704f-3273-4f3e-bbbe-f8f8e5327f72-profile_image-150x150.png?imenable=1&impolicy=user-profile-picture&imwidth=100","6194","劉小魚 (test40228)","104805","4665","71","21","24127","164","2514","true","true","Chinese","劉小魚 (test40228)"
"https://static-cdn.jtvnw.net/jtv_user_pictures/bcea8f0b-fe6a-4c01-bbdd-6d2ba404d45f-profile_image-150x150.png?imenable=1&impolicy=user-profile-picture&imwidth=100","6195","Guthen","156345","8385","133","18","24127","137","1110","false","false","Swedish","Guthen"
"https://static-cdn.jtvnw.net/jtv_user_pictures/817e8025-1e2a-4f45-b410-daa982b279e6-profile_image-150x150.png?imenable=1&impolicy=user-profile-picture&imwidth=100","6196","UpATreeZelda","127650","6150","103","20","24127","79","588","true","false","English","UpATreeZelda"
"https://static-cdn.jtvnw.net/jtv_user_pictures/kaitlinwitcher-profile_image-5638869852e0cc0b-150x150.jpeg?imenable=1&impolicy=user-profile-picture&imwidth=100","6197","KaitlinWitcher","32955","405","147","80","24125","883","1084","true","false","English","KaitlinWitcher"
"https://static-cdn.jtvnw.net/jtv_user_pictures/qualityplayer-profile_image-44a362c5654d8ca6-150x150.png?imenable=1&impolicy=user-profile-picture&imwidth=100","6198","QualityPlayer","26655","1050","61","25","24120","-129","381","true","true","English","QualityPlayer"
"https://static-cdn.jtvnw.net/jtv_user_pictures/3942a2d9-25f8-468a-be64-54d3ad4883e4-profile_image-150x150.jpg?imenable=1&impolicy=user-profile-picture&imwidth=100","6199","SgtRumpel","360465","915","553","393","24116","639","6423","true","true","German","SgtRumpel"
"https://static-cdn.jtvnw.net/jtv_user_pictures/clockwork-profile_image-99d15a5fa3bec189-150x150.png?imenable=1&impolicy=user-profile-picture&imwidth=100","6200","clockwork","172950","1785","206","96","24103","133","2023","true","false","English","clockwork"