"","","Channel","Watch time","Stream time","Peak viewers","Average viewers","Followers","Followers gained","Views gained","Partnered","Mature","Language",""
"https://static-cdn.jtvnw.net/jtv_user_pictures/c9dc54f4-b16c-425c-95b1-474e3ac04606-profile_image-150x150.png?imenable=1&impolicy=user-profile-picture&imwidth=100","72801","VirtualSportsNW","5100","3345","8","0","717","31","86","false","false","English","VirtualSportsNW"
"https://static-cdn.jtvnw.net/jtv_user_pictures/9b1ca0ac-d100-4c87-b627-d32257b3bc94-profile_image-150x150.png?imenable=1&impolicy=user-profile-picture&imwidth=100","72802","Gour204","2655","1350","7","1","717","5","15","false","true","English","Gour204"
"https://static-cdn.jtvnw.net/jtv_user_pictures/hugo4fun-profile_image-bf875e2e4c1b9e60-150x150.jpeg?imenable=1&impolicy=user-profile-picture&imwidth=100","72803","Hugo4fun","4860","690","14","6","717","6","97","false","false","Portuguese","Hugo4fun"
"https://static-cdn.jtvnw.net/jtv_user_pictures/3e830245-9ae8-4e09-911f-8e15ac9457cf-profile_image-150x150.png?imenable=1&impolicy=user-profile-picture&imwidth=100","72804","VooTV","630","390","4","1","717","-2","11","false","true","English","VooTV"
"https://static-cdn.jtvnw.net/jtv_user_pictures/aa01da7c-9632-4ff9-909b-e9cf37919568-profile_image-150x150.png?imenable=1&impolicy=user-profile-picture&imwidth=100","72805","Lokidjaja","1395","165","17","8","717","14","62","false","false","Russian","Lokidjaja"
"https://static-cdn.jtvnw.net/jtv_user_pictures/5ff8bd32-d1ce-45d7-b681-f83bdaaeec77-profile_image-150x150.png?imenable=1&impolicy=user-profile-picture&imwidth=100","72806","OdenTTV","45","15","3","3","717","0","0","false","true","English","OdenTTV"
"https://static-cdn.jtvnw.net/jtv_user_pictures/herecomesjoy-profile_image-95b54cc9ec446a2f-150x150.jpeg?imenable=1&impolicy=user-profile-picture&imwidth=100","72807","邪仔 (herecomesjoy)","9405","900","31","10","717","26","538","false","false","Chinese","邪仔 (herecomesjoy)"
"https://static-cdn.jtvnw.net/jtv_user_pictures/marchin2345-profile_image-bae0a02703c72991-150x150.jpeg?imenable=1&impolicy=user-profile-picture&imwidth=100","72808","Marchin2345","41085","1440","61","28","717","87","868","false","false","Chinese","Marchin2345"
"https://static-cdn.jtvnw.net/jtv_user_pictures/madbroth-profile_image-0574ea7eef099e87-150x150.jpeg?imenable=1&impolicy=user-profile-picture&imwidth=100","72809","Madbroth","4155","465","16","8","717","24","104","false","false","English","Madbroth"
"https://static-cdn.jtvnw.net/jtv_user_pictures/preludz-profile_image-5a967eeddb72fab6-150x150.jpeg?imenable=1&impolicy=user-profile-picture&imwidth=100","72810","Preludz","20340","3135","15","6","717","18","389","false","false","French","Preludz"
"https://static-cdn.jtvnw.net/jtv_user_pictures/0bb9ac56-be5c-4b63-bf28-f0af49b3def5-profile_image-150x150.png?imenable=1&impolicy=user-profile-picture&imwidth=100","72811","Shiibbyyy","266175","3360","1600","78","717","263","5530","false","true","English","Shiibbyyy"
"https://static-cdn.jtvnw.net/jtv_user_pictures/67784e7e-de63-4860-ac63-6fecec6f3bc6-profile_image-150x150.png?imenable=1&impolicy=user-profile-picture&imwidth=100","72812","VanQuisHERphx","720","690","4","0","717","4","2","false","false","English","VanQuisHERphx"
"https://static-cdn.jtvnw.net/jtv_user_pictures/c36c0008-3c84-42ed-96c4-56627ff3ef7b-profile_image-150x150.jpg?imenable=1&impolicy=user-profile-picture&imwidth=100","72813","mihailoff_tv","167430","1455","1530","114","717","521","1255","false","true","Russian","mihailoff_tv"
"https://static-cdn.jtvnw.net/user-default-pictures/cd618d3e-f14d-4960-b7cf-094231b04735-profile_image-150x150.jpg?imenable=1&impolicy=user-profile-picture&imwidth=100","72814","VeonApex","1545","960","4","1","717","-5178","49","false","false","English","VeonApex"
"https://static-cdn.jtvnw.net/jtv_user_pictures/8530ce62-c32d-4be2-913f-c4eb4dd9b1cf-profile_image-150x150.png?imenable=1&impolicy=user-profile-picture&imwidth=100","72815","Aysha_RB4K","2115","255","16","7","717","9","13","false","false","English","Aysha_RB4K"
"https://static-cdn.jtvnw.net/jtv_user_pictures/70a524a3-cc44-4a0d-b9a3-578c7a120e35-profile_image-150x150.png?imenable=1&impolicy=user-profile-picture&imwidth=100","72816","Snakerball","300","165","4","1","717","0","0","false","false","French","Snakerball"
"https://static-cdn.jtvnw.net/jtv_user_pictures/ceecbbb7-2967-42bc-bcce-a666fcc63c9f-profile_image-150x150.png?imenable=1&impolicy=user-profile-picture&imwidth=100","72817","quirkynametv","1020","60","20","17","717","1","-17","false","true","English","quirkynametv"
"https://static-cdn.jtvnw.net/jtv_user_pictures/70aed7e3-9c6c-4b1e-b48f-2f012fe0ce98-profile_image-150x150.png?imenable=1&impolicy=user-profile-picture&imwidth=100","72818","LateNightMoon","1350","660","5","1","717","-1","3","false","true","English","LateNightMoon"
"https://static-cdn.jtvnw.net/jtv_user_pictures/tl_wanted-profile_image-e386aaaa9e50a00b-150x150.png?imenable=1&impolicy=user-profile-picture&imwidth=100","72819","tL_Wanted","2880","2670","5","0","717","6","2","false","false","English","tL_Wanted"
"https://static-cdn.jtvnw.net/jtv_user_pictures/fd48b043-5e0f-45c1-932e-422611147905-profile_image-150x150.png?imenable=1&impolicy=user-profile-picture&imwidth=100","72820","桑田有樂 (jackwubear)","100815","15285","21","6","717","180","2365","false","false","Chinese","桑田有樂 (jackwubear)"
"https://static-cdn.jtvnw.net/jtv_user_pictures/a25c6e9a-62ed-431b-9786-a86d0f04511e-profile_image-150x150.png?imenable=1&impolicy=user-profile-picture&imwidth=100","72821","DeltaDaveTwitch","165","105","3","1","717","1","1","false","false","English","DeltaDaveTwitch"
"https://static-cdn.jtvnw.net/jtv_user_pictures/blackwidowcompany-profile_image-b3bda1495bd9cc44-150x150.png?imenable=1&impolicy=user-profile-picture&imwidth=100","72822","BlackWidowCompany","9915","2295","42","3","717","18","6076","false","true","English","BlackWidowCompany"
"https://static-cdn.jtvnw.net/jtv_user_pictures/thedream2532-profile_image-a407db166b4b6ee1-150x150.png?imenable=1&impolicy=user-profile-picture&imwidth=100","72823","TheDream2532","19590","5355","9","3","717","14","8","false","false","English","TheDream2532"
"https://static-cdn.jtvnw.net/jtv_user_pictures/anthonylous-profile_image-11071829c7a97d55-150x150.jpeg?imenable=1&impolicy=user-profile-picture&imwidth=100","72824","Anthonylous","90","45","4","2","717","0","5","false","true","English","Anthonylous"
"https://static-cdn.jtvnw.net/jtv_user_pictures/nargalek-profile_image-db9bcce9a5fc9826-150x150.jpeg?imenable=1&impolicy=user-profile-picture&imwidth=100","72825","Nargalek","27960","3885","18","6","717","62","393","false","true","Polish","Nargalek"
"https://static-cdn.jtvnw.net/jtv_user_pictures/caiozeon-profile_image-c3674f160c0c606a-150x150.jpeg?imenable=1&impolicy=user-profile-picture&imwidth=100","72826","CaioZeon","1770","390","8","4","716","2","93","false","false","English","CaioZeon"
"https://static-cdn.jtvnw.net/jtv_user_pictures/acf47cdf-1b3d-4256-ab26-1a1e1e440dc6-profile_image-150x150.png?imenable=1&impolicy=user-profile-picture&imwidth=100","72827","LeoNerdTv","8445","1770","10","4","716","51","176","false","true","German","LeoNerdTv"
"https://static-cdn.jtvnw.net/jtv_user_pictures/a3161153-c56a-456c-8652-b2568aa1645a-profile_image-150x150.png?imenable=1&impolicy=user-profile-picture&imwidth=100","72828","cglo24","0","135","0","0","716","0","0","false","false","English","cglo24"
"https://static-cdn.jtvnw.net/jtv_user_pictures/f88ee5f0-017a-4e92-8c2f-1393158df689-profile_image-150x150.png?imenable=1&impolicy=user-profile-picture&imwidth=100","72829","cera_cymmetry","0","45","1","0","716","0","0","false","false","English","cera_cymmetry"
"https://static-cdn.jtvnw.net/jtv_user_pictures/0d7d845d-381e-4b38-9692-2f7392c6881c-profile_image-150x150.png?imenable=1&impolicy=user-profile-picture&imwidth=100","72830","Medicinefox","30","15","2","2","716","0","0","false","true","German","Medicinefox"
"https://static-cdn.jtvnw.net/jtv_user_pictures/7eee85a4-10de-4117-8b49-c2d68d2f44ed-profile_image-150x150.png?imenable=1&impolicy=user-profile-picture&imwidth=100","72831","NordixTV","1665","405","7","3","716","4","8","false","true","Dutch","NordixTV"
"https://static-cdn.jtvnw.net/jtv_user_pictures/8160f5d3-f402-43ae-b812-d77473027dfa-profile_image-150x150.jpg?imenable=1&impolicy=user-profile-picture&imwidth=100","72832","KezaKB","630","210","6","2","716","0","0","false","false","English","KezaKB"
"https://static-cdn.jtvnw.net/jtv_user_pictures/ae35613f-69ce-4186-871a-36567faa2516-profile_image-150x150.jpg?imenable=1&impolicy=user-profile-picture&imwidth=100","72833","maroder40","240","210","4","0","716","1","25","false","true","Russian","maroder40"
"https://static-cdn.jtvnw.net/jtv_user_pictures/9c78e25a-12bc-466c-8686-b7d9fbce3a07-profile_image-150x150.png?imenable=1&impolicy=user-profile-picture&imwidth=100","72834","pariahplays","495","345","3","1","716","1","2","false","true","English","pariahplays"
"https://static-cdn.jtvnw.net/jtv_user_pictures/b84005ec-5818-4a63-8bc8-3510e46abea4-profile_image-150x150.jpg?imenable=1&impolicy=user-profile-picture&imwidth=100","72835","Raveness_Kitty","1665","255","12","6","716","6","45","false","false","English","Raveness_Kitty"
"https://static-cdn.jtvnw.net/jtv_user_pictures/feb0e6b3-c4c1-48f3-be61-8f13849e3911-profile_image-150x150.png?imenable=1&impolicy=user-profile-picture&imwidth=100","72836","Zombiehugz","1650","1140","10","0","716","5","12","false","true","English","Zombiehugz"
"https://static-cdn.jtvnw.net/jtv_user_pictures/residentemo-profile_image-3e5f5d0831d95b2e-150x150.jpeg?imenable=1&impolicy=user-profile-picture&imwidth=100","72837","ResidentEmo","90","45","4","2","716","1","1","false","true","English","ResidentEmo"
"https://static-cdn.jtvnw.net/jtv_user_pictures/vincentr1vera-profile_image-ec75bcd05026f065-150x150.jpeg?imenable=1&impolicy=user-profile-picture&imwidth=100","72838","VincentR1vera","0","30","1","0","716","0","0","false","true","English","VincentR1vera"
"https://static-cdn.jtvnw.net/jtv_user_pictures/14a0b90b-6902-471c-a2a2-e2802f35ac1a-profile_image-150x150.jpg?imenable=1&impolicy=user-profile-picture&imwidth=100","72839","Jassyman","765","480","7","1","716","1","6","false","false","English","Jassyman"
"https://static-cdn.jtvnw.net/jtv_user_pictures/e92c1cb0-7e8c-4971-8383-231549eecc52-profile_image-150x150.png?imenable=1&impolicy=user-profile-picture&imwidth=100","72840","Mumra2K","2985","1245","8","2","716","8","488","false","true","English","Mumra2K"
"https://static-cdn.jtvnw.net/jtv_user_pictures/6f7d8cbd-8f39-4699-b5a8-6978c649e7a8-profile_image-150x150.png?imenable=1&impolicy=user-profile-picture&imwidth=100","72841","ZanderZdenek","32880","5145","20","5","716","79","214","false","true","English","ZanderZdenek"
"https://static-cdn.jtvnw.net/jtv_user_pictures/8c855afb-331c-4217-9d65-4ac470644bc1-profile_image-150x150.png?imenable=1&impolicy=user-profile-picture&imwidth=100","72842","conPolar","1425","555","5","2","716","4","12","false","false","English","conPolar"
"https://static-cdn.jtvnw.net/jtv_user_pictures/lanmissouri-profile_image-e16e7f08ce12e6a2-150x150.jpeg?imenable=1&impolicy=user-profile-picture&imwidth=100","72843","LANmissouri","10170","5685","9","1","716","16","24","false","true","English","LANmissouri"
"https://static-cdn.jtvnw.net/jtv_user_pictures/adb7dc4b-ede8-4347-af79-9b8155de5722-profile_image-150x150.png?imenable=1&impolicy=user-profile-picture&imwidth=100","72844","JustWeird","7350","1605","13","4","716","166","27","false","true","English","JustWeird"
"https://static-cdn.jtvnw.net/jtv_user_pictures/fea94d422cc2833d-profile_image-150x150.png?imenable=1&impolicy=user-profile-picture&imwidth=100","72845","gpluzern","10890","2505","18","3","716","16","162","false","true","German","gpluzern"
"https://static-cdn.jtvnw.net/jtv_user_pictures/88b8a9e0-1acc-4e7c-ad3d-e99007afe5e9-profile_image-150x150.png?imenable=1&impolicy=user-profile-picture&imwidth=100","72846","UncleRoody","2475","1125","24","1","716","26","71","false","false","Russian","UncleRoody"
"https://static-cdn.jtvnw.net/jtv_user_pictures/ryvz-profile_image-80bc89ac55a813d9-150x150.jpeg?imenable=1&impolicy=user-profile-picture&imwidth=100","72847","RyVz","195","165","2","1","716","0","1","false","true","English","RyVz"
"https://static-cdn.jtvnw.net/jtv_user_pictures/62fbdc14-bf3c-4954-89bb-43cdc1cc8aab-profile_image-150x150.png?imenable=1&impolicy=user-profile-picture&imwidth=100","72848","TREX1N","25485","5610","13","3","716","28","34","false","false","English","TREX1N"
"https://static-cdn.jtvnw.net/jtv_user_pictures/fca6dfed-8edf-4a1c-a79f-49e32c859670-profile_image-150x150.png?imenable=1&impolicy=user-profile-picture&imwidth=100","72849","JBrazza","5730","1125","11","4","716","6","96","false","false","French","JBrazza"
"https://static-cdn.jtvnw.net/jtv_user_pictures/apprasiongift-profile_image-a0a8b63ba73ecb2b-150x150.jpeg?imenable=1&impolicy=user-profile-picture&imwidth=100","72850","ApprasionGift","6495","2295","10","2","716","51","17","false","false","English","ApprasionGift"
"https://static-cdn.jtvnw.net/jtv_user_pictures/47878b0f-9b2c-4e95-ad2d-b37c804941be-profile_image-150x150.png?imenable=1&impolicy=user-profile-picture&imwidth=100","72851","bobbybob__","30","255","1","0","716","0","0","false","true","English","bobbybob__"
"https://static-cdn.jtvnw.net/jtv_user_pictures/adrienwalls-profile_image-9b5f9c7b82eb662f-150x150.jpeg?imenable=1&impolicy=user-profile-picture&imwidth=100","72852","adrienwalls","15","15","1","1","716","0","0","false","false","English","adrienwalls"
"https://static-cdn.jtvnw.net/jtv_user_pictures/4902ecc3-6c74-4a0c-a5ed-76dcbab9e98c-profile_image-150x150.png?imenable=1&impolicy=user-profile-picture&imwidth=100","72853","Poogie_Carrier","2025","780","6","2","716","4","18","false","true","English","Poogie_Carrier"
"https://static-cdn.jtvnw.net/jtv_user_pictures/patrickdj1994-profile_image-e3dfb6cd771c4269-150x150.jpeg?imenable=1&impolicy=user-profile-picture&imwidth=100","72854","PatrickDJ1994","480","255","4","1","716","3","14","false","true","English","PatrickDJ1994"
"https://static-cdn.jtvnw.net/jtv_user_pictures/3f732310-55e2-4c40-a8bb-e93855a0e653-profile_image-150x150.png?imenable=1&impolicy=user-profile-picture&imwidth=100","72855","MsDivineEffect","345","360","2","0","716","0","13","false","true","English","MsDivineEffect"
"https://static-cdn.jtvnw.net/jtv_user_pictures/kopito-profile_image-a23085e0722b06cc-150x150.png?imenable=1&impolicy=user-profile-picture&imwidth=100","72856","kopito","2505","180","21","13","716","19","100","false","false","Portuguese","kopito"
"https://static-cdn.jtvnw.net/jtv_user_pictures/riqper-profile_image-e9c813c37f5b1444-150x150.png?imenable=1&impolicy=user-profile-picture&imwidth=100","72857","riqper","2790","960","9","2","716","-417","80","false","true","German","riqper"
"https://static-cdn.jtvnw.net/jtv_user_pictures/91ac007c-6e9d-4a3f-b9c9-1feff9213801-profile_image-150x150.png?imenable=1&impolicy=user-profile-picture&imwidth=100","72858","BuckshotAlin","6285","975","14","6","716","53","406","false","false","Romanian","BuckshotAlin"
"https://static-cdn.jtvnw.net/jtv_user_pictures/mv11-profile_image-53a082fcd528262a-150x150.jpeg?imenable=1&impolicy=user-profile-picture&imwidth=100","72859","mv11","3960","525","16","7","716","30","60","false","false","Norwegian","mv11"
"https://static-cdn.jtvnw.net/jtv_user_pictures/theriftwalker-profile_image-6ec6f522033c60b8-150x150.png?imenable=1&impolicy=user-profile-picture&imwidth=100","72860","TheRiftwalker","18855","2745","14","6","716","11","55","false","true","English","TheRiftwalker"
"https://static-cdn.jtvnw.net/jtv_user_pictures/yokosync-profile_image-b587432e2e0a2370-150x150.png?imenable=1&impolicy=user-profile-picture&imwidth=100","72861","yokosync","11550","3090","29","3","716","88","170","false","false","Dutch","yokosync"
"https://static-cdn.jtvnw.net/jtv_user_pictures/bd10994f-9e8a-4b85-b5c4-d3b4e3c4e876-profile_image-150x150.png?imenable=1&impolicy=user-profile-picture&imwidth=100","72862","CryyXn","7170","2160","21","2","716","64","52","false","false","Danish","CryyXn"
"https://static-cdn.jtvnw.net/jtv_user_pictures/8a45e89e-03c9-4d24-b142-d4ee572a11fa-profile_image-150x150.png?imenable=1&impolicy=user-profile-picture&imwidth=100","72863","orenji_sama","37245","4080","47","8","716","47","2249","false","false","Russian","orenji_sama"
"https://static-cdn.jtvnw.net/jtv_user_pictures/roostermisfit-profile_image-986f5223dbe1c32a-150x150.png?imenable=1&impolicy=user-profile-picture&imwidth=100","72864","RoosterMisfit","3750","3780","6","0","716","28","93","false","false","English","RoosterMisfit"
"https://static-cdn.jtvnw.net/jtv_user_pictures/8358855e19f4aa14-profile_image-150x150.jpeg?imenable=1&impolicy=user-profile-picture&imwidth=100","72865","Arylea","36510","4485","22","7","716","141","511","false","true","English","Arylea"
"https://static-cdn.jtvnw.net/jtv_user_pictures/spimort-profile_image-10d324be6c3a8990-150x150.png?imenable=1&impolicy=user-profile-picture&imwidth=100","72866","spimort","45","45","1","1","716","0","0","false","false","French","spimort"
"https://static-cdn.jtvnw.net/jtv_user_pictures/masentaja_-profile_image-a863a0bf2cf7552b-150x150.jpeg?imenable=1&impolicy=user-profile-picture&imwidth=100","72867","Masentaja_","31905","2730","23","11","716","34","195","false","true","Finnish","Masentaja_"
"https://static-cdn.jtvnw.net/jtv_user_pictures/cb4841b2-8ec0-4145-9409-07b99a1d931d-profile_image-150x150.png?imenable=1&impolicy=user-profile-picture&imwidth=100","72868","thekingcanabis","870","615","5","1","716","3","45","false","false","English","thekingcanabis"
"https://static-cdn.jtvnw.net/jtv_user_pictures/theothersamb-profile_image-aac29d49e4d3ded7-150x150.png?imenable=1&impolicy=user-profile-picture&imwidth=100","72869","TheOtherSamB","10125","2520","24","3","716","0","74","false","true","English","TheOtherSamB"
"https://static-cdn.jtvnw.net/jtv_user_pictures/ghostlystrje-profile_image-68b04a5c8af49037-150x150.jpeg?imenable=1&impolicy=user-profile-picture&imwidth=100","72870","ghostlystrje","2025","330","18","5","716","29","82","false","false","Bulgarian","ghostlystrje"
"https://static-cdn.jtvnw.net/jtv_user_pictures/6fed42b6-e9ce-4b4f-b4f8-ad89b5333b7b-profile_image-150x150.png?imenable=1&impolicy=user-profile-picture&imwidth=100","72871","potty200","7965","360","60","21","716","-768","58","false","false","English","potty200"
"https://static-cdn.jtvnw.net/jtv_user_pictures/bfc93f03-eda8-46ec-8437-1db16543be9b-profile_image-150x150.png?imenable=1&impolicy=user-profile-picture&imwidth=100","72872","Nerodus","6765","3465","6","1","716","4","78","false","true","German","Nerodus"
"https://static-cdn.jtvnw.net/jtv_user_pictures/3ae7c3d4-4df5-4723-878e-10e0543fa29d-profile_image-150x150.png?imenable=1&impolicy=user-profile-picture&imwidth=100","72873","ohlookpingu","6345","1440","39","3","716","-76","73","false","false","English","ohlookpingu"
"https://static-cdn.jtvnw.net/jtv_user_pictures/bjarnewarg-profile_image-b03859c56a588bf1-150x150.jpeg?imenable=1&impolicy=user-profile-picture&imwidth=100","72874","BjarneWarg","2220","870","10","2","716","14","20","false","true","English","BjarneWarg"
"https://static-cdn.jtvnw.net/jtv_user_pictures/78939c40-9203-40c4-8dea-c6413dfd5696-profile_image-150x150.png?imenable=1&impolicy=user-profile-picture&imwidth=100","72875","BuddySinister","3870","1530","14","2","716","11","13","false","true","English","BuddySinister"
"https://static-cdn.jtvnw.net/jtv_user_pictures/859f0c89-b47b-45d4-80b4-d2ed81cfe56c-profile_image-150x150.png?imenable=1&impolicy=user-profile-picture&imwidth=100","72876","Infected_Beauty","195","30","8","6","716","-5","1","false","false","English","Infected_Beauty"
"https://static-cdn.jtvnw.net/jtv_user_pictures/managersv-profile_image-2ceafff51969bb72-150x150.png?imenable=1&impolicy=user-profile-picture&imwidth=100","72877","ManagerSV","17295","4725","36","3","716","14","397","false","false","Russian","ManagerSV"
"https://static-cdn.jtvnw.net/jtv_user_pictures/eaa19391-1986-43d6-9ac0-7aba2c83a50f-profile_image-150x150.jpg?imenable=1&impolicy=user-profile-picture&imwidth=100","72878","Dashedul","4140","2355","9","1","716","27","264","false","true","Turkish","Dashedul"
"https://static-cdn.jtvnw.net/jtv_user_pictures/3d455492-4f54-49d8-9108-8bf5a0d7eae6-profile_image-150x150.png?imenable=1&impolicy=user-profile-picture&imwidth=100","72879","Cybax","30","30","1","1","716","0","0","false","false","English","Cybax"
"https://static-cdn.jtvnw.net/jtv_user_pictures/heimerswinger-profile_image-1b969261dc94b74f-150x150.jpeg?imenable=1&impolicy=user-profile-picture&imwidth=100","72880","Heimerswinger","26280","795","112","32","715","231","683","false","false","German","Heimerswinger"
"https://static-cdn.jtvnw.net/jtv_user_pictures/mattymcfly101-profile_image-d5a2d26d128f3d10-150x150.png?imenable=1&impolicy=user-profile-picture&imwidth=100","72881","MattyMcfly101","1365","1470","9","0","715","-2","5","false","true","English","MattyMcfly101"
"https://static-cdn.jtvnw.net/jtv_user_pictures/5772a5b65676a2e6-profile_image-150x150.jpeg?imenable=1&impolicy=user-profile-picture&imwidth=100","72882","gottantv","2235","810","9","2","715","4","89","false","false","Spanish","gottantv"
"https://static-cdn.jtvnw.net/jtv_user_pictures/lucindattv-profile_image-6dab7a13cc9646bf-150x150.jpeg?imenable=1&impolicy=user-profile-picture&imwidth=100","72883","LucindaTTV","75","45","4","1","715","0","0","false","true","English","LucindaTTV"
"https://static-cdn.jtvnw.net/jtv_user_pictures/571cf6ccb5a9ccc8-profile_image-150x150.png?imenable=1&impolicy=user-profile-picture&imwidth=100","72884","Kappa2Hero","435","375","2","1","715","0","1","false","false","Dutch","Kappa2Hero"
"https://static-cdn.jtvnw.net/jtv_user_pictures/ecb241cef72f43fd-profile_image-150x150.jpeg?imenable=1&impolicy=user-profile-picture&imwidth=100","72885","JessicaHeerenVisualArtist","6630","1005","12","6","715","27","167","false","false","English","JessicaHeerenVisualArtist"
"https://static-cdn.jtvnw.net/jtv_user_pictures/urmom_69-profile_image-9fd3a3b6e4c37b1d-150x150.png?imenable=1&impolicy=user-profile-picture&imwidth=100","72886","urmom_69","1140","165","10","6","715","4","1","false","true","English","urmom_69"
"https://static-cdn.jtvnw.net/jtv_user_pictures/brendii7-profile_image-56e1fc4f43bcbb01-150x150.jpeg?imenable=1&impolicy=user-profile-picture&imwidth=100","72887","Brendii7","210","60","5","3","715","0","0","false","false","Spanish","Brendii7"
"https://static-cdn.jtvnw.net/jtv_user_pictures/b2b80b50-7453-46fc-917a-79eb586f6bac-profile_image-150x150.png?imenable=1&impolicy=user-profile-picture&imwidth=100","72888","WhiteBoyGamer01","0","15","0","0","715","0","0","false","false","English","WhiteBoyGamer01"
"https://static-cdn.jtvnw.net/jtv_user_pictures/78cb9aee-fd11-473c-8e11-38b409292ac5-profile_image-150x150.png?imenable=1&impolicy=user-profile-picture&imwidth=100","72889","MaDSkiLLxTTv","810","555","3","1","715","4","18","false","true","English","MaDSkiLLxTTv"
"https://static-cdn.jtvnw.net/jtv_user_pictures/overcooler-profile_image-c3db1cd1c7087b96-150x150.png?imenable=1&impolicy=user-profile-picture&imwidth=100","72890","overcooler","150","210","3","0","715","0","0","false","true","Hungarian","overcooler"
"https://static-cdn.jtvnw.net/jtv_user_pictures/komorek94-profile_image-45f073e0ecb53d56-150x150.jpeg?imenable=1&impolicy=user-profile-picture&imwidth=100","72891","Komorek94","4350","690","16","5","715","24","62","false","true","Polish","Komorek94"
"https://static-cdn.jtvnw.net/jtv_user_pictures/113b48e6-4881-4a84-bbb5-29c990887f9c-profile_image-150x150.png?imenable=1&impolicy=user-profile-picture&imwidth=100","72892","MrNipsul1","2970","750","7","3","715","4","12","false","false","Finnish","MrNipsul1"
"https://static-cdn.jtvnw.net/jtv_user_pictures/jasaiku-profile_image-7e16db21e7575fa8-150x150.png?imenable=1&impolicy=user-profile-picture&imwidth=100","72893","Jasaiku","3345","2685","6","1","715","5","5","false","false","English","Jasaiku"
"https://static-cdn.jtvnw.net/jtv_user_pictures/apexraiden-profile_image-e4cee9aa8f9a37d9-150x150.jpeg?imenable=1&impolicy=user-profile-picture&imwidth=100","72894","apexRaiden","45","60","1","0","715","0","0","false","true","English","apexRaiden"
"https://static-cdn.jtvnw.net/jtv_user_pictures/72d5dcd6-5dd3-42f3-b8af-9a51a8fa440f-profile_image-150x150.png?imenable=1&impolicy=user-profile-picture&imwidth=100","72895","katiexsullivan","630","300","7","1","715","2","3","false","true","English","katiexsullivan"
"https://static-cdn.jtvnw.net/jtv_user_pictures/74ab06d5-cd8a-421d-849f-063a2ed54ff7-profile_image-150x150.png?imenable=1&impolicy=user-profile-picture&imwidth=100","72896","JediGow","990","555","5","1","715","1","10","false","false","English","JediGow"
"https://static-cdn.jtvnw.net/jtv_user_pictures/mrwfranklin-profile_image-4b63c6f6685f1cdc-150x150.png?imenable=1&impolicy=user-profile-picture&imwidth=100","72897","MrWFranklin","7005","4050","8","1","715","45","571","false","true","English","MrWFranklin"
"https://static-cdn.jtvnw.net/jtv_user_pictures/6ecf2ce6-b2ad-4c78-864b-a256559abfec-profile_image-150x150.jpg?imenable=1&impolicy=user-profile-picture&imwidth=100","72898","Zelwood","13560","2205","26","5","715","13","50","false","false","English","Zelwood"
"https://static-cdn.jtvnw.net/jtv_user_pictures/8fc4a567-54b8-4673-a5e7-489b340a4e03-profile_image-150x150.png?imenable=1&impolicy=user-profile-picture&imwidth=100","72899","Low_Budget_Streams","88605","15510","22","5","715","18","619","false","true","English","Low_Budget_Streams"
"https://static-cdn.jtvnw.net/jtv_user_pictures/0b188daa-712d-45f7-9368-03334bdce7ba-profile_image-150x150.png?imenable=1&impolicy=user-profile-picture&imwidth=100","72900","ItsWonderPhil","180","240","1","0","715","0","1","false","false","English","ItsWonderPhil"