"","","Channel","Watch time","Stream time","Peak viewers","Average viewers","Followers","Followers gained","Views gained","Partnered","Mature","Language",""
"https://static-cdn.jtvnw.net/jtv_user_pictures/thepanzermagier-profile_image-2ecaacec0ad98302-150x150.jpeg?imenable=1&impolicy=user-profile-picture&imwidth=100","57301","ThePanzerMagier","14325","3000","21","4","1066","21","285","false","false","English","ThePanzerMagier"
"https://static-cdn.jtvnw.net/jtv_user_pictures/4c76fc85-e42f-43dc-8e8d-2d72aa583bc2-profile_image-150x150.jpg?imenable=1&impolicy=user-profile-picture&imwidth=100","57302","Bazary","4800","1650","10","2","1066","33","85","false","false","English","Bazary"
"https://static-cdn.jtvnw.net/jtv_user_pictures/7cda6fde-84cf-4c09-8648-1f77c8d3227b-profile_image-150x150.png?imenable=1&impolicy=user-profile-picture&imwidth=100","57303","AranelGG","555","255","4","2","1066","0","22","false","true","Russian","AranelGG"
"https://static-cdn.jtvnw.net/jtv_user_pictures/purplemiku-profile_image-ebc6a20976ba2109-150x150.png?imenable=1&impolicy=user-profile-picture&imwidth=100","57304","PurpleMiku","19440","3435","18","5","1066","104","358","false","false","English","PurpleMiku"
"https://static-cdn.jtvnw.net/jtv_user_pictures/qwerty9700-profile_image-223b56334e4db191-150x150.jpeg?imenable=1&impolicy=user-profile-picture&imwidth=100","57305","Qwerty9700","77055","6645","67","11","1066","94","542","false","false","English","Qwerty9700"
"https://static-cdn.jtvnw.net/jtv_user_pictures/nwk_medic-profile_image-13720c3e625f8545-150x150.png?imenable=1&impolicy=user-profile-picture&imwidth=100","57306","nwk_MEDIC","8415","315","38","26","1066","30","59","false","false","English","nwk_MEDIC"
"https://static-cdn.jtvnw.net/jtv_user_pictures/vouxxx-profile_image-f5f5e666bbb324cf-150x150.jpeg?imenable=1&impolicy=user-profile-picture&imwidth=100","57307","vouxxx","4110","945","9","4","1066","1","19","false","false","Russian","vouxxx"
"https://static-cdn.jtvnw.net/jtv_user_pictures/50485389-5277-43b8-9dc5-08bbd50bb6ec-profile_image-150x150.jpg?imenable=1&impolicy=user-profile-picture&imwidth=100","57308","WGPavell","13215","540","59","24","1066","68","789","false","false","Russian","WGPavell"
"https://static-cdn.jtvnw.net/jtv_user_pictures/74ab86549873eb28-profile_image-150x150.png?imenable=1&impolicy=user-profile-picture&imwidth=100","57309","EleMental_TV_","24165","4455","152","4","1066","205","900","false","false","English","EleMental_TV_"
"https://static-cdn.jtvnw.net/ttv-boxart/404_boxart.png?imenable=1&impolicy=user-profile-picture&imwidth=100","57310","m4rk3l","88740","9810","56","8","1066","-302","1538","false","false","Russian","m4rk3l"
"https://static-cdn.jtvnw.net/jtv_user_pictures/530f1bef-534e-429b-b42d-a44e6bce8746-profile_image-150x150.jpg?imenable=1&impolicy=user-profile-picture&imwidth=100","57311","n8iv22","180","630","2","0","1066","1","5","false","false","English","n8iv22"
"https://static-cdn.jtvnw.net/jtv_user_pictures/42e98de0-8f23-46b1-a7be-28ef9cc84458-profile_image-150x150.png?imenable=1&impolicy=user-profile-picture&imwidth=100","57312","TheUnprofessionalGamerTV","2535","1875","7","1","1066","-1","36","false","true","English","TheUnprofessionalGamerTV"
"https://static-cdn.jtvnw.net/jtv_user_pictures/yuikita-profile_image-dd3d39998ab9d9c5-150x150.png?imenable=1&impolicy=user-profile-picture&imwidth=100","57313","Yuikita","285","75","4","3","1066","1","23","false","false","Portuguese","Yuikita"
"https://static-cdn.jtvnw.net/jtv_user_pictures/tryhardswelcome-profile_image-30535deab6ce7e1c-150x150.png?imenable=1&impolicy=user-profile-picture&imwidth=100","57314","TryHardsWelcome","120","195","3","0","1066","3","0","false","false","English","TryHardsWelcome"
"https://static-cdn.jtvnw.net/jtv_user_pictures/microlofthd-profile_image-87d6018b6e98f529-150x150.png?imenable=1&impolicy=user-profile-picture&imwidth=100","57315","MicroloftHD","8745","405","47","21","1066","16","126","false","false","Swedish","MicroloftHD"
"https://static-cdn.jtvnw.net/jtv_user_pictures/cd3afee4-cb9d-46f9-bbf0-a77c2dc0fe32-profile_image-150x150.jpg?imenable=1&impolicy=user-profile-picture&imwidth=100","57316","criticalreroll","17715","735","47","23","1066","35","279","false","true","English","criticalreroll"
"https://static-cdn.jtvnw.net/jtv_user_pictures/fltltbardock-profile_image-e004a7ae8b09fe4c-150x150.png?imenable=1&impolicy=user-profile-picture&imwidth=100","57317","FltLtBardock","1305","525","7","2","1066","2","3","false","false","English","FltLtBardock"
"https://static-cdn.jtvnw.net/jtv_user_pictures/theoz2z-profile_image-61020e363e23723a-150x150.jpeg?imenable=1&impolicy=user-profile-picture&imwidth=100","57318","Theoz2z","53130","4665","25","10","1066","106","2004","false","false","Other","Theoz2z"
"https://static-cdn.jtvnw.net/jtv_user_pictures/183f48fb5d916652-profile_image-150x150.png?imenable=1&impolicy=user-profile-picture&imwidth=100","57319","iswaeezy","165","75","7","2","1066","-7","0","false","false","French","iswaeezy"
"https://static-cdn.jtvnw.net/jtv_user_pictures/oreeginal-profile_image-a056f42836dce4b7-150x150.jpeg?imenable=1&impolicy=user-profile-picture&imwidth=100","57320","OreeginaL","34245","5640","16","5","1066","150","82","false","false","","OreeginaL"
"https://static-cdn.jtvnw.net/jtv_user_pictures/leftyrofl-profile_image-459df4922e6be378-150x150.jpeg?imenable=1&impolicy=user-profile-picture&imwidth=100","57321","LeftyROFL","240","150","3","1","1066","0","6","false","true","English","LeftyROFL"
"https://static-cdn.jtvnw.net/jtv_user_pictures/8ab9e8ec-7753-49f2-97a1-c7f764ef6bd8-profile_image-150x150.png?imenable=1&impolicy=user-profile-picture&imwidth=100","57322","ITS_Eclipse","1950","1035","5","1","1066","3","21","false","true","English","ITS_Eclipse"
"https://static-cdn.jtvnw.net/jtv_user_pictures/758ec31b-86f6-431d-a66c-5daf0c42b4e6-profile_image-150x150.png?imenable=1&impolicy=user-profile-picture&imwidth=100","57323","Beerculeess","9300","735","29","12","1066","54","73","false","false","English","Beerculeess"
"https://static-cdn.jtvnw.net/jtv_user_pictures/khael404-profile_image-891764ae4134239d-150x150.jpeg?imenable=1&impolicy=user-profile-picture&imwidth=100","57324","khael404","405","315","3","1","1066","-34","10","false","false","English","khael404"
"https://static-cdn.jtvnw.net/jtv_user_pictures/3d3f04d0-7703-4973-a9bc-6cb714e3acff-profile_image-150x150.png?imenable=1&impolicy=user-profile-picture&imwidth=100","57325","CleClark","13905","3750","15","3","1066","11","56","false","false","English","CleClark"
"https://static-cdn.jtvnw.net/jtv_user_pictures/thefifawagerking-profile_image-1ebf60273f4d818e-150x150.png?imenable=1&impolicy=user-profile-picture&imwidth=100","57326","TheFifaWagerKing","15","15","1","1","1066","0","0","false","false","English","TheFifaWagerKing"
"https://static-cdn.jtvnw.net/jtv_user_pictures/druoxtheshredder-profile_image-c6f9eee0ca4c36c9-150x150.png?imenable=1&impolicy=user-profile-picture&imwidth=100","57327","Druoxtheshredder","2070","375","8","4","1066","6","34","false","true","English","Druoxtheshredder"
"https://static-cdn.jtvnw.net/jtv_user_pictures/859622da-6e54-4855-a1b8-edae5e8979c3-profile_image-150x150.png?imenable=1&impolicy=user-profile-picture&imwidth=100","57328","OptiPoly","30","75","1","0","1065","0","0","false","true","English","OptiPoly"
"https://static-cdn.jtvnw.net/jtv_user_pictures/b9ddd58c-6d07-4441-864f-440bd0b9abb5-profile_image-150x150.png?imenable=1&impolicy=user-profile-picture&imwidth=100","57329","Medaglia_","2970","1770","4","1","1065","5","180","false","true","Portuguese","Medaglia_"
"https://static-cdn.jtvnw.net/jtv_user_pictures/6ac382d5-ea2a-4d12-bd71-e238160386e5-profile_image-150x150.png?imenable=1&impolicy=user-profile-picture&imwidth=100","57330","JTT3","15","30","1","0","1065","0","0","false","false","English","JTT3"
"https://static-cdn.jtvnw.net/jtv_user_pictures/g0nick_official-profile_image-d0ddcf6d1f8903f4-150x150.jpeg?imenable=1&impolicy=user-profile-picture&imwidth=100","57331","g0nick_official","12315","3045","89","3","1065","65","399","false","true","","g0nick_official"
"https://static-cdn.jtvnw.net/jtv_user_pictures/2a8d1c4e-7ec9-4a27-bde5-cc9eeb04c23e-profile_image-150x150.png?imenable=1&impolicy=user-profile-picture&imwidth=100","57332","cyberlegionsnax","30","30","2","1","1065","0","3","false","false","English","cyberlegionsnax"
"https://static-cdn.jtvnw.net/jtv_user_pictures/6a78b6ca-7611-40c6-8af6-2baed964e83d-profile_image-150x150.png?imenable=1&impolicy=user-profile-picture&imwidth=100","57333","MLSOSICK","0","60","0","0","1065","0","0","false","true","English","MLSOSICK"
"https://static-cdn.jtvnw.net/jtv_user_pictures/hash_brownz-profile_image-d6537ac338f1fc7a-150x150.png?imenable=1&impolicy=user-profile-picture&imwidth=100","57334","hash_brownz","8985","405","31","21","1065","-17","11","false","false","English","hash_brownz"
"https://static-cdn.jtvnw.net/jtv_user_pictures/e3f84ed1-a285-4006-95c3-fac1b2fd5f0b-profile_image-150x150.png?imenable=1&impolicy=user-profile-picture&imwidth=100","57335","VandeX495","7830","3015","8","2","1065","23","220","false","false","English","VandeX495"
"https://static-cdn.jtvnw.net/jtv_user_pictures/87863ea7-383e-4c03-940d-5ac650837f8d-profile_image-150x150.png?imenable=1&impolicy=user-profile-picture&imwidth=100","57336","Matchbr","3195","585","12","5","1065","16","44","false","false","Portuguese","Matchbr"
"https://static-cdn.jtvnw.net/jtv_user_pictures/mba_gaming-profile_image-0c65959b7316d4f7-150x150.png?imenable=1&impolicy=user-profile-picture&imwidth=100","57337","MBA_GAMING","17880","390","129","45","1065","24","133","false","false","English","MBA_GAMING"
"https://static-cdn.jtvnw.net/jtv_user_pictures/5d20bea2-b46c-493e-8e56-1e3d4af8e2f2-profile_image-150x150.png?imenable=1&impolicy=user-profile-picture&imwidth=100","57338","PlanetPATRICK","540","465","3","0","1065","4","7","false","false","English","PlanetPATRICK"
"https://static-cdn.jtvnw.net/jtv_user_pictures/f463ec6b-58b3-4f2c-bcf1-baf13ebd53af-profile_image-150x150.png?imenable=1&impolicy=user-profile-picture&imwidth=100","57339","BakersGoods","8370","750","39","11","1065","5","59","false","true","English","BakersGoods"
"https://static-cdn.jtvnw.net/jtv_user_pictures/iluffhomer-profile_image-a047a868406a8c0d-150x150.jpeg?imenable=1&impolicy=user-profile-picture&imwidth=100","57340","iLuffhomer","24525","3555","30","6","1065","58","375","false","true","English","iLuffhomer"
"https://static-cdn.jtvnw.net/jtv_user_pictures/02034898-0070-4565-92e5-43a3ff86f9e2-profile_image-150x150.png?imenable=1&impolicy=user-profile-picture&imwidth=100","57341","TroyzTV","90","90","2","1","1065","0","38","false","true","Russian","TroyzTV"
"https://static-cdn.jtvnw.net/jtv_user_pictures/bizzador-profile_image-7bcc387f52c08015-150x150.jpeg?imenable=1&impolicy=user-profile-picture&imwidth=100","57342","bizzador","780","1965","3","0","1065","1","38","false","true","English","bizzador"
"https://static-cdn.jtvnw.net/jtv_user_pictures/roidrrage-profile_image-2b42d3a19fcb0eb1-150x150.jpeg?imenable=1&impolicy=user-profile-picture&imwidth=100","57343","Roidrrage","0","135","1","0","1065","-2","2","false","true","English","Roidrrage"
"https://static-cdn.jtvnw.net/jtv_user_pictures/479e345a-0c5d-4bcc-8b91-b7ec3676f9d4-profile_image-150x150.png?imenable=1&impolicy=user-profile-picture&imwidth=100","57344","cammdenns","30","15","2","2","1065","0","0","false","false","English","cammdenns"
"https://static-cdn.jtvnw.net/jtv_user_pictures/dejackofhearts-profile_image-7731ba0f1f19d23f-150x150.jpeg?imenable=1&impolicy=user-profile-picture&imwidth=100","57345","DeJackOfHearts","345","315","3","0","1065","-2","14","false","false","English","DeJackOfHearts"
"https://static-cdn.jtvnw.net/jtv_user_pictures/8fd683ab-0eea-497e-b5f3-9aec0d38b071-profile_image-150x150.png?imenable=1&impolicy=user-profile-picture&imwidth=100","57346","Pixel_Parasite","4725","1365","8","2","1065","4","32","false","false","English","Pixel_Parasite"
"https://static-cdn.jtvnw.net/user-default-pictures-uv/294c98b5-e34d-42cd-a8f0-140b72fba9b0-profile_image-150x150.png?imenable=1&impolicy=user-profile-picture&imwidth=100","57347","Ggari1205","10110","3015","22","2","1065","1","115","false","false","English","Ggari1205"
"https://static-cdn.jtvnw.net/jtv_user_pictures/3e2163f2-5e90-41cf-b1ac-274a19842338-profile_image-150x150.png?imenable=1&impolicy=user-profile-picture&imwidth=100","57348","Yoshii_FR","11220","4140","8","2","1065","52","256","false","false","French","Yoshii_FR"
"https://static-cdn.jtvnw.net/jtv_user_pictures/agonizt-profile_image-86727ebde5d07e4f-150x150.jpeg?imenable=1&impolicy=user-profile-picture&imwidth=100","57349","Agonizt","112110","5355","40","20","1065","72","765","false","true","Swedish","Agonizt"
"https://static-cdn.jtvnw.net/jtv_user_pictures/heybeegirl-profile_image-9bdebe94638d5fa5-150x150.jpeg?imenable=1&impolicy=user-profile-picture&imwidth=100","57350","HeyBeeGirl","600","60","13","10","1065","0","-1","false","false","English","HeyBeeGirl"
"https://static-cdn.jtvnw.net/jtv_user_pictures/6f90d5a5-e03d-4ae2-8352-a2bc94a5c56d-profile_image-150x150.png?imenable=1&impolicy=user-profile-picture&imwidth=100","57351","Sisakii","23835","1140","56","20","1065","48","746","false","false","Portuguese","Sisakii"
"https://static-cdn.jtvnw.net/jtv_user_pictures/muffy_supergosu-profile_image-a94f7b77f1400874-150x150.jpeg?imenable=1&impolicy=user-profile-picture&imwidth=100","57352","Muffy_SuperGosu","24495","1335","67","17","1065","15","354","false","false","English","Muffy_SuperGosu"
"https://static-cdn.jtvnw.net/jtv_user_pictures/valechippa-profile_image-9301f57f8ef7ed6b-150x150.jpeg?imenable=1&impolicy=user-profile-picture&imwidth=100","57353","Valechippa","5400","1635","10","3","1065","5","41","false","true","English","Valechippa"
"https://static-cdn.jtvnw.net/jtv_user_pictures/hir0ky-profile_image-7b189962e40451cf-150x150.png?imenable=1&impolicy=user-profile-picture&imwidth=100","57354","hir0ky","9465","3030","14","2","1065","22","343","false","false","Spanish","hir0ky"
"https://static-cdn.jtvnw.net/jtv_user_pictures/kloem32-profile_image-1e3f16b801e1b4a2-150x150.png?imenable=1&impolicy=user-profile-picture&imwidth=100","57355","kloem32","4740","585","20","7","1065","-3","4","false","true","English","kloem32"
"https://static-cdn.jtvnw.net/jtv_user_pictures/25a98d6d-4b12-48c1-b673-d99db9a2c739-profile_image-150x150.jpg?imenable=1&impolicy=user-profile-picture&imwidth=100","57356","RoccoBrown","15690","2055","32","7","1065","59","463","false","true","English","RoccoBrown"
"https://static-cdn.jtvnw.net/jtv_user_pictures/bakerboy99-profile_image-4db4645911fd9902-150x150.jpeg?imenable=1&impolicy=user-profile-picture&imwidth=100","57357","BAKERBOY99","36195","2505","48","14","1065","23","186","false","false","English","BAKERBOY99"
"https://static-cdn.jtvnw.net/jtv_user_pictures/doublejumpit-profile_image-4737e1b1102e94d0-150x150.jpeg?imenable=1&impolicy=user-profile-picture&imwidth=100","57358","DoubleJumpIt","1230","330","5","3","1065","0","7","false","true","English","DoubleJumpIt"
"https://static-cdn.jtvnw.net/jtv_user_pictures/12f22d86-ebd8-4ddf-851f-8246a9e42ed0-profile_image-150x150.jpg?imenable=1&impolicy=user-profile-picture&imwidth=100","57359","SkyClashes","12540","1275","131","9","1065","40","96","false","false","English","SkyClashes"
"https://static-cdn.jtvnw.net/jtv_user_pictures/a967dfef-ee20-43f2-890e-45c889faa07b-profile_image-150x150.png?imenable=1&impolicy=user-profile-picture&imwidth=100","57360","DerWoodruff","12060","2685","18","4","1065","2","233","false","true","German","DerWoodruff"
"https://static-cdn.jtvnw.net/jtv_user_pictures/yougamingchaos-profile_image-bd4ffa06584da4f1-150x150.jpeg?imenable=1&impolicy=user-profile-picture&imwidth=100","57361","yougamingchaos","90","45","3","2","1064","0","0","false","false","","yougamingchaos"
"https://static-cdn.jtvnw.net/jtv_user_pictures/straightedgerik-profile_image-cdb371a36ee44aca-150x150.jpeg?imenable=1&impolicy=user-profile-picture&imwidth=100","57362","StraightEdgeRik","30","30","1","1","1064","0","0","false","true","English","StraightEdgeRik"
"https://static-cdn.jtvnw.net/jtv_user_pictures/5df82084-ff8c-4ab2-9314-079fccd7f67b-profile_image-150x150.png?imenable=1&impolicy=user-profile-picture&imwidth=100","57363","OguzlationS","270","90","13","3","1064","0","2","false","false","Turkish","OguzlationS"
"https://static-cdn.jtvnw.net/jtv_user_pictures/d1efe280-cf9a-47c9-aedc-348b673a26e5-profile_image-150x150.png?imenable=1&impolicy=user-profile-picture&imwidth=100","57364","shoukr","990","330","8","2","1064","5","42","true","false","English","shoukr"
"https://static-cdn.jtvnw.net/jtv_user_pictures/c39261d1-814e-4d5f-a879-9cbb53996a16-profile_image-150x150.png?imenable=1&impolicy=user-profile-picture&imwidth=100","57365","manipuladora_","3585","1140","9","2","1064","83","418","false","true","Portuguese","manipuladora_"
"https://static-cdn.jtvnw.net/jtv_user_pictures/04088cda-58cd-40ea-813b-10c2407a6c45-profile_image-150x150.png?imenable=1&impolicy=user-profile-picture&imwidth=100","57366","Zarya","21975","4485","21","4","1064","79","99","false","true","English","Zarya"
"https://static-cdn.jtvnw.net/jtv_user_pictures/multimatrixgamers-profile_image-de01b995c6f6b115-150x150.jpeg?imenable=1&impolicy=user-profile-picture&imwidth=100","57367","multimatrixgamers","195","195","3","1","1064","2","10","false","false","","multimatrixgamers"
"https://static-cdn.jtvnw.net/jtv_user_pictures/klauduxapl-profile_image-121ae4d06282ce37-150x150.jpeg?imenable=1&impolicy=user-profile-picture&imwidth=100","57368","Klauduxapl","9390","1095","21","8","1064","33","409","false","false","","Klauduxapl"
"https://static-cdn.jtvnw.net/jtv_user_pictures/indietits-profile_image-7373ca9be5749d9d-150x150.png?imenable=1&impolicy=user-profile-picture&imwidth=100","57369","indietits","265290","11505","196","22","1064","340","1417","false","true","","indietits"
"https://static-cdn.jtvnw.net/jtv_user_pictures/99ec01f6-6bab-43f8-ab30-289bec9061d6-profile_image-150x150.png?imenable=1&impolicy=user-profile-picture&imwidth=100","57370","Jakobi_Raider","0","15","0","0","1064","0","0","false","true","English","Jakobi_Raider"
"https://static-cdn.jtvnw.net/jtv_user_pictures/teyamc-profile_image-d6c4064478e87f89-150x150.jpeg?imenable=1&impolicy=user-profile-picture&imwidth=100","57371","Teyamc","111255","8265","77","12","1064","420","1197","false","true","","Teyamc"
"https://static-cdn.jtvnw.net/jtv_user_pictures/7ea4afa9-dbbd-4f8c-bdba-ea218de4a5e1-profile_image-150x150.png?imenable=1&impolicy=user-profile-picture&imwidth=100","57372","TzgSplichO","1290","270","9","4","1064","1","32","false","false","English","TzgSplichO"
"https://static-cdn.jtvnw.net/jtv_user_pictures/cynnaminbun-profile_image-1002f1ffae191547-150x150.jpeg?imenable=1&impolicy=user-profile-picture&imwidth=100","57373","CynnaminBun","162300","9585","164","16","1064","216","2073","false","false","English","CynnaminBun"
"https://static-cdn.jtvnw.net/jtv_user_pictures/a611328d-0760-4207-9b85-e0062fc9e2b8-profile_image-150x150.jpg?imenable=1&impolicy=user-profile-picture&imwidth=100","57374","guuntis","555","690","3","0","1064","0","31","false","false","English","guuntis"
"https://static-cdn.jtvnw.net/jtv_user_pictures/da48fabc-a29b-4488-a31a-1013d16ab84b-profile_image-150x150.jpg?imenable=1&impolicy=user-profile-picture&imwidth=100","57375","epicorium","135","135","3","1","1064","2","2","false","false","English","epicorium"
"https://static-cdn.jtvnw.net/jtv_user_pictures/97a783ef-0618-4f94-a20c-39ad5175b40a-profile_image-150x150.jpeg?imenable=1&impolicy=user-profile-picture&imwidth=100","57376","myFoundation","255","690","3","0","1064","-3","6","false","false","Russian","myFoundation"
"https://static-cdn.jtvnw.net/jtv_user_pictures/23528b61-0438-4842-aa49-3cae4eebe180-profile_image-150x150.png?imenable=1&impolicy=user-profile-picture&imwidth=100","57377","yumeoti_lol","33480","2310","86","14","1064","30","450","true","false","Japanese","yumeoti_lol"
"https://static-cdn.jtvnw.net/jtv_user_pictures/e7b843da-b62b-4300-8989-3100e27b8469-profile_image-150x150.png?imenable=1&impolicy=user-profile-picture&imwidth=100","57378","PROMOVER420","1500","1680","6","0","1064","1","145","false","true","Catalan","PROMOVER420"
"https://static-cdn.jtvnw.net/jtv_user_pictures/63c42433-c24b-4106-8e63-9f6260453977-profile_image-150x150.png?imenable=1&impolicy=user-profile-picture&imwidth=100","57379","PinguDr","345","285","3","0","1064","1","20","false","true","German","PinguDr"
"https://static-cdn.jtvnw.net/jtv_user_pictures/laira918-profile_image-568cda907431efb6-150x150.jpeg?imenable=1&impolicy=user-profile-picture&imwidth=100","57380","Laira918","2595","195","19","13","1064","1","43","false","false","","Laira918"
"https://static-cdn.jtvnw.net/jtv_user_pictures/3e8e9aa8-4188-4dae-abeb-f264494334c8-profile_image-150x150.png?imenable=1&impolicy=user-profile-picture&imwidth=100","57381","MidGlitchedRun","1260","630","5","1","1064","-2","3","false","true","English","MidGlitchedRun"
"https://static-cdn.jtvnw.net/jtv_user_pictures/d000ecb9-276f-466d-83e3-7943b4ecb43e-profile_image-150x150.png?imenable=1&impolicy=user-profile-picture&imwidth=100","57382","MosesPoe","915","345","5","2","1064","1","4","false","true","English","MosesPoe"
"https://static-cdn.jtvnw.net/jtv_user_pictures/180d2866-f432-4b72-a669-8d4fdf67cd66-profile_image-150x150.png?imenable=1&impolicy=user-profile-picture&imwidth=100","57383","hexmerkz","1965","1035","7","1","1064","7","6","false","false","English","hexmerkz"
"https://static-cdn.jtvnw.net/jtv_user_pictures/e4924a6f-7055-41aa-bfab-eb6cc15c306a-profile_image-150x150.png?imenable=1&impolicy=user-profile-picture&imwidth=100","57384","Wraggy225","262815","3495","168","74","1064","282","262","false","false","English","Wraggy225"
"https://static-cdn.jtvnw.net/jtv_user_pictures/4417ae36-a52f-472b-8ee0-119fd18725ee-profile_image-150x150.png?imenable=1&impolicy=user-profile-picture&imwidth=100","57385","840slaya","1410","1035","4","1","1064","11","66","false","true","English","840slaya"
"https://static-cdn.jtvnw.net/jtv_user_pictures/b1b40c50f0e0e52b-profile_image-150x150.png?imenable=1&impolicy=user-profile-picture&imwidth=100","57386","projectstudio","22230","2160","173","9","1064","81","787","false","true","Russian","projectstudio"
"https://static-cdn.jtvnw.net/jtv_user_pictures/ab8830ad-b014-4aa1-9acf-d02d9bfff624-profile_image-150x150.png?imenable=1&impolicy=user-profile-picture&imwidth=100","57387","CelianPlays","990","300","9","3","1064","8","34","false","false","French","CelianPlays"
"https://static-cdn.jtvnw.net/jtv_user_pictures/jaypovin-profile_image-2aa08b6a069d1fc5-150x150.jpeg?imenable=1&impolicy=user-profile-picture&imwidth=100","57388","JayPovin","36375","3600","21","9","1064","14","84","false","true","English","JayPovin"
"https://static-cdn.jtvnw.net/jtv_user_pictures/8fdbf6ff-353e-40cf-9341-83c379842247-profile_image-150x150.jpg?imenable=1&impolicy=user-profile-picture&imwidth=100","57389","Liloj","15510","2835","18","5","1064","88","458","false","false","Polish","Liloj"
"https://static-cdn.jtvnw.net/jtv_user_pictures/stuykeentwitch-profile_image-28cef0558066d5eb-150x150.jpeg?imenable=1&impolicy=user-profile-picture&imwidth=100","57390","StuyKeenTwitch","24960","4665","44","4","1064","80","148","false","false","English","StuyKeenTwitch"
"https://static-cdn.jtvnw.net/jtv_user_pictures/lasercat006-profile_image-f8aecaefbd3f9771-150x150.png?imenable=1&impolicy=user-profile-picture&imwidth=100","57391","LaserCat006","26460","2940","28","8","1064","3","179","false","true","English","LaserCat006"
"https://static-cdn.jtvnw.net/jtv_user_pictures/drcray-profile_image-85e642202b2a76c7-150x150.jpeg?imenable=1&impolicy=user-profile-picture&imwidth=100","57392","DrCray","61560","7005","92","8","1064","12","218","false","true","English","DrCray"
"https://static-cdn.jtvnw.net/jtv_user_pictures/c0e7ae1c-065d-4a56-bc13-aed381da1e44-profile_image-150x150.png?imenable=1&impolicy=user-profile-picture&imwidth=100","57393","bierundzockentv","1065","675","4","1","1064","-16","43","false","false","German","bierundzockentv"
"https://static-cdn.jtvnw.net/jtv_user_pictures/d5041099-0724-4bdd-ae07-368fbdca44e6-profile_image-150x150.png?imenable=1&impolicy=user-profile-picture&imwidth=100","57394","DavilleTV","9420","4125","8","1","1064","41","22","false","true","English","DavilleTV"
"https://static-cdn.jtvnw.net/jtv_user_pictures/sirenseducer342-profile_image-5cdf42af0377fdf1-150x150.png?imenable=1&impolicy=user-profile-picture&imwidth=100","57395","SirenSeducer342","7905","4635","8","1","1064","21","69","false","true","English","SirenSeducer342"
"https://static-cdn.jtvnw.net/jtv_user_pictures/3e9b9458-6125-4d56-9171-23e9e8b86d2b-profile_image-150x150.png?imenable=1&impolicy=user-profile-picture&imwidth=100","57396","byhexl","30","60","3","0","1063","0","3","false","true","German","byhexl"
"https://static-cdn.jtvnw.net/user-default-pictures/cd618d3e-f14d-4960-b7cf-094231b04735-profile_image-150x150.jpg?imenable=1&impolicy=user-profile-picture&imwidth=100","57397","virtjk","32655","690","78","46","1063","90","371","false","false","English","virtjk"
"https://static-cdn.jtvnw.net/jtv_user_pictures/081f723971fc5baa-profile_image-150x150.jpeg?imenable=1&impolicy=user-profile-picture&imwidth=100","57398","TheRyanHawkins","79530","4110","104","18","1063","395","2157","false","false","English","TheRyanHawkins"
"https://static-cdn.jtvnw.net/jtv_user_pictures/twitchplaysfrisk-profile_image-0da5934f39f62082-150x150.jpeg?imenable=1&impolicy=user-profile-picture&imwidth=100","57399","TwitchPlaysFrisk","55545","21855","19","2","1063","191","1282","false","false","","TwitchPlaysFrisk"
"http://static-cdn.jtvnw.net/jtv_user_pictures/benzini357-profile_image-53ff9ff7bb2268bd-150x150.jpeg?imenable=1&impolicy=user-profile-picture&imwidth=100","57400","BenZini357","0","15","0","0","1063","0","0","false","false","","BenZini357"