"","","Channel","Watch time","Stream time","Peak viewers","Average viewers","Followers","Followers gained","Views gained","Partnered","Mature","Language",""
"https://static-cdn.jtvnw.net/jtv_user_pictures/30c5330d-d98e-41e4-a5b6-8b2316269b35-profile_image-150x150.png?imenable=1&impolicy=user-profile-picture&imwidth=100","69301","XxMel2NastyxX","3240","1425","7","1","780","3","29","false","true","English","XxMel2NastyxX"
"https://static-cdn.jtvnw.net/jtv_user_pictures/gunzii-profile_image-3d119f058f68d5e4-150x150.png?imenable=1&impolicy=user-profile-picture&imwidth=100","69302","GunZii","3660","795","12","4","780","9","171","false","false","German","GunZii"
"https://static-cdn.jtvnw.net/jtv_user_pictures/bcc8e0fc-0535-41f7-a097-9379a83a9bb4-profile_image-150x150.png?imenable=1&impolicy=user-profile-picture&imwidth=100","69303","labandeapixel","0","60","1","0","780","-1","0","false","false","French","labandeapixel"
"https://static-cdn.jtvnw.net/jtv_user_pictures/3a9e239a-bcf5-4c40-96bc-a2ff75f52249-profile_image-150x150.jpg?imenable=1&impolicy=user-profile-picture&imwidth=100","69304","blackdogmagica","106755","10845","43","9","780","144","314","false","true","English","blackdogmagica"
"https://static-cdn.jtvnw.net/jtv_user_pictures/69f224e0fc917ceb-profile_image-150x150.jpeg?imenable=1&impolicy=user-profile-picture&imwidth=100","69305","xEstefania","2400","255","21","9","780","17","71","false","true","Spanish","xEstefania"
"https://static-cdn.jtvnw.net/jtv_user_pictures/09796a31-ffe6-493f-b9d3-06cde18294ea-profile_image-150x150.png?imenable=1&impolicy=user-profile-picture&imwidth=100","69306","SEVENCF","6690","480","62","13","780","39","438","true","false","English","SEVENCF"
"https://static-cdn.jtvnw.net/jtv_user_pictures/tmbsnuggles-profile_image-ebb30c0008d10183-150x150.jpeg?imenable=1&impolicy=user-profile-picture&imwidth=100","69307","TMBSnuggles","16590","3195","75","4","780","-1814","136","false","false","Norwegian","TMBSnuggles"
"https://static-cdn.jtvnw.net/jtv_user_pictures/2159ce8a9cb9af4c-profile_image-150x150.jpeg?imenable=1&impolicy=user-profile-picture&imwidth=100","69308","ComptonFL","480","465","2","0","780","1","19","false","true","English","ComptonFL"
"https://static-cdn.jtvnw.net/jtv_user_pictures/8d598eab-9730-4dda-81e4-aeb5dd7614d5-profile_image-150x150.png?imenable=1&impolicy=user-profile-picture&imwidth=100","69309","Puddin_TheKrow","1365","465","12","2","780","6","26","false","true","English","Puddin_TheKrow"
"https://static-cdn.jtvnw.net/jtv_user_pictures/s8dr0713-profile_image-492f88b1b4beee7d-150x150.jpeg?imenable=1&impolicy=user-profile-picture&imwidth=100","69310","芭點點 (s8dr0713)","35415","4215","38","7","780","53","1167","false","false","English","芭點點 (s8dr0713)"
"https://static-cdn.jtvnw.net/jtv_user_pictures/eebc8814-d4e7-49d3-a57c-f177ef997132-profile_image-150x150.png?imenable=1&impolicy=user-profile-picture&imwidth=100","69311","officialw0z","480","120","8","4","780","0","0","false","false","Swedish","officialw0z"
"https://static-cdn.jtvnw.net/jtv_user_pictures/7cecc444-0550-4fef-9c76-001c8e42e8c6-profile_image-150x150.png?imenable=1&impolicy=user-profile-picture&imwidth=100","69312","Krispect","390","180","5","1","780","3","20","false","false","English","Krispect"
"https://static-cdn.jtvnw.net/user-default-pictures/cd618d3e-f14d-4960-b7cf-094231b04735-profile_image-150x150.jpg?imenable=1&impolicy=user-profile-picture&imwidth=100","69313","BigDreff","2505","2040","6","0","780","3","25","false","false","German","BigDreff"
"https://static-cdn.jtvnw.net/jtv_user_pictures/ibldedibble-profile_image-d929eaa0fb75164b-150x150.jpeg?imenable=1&impolicy=user-profile-picture&imwidth=100","69314","ibldedibble","165","195","4","0","780","0","2","false","false","English","ibldedibble"
"https://static-cdn.jtvnw.net/jtv_user_pictures/djp4cm4n-profile_image-24c26d675ef590e8-150x150.png?imenable=1&impolicy=user-profile-picture&imwidth=100","69315","DJP4CM4N","1590","675","5","2","780","2","19","false","true","English","DJP4CM4N"
"https://static-cdn.jtvnw.net/jtv_user_pictures/13bd3932-2b37-41d0-8ff0-fcfa658f923a-profile_image-150x150.png?imenable=1&impolicy=user-profile-picture&imwidth=100","69316","Woodygotem","735","300","7","2","780","4","12","false","true","English","Woodygotem"
"https://static-cdn.jtvnw.net/jtv_user_pictures/hexifyy-profile_image-31617654b17a892c-150x150.jpeg?imenable=1&impolicy=user-profile-picture&imwidth=100","69317","Hexifyy","223740","1560","939","143","780","221","713","false","false","English","Hexifyy"
"https://static-cdn.jtvnw.net/jtv_user_pictures/68c692a2-006c-4f09-a02c-d210c1b278b3-profile_image-150x150.png?imenable=1&impolicy=user-profile-picture&imwidth=100","69318","oN3RDYo","43890","7080","24","5","780","55","222","false","true","English","oN3RDYo"
"https://static-cdn.jtvnw.net/jtv_user_pictures/ab316692-7663-40ac-a6e3-b887d61e4b89-profile_image-150x150.png?imenable=1&impolicy=user-profile-picture&imwidth=100","69319","BigRichCod","5565","1140","12","4","780","21","32","false","false","English","BigRichCod"
"https://static-cdn.jtvnw.net/jtv_user_pictures/d7de21f8-66e4-461d-a19d-a2859230766e-profile_image-150x150.jpg?imenable=1&impolicy=user-profile-picture&imwidth=100","69320","verynea","62490","4635","36","13","780","132","643","false","true","German","verynea"
"https://static-cdn.jtvnw.net/jtv_user_pictures/d6c4f5a9-8c96-418a-a921-a0aa2f19839d-profile_image-150x150.png?imenable=1&impolicy=user-profile-picture&imwidth=100","69321","Exras","1170","360","8","2","780","2","14","false","true","English","Exras"
"https://static-cdn.jtvnw.net/jtv_user_pictures/27c65422-50c2-4453-b441-0a3c4be8a353-profile_image-150x150.png?imenable=1&impolicy=user-profile-picture&imwidth=100","69322","Cyndoughquil","2610","2055","4","0","780","3","7","false","false","English","Cyndoughquil"
"https://static-cdn.jtvnw.net/jtv_user_pictures/dbeb441dad4e8db2-profile_image-150x150.png?imenable=1&impolicy=user-profile-picture&imwidth=100","69323","Spinoooo","30","210","1","0","779","0","0","false","false","English","Spinoooo"
"https://static-cdn.jtvnw.net/jtv_user_pictures/6173cc17-26f0-4e9e-a386-0c674929e1f6-profile_image-150x150.png?imenable=1&impolicy=user-profile-picture&imwidth=100","69324","snyzu","39390","8565","35","4","779","74","539","false","false","French","snyzu"
"https://static-cdn.jtvnw.net/jtv_user_pictures/550c9bd0-2bc2-4f0f-8a5b-6e685fcd14e9-profile_image-150x150.png?imenable=1&impolicy=user-profile-picture&imwidth=100","69325","dorg86","0","45","0","0","779","0","0","false","false","Spanish","dorg86"
"https://static-cdn.jtvnw.net/jtv_user_pictures/01cf5d46-2d10-437a-b5ea-51909246f1ec-profile_image-150x150.png?imenable=1&impolicy=user-profile-picture&imwidth=100","69326","d4rkpsych0","3345","2625","5","0","779","8","140","false","true","Spanish","d4rkpsych0"
"https://static-cdn.jtvnw.net/jtv_user_pictures/vislons_us-profile_image-c28ae8e8a452bfca-150x150.jpeg?imenable=1&impolicy=user-profile-picture&imwidth=100","69327","Vislons_US","0","285","0","0","779","0","0","false","false","","Vislons_US"
"https://static-cdn.jtvnw.net/jtv_user_pictures/vchampy-profile_image-881a328dd97f3236-150x150.png?imenable=1&impolicy=user-profile-picture&imwidth=100","69328","vChampy","480","150","7","3","779","15","14","false","false","English","vChampy"
"https://static-cdn.jtvnw.net/jtv_user_pictures/179c751b-2e3c-48b1-a8e0-fd0e869f6f05-profile_image-150x150.png?imenable=1&impolicy=user-profile-picture&imwidth=100","69329","BT_Tricky","21660","5655","10","3","779","31","127","false","false","English","BT_Tricky"
"https://static-cdn.jtvnw.net/jtv_user_pictures/recklesslycheerful-profile_image-c3171eaa7f982580-150x150.png?imenable=1&impolicy=user-profile-picture&imwidth=100","69330","RecklesslyCheerful","37845","4320","22","8","779","122","153","false","true","English","RecklesslyCheerful"
"https://static-cdn.jtvnw.net/jtv_user_pictures/pride_rag-profile_image-b88121c1c1157af5-150x150.png?imenable=1&impolicy=user-profile-picture&imwidth=100","69331","Pride_rag","5040","780","39","5","779","3","128","false","false","English","Pride_rag"
"https://static-cdn.jtvnw.net/jtv_user_pictures/4ed72482-7ec4-439b-bb35-5db51845ba5e-profile_image-150x150.png?imenable=1&impolicy=user-profile-picture&imwidth=100","69332","SockenPower","180","135","3","0","779","0","3","false","false","German","SockenPower"
"https://static-cdn.jtvnw.net/jtv_user_pictures/artbytuna-profile_image-5177e881786f601f-150x150.png?imenable=1&impolicy=user-profile-picture&imwidth=100","69333","artbytuna","195","45","6","4","779","0","0","false","false","English","artbytuna"
"https://static-cdn.jtvnw.net/jtv_user_pictures/ceb9b60b-11d8-4b26-acd4-baee3920772b-profile_image-150x150.png?imenable=1&impolicy=user-profile-picture&imwidth=100","69334","RipzoneTV","1050","585","12","1","779","4","30","false","true","German","RipzoneTV"
"https://static-cdn.jtvnw.net/jtv_user_pictures/6a46c613-f743-491e-857d-117f7f4af947-profile_image-150x150.png?imenable=1&impolicy=user-profile-picture&imwidth=100","69335","CrashmaxLIVE","1635","195","11","8","779","1","12","false","false","German","CrashmaxLIVE"
"https://static-cdn.jtvnw.net/jtv_user_pictures/opplandgaming-profile_image-ab6dec2290e68f48-150x150.jpeg?imenable=1&impolicy=user-profile-picture&imwidth=100","69336","Opplandgaming","21300","1155","35","17","779","68","144","false","false","Norwegian","Opplandgaming"
"https://static-cdn.jtvnw.net/jtv_user_pictures/1e005ff9-03c6-4dec-b874-606a550855e0-profile_image-150x150.png?imenable=1&impolicy=user-profile-picture&imwidth=100","69337","Uncle_Vac","45","45","2","1","779","0","0","false","true","English","Uncle_Vac"
"https://static-cdn.jtvnw.net/jtv_user_pictures/08e8e28e-acbe-41c9-8174-f0989ab5b1af-profile_image-150x150.png?imenable=1&impolicy=user-profile-picture&imwidth=100","69338","Damselinstress","1155","540","4","1","779","8","22","false","true","English","Damselinstress"
"https://static-cdn.jtvnw.net/jtv_user_pictures/pazur132-profile_image-c19b8820a1b3c38c-150x150.jpeg?imenable=1&impolicy=user-profile-picture&imwidth=100","69339","Pazur132","11910","2025","26","5","779","176","445","false","false","Polish","Pazur132"
"https://static-cdn.jtvnw.net/user-default-pictures/49988c7b-57bc-4dee-bd4f-6df4ad215d3a-profile_image-150x150.jpg?imenable=1&impolicy=user-profile-picture&imwidth=100","69340","Imdrox","195","225","2","0","779","0","0","false","false","French","Imdrox"
"https://static-cdn.jtvnw.net/jtv_user_pictures/deanrunzar-profile_image-8178ba39c739246b-150x150.png?imenable=1&impolicy=user-profile-picture&imwidth=100","69341","DeanRunzAR","45","30","2","1","779","-2","0","false","false","Dutch","DeanRunzAR"
"https://static-cdn.jtvnw.net/jtv_user_pictures/178261fe-9601-4fcf-9379-65dafbe0943d-profile_image-150x150.png?imenable=1&impolicy=user-profile-picture&imwidth=100","69342","n0oP","0","90","0","0","779","0","0","false","true","Russian","n0oP"
"https://static-cdn.jtvnw.net/jtv_user_pictures/d4bce08f-1a70-4fdc-b75e-fae97722b67d-profile_image-150x150.png?imenable=1&impolicy=user-profile-picture&imwidth=100","69343","MechExposed","4785","3315","4","1","779","10","22","false","true","English","MechExposed"
"https://static-cdn.jtvnw.net/jtv_user_pictures/killakajilla-profile_image-292785e047132e28-150x150.png?imenable=1&impolicy=user-profile-picture&imwidth=100","69344","KillaKaJilla","19785","9795","9","1","779","34","135","false","true","English","KillaKaJilla"
"https://static-cdn.jtvnw.net/jtv_user_pictures/1d89c9f4-06b5-4cce-b71e-7ea3fefcbf31-profile_image-150x150.png?imenable=1&impolicy=user-profile-picture&imwidth=100","69345","Zaiira","30","30","2","1","779","0","0","false","true","German","Zaiira"
"https://static-cdn.jtvnw.net/jtv_user_pictures/66d41070-2e19-4941-bb09-ebe73c54fed4-profile_image-150x150.png?imenable=1&impolicy=user-profile-picture&imwidth=100","69346","BletzTV","8610","1995","13","3","779","38","54","false","false","English","BletzTV"
"https://static-cdn.jtvnw.net/jtv_user_pictures/e91fad10-1eac-48fb-a9c0-94a6d12066de-profile_image-150x150.png?imenable=1&impolicy=user-profile-picture&imwidth=100","69347","ZabsTV","525","750","2","0","779","0","19","false","true","English","ZabsTV"
"https://static-cdn.jtvnw.net/jtv_user_pictures/7a6e69df-00dd-47f9-ab0e-09c9310fcac9-profile_image-150x150.jpeg?imenable=1&impolicy=user-profile-picture&imwidth=100","69348","KlickStart","10440","2250","13","4","779","39","49","false","true","English","KlickStart"
"https://static-cdn.jtvnw.net/jtv_user_pictures/68270838-4c0a-4ee8-85b4-1303d65529af-profile_image-150x150.png?imenable=1&impolicy=user-profile-picture&imwidth=100","69349","jokerbejoking","840","435","5","1","779","2","2","false","true","English","jokerbejoking"
"https://static-cdn.jtvnw.net/jtv_user_pictures/astickyfapkin-profile_image-6d452b257d177953-150x150.png?imenable=1&impolicy=user-profile-picture&imwidth=100","69350","astickyfapkin","7560","2580","76","2","779","9","14","false","false","English","astickyfapkin"
"https://static-cdn.jtvnw.net/jtv_user_pictures/mrchristtv-profile_image-d92ec21119ad6f88-150x150.jpeg?imenable=1&impolicy=user-profile-picture&imwidth=100","69351","MrChristTV","570","270","3","2","779","0","1","false","false","English","MrChristTV"
"https://static-cdn.jtvnw.net/jtv_user_pictures/arakontv-profile_image-f6431ea08a3ba4fc-150x150.png?imenable=1&impolicy=user-profile-picture&imwidth=100","69352","ArakonTV","50865","2235","472","22","779","48","351","false","false","German","ArakonTV"
"https://static-cdn.jtvnw.net/jtv_user_pictures/5bc34970-04fc-4357-94c5-fdd7fce63ea1-profile_image-150x150.png?imenable=1&impolicy=user-profile-picture&imwidth=100","69353","Fajee","2220","510","11","3","779","7","239","false","false","Turkish","Fajee"
"https://static-cdn.jtvnw.net/jtv_user_pictures/astonedsniper-profile_image-2b361b00e120b07a-150x150.png?imenable=1&impolicy=user-profile-picture&imwidth=100","69354","aStonedSniper","10560","1335","21","7","779","-74","94","false","true","English","aStonedSniper"
"https://static-cdn.jtvnw.net/jtv_user_pictures/385875fd-6d96-4a25-b407-41ea82752cd8-profile_image-150x150.png?imenable=1&impolicy=user-profile-picture&imwidth=100","69355","LarryKhun","945","1410","5","0","779","-2","12","false","true","English","LarryKhun"
"https://static-cdn.jtvnw.net/jtv_user_pictures/xng_gaming-profile_image-46ad54ea52ae8757-150x150.png?imenable=1&impolicy=user-profile-picture&imwidth=100","69356","Xng_Gaming","3630","2295","6","1","779","11","60","false","false","French","Xng_Gaming"
"https://static-cdn.jtvnw.net/jtv_user_pictures/mejafo-profile_image-3dffab30a0b81da3-150x150.jpeg?imenable=1&impolicy=user-profile-picture&imwidth=100","69357","Mejafo","10170","1140","17","8","779","5","47","false","true","English","Mejafo"
"https://static-cdn.jtvnw.net/jtv_user_pictures/7898c3b309370f35-profile_image-150x150.jpeg?imenable=1&impolicy=user-profile-picture&imwidth=100","69358","TheHoggy","34860","8505","17","3","779","108","156","false","true","English","TheHoggy"
"https://static-cdn.jtvnw.net/jtv_user_pictures/127935f4-d88c-465f-9d0b-8017b536ab4a-profile_image-150x150.png?imenable=1&impolicy=user-profile-picture&imwidth=100","69359","RedChai","56835","1635","96","34","779","558","564","false","false","English","RedChai"
"https://static-cdn.jtvnw.net/jtv_user_pictures/m118marc-profile_image-1ff3e4cc26059317-150x150.jpeg?imenable=1&impolicy=user-profile-picture&imwidth=100","69360","m118marc","1200","180","11","6","779","6","13","false","false","German","m118marc"
"https://static-cdn.jtvnw.net/jtv_user_pictures/1eed4627-31d1-48ff-a655-f8d993e02052-profile_image-150x150.png?imenable=1&impolicy=user-profile-picture&imwidth=100","69361","SyncstaUK","150","285","5","0","779","0","0","false","true","English","SyncstaUK"
"https://static-cdn.jtvnw.net/jtv_user_pictures/f2cb2204-a10b-4aae-9cec-ce1a7cc6f083-profile_image-150x150.jpg?imenable=1&impolicy=user-profile-picture&imwidth=100","69362","iQuintessence_","1350","315","12","3","779","7","27","false","false","English","iQuintessence_"
"https://static-cdn.jtvnw.net/jtv_user_pictures/b98bdbe2-84a8-47de-821c-de72d3e8c9eb-profile_image-150x150.png?imenable=1&impolicy=user-profile-picture&imwidth=100","69363","GhostlyKoala","195","465","2","0","779","1","6","false","true","English","GhostlyKoala"
"https://static-cdn.jtvnw.net/jtv_user_pictures/stevekgamin-profile_image-9827e60519b31ca3-150x150.jpeg?imenable=1&impolicy=user-profile-picture&imwidth=100","69364","SteveKgamin","855","435","7","1","779","-3","16","false","true","English","SteveKgamin"
"https://static-cdn.jtvnw.net/jtv_user_pictures/consolefunlive-profile_image-3640158421b7fc65-150x150.jpeg?imenable=1&impolicy=user-profile-picture&imwidth=100","69365","ConsoleFunLive","5010","1005","19","4","779","3","280","false","false","French","ConsoleFunLive"
"https://static-cdn.jtvnw.net/jtv_user_pictures/bloodyacezockt-profile_image-afd8790025993ca5-150x150.jpeg?imenable=1&impolicy=user-profile-picture&imwidth=100","69366","BloodyAceZockt","1590","315","9","5","779","6","34","false","false","German","BloodyAceZockt"
"https://static-cdn.jtvnw.net/jtv_user_pictures/fa027802-5a3e-443e-bb2e-9670ab5d70d0-profile_image-150x150.jpg?imenable=1&impolicy=user-profile-picture&imwidth=100","69367","Lorane","30","15","2","2","779","0","0","false","true","Turkish","Lorane"
"https://static-cdn.jtvnw.net/jtv_user_pictures/a2933eb7626d6388-profile_image-150x150.png?imenable=1&impolicy=user-profile-picture&imwidth=100","69368","0ffTheBench","1815","450","9","3","779","6","5","false","false","English","0ffTheBench"
"https://static-cdn.jtvnw.net/jtv_user_pictures/pratelicek_cze-profile_image-10e20c985c987609-150x150.jpeg?imenable=1&impolicy=user-profile-picture&imwidth=100","69369","Pratelicek_CZE","180","60","7","3","779","0","0","false","false","Czech","Pratelicek_CZE"
"https://static-cdn.jtvnw.net/jtv_user_pictures/coltonkresser-profile_image-150a0d9ff3f8db8c-150x150.jpeg?imenable=1&impolicy=user-profile-picture&imwidth=100","69370","ColtonKresser","6330","1650","10","3","779","6","50","false","false","English","ColtonKresser"
"https://static-cdn.jtvnw.net/jtv_user_pictures/60c0c760-9143-4d7c-80f2-c4e943857b42-profile_image-150x150.png?imenable=1&impolicy=user-profile-picture&imwidth=100","69371","WarMachineeTTV","19185","5520","10","3","779","28","56","false","false","English","WarMachineeTTV"
"https://static-cdn.jtvnw.net/jtv_user_pictures/19fb395d-c51e-47a9-b22b-ec414a0ed4b0-profile_image-150x150.png?imenable=1&impolicy=user-profile-picture&imwidth=100","69372","TerriakiBoy","5595","1605","12","3","779","-3","78","false","true","English","TerriakiBoy"
"https://static-cdn.jtvnw.net/jtv_user_pictures/terrors003-profile_image-517fd8bc81affd65-150x150.jpeg?imenable=1&impolicy=user-profile-picture&imwidth=100","69373","Terrors003","15525","2460","15","5","779","-116","47","false","false","English","Terrors003"
"https://static-cdn.jtvnw.net/jtv_user_pictures/3fcf29c6-f51d-4ff3-85d8-145f78351c2a-profile_image-150x150.jpg?imenable=1&impolicy=user-profile-picture&imwidth=100","69374","ZOMandRenifer","20280","4785","27","3","779","539","250","false","false","English","ZOMandRenifer"
"https://static-cdn.jtvnw.net/jtv_user_pictures/bigwippin-profile_image-4a902b80934016b1-150x150.jpeg?imenable=1&impolicy=user-profile-picture&imwidth=100","69375","Bigwippin","0","75","0","0","778","0","0","false","true","English","Bigwippin"
"https://static-cdn.jtvnw.net/jtv_user_pictures/96034d80-caac-4feb-a831-8db3e794d58f-profile_image-150x150.png?imenable=1&impolicy=user-profile-picture&imwidth=100","69376","Sao__AmV","6165","2025","9","2","778","65","128","false","false","French","Sao__AmV"
"https://static-cdn.jtvnw.net/jtv_user_pictures/87ce5bcf-95d2-464c-bedf-61fde3231912-profile_image-150x150.png?imenable=1&impolicy=user-profile-picture&imwidth=100","69377","Gumchow","31860","1440","92","21","778","541","464","false","true","English","Gumchow"
"https://static-cdn.jtvnw.net/jtv_user_pictures/79f26673-fb0b-4fde-8d95-225e974106e9-profile_image-150x150.png?imenable=1&impolicy=user-profile-picture&imwidth=100","69378","sniperjones35","15","60","1","0","778","0","0","false","true","English","sniperjones35"
"https://static-cdn.jtvnw.net/jtv_user_pictures/fe9c0c7483bacad4-profile_image-150x150.png?imenable=1&impolicy=user-profile-picture&imwidth=100","69379","eeddaa_bedz","120","285","2","0","778","2","35","false","true","French","eeddaa_bedz"
"https://static-cdn.jtvnw.net/jtv_user_pictures/imspathi-profile_image-d4075986e58bfa47-150x150.png?imenable=1&impolicy=user-profile-picture&imwidth=100","69380","ImSpathi","21315","6075","28","3","778","32","121","false","true","English","ImSpathi"
"https://static-cdn.jtvnw.net/jtv_user_pictures/56ad8d2a-8a62-4458-9786-cb97cf654dff-profile_image-150x150.jpeg?imenable=1&impolicy=user-profile-picture&imwidth=100","69381","Azurewind","3660","1485","8","2","778","4","34","false","true","English","Azurewind"
"https://static-cdn.jtvnw.net/jtv_user_pictures/2161369e-100e-426f-9dd2-4eba5b951fcb-profile_image-150x150.png?imenable=1&impolicy=user-profile-picture&imwidth=100","69382","Cattails713","4725","885","17","4","778","26","77","false","true","English","Cattails713"
"https://static-cdn.jtvnw.net/jtv_user_pictures/cb14b49a-ac85-4785-b694-110c51ee10a4-profile_image-150x150.png?imenable=1&impolicy=user-profile-picture&imwidth=100","69383","xxHazMatt","960","660","3","1","778","2","15","false","true","English","xxHazMatt"
"https://static-cdn.jtvnw.net/jtv_user_pictures/dukefleedtw-profile_image-3df1a51d23b2a3f1-150x150.jpeg?imenable=1&impolicy=user-profile-picture&imwidth=100","69384","DukeFleedTW","61995","5040","82","11","778","636","5968","false","false","Russian","DukeFleedTW"
"https://static-cdn.jtvnw.net/jtv_user_pictures/dr0_vision-profile_image-da339c6a772f798d-150x150.png?imenable=1&impolicy=user-profile-picture&imwidth=100","69385","dr0_vision","210","735","1","0","778","0","6","false","true","English","dr0_vision"
"https://static-cdn.jtvnw.net/jtv_user_pictures/shommy23-profile_image-1c7c544cb512256c-150x150.png?imenable=1&impolicy=user-profile-picture&imwidth=100","69386","ShoMMy23","25905","2895","26","8","778","165","1551","false","false","English","ShoMMy23"
"https://static-cdn.jtvnw.net/jtv_user_pictures/walenaxd-profile_image-e98034b44f63e406-150x150.png?imenable=1&impolicy=user-profile-picture&imwidth=100","69387","WalenaxD","1200","60","63","19","778","4","52","false","false","Turkish","WalenaxD"
"https://static-cdn.jtvnw.net/jtv_user_pictures/d0feaaae-f5d7-41ca-922b-daa177df1c6d-profile_image-150x150.png?imenable=1&impolicy=user-profile-picture&imwidth=100","69388","JumposauR","7365","6945","4","0","778","-2","25","false","true","English","JumposauR"
"https://static-cdn.jtvnw.net/jtv_user_pictures/33e4241b-9aa8-4a58-9be7-5991ad45cb0e-profile_image-150x150.png?imenable=1&impolicy=user-profile-picture&imwidth=100","69389","WildYaks","90","75","2","1","778","0","0","false","false","English","WildYaks"
"https://static-cdn.jtvnw.net/jtv_user_pictures/05f8a1ad-c56d-410b-99e2-971f5ef23449-profile_image-150x150.png?imenable=1&impolicy=user-profile-picture&imwidth=100","69390","AJ_DarkFire","15","15","1","1","778","0","0","false","true","English","AJ_DarkFire"
"https://static-cdn.jtvnw.net/jtv_user_pictures/3a18c043-4e26-4c8b-836e-1a85a271af2b-profile_image-150x150.png?imenable=1&impolicy=user-profile-picture&imwidth=100","69391","mattfromearth","6015","975","13","5","778","6","55","false","false","English","mattfromearth"
"https://static-cdn.jtvnw.net/jtv_user_pictures/8543433e-5b7d-4107-b868-19fcd5ecc560-profile_image-150x150.png?imenable=1&impolicy=user-profile-picture&imwidth=100","69392","NBTShadows","83940","10830","58","7","778","148","168","false","false","English","NBTShadows"
"https://static-cdn.jtvnw.net/jtv_user_pictures/92b7ddfa-2dd9-482a-aaaf-ffabf0f4fd26-profile_image-150x150.png?imenable=1&impolicy=user-profile-picture&imwidth=100","69393","C9Instinct","1020","300","7","3","778","1","17","false","true","English","C9Instinct"
"https://static-cdn.jtvnw.net/jtv_user_pictures/theelusivekitten-profile_image-488bfe94acf7b792-150x150.png?imenable=1&impolicy=user-profile-picture&imwidth=100","69394","theelusivekitten","45","60","2","0","778","5","8","false","true","English","theelusivekitten"
"https://static-cdn.jtvnw.net/jtv_user_pictures/f546b185-b52f-4110-b544-cddb9c33f6e4-profile_image-150x150.png?imenable=1&impolicy=user-profile-picture&imwidth=100","69395","subas911","51285","10035","19","4","778","162","344","false","false","French","subas911"
"https://static-cdn.jtvnw.net/jtv_user_pictures/animosity_xl-profile_image-3be62280d190a916-150x150.jpeg?imenable=1&impolicy=user-profile-picture&imwidth=100","69396","Animosity_XL","165","105","2","1","778","0","0","false","true","English","Animosity_XL"
"https://static-cdn.jtvnw.net/jtv_user_pictures/14e0befb-b518-4081-a605-c1d70f6e3fea-profile_image-150x150.png?imenable=1&impolicy=user-profile-picture&imwidth=100","69397","eiksch","210","210","3","0","778","2","23","false","true","German","eiksch"
"https://static-cdn.jtvnw.net/jtv_user_pictures/9dcd98a3-9472-446e-bb96-17210a9a2e29-profile_image-150x150.jpeg?imenable=1&impolicy=user-profile-picture&imwidth=100","69398","JakeShootsSheet","60","120","1","0","778","0","0","false","true","English","JakeShootsSheet"
"https://static-cdn.jtvnw.net/jtv_user_pictures/31d45802-3538-486f-a493-5a3b76fe07b4-profile_image-150x150.png?imenable=1&impolicy=user-profile-picture&imwidth=100","69399","MegaToby","30","15","2","2","778","0","0","false","false","Dutch","MegaToby"
"https://static-cdn.jtvnw.net/jtv_user_pictures/db08c96a-0946-465d-9465-c0a438602f28-profile_image-150x150.png?imenable=1&impolicy=user-profile-picture&imwidth=100","69400","cageii","105","180","2","0","778","1","15","false","true","English","cageii"