"","","Channel","Watch time","Stream time","Peak viewers","Average viewers","Followers","Followers gained","Views gained","Partnered","Mature","Language",""
"https://static-cdn.jtvnw.net/jtv_user_pictures/f38c522d-b225-4c57-8cab-8228e4b0d6e4-profile_image-150x150.png?imenable=1&impolicy=user-profile-picture&imwidth=100","61701","jhhnyboy","4665","2190","9","1","950","9","38","false","false","English","jhhnyboy"
"https://static-cdn.jtvnw.net/jtv_user_pictures/c7c747ba-2b99-4b4e-9c85-bce5df15264c-profile_image-150x150.png?imenable=1&impolicy=user-profile-picture&imwidth=100","61702","AnotherClutch","2655","675","15","3","950","9","25","false","false","English","AnotherClutch"
"https://static-cdn.jtvnw.net/jtv_user_pictures/99163f93-3665-4cac-b648-231f67012ac7-profile_image-150x150.png?imenable=1&impolicy=user-profile-picture&imwidth=100","61703","jaymeyx","3255","225","28","14","950","11","97","false","false","Polish","jaymeyx"
"https://static-cdn.jtvnw.net/jtv_user_pictures/geekioshow-profile_image-8da46f468de09d1a-150x150.jpeg?imenable=1&impolicy=user-profile-picture&imwidth=100","61704","GeekIOShow","510","360","4","1","950","-2","13","false","true","English","GeekIOShow"
"https://static-cdn.jtvnw.net/jtv_user_pictures/mikelorus-profile_image-567475d2d20d7dde-150x150.jpeg?imenable=1&impolicy=user-profile-picture&imwidth=100","61705","Mikelorus","510","330","3","1","950","-3","6","false","false","English","Mikelorus"
"https://static-cdn.jtvnw.net/jtv_user_pictures/hjartnes-profile_image-b9e8dfa8f3e142bc-150x150.jpeg?imenable=1&impolicy=user-profile-picture&imwidth=100","61706","Hjartnes","795","210","6","3","950","-6","10","false","false","Norwegian","Hjartnes"
"https://static-cdn.jtvnw.net/jtv_user_pictures/rawrromp-profile_image-ca19798dd1be0bd5-150x150.png?imenable=1&impolicy=user-profile-picture&imwidth=100","61707","RawrRomp","3750","270","29","13","950","9","100","false","false","English","RawrRomp"
"https://static-cdn.jtvnw.net/jtv_user_pictures/ozipunto-profile_image-c31adeaea534cee4-150x150.png?imenable=1&impolicy=user-profile-picture&imwidth=100","61708","ozipunto","6585","1155","11","5","950","10","205","false","true","Spanish","ozipunto"
"https://static-cdn.jtvnw.net/jtv_user_pictures/185297f5-d15d-4075-a6bb-4c84bb955b72-profile_image-150x150.png?imenable=1&impolicy=user-profile-picture&imwidth=100","61709","tomytomytomyy","7305","255","63","28","950","44","239","false","true","Portuguese","tomytomytomyy"
"https://static-cdn.jtvnw.net/jtv_user_pictures/8a5bd3c5-b1e7-43d4-9a9e-dbd3465503df-profile_image-150x150.png?imenable=1&impolicy=user-profile-picture&imwidth=100","61710","tearsZ","165","255","2","0","950","0","1","false","false","","tearsZ"
"https://static-cdn.jtvnw.net/jtv_user_pictures/15b92896-1e4b-40d2-a400-b300825251e4-profile_image-150x150.png?imenable=1&impolicy=user-profile-picture&imwidth=100","61711","Ayase_Shin","9915","1065","16","8","950","20","63","false","true","English","Ayase_Shin"
"https://static-cdn.jtvnw.net/jtv_user_pictures/zxc1234510124-profile_image-db9279dabf8785b9-150x150.jpeg?imenable=1&impolicy=user-profile-picture&imwidth=100","61712","鯊鯊 (zxc1234510124)","35520","3405","28","10","950","6","737","false","true","Chinese","鯊鯊 (zxc1234510124)"
"https://static-cdn.jtvnw.net/jtv_user_pictures/c47eb357-d66c-420b-8901-a7e0aaf9c8a9-profile_image-150x150.jpg?imenable=1&impolicy=user-profile-picture&imwidth=100","61713","LukeRF44","18480","2415","33","7","950","16","179","false","false","English","LukeRF44"
"https://static-cdn.jtvnw.net/jtv_user_pictures/snipely-profile_image-336f9b41a9a971cb-150x150.jpeg?imenable=1&impolicy=user-profile-picture&imwidth=100","61714","Snipely","705","330","4","1","950","2","9","false","true","English","Snipely"
"https://static-cdn.jtvnw.net/jtv_user_pictures/nesterka-profile_image-c6fcabd6bc300853-150x150.jpeg?imenable=1&impolicy=user-profile-picture&imwidth=100","61715","NESTERka","7050","3690","9","1","950","10","369","false","true","Russian","NESTERka"
"https://static-cdn.jtvnw.net/jtv_user_pictures/1c7bb7c8-6a13-40c4-9e15-a38d3473a498-profile_image-150x150.jpeg?imenable=1&impolicy=user-profile-picture&imwidth=100","61716","RuxiSama","14460","2130","17","6","950","53","871","false","true","English","RuxiSama"
"https://static-cdn.jtvnw.net/jtv_user_pictures/fiveshards-profile_image-da98beff5ca3bc22-150x150.png?imenable=1&impolicy=user-profile-picture&imwidth=100","61717","FiveShards","75585","720","158","104","950","25","350","false","false","English","FiveShards"
"https://static-cdn.jtvnw.net/jtv_user_pictures/poshtophat-profile_image-20027bfaa947f8e4-150x150.jpeg?imenable=1&impolicy=user-profile-picture&imwidth=100","61718","PoshTopHat","40095","6540","21","5","950","54","496","false","true","English","PoshTopHat"
"https://static-cdn.jtvnw.net/jtv_user_pictures/dee83f05-4d93-47ea-8f7c-cefa5b684110-profile_image-150x150.png?imenable=1&impolicy=user-profile-picture&imwidth=100","61719","Jaylbreak90","70035","16230","17","3","950","103","1009","false","true","German","Jaylbreak90"
"https://static-cdn.jtvnw.net/jtv_user_pictures/officialsyntrex-profile_image-e7fb17bf99853259-150x150.jpeg?imenable=1&impolicy=user-profile-picture&imwidth=100","61720","OfficialSyntrex","2400","540","11","4","950","-73","102","false","false","German","OfficialSyntrex"
"https://static-cdn.jtvnw.net/jtv_user_pictures/bcc4777e-de48-4891-b2ee-b4898ffad0b7-profile_image-150x150.png?imenable=1&impolicy=user-profile-picture&imwidth=100","61721","SUDDYN","0","15","0","0","950","0","0","false","false","English","SUDDYN"
"https://static-cdn.jtvnw.net/jtv_user_pictures/fc3de6f3-e4f0-42cf-8ac7-37db82c30098-profile_image-150x150.png?imenable=1&impolicy=user-profile-picture&imwidth=100","61722","PeachWantsRevenge","1245","480","7","2","950","5","25","false","true","English","PeachWantsRevenge"
"https://static-cdn.jtvnw.net/jtv_user_pictures/962f208a-ae96-42e7-a6ea-38ca0e92dc44-profile_image-150x150.png?imenable=1&impolicy=user-profile-picture&imwidth=100","61723","Deadeur_Mannya","1965","375","13","4","950","26","152","false","false","French","Deadeur_Mannya"
"https://static-cdn.jtvnw.net/jtv_user_pictures/cb93d099-0b17-4667-aa58-cd17b4217166-profile_image-150x150.png?imenable=1&impolicy=user-profile-picture&imwidth=100","61724","EvoKennyp_","1110","600","8","1","950","5","56","false","false","English","EvoKennyp_"
"https://static-cdn.jtvnw.net/jtv_user_pictures/6f7d8506-6663-447c-9f1b-e3cd120acf13-profile_image-150x150.jpeg?imenable=1&impolicy=user-profile-picture&imwidth=100","61725","AmericanChoirBoy","6270","2265","12","2","950","22","34","false","false","English","AmericanChoirBoy"
"https://static-cdn.jtvnw.net/jtv_user_pictures/706af75e-41e4-40ff-a36c-fb3d56aaeb57-profile_image-150x150.png?imenable=1&impolicy=user-profile-picture&imwidth=100","61726","BrokkrDwarf","30","225","1","0","949","0","13","false","true","English","BrokkrDwarf"
"https://static-cdn.jtvnw.net/jtv_user_pictures/09893688-c235-45be-909c-07c4fc1a11bd-profile_image-150x150.jpg?imenable=1&impolicy=user-profile-picture&imwidth=100","61727","MANNYTHEGAWD","0","15","0","0","949","0","0","false","true","English","MANNYTHEGAWD"
"https://static-cdn.jtvnw.net/jtv_user_pictures/106d90a4-a810-4dbd-a25c-398076fff01a-profile_image-150x150.png?imenable=1&impolicy=user-profile-picture&imwidth=100","61728","wuhrktv","60","105","1","0","949","0","0","false","true","English","wuhrktv"
"https://static-cdn.jtvnw.net/jtv_user_pictures/00a2d859-1e9d-4728-bc7e-db35a4cd90be-profile_image-150x150.png?imenable=1&impolicy=user-profile-picture&imwidth=100","61729","biorgasmos","1410","1410","4","0","949","3","54","false","false","Spanish","biorgasmos"
"https://static-cdn.jtvnw.net/jtv_user_pictures/equipma-profile_image-1b9d7375e05b8a76-150x150.jpeg?imenable=1&impolicy=user-profile-picture&imwidth=100","61730","Equipma","2685","3510","8","0","949","12","63","false","false","German","Equipma"
"https://static-cdn.jtvnw.net/jtv_user_pictures/635aa7e6-4eed-4bbb-baf0-58ad81598d84-profile_image-150x150.png?imenable=1&impolicy=user-profile-picture&imwidth=100","61731","Prodcharles","660","120","10","5","949","3","0","false","true","English","Prodcharles"
"https://static-cdn.jtvnw.net/jtv_user_pictures/68fbbab2-2a9b-4f51-8863-53781db5c7f0-profile_image-150x150.png?imenable=1&impolicy=user-profile-picture&imwidth=100","61732","popovv","840","1665","4","0","949","7","38","false","true","French","popovv"
"https://static-cdn.jtvnw.net/jtv_user_pictures/742e59f9-83f5-414a-9ab4-7d43c61b706c-profile_image-150x150.png?imenable=1&impolicy=user-profile-picture&imwidth=100","61733","BeIow_","315","240","4","0","949","3","0","false","false","English","BeIow_"
"https://static-cdn.jtvnw.net/jtv_user_pictures/thebillfive-profile_image-09d64c282bb0bd22-150x150.png?imenable=1&impolicy=user-profile-picture&imwidth=100","61734","theBillFive","1350","330","6","4","949","-4","9","true","true","English","theBillFive"
"https://static-cdn.jtvnw.net/jtv_user_pictures/osoarrogantdj-profile_image-9eb2940b7200f684-150x150.jpeg?imenable=1&impolicy=user-profile-picture&imwidth=100","61735","OsoArrogantDJ","10725","2385","29","3","949","73","7","false","false","English","OsoArrogantDJ"
"https://static-cdn.jtvnw.net/jtv_user_pictures/c0324a66-35d2-406b-ae12-a0a163d8a195-profile_image-150x150.png?imenable=1&impolicy=user-profile-picture&imwidth=100","61736","aleks_gp","0","480","1","0","949","0","4","false","false","Russian","aleks_gp"
"https://static-cdn.jtvnw.net/jtv_user_pictures/dc451505-3add-4cca-ae16-882fc93f5928-profile_image-150x150.png?imenable=1&impolicy=user-profile-picture&imwidth=100","61737","Savescreen","12915","1110","21","11","949","14","149","false","false","English","Savescreen"
"https://static-cdn.jtvnw.net/jtv_user_pictures/ladylleina-profile_image-7d27b2bbf9d8a483-150x150.jpeg?imenable=1&impolicy=user-profile-picture&imwidth=100","61738","LadyLleina","115455","10005","62","11","949","169","703","false","true","English","LadyLleina"
"https://static-cdn.jtvnw.net/jtv_user_pictures/fullchargegaming-profile_image-bd7eb7faf0a4f158-150x150.jpeg?imenable=1&impolicy=user-profile-picture&imwidth=100","61739","FullChargeGaming","8730","1755","19","4","949","22","37","false","true","English","FullChargeGaming"
"https://static-cdn.jtvnw.net/jtv_user_pictures/ed64faa1-d354-49f8-8c6c-38c06ad85bd6-profile_image-150x150.png?imenable=1&impolicy=user-profile-picture&imwidth=100","61740","el_chico_tv","3045","1575","8","1","949","-13","102","false","true","French","el_chico_tv"
"https://static-cdn.jtvnw.net/jtv_user_pictures/7987b8f3-9334-42eb-bdc6-09e0b16563f8-profile_image-150x150.png?imenable=1&impolicy=user-profile-picture&imwidth=100","61741","HollyModness_Ar3s_The_ii","9810","2445","53","3","949","38","12","false","true","English","HollyModness_Ar3s_The_ii"
"https://static-cdn.jtvnw.net/jtv_user_pictures/e1af3e41-c063-4cee-9d5c-55f227abc2b1-profile_image-150x150.png?imenable=1&impolicy=user-profile-picture&imwidth=100","61742","jaypef","510","90","7","5","949","0","4","false","true","English","jaypef"
"https://static-cdn.jtvnw.net/jtv_user_pictures/7c39599e-ea9c-462e-b7c4-b724ec6e6867-profile_image-150x150.png?imenable=1&impolicy=user-profile-picture&imwidth=100","61743","Retro_oMEGAx","17475","3330","31","4","949","19","90","false","false","English","Retro_oMEGAx"
"https://static-cdn.jtvnw.net/jtv_user_pictures/ae33c97b-6d0f-4177-9c2e-a7ec22dedb4c-profile_image-150x150.png?imenable=1&impolicy=user-profile-picture&imwidth=100","61744","NegaGrier","1440","840","5","1","949","4","6","false","false","English","NegaGrier"
"https://static-cdn.jtvnw.net/jtv_user_pictures/m3nt34ttiv4-profile_image-3b3bb4f7c25d65c5-150x150.jpeg?imenable=1&impolicy=user-profile-picture&imwidth=100","61745","M3NT34TTIV4","33345","10230","9","2","949","110","870","false","false","Italian","M3NT34TTIV4"
"https://static-cdn.jtvnw.net/jtv_user_pictures/0e934619-3bd5-47b7-83ab-64c4294a6ed0-profile_image-150x150.png?imenable=1&impolicy=user-profile-picture&imwidth=100","61746","thelonegrey","109650","7425","31","14","949","104","660","false","false","English","thelonegrey"
"https://static-cdn.jtvnw.net/jtv_user_pictures/sorin1092-profile_image-21165f4ffd7021f9-150x150.jpeg?imenable=1&impolicy=user-profile-picture&imwidth=100","61747","Sorin1092","0","195","1","0","949","0","0","false","true","English","Sorin1092"
"https://static-cdn.jtvnw.net/jtv_user_pictures/a5cbf51b-0c52-49b4-8fdd-34e49b97111e-profile_image-150x150.png?imenable=1&impolicy=user-profile-picture&imwidth=100","61748","FrozenOneFPS","7230","2190","21","2","949","7","79","false","false","French","FrozenOneFPS"
"https://static-cdn.jtvnw.net/jtv_user_pictures/f5e35a72-0919-46f7-850f-346973d4ae0d-profile_image-150x150.png?imenable=1&impolicy=user-profile-picture&imwidth=100","61749","ScrappyCase","210","60","4","3","949","2","3","false","false","English","ScrappyCase"
"https://static-cdn.jtvnw.net/jtv_user_pictures/7e84079e-5a77-445d-aae1-3a9093cd9da5-profile_image-150x150.jpeg?imenable=1&impolicy=user-profile-picture&imwidth=100","61750","lvlupjay","540","360","3","1","949","0","7","false","true","English","lvlupjay"
"https://static-cdn.jtvnw.net/jtv_user_pictures/609458a2-e3dd-446b-9236-75ebd6a48dd2-profile_image-150x150.png?imenable=1&impolicy=user-profile-picture&imwidth=100","61751","fabS_ow","244500","4455","111","54","949","946","2274","false","false","English","fabS_ow"
"https://static-cdn.jtvnw.net/jtv_user_pictures/12410385-4b03-4e4c-98e6-21f6eb1d3f8f-profile_image-150x150.png?imenable=1&impolicy=user-profile-picture&imwidth=100","61752","PerkunoVaikas","3825","2730","9","0","949","8","119","false","true","English","PerkunoVaikas"
"https://static-cdn.jtvnw.net/jtv_user_pictures/9165fa97-fc00-4c55-aa9b-a92e032db6d3-profile_image-150x150.png?imenable=1&impolicy=user-profile-picture&imwidth=100","61753","LadyTaari","45","45","2","1","949","0","0","false","true","English","LadyTaari"
"https://static-cdn.jtvnw.net/jtv_user_pictures/9bbe631b-755f-4fa8-8b9a-8896c5e3f201-profile_image-150x150.png?imenable=1&impolicy=user-profile-picture&imwidth=100","61754","darthpaul_","0","105","2","0","949","-4","1","false","false","English","darthpaul_"
"https://static-cdn.jtvnw.net/jtv_user_pictures/d27f5e1c-0d23-4dc3-8b08-68a38c628f57-profile_image-150x150.png?imenable=1&impolicy=user-profile-picture&imwidth=100","61755","GameBros_Show","165","960","3","0","949","1","4","false","false","English","GameBros_Show"
"https://static-cdn.jtvnw.net/jtv_user_pictures/cefab8e0-a415-4098-81c8-e07ef3686e63-profile_image-150x150.png?imenable=1&impolicy=user-profile-picture&imwidth=100","61756","hducebeatz","5700","7500","4","0","949","8","18","false","true","English","hducebeatz"
"https://static-cdn.jtvnw.net/jtv_user_pictures/4e7db811-5da8-4495-aa3c-ebfa8df7611d-profile_image-150x150.png?imenable=1&impolicy=user-profile-picture&imwidth=100","61757","Priam89","0","180","0","0","949","0","1","false","false","English","Priam89"
"https://static-cdn.jtvnw.net/jtv_user_pictures/0eeaf070-4ef9-4dae-a8ce-18609768b842-profile_image-150x150.png?imenable=1&impolicy=user-profile-picture&imwidth=100","61758","Zacky2k","15","75","1","0","949","0","0","false","false","Spanish","Zacky2k"
"https://static-cdn.jtvnw.net/jtv_user_pictures/d82f23fdb457ea7d-profile_image-150x150.png?imenable=1&impolicy=user-profile-picture&imwidth=100","61759","ZouRoung","1005","450","6","1","949","-4","33","false","false","German","ZouRoung"
"https://static-cdn.jtvnw.net/jtv_user_pictures/dmnspawn-profile_image-5348c59a7df7fd62-150x150.jpeg?imenable=1&impolicy=user-profile-picture&imwidth=100","61760","DmnSpawn","15510","6315","10","2","949","24","192","false","true","English","DmnSpawn"
"https://static-cdn.jtvnw.net/jtv_user_pictures/entfy-profile_image-c19a90beb3977dbc-150x150.jpeg?imenable=1&impolicy=user-profile-picture&imwidth=100","61761","EnTfy","12480","4170","18","2","949","47","120","false","true","English","EnTfy"
"https://static-cdn.jtvnw.net/jtv_user_pictures/6fa8d4cd-3139-4fb4-b1bc-b52ba67f2af4-profile_image-150x150.png?imenable=1&impolicy=user-profile-picture&imwidth=100","61762","Cammykins","195","3345","2","0","949","3","3","false","true","English","Cammykins"
"https://static-cdn.jtvnw.net/jtv_user_pictures/88dcab3d-e5c0-49e2-aa85-83554d823b9d-profile_image-150x150.png?imenable=1&impolicy=user-profile-picture&imwidth=100","61763","fen4ek_","28035","4020","18","6","949","78","2130","false","false","Russian","fen4ek_"
"https://static-cdn.jtvnw.net/jtv_user_pictures/967906e4-fb83-4d41-a6ed-b41192605d31-profile_image-150x150.png?imenable=1&impolicy=user-profile-picture&imwidth=100","61764","EneleRS","3675","645","13","5","949","3","159","false","false","Portuguese","EneleRS"
"https://static-cdn.jtvnw.net/jtv_user_pictures/34181bfc-6380-4b35-9758-e898bd119b7f-profile_image-150x150.jpg?imenable=1&impolicy=user-profile-picture&imwidth=100","61765","SirResident","6105","750","31","7","949","0","96","false","true","German","SirResident"
"https://static-cdn.jtvnw.net/jtv_user_pictures/7479737da1b6652b-profile_image-150x150.png?imenable=1&impolicy=user-profile-picture&imwidth=100","61766","Mad_Ice_King","1800","630","5","2","949","-3","12","false","false","English","Mad_Ice_King"
"https://static-cdn.jtvnw.net/jtv_user_pictures/96aa0890-4f69-43ff-ae22-02fa0e949959-profile_image-150x150.png?imenable=1&impolicy=user-profile-picture&imwidth=100","61767","DosFIFA","615","240","8","2","949","14","2","false","false","English","DosFIFA"
"https://static-cdn.jtvnw.net/jtv_user_pictures/a82e0d72-6768-4f8f-ac3d-070fc9f73735-profile_image-150x150.png?imenable=1&impolicy=user-profile-picture&imwidth=100","61768","Tranquiliza","20970","2925","33","6","949","20","197","false","true","English","Tranquiliza"
"https://static-cdn.jtvnw.net/jtv_user_pictures/4873c5eb-577e-4979-83c3-cc2a4c722096-profile_image-150x150.png?imenable=1&impolicy=user-profile-picture&imwidth=100","61769","UNAAAGI","210","240","3","0","949","1","0","false","true","English","UNAAAGI"
"https://static-cdn.jtvnw.net/jtv_user_pictures/cdc0fb3c-0286-4d7d-bed9-c03ae501018d-profile_image-150x150.png?imenable=1&impolicy=user-profile-picture&imwidth=100","61770","Noshgosh","2580","240","15","10","949","5","11","false","true","English","Noshgosh"
"https://static-cdn.jtvnw.net/jtv_user_pictures/346d0961-8f55-4d2e-8e5a-2cfdf11da9f4-profile_image-150x150.png?imenable=1&impolicy=user-profile-picture&imwidth=100","61771","Silence_NA","3060","1335","6","1","949","-6","14","false","true","English","Silence_NA"
"https://static-cdn.jtvnw.net/jtv_user_pictures/mikangogogo-profile_image-ad59feaab6d0dc98-150x150.png?imenable=1&impolicy=user-profile-picture&imwidth=100","61772","mikangogogo","57450","1920","220","29","949","87","1375","true","false","Japanese","mikangogogo"
"https://static-cdn.jtvnw.net/jtv_user_pictures/1c62e5c5-9a1f-4ba4-98f7-8024daa7f2bd-profile_image-150x150.png?imenable=1&impolicy=user-profile-picture&imwidth=100","61773","CuteLolita","2265","780","7","2","949","1","17","false","true","English","CuteLolita"
"https://static-cdn.jtvnw.net/jtv_user_pictures/koubovic-profile_image-468f3a67c328c399-150x150.jpeg?imenable=1&impolicy=user-profile-picture&imwidth=100","61774","Koubovic","9135","1515","20","5","949","68","68","false","false","Czech","Koubovic"
"https://static-cdn.jtvnw.net/jtv_user_pictures/beatbumgaming-profile_image-fbb0eb9f1e1e3e2b-150x150.png?imenable=1&impolicy=user-profile-picture&imwidth=100","61775","beatbumgaming","2370","435","10","5","949","12","20","false","true","English","beatbumgaming"
"https://static-cdn.jtvnw.net/jtv_user_pictures/15a10732-009b-4e91-916a-eb5321a2cc35-profile_image-150x150.png?imenable=1&impolicy=user-profile-picture&imwidth=100","61776","andirect","0","30","0","0","948","0","2","false","false","German","andirect"
"https://static-cdn.jtvnw.net/jtv_user_pictures/ef4f045e-ea92-4bef-9574-62e2d3122da2-profile_image-150x150.png?imenable=1&impolicy=user-profile-picture&imwidth=100","61777","MellowKimiko","20250","2430","100","7","948","247","928","false","false","French","MellowKimiko"
"https://static-cdn.jtvnw.net/jtv_user_pictures/53886c39-9b9d-4481-bdee-8be1a23fb5db-profile_image-150x150.png?imenable=1&impolicy=user-profile-picture&imwidth=100","61778","MillersTime","2430","945","6","2","948","6","54","false","true","English","MillersTime"
"https://static-cdn.jtvnw.net/jtv_user_pictures/talfan-profile_image-af686f57fc6c92de-150x150.jpeg?imenable=1&impolicy=user-profile-picture&imwidth=100","61779","Talfan","135","135","4","0","948","2","10","false","false","German","Talfan"
"https://static-cdn.jtvnw.net/jtv_user_pictures/c42cea3b-ffa1-41f5-bab0-83dd5ba032d9-profile_image-150x150.jpg?imenable=1&impolicy=user-profile-picture&imwidth=100","61780","shelovesizzy","90","45","4","2","948","0","0","false","false","English","shelovesizzy"
"https://static-cdn.jtvnw.net/jtv_user_pictures/47277c4d-5b77-4108-be93-b96072c38bad-profile_image-150x150.png?imenable=1&impolicy=user-profile-picture&imwidth=100","61781","Questionkid","75","105","2","0","948","0","1","false","false","English","Questionkid"
"https://static-cdn.jtvnw.net/jtv_user_pictures/fb9caa67-3946-42b9-8655-611463640641-profile_image-150x150.png?imenable=1&impolicy=user-profile-picture&imwidth=100","61782","heeheex2","750","165","8","4","948","0","1","false","false","English","heeheex2"
"https://static-cdn.jtvnw.net/jtv_user_pictures/silentaddle-profile_image-822e8d010dbdab08-150x150.jpeg?imenable=1&impolicy=user-profile-picture&imwidth=100","61783","SilentAddle","35490","1230","78","28","948","-535","129","false","false","English","SilentAddle"
"https://static-cdn.jtvnw.net/jtv_user_pictures/zzmisterieuxzz-profile_image-168fd15d490978e3-150x150.jpeg?imenable=1&impolicy=user-profile-picture&imwidth=100","61784","Zzmisterieuxzz","390","375","3","1","948","-431","4","false","false","French","Zzmisterieuxzz"
"https://static-cdn.jtvnw.net/user-default-pictures/49988c7b-57bc-4dee-bd4f-6df4ad215d3a-profile_image-150x150.jpg?imenable=1&impolicy=user-profile-picture&imwidth=100","61785","Hixelite","1575","1380","5","0","948","-8","25","false","true","English","Hixelite"
"https://static-cdn.jtvnw.net/jtv_user_pictures/faa7958f-c9a8-453d-af2d-6c05407e4815-profile_image-150x150.png?imenable=1&impolicy=user-profile-picture&imwidth=100","61786","AstronautTV","270","180","3","1","948","0","0","false","true","English","AstronautTV"
"https://static-cdn.jtvnw.net/jtv_user_pictures/theoenomaus-profile_image-7f63dd03600935ee-150x150.jpeg?imenable=1&impolicy=user-profile-picture&imwidth=100","61787","theOenomaus","7425","720","20","9","948","12","49","false","false","Czech","theOenomaus"
"https://static-cdn.jtvnw.net/jtv_user_pictures/3c36f2ce-e38f-429b-8f02-48ff3d50f0d8-profile_image-150x150.png?imenable=1&impolicy=user-profile-picture&imwidth=100","61788","nobody4reall","315","180","4","1","948","0","42","false","true","Other","nobody4reall"
"https://static-cdn.jtvnw.net/jtv_user_pictures/3bfd8c27-c736-4d46-a6fa-39565ef83f9c-profile_image-150x150.png?imenable=1&impolicy=user-profile-picture&imwidth=100","61789","餅乾哥 (cookie520le)","115350","11820","44","9","948","193","2456","false","false","Chinese","餅乾哥 (cookie520le)"
"https://static-cdn.jtvnw.net/jtv_user_pictures/7dbb6df3-69d8-4c94-8dc8-ee15db9d2cbe-profile_image-150x150.jpg?imenable=1&impolicy=user-profile-picture&imwidth=100","61790","imnotcheatingtv","10020","4470","8","1","948","55","118","false","true","English","imnotcheatingtv"
"https://static-cdn.jtvnw.net/jtv_user_pictures/aphoticazure-profile_image-34250f9ac31f64b2-150x150.jpeg?imenable=1&impolicy=user-profile-picture&imwidth=100","61791","AphoticAzure","41610","3000","29","13","948","75","246","false","false","English","AphoticAzure"
"https://static-cdn.jtvnw.net/jtv_user_pictures/sneaq-profile_image-ba48f88e95a2bcd8-150x150.jpeg?imenable=1&impolicy=user-profile-picture&imwidth=100","61792","sneaq","30","30","2","1","948","0","3","false","false","German","sneaq"
"https://static-cdn.jtvnw.net/jtv_user_pictures/947faf0a-e020-43cc-964e-29ef97548c31-profile_image-150x150.png?imenable=1&impolicy=user-profile-picture&imwidth=100","61793","Lumpkii","2880","1140","8","2","948","3","3","false","true","English","Lumpkii"
"https://static-cdn.jtvnw.net/jtv_user_pictures/b8466cc9f050b32e-profile_image-150x150.png?imenable=1&impolicy=user-profile-picture&imwidth=100","61794","Philipovits","765","465","5","1","948","3","10","false","false","Danish","Philipovits"
"https://static-cdn.jtvnw.net/jtv_user_pictures/nicosuchtet-profile_image-760a37eb6eab6c6d-150x150.png?imenable=1&impolicy=user-profile-picture&imwidth=100","61795","NicoSuchtet","40530","6900","16","5","948","88","657","false","false","German","NicoSuchtet"
"https://static-cdn.jtvnw.net/jtv_user_pictures/529f720b-d1ec-4fb7-84ea-8f7e845f252f-profile_image-150x150.png?imenable=1&impolicy=user-profile-picture&imwidth=100","61796","krotodacherry","270","90","4","3","948","1","0","false","false","Russian","krotodacherry"
"https://static-cdn.jtvnw.net/jtv_user_pictures/7a9f2066-55a8-491b-9841-19278056325c-profile_image-150x150.png?imenable=1&impolicy=user-profile-picture&imwidth=100","61797","PeaceEgg","14610","2250","14","6","948","10","80","false","false","English","PeaceEgg"
"https://static-cdn.jtvnw.net/jtv_user_pictures/418e571a-ec60-4997-8d0b-20fc98621fd3-profile_image-150x150.jpg?imenable=1&impolicy=user-profile-picture&imwidth=100","61798","covali","480","150","5","2","948","1","15","false","false","Russian","covali"
"https://static-cdn.jtvnw.net/jtv_user_pictures/bondtwitch-profile_image-66760ca85a959db5-150x150.jpeg?imenable=1&impolicy=user-profile-picture&imwidth=100","61799","BondTwitch","30","15","2","2","948","0","0","false","false","English","BondTwitch"
"https://static-cdn.jtvnw.net/jtv_user_pictures/king_prium-profile_image-513a0de57ad3407c-150x150.jpeg?imenable=1&impolicy=user-profile-picture&imwidth=100","61800","King_Prium","75","450","1","0","948","1","4","false","true","English","King_Prium"