"","","Channel","Watch time","Stream time","Peak viewers","Average viewers","Followers","Followers gained","Views gained","Partnered","Mature","Language",""
"https://static-cdn.jtvnw.net/jtv_user_pictures/cyanide-profile_image-ef9362bf6ff7ea07-150x150.jpeg?imenable=1&impolicy=user-profile-picture&imwidth=100","951","Cyanide","1899045","2745","1559","691","192228","831","27746","true","false","English","Cyanide"
"https://static-cdn.jtvnw.net/jtv_user_pictures/zydar-profile_image-5ce12e85828cf5ff-150x150.png?imenable=1&impolicy=user-profile-picture&imwidth=100","952","Zydar","18481995","10560","4177","1749","191799","23376","120345","true","false","French","Zydar"
"https://static-cdn.jtvnw.net/jtv_user_pictures/leveluplive-profile_image-c7daea88e66fbe44-150x150.png?imenable=1&impolicy=user-profile-picture&imwidth=100","953","leveluplive","2975250","4545","1944","654","190923","686","14623","true","false","English","leveluplive"
"https://static-cdn.jtvnw.net/jtv_user_pictures/996d2d80-c1c4-4dd7-99dd-074c47cf7196-profile_image-150x150.png?imenable=1&impolicy=user-profile-picture&imwidth=100","954","Payo","4260","300","20","13","190743","-36","141","true","false","English","Payo"
"https://static-cdn.jtvnw.net/jtv_user_pictures/5906e379-865a-48a1-b3cc-da0fc57e9e29-profile_image-150x150.png?imenable=1&impolicy=user-profile-picture&imwidth=100","955","Ms5000Watts","1599735","2220","1307","720","190671","4188","12151","true","false","English","Ms5000Watts"
"https://static-cdn.jtvnw.net/jtv_user_pictures/c742859238b285fc-profile_image-150x150.png?imenable=1&impolicy=user-profile-picture&imwidth=100","956","Alfie","1894290","12660","829","149","190519","-2649","9228","true","false","English","Alfie"
"https://static-cdn.jtvnw.net/jtv_user_pictures/8b6c66e9-bb78-4018-8302-64f94bcecbbd-profile_image-150x150.png?imenable=1&impolicy=user-profile-picture&imwidth=100","957","Nyxeira","13443525","13380","1901","1004","190431","5527","48115","false","false","English","Nyxeira"
"https://static-cdn.jtvnw.net/jtv_user_pictures/079e2a60-39f2-4eb8-b9bd-bb32362ece5f-profile_image-150x150.png?imenable=1&impolicy=user-profile-picture&imwidth=100","958","NoxiousLive","7714815","3465","8897","2226","190413","4514","74827","true","false","English","NoxiousLive"
"https://static-cdn.jtvnw.net/jtv_user_pictures/xodalive-profile_image-6a69bdc654387be5-150x150.jpeg?imenable=1&impolicy=user-profile-picture&imwidth=100","959","XodaLive","1598760","780","4925","2049","190278","3485","56128","true","false","Spanish","XodaLive"
"https://static-cdn.jtvnw.net/jtv_user_pictures/468fa0c7-7658-49f9-afc5-57e6f0d522b0-profile_image-150x150.png?imenable=1&impolicy=user-profile-picture&imwidth=100","960","TaraBabcock","857175","4260","389","200","190105","2847","33815","true","true","English","TaraBabcock"
"https://static-cdn.jtvnw.net/jtv_user_pictures/768736b4-0cc1-45a3-9e80-638972101d80-profile_image-150x150.png?imenable=1&impolicy=user-profile-picture&imwidth=100","961","TheDivisionGame  (thedivisiongame)","14325615","5235","7403","2736","189993","17439","979934","true","true","English","TheDivisionGame  (thedivisiongame)"
"https://static-cdn.jtvnw.net/jtv_user_pictures/tinkerleo-profile_image-2a4a77aa7cf7d3c4-150x150.jpeg?imenable=1&impolicy=user-profile-picture&imwidth=100","962","Tinkerleo","1465290","6285","706","232","189987","461","46410","true","false","German","Tinkerleo"
"https://static-cdn.jtvnw.net/jtv_user_pictures/kaytlien-profile_image-ef50ea7d7cb66beb-150x150.jpeg?imenable=1&impolicy=user-profile-picture&imwidth=100","963","Kaytlien","34875","2580","67","13","189846","70","974","true","false","German","Kaytlien"
"https://static-cdn.jtvnw.net/jtv_user_pictures/380c91c5-c8b3-410a-9e55-135852eaee86-profile_image-150x150.png?imenable=1&impolicy=user-profile-picture&imwidth=100","964","Puppers","66285","6810","29","9","189800","193","665","true","false","English","Puppers"
"https://static-cdn.jtvnw.net/jtv_user_pictures/083ab26c-e7c1-45ec-b777-ace2078ecead-profile_image-150x150.png?imenable=1&impolicy=user-profile-picture&imwidth=100","965","snutzy","6213030","9585","3575","647","189462","-58","45710","true","false","English","snutzy"
"https://static-cdn.jtvnw.net/jtv_user_pictures/1123860f-439d-4f23-950e-94249afbd83d-profile_image-150x150.png?imenable=1&impolicy=user-profile-picture&imwidth=100","966","Orb","3970065","8925","880","444","189315","361","30211","true","false","English","Orb"
"https://static-cdn.jtvnw.net/jtv_user_pictures/cf18fbe7-7b31-4875-b33e-02c7c9b647ee-profile_image-150x150.png?imenable=1&impolicy=user-profile-picture&imwidth=100","967","des0ut","45","120","2","0","189124","-1","79","true","true","Russian","des0ut"
"https://static-cdn.jtvnw.net/jtv_user_pictures/558a5555-401e-46fd-a65d-ad4e7ecb837f-profile_image-150x150.png?imenable=1&impolicy=user-profile-picture&imwidth=100","968","Zombie_Barricades","4268325","14925","942","285","189069","1312","13975","true","true","English","Zombie_Barricades"
"https://static-cdn.jtvnw.net/jtv_user_pictures/04991aab-0503-4400-8f42-2154fb3f5c2a-profile_image-150x150.png?imenable=1&impolicy=user-profile-picture&imwidth=100","969","g4v3r","5071680","3630","3424","1396","188987","15470","82841","true","false","Russian","g4v3r"
"https://static-cdn.jtvnw.net/jtv_user_pictures/91063e4f-38c8-4689-b4f7-2f4872f692a2-profile_image-150x150.png?imenable=1&impolicy=user-profile-picture&imwidth=100","970","Anil","474840","450","2353","1054","188768","3014","6203","true","false","French","Anil"
"https://static-cdn.jtvnw.net/jtv_user_pictures/caa44fc1-c9cc-4b59-87a1-b76c76011104-profile_image-150x150.png?imenable=1&impolicy=user-profile-picture&imwidth=100","971","Bennnzz","612825","2040","880","299","188628","1857","7720","true","false","French","Bennnzz"
"https://static-cdn.jtvnw.net/jtv_user_pictures/d9a13940-d617-4d44-8d12-3084632674e4-profile_image-150x150.png?imenable=1&impolicy=user-profile-picture&imwidth=100","972","Melipastel","2176530","9615","1590","225","188585","7918","13439","true","false","English","Melipastel"
"https://static-cdn.jtvnw.net/jtv_user_pictures/519af43a-5674-4ae6-8044-95eb2511ba13-profile_image-150x150.png?imenable=1&impolicy=user-profile-picture&imwidth=100","973","UpshallGames","343770","6765","305","50","188290","950","1553","true","false","English","UpshallGames"
"https://static-cdn.jtvnw.net/jtv_user_pictures/c3082908-998b-4de9-9837-5d3a22831545-profile_image-150x150.png?imenable=1&impolicy=user-profile-picture&imwidth=100","974","Barny","2491200","4335","2686","574","188287","4341","41327","true","false","English","Barny"
"https://static-cdn.jtvnw.net/jtv_user_pictures/f915e077-b9a7-4a85-a5ea-7d51b2f600cb-profile_image-150x150.png?imenable=1&impolicy=user-profile-picture&imwidth=100","975","Fitzyhere","2685","150","26","17","188282","-5","45","true","false","English","Fitzyhere"
"https://static-cdn.jtvnw.net/jtv_user_pictures/tmemoryy-profile_image-6d52452eab7166dc-150x150.jpeg?imenable=1&impolicy=user-profile-picture&imwidth=100","976","TMemoryy","318270","6180","118","50","188262","293","705","true","true","English","TMemoryy"
"https://static-cdn.jtvnw.net/jtv_user_pictures/f9270183-8c70-4579-bad8-efac10246a09-profile_image-150x150.png?imenable=1&impolicy=user-profile-picture&imwidth=100","977","ANaKiinN","5831385","9300","2933","626","188248","10882","271777","true","false","Turkish","ANaKiinN"
"https://static-cdn.jtvnw.net/jtv_user_pictures/5ea90152-4808-4b8b-b457-19595f4fadef-profile_image-150x150.png?imenable=1&impolicy=user-profile-picture&imwidth=100","978","CaptainPuffy","360","30","16","12","187902","0","0","true","false","English","CaptainPuffy"
"https://static-cdn.jtvnw.net/jtv_user_pictures/26602fbf-75f9-4194-b016-d2a7deb81129-profile_image-150x150.png?imenable=1&impolicy=user-profile-picture&imwidth=100","979","TEAMEVGA","23370","795","126","29","187710","1052","889","true","false","English","TEAMEVGA"
"https://static-cdn.jtvnw.net/jtv_user_pictures/9a90cf38-9a85-4834-afc8-debfc8e90aa8-profile_image-150x150.png?imenable=1&impolicy=user-profile-picture&imwidth=100","980","taimoutv","379305","8700","250","43","187117","190","2836","true","true","English","taimoutv"
"https://static-cdn.jtvnw.net/jtv_user_pictures/buckarmy-profile_image-9d85a9e443b03596-150x150.jpeg?imenable=1&impolicy=user-profile-picture&imwidth=100","981","BuckArmy","137115","3105","209","43","186875","1513","653","true","false","English","BuckArmy"
"https://static-cdn.jtvnw.net/jtv_user_pictures/bananaslamjamma-profile_image-8a07eac563581ffe-150x150.png?imenable=1&impolicy=user-profile-picture&imwidth=100","982","BananaSlamJamma","10875630","4125","15477","2635","186778","2213","71797","true","true","English","BananaSlamJamma"
"https://static-cdn.jtvnw.net/jtv_user_pictures/ipav999-profile_image-e8b99cb1efe71a13-150x150.jpeg?imenable=1&impolicy=user-profile-picture&imwidth=100","983","ipav999","843570","19575","122","42","186625","613","5565","true","false","English","ipav999"
"https://static-cdn.jtvnw.net/jtv_user_pictures/0eff5732-72e6-44a4-b49c-cd7399a956e9-profile_image-150x150.jpg?imenable=1&impolicy=user-profile-picture&imwidth=100","984","s2AlineFaria","5373435","3075","4050","1746","186393","7725","151949","true","false","Portuguese","s2AlineFaria"
"https://static-cdn.jtvnw.net/jtv_user_pictures/1be5f13a-c720-4054-a17c-afe3a11aeeda-profile_image-150x150.png?imenable=1&impolicy=user-profile-picture&imwidth=100","985","Button","1971135","9735","1031","202","186019","1677","68700","true","true","English","Button"
"https://static-cdn.jtvnw.net/jtv_user_pictures/1bfe0af0-b842-4ead-80bc-a49db03287fd-profile_image-150x150.png?imenable=1&impolicy=user-profile-picture&imwidth=100","986","StarCityGames","62401365","7860","17779","7938","185614","3152","300765","true","false","English","StarCityGames"
"https://static-cdn.jtvnw.net/jtv_user_pictures/hyphonix-profile_image-4f93a9de9f34ea00-150x150.jpeg?imenable=1&impolicy=user-profile-picture&imwidth=100","987","Hyphonix","1155210","8640","324","133","185605","124","3663","false","false","English","Hyphonix"
"https://static-cdn.jtvnw.net/jtv_user_pictures/newia-profile_image-c27417a3e4845476-150x150.jpeg?imenable=1&impolicy=user-profile-picture&imwidth=100","988","Newia","92955","465","424","199","185535","888","1817","true","false","Czech","Newia"
"https://static-cdn.jtvnw.net/jtv_user_pictures/963d9792-e9de-4b0e-a418-5ffd871dc4ee-profile_image-150x150.png?imenable=1&impolicy=user-profile-picture&imwidth=100","989","懶貓 (failverde)","4382055","4785","2795","915","185261","2195","112957","true","false","Chinese","懶貓 (failverde)"
"https://static-cdn.jtvnw.net/jtv_user_pictures/cec57251-a6f3-41ef-8876-2ba2796f4236-profile_image-150x150.png?imenable=1&impolicy=user-profile-picture&imwidth=100","990","Shaclone","5396610","3165","5568","1704","185002","11250","84175","true","false","English","Shaclone"
"https://static-cdn.jtvnw.net/jtv_user_pictures/aculite-profile_image-41feb913d4b5c63f-150x150.png?imenable=1&impolicy=user-profile-picture&imwidth=100","991","Aculite","345","165","5","2","184982","0","4","true","true","English","Aculite"
"https://static-cdn.jtvnw.net/jtv_user_pictures/d975bc2b-d4dc-4563-9cd1-2de63790f8e0-profile_image-150x150.png?imenable=1&impolicy=user-profile-picture&imwidth=100","992","MaferRocha","2535","225","18","11","184615","21","62","true","false","Spanish","MaferRocha"
"https://static-cdn.jtvnw.net/jtv_user_pictures/4406f917-40ef-48cc-898c-ef27cff115e7-profile_image-150x150.png?imenable=1&impolicy=user-profile-picture&imwidth=100","993","Igromania","3873285","4785","3380","808","184510","2336","455107","true","false","Russian","Igromania"
"https://static-cdn.jtvnw.net/jtv_user_pictures/a568dd36-31a7-4074-afeb-6f6b868267d2-profile_image-150x150.png?imenable=1&impolicy=user-profile-picture&imwidth=100","994","MissCoookiez","2707440","7725","663","349","184187","761","48907","true","false","English","MissCoookiez"
"https://static-cdn.jtvnw.net/jtv_user_pictures/f8d5ee68-aa59-4d2d-aaa7-1ee398b9ac50-profile_image-150x150.png?imenable=1&impolicy=user-profile-picture&imwidth=100","995","Elspeth","1237965","4725","1128","261","183771","1722","27039","true","false","English","Elspeth"
"https://static-cdn.jtvnw.net/jtv_user_pictures/3408276e-7e31-4338-b57d-39c524e904f5-profile_image-150x150.png?imenable=1&impolicy=user-profile-picture&imwidth=100","996","iJevin","198540","2040","206","96","183553","100","2013","true","false","English","iJevin"
"https://static-cdn.jtvnw.net/jtv_user_pictures/cfbb72a6-c6a0-4808-8736-794c5f759d01-profile_image-150x150.png?imenable=1&impolicy=user-profile-picture&imwidth=100","997","Trinity","230295","3180","183","71","183497","461","5060","true","true","French","Trinity"
"https://static-cdn.jtvnw.net/jtv_user_pictures/0d7b0f2a-e0bc-4940-9c8f-42e66124e507-profile_image-150x150.png?imenable=1&impolicy=user-profile-picture&imwidth=100","998","99Damage","10521840","4545","17185","2314","183458","4136","151669","true","false","German","99Damage"
"https://static-cdn.jtvnw.net/jtv_user_pictures/0218aa42-89c8-4b6d-848d-7a8bcb6149ad-profile_image-150x150.png?imenable=1&impolicy=user-profile-picture&imwidth=100","999","Peeve","2456805","3225","1600","761","183320","722","27248","true","true","English","Peeve"
"https://static-cdn.jtvnw.net/jtv_user_pictures/7b6c75021a9aaa79-profile_image-150x150.png?imenable=1&impolicy=user-profile-picture&imwidth=100","1000","Jvnq","402015","735","852","546","183315","615","13123","true","false","Portuguese","Jvnq"