"","","Channel","Watch time","Stream time","Peak viewers","Average viewers","Followers","Followers gained","Views gained","Partnered","Mature","Language",""
"https://static-cdn.jtvnw.net/jtv_user_pictures/partyboy1226_-profile_image-c56e699378753683-150x150.jpeg?imenable=1&impolicy=user-profile-picture&imwidth=100","70701","Partyboy1226_","8475","690","51","11","753","132","35","false","false","English","Partyboy1226_"
"https://static-cdn.jtvnw.net/jtv_user_pictures/46f1a69e-b34d-4b40-b745-2060568ee2d9-profile_image-150x150.png?imenable=1&impolicy=user-profile-picture&imwidth=100","70702","0x00c","21690","2565","18","7","753","43","352","false","false","German","0x00c"
"https://static-cdn.jtvnw.net/jtv_user_pictures/dd90646e-c96c-4d2b-8342-d3de29ee1829-profile_image-150x150.png?imenable=1&impolicy=user-profile-picture&imwidth=100","70703","skyiora","16155","1110","34","14","753","96","160","false","true","English","skyiora"
"https://static-cdn.jtvnw.net/jtv_user_pictures/77241431-f6a8-4bdd-aeb1-82da72a576ed-profile_image-150x150.png?imenable=1&impolicy=user-profile-picture&imwidth=100","70704","RidicvIe","13215","2280","49","5","753","111","570","false","false","English","RidicvIe"
"https://static-cdn.jtvnw.net/jtv_user_pictures/7d30e134-7b18-49f1-8153-ad5e22b9c126-profile_image-150x150.png?imenable=1&impolicy=user-profile-picture&imwidth=100","70705","Regner6","2295","870","6","2","753","6","92","false","true","English","Regner6"
"https://static-cdn.jtvnw.net/jtv_user_pictures/a508fefd-33d7-42c9-9295-76df7a64de01-profile_image-150x150.png?imenable=1&impolicy=user-profile-picture&imwidth=100","70706","jdy_rg","585","690","4","0","753","-1","4","false","true","English","jdy_rg"
"https://static-cdn.jtvnw.net/jtv_user_pictures/00fff3dc-f44b-425b-a97c-bfe6472a762b-profile_image-150x150.png?imenable=1&impolicy=user-profile-picture&imwidth=100","70707","로이킴 (roykeem)","885","705","4","1","753","-1","13","false","false","Korean","로이킴 (roykeem)"
"https://static-cdn.jtvnw.net/jtv_user_pictures/kumanox-profile_image-05fa0904a404d0bb-150x150.jpeg?imenable=1&impolicy=user-profile-picture&imwidth=100","70708","kumanox","102975","3600","62","28","753","67","2054","false","true","Portuguese","kumanox"
"https://static-cdn.jtvnw.net/jtv_user_pictures/9a57e90f-19c1-4c33-a2c6-2bc97ecc843d-profile_image-150x150.png?imenable=1&impolicy=user-profile-picture&imwidth=100","70709","ReAlec","345","285","3","1","753","1","1","false","true","English","ReAlec"
"https://static-cdn.jtvnw.net/jtv_user_pictures/f4b966cd-4ea3-4eae-9dd8-2c5ef1ded82d-profile_image-150x150.png?imenable=1&impolicy=user-profile-picture&imwidth=100","70710","BlameFull_TV","1920","1245","5","1","753","9","37","false","false","French","BlameFull_TV"
"https://static-cdn.jtvnw.net/jtv_user_pictures/3fcd3cbd-d971-48f0-a56c-1a714d9a516c-profile_image-150x150.jpg?imenable=1&impolicy=user-profile-picture&imwidth=100","70711","TheBlackNerd","660","180","8","3","753","6","22","false","false","English","TheBlackNerd"
"https://static-cdn.jtvnw.net/jtv_user_pictures/d317a8b9-1f3b-48be-868a-40a85e5f42a2-profile_image-150x150.png?imenable=1&impolicy=user-profile-picture&imwidth=100","70712","allex_play","3900","1200","14","2","753","19","70","false","true","Russian","allex_play"
"https://static-cdn.jtvnw.net/jtv_user_pictures/20be4ecd-071d-4646-a401-ab3d89cd7998-profile_image-150x150.png?imenable=1&impolicy=user-profile-picture&imwidth=100","70713","HideAndSqueak","240","240","4","1","753","-2","4","false","false","English","HideAndSqueak"
"https://static-cdn.jtvnw.net/jtv_user_pictures/rpgamer-profile_image-ccef855284609f1f-150x150.jpeg?imenable=1&impolicy=user-profile-picture&imwidth=100","70714","RPGamer","5070","510","23","9","753","5","58","false","false","English","RPGamer"
"https://static-cdn.jtvnw.net/jtv_user_pictures/canadiandrmar1o-profile_image-1265530903ae578b-150x150.jpeg?imenable=1&impolicy=user-profile-picture&imwidth=100","70715","CanadianDrMar1o","15","15","1","1","753","0","0","false","true","English","CanadianDrMar1o"
"https://static-cdn.jtvnw.net/jtv_user_pictures/8d76e9a4-e081-48e6-93bd-7063f33bb83c-profile_image-150x150.png?imenable=1&impolicy=user-profile-picture&imwidth=100","70716","goodguynox","555","2580","1","0","753","0","10","false","false","English","goodguynox"
"https://static-cdn.jtvnw.net/jtv_user_pictures/jwhack7-profile_image-142197c44aadf0ba-150x150.jpeg?imenable=1&impolicy=user-profile-picture&imwidth=100","70717","JWhack7","6525","1485","10","3","753","15","13","false","true","English","JWhack7"
"https://static-cdn.jtvnw.net/jtv_user_pictures/universodeinabbi-profile_image-173b0da6320c507c-150x150.jpeg?imenable=1&impolicy=user-profile-picture&imwidth=100","70718","UniversoDeiNabbi","120","225","2","0","753","2","45","false","false","Italian","UniversoDeiNabbi"
"https://static-cdn.jtvnw.net/jtv_user_pictures/erikklk-profile_image-9c727ac460fc2a1b-150x150.jpeg?imenable=1&impolicy=user-profile-picture&imwidth=100","70719","Erikklk","14115","1665","26","7","753","8","118","false","false","English","Erikklk"
"https://static-cdn.jtvnw.net/jtv_user_pictures/c98b53cf-73ed-4295-837b-1e150c724612-profile_image-150x150.png?imenable=1&impolicy=user-profile-picture&imwidth=100","70720","AlphaWolfDagron","9990","2775","11","3","753","2","95","false","true","English","AlphaWolfDagron"
"https://static-cdn.jtvnw.net/jtv_user_pictures/2f660293-d1ce-4bae-9b6b-f1d4bd63ab09-profile_image-150x150.png?imenable=1&impolicy=user-profile-picture&imwidth=100","70721","JDutko","405","960","4","0","753","2","5","false","true","English","JDutko"
"https://static-cdn.jtvnw.net/jtv_user_pictures/087bb7d1-7efc-4265-9ecb-74473f7dd415-profile_image-150x150.png?imenable=1&impolicy=user-profile-picture&imwidth=100","70722","MMZ_Electro","870","345","4","2","753","1","5","false","true","English","MMZ_Electro"
"https://static-cdn.jtvnw.net/jtv_user_pictures/372a4f5e-de83-4a89-bd46-4183218cb84c-profile_image-150x150.png?imenable=1&impolicy=user-profile-picture&imwidth=100","70723","ScaredShirtless","1095","585","7","1","753","-2","19","false","false","English","ScaredShirtless"
"https://static-cdn.jtvnw.net/jtv_user_pictures/2c31191dbed34438-profile_image-150x150.png?imenable=1&impolicy=user-profile-picture&imwidth=100","70724","LaKyeTV","3345","1410","7","2","753","9","29","false","false","English","LaKyeTV"
"https://static-cdn.jtvnw.net/jtv_user_pictures/11350e3a-4ecc-4f12-8509-826b19d9d9ec-profile_image-150x150.png?imenable=1&impolicy=user-profile-picture&imwidth=100","70725","Kisekii","47100","4410","22","10","753","86","430","false","false","English","Kisekii"
"https://static-cdn.jtvnw.net/jtv_user_pictures/raptorsalad-profile_image-d6002ee21b9a7b8c-150x150.jpeg?imenable=1&impolicy=user-profile-picture&imwidth=100","70726","Raptorsalad","4560","930","11","4","753","-2","45","false","true","English","Raptorsalad"
"https://static-cdn.jtvnw.net/jtv_user_pictures/rebel_havoc-profile_image-0935704d932aa5de-150x150.png?imenable=1&impolicy=user-profile-picture&imwidth=100","70727","Rebel_Havoc","53760","10125","15","4","753","21","135","false","true","English","Rebel_Havoc"
"https://static-cdn.jtvnw.net/jtv_user_pictures/58633fdf-079e-48da-9f2a-afb9e496dbe7-profile_image-150x150.png?imenable=1&impolicy=user-profile-picture&imwidth=100","70728","Bloodzure","17265","3180","18","5","753","25","140","false","true","English","Bloodzure"
"https://static-cdn.jtvnw.net/jtv_user_pictures/b491279c-9bd2-49c9-a0ff-1bfe16b9f1ba-profile_image-150x150.png?imenable=1&impolicy=user-profile-picture&imwidth=100","70729","Cillaid","810","300","7","2","753","1","10","false","true","English","Cillaid"
"https://static-cdn.jtvnw.net/jtv_user_pictures/dayonepatch-profile_image-664ea611142708bb-150x150.png?imenable=1&impolicy=user-profile-picture&imwidth=100","70730","DayOnePatch","2610","1275","9","1","753","0","91","false","true","English","DayOnePatch"
"https://static-cdn.jtvnw.net/jtv_user_pictures/0899438c-45e3-404f-a2de-5a7dbf4d9ae9-profile_image-150x150.jpg?imenable=1&impolicy=user-profile-picture&imwidth=100","70731","davoscast","0","45","0","0","752","0","0","false","false","English","davoscast"
"https://static-cdn.jtvnw.net/jtv_user_pictures/stancrispy-profile_image-a5b3a9b5be42c19c-150x150.jpeg?imenable=1&impolicy=user-profile-picture&imwidth=100","70732","stancrispy","69675","9435","38","6","752","126","417","false","true","English","stancrispy"
"https://static-cdn.jtvnw.net/jtv_user_pictures/43b122f3-809d-4fef-a6bb-afeb163e1113-profile_image-150x150.png?imenable=1&impolicy=user-profile-picture&imwidth=100","70733","PracticalGunGuy","135","465","2","0","752","1","15","false","true","English","PracticalGunGuy"
"https://static-cdn.jtvnw.net/jtv_user_pictures/ada67cb1-d353-4ccd-9474-7bbbed321369-profile_image-150x150.png?imenable=1&impolicy=user-profile-picture&imwidth=100","70734","TheMedicGamer1","105","60","2","1","752","0","0","false","true","English","TheMedicGamer1"
"https://static-cdn.jtvnw.net/jtv_user_pictures/tajwos-profile_image-dad1a580cde20ff1-150x150.jpeg?imenable=1&impolicy=user-profile-picture&imwidth=100","70735","Tajwos","285","135","7","2","752","0","45","false","false","Polish","Tajwos"
"https://static-cdn.jtvnw.net/jtv_user_pictures/f71fef89-9cde-492a-bdf9-445b6cc1b76a-profile_image-150x150.png?imenable=1&impolicy=user-profile-picture&imwidth=100","70736","KimaTheFox","15","15","1","1","752","0","0","false","true","English","KimaTheFox"
"https://static-cdn.jtvnw.net/jtv_user_pictures/ca8e915c-c6d2-4650-bdf5-cfcc7634e7bd-profile_image-150x150.png?imenable=1&impolicy=user-profile-picture&imwidth=100","70737","MBNDK","15","15","1","1","752","0","0","false","true","Danish","MBNDK"
"https://static-cdn.jtvnw.net/jtv_user_pictures/f6ff0c49-2a0a-4854-917e-e744de68cbc1-profile_image-150x150.jpg?imenable=1&impolicy=user-profile-picture&imwidth=100","70738","Ghhaze","2835","1170","7","2","752","17","45","false","false","French","Ghhaze"
"https://static-cdn.jtvnw.net/jtv_user_pictures/7a420590-109f-4c6b-8cff-0ad35d20a956-profile_image-150x150.png?imenable=1&impolicy=user-profile-picture&imwidth=100","70739","syxero","6570","1470","11","4","752","12","113","false","true","Hungarian","syxero"
"https://static-cdn.jtvnw.net/jtv_user_pictures/piplochu_png-profile_image-3d301cebaf1893a9-150x150.jpeg?imenable=1&impolicy=user-profile-picture&imwidth=100","70740","piplochu_png","1470","495","8","2","752","4","31","false","false","Spanish","piplochu_png"
"https://static-cdn.jtvnw.net/jtv_user_pictures/fixow-profile_image-305aa757436ae6e2-150x150.png?imenable=1&impolicy=user-profile-picture&imwidth=100","70741","FIXOW","3375","1575","6","1","752","2","16","false","false","English","FIXOW"
"https://static-cdn.jtvnw.net/jtv_user_pictures/totalrez-profile_image-f920f413c4a8d7b2-150x150.jpeg?imenable=1&impolicy=user-profile-picture&imwidth=100","70742","totalrez","22245","4200","13","4","752","22","188","false","true","English","totalrez"
"https://static-cdn.jtvnw.net/jtv_user_pictures/d1248194-d3f7-4a81-a963-d8628fd5d609-profile_image-150x150.jpg?imenable=1&impolicy=user-profile-picture&imwidth=100","70743","Phosphate","45","15","3","3","752","0","0","false","false","English","Phosphate"
"https://static-cdn.jtvnw.net/jtv_user_pictures/tessadoe-profile_image-5a5bd52f8d9e1b4b-150x150.jpeg?imenable=1&impolicy=user-profile-picture&imwidth=100","70744","tessadoe","810","495","4","1","752","0","0","false","false","English","tessadoe"
"https://static-cdn.jtvnw.net/jtv_user_pictures/igivemoneyrs-profile_image-0dce494763355479-150x150.jpeg?imenable=1&impolicy=user-profile-picture&imwidth=100","70745","IGiveMoneyRS","3990","270","86","14","752","973","18","false","false","English","IGiveMoneyRS"
"https://static-cdn.jtvnw.net/jtv_user_pictures/cad42730-c1bc-4375-a27d-19a796b81b30-profile_image-150x150.png?imenable=1&impolicy=user-profile-picture&imwidth=100","70746","JakeGFX","615","315","6","1","752","6","25","false","true","English","JakeGFX"
"https://static-cdn.jtvnw.net/jtv_user_pictures/5fa0d466-b246-4690-a0bb-34f9f9440b80-profile_image-150x150.png?imenable=1&impolicy=user-profile-picture&imwidth=100","70747","QueenCaprice","7770","1875","9","3","752","13","119","false","true","French","QueenCaprice"
"https://static-cdn.jtvnw.net/jtv_user_pictures/c14157fd-8ed8-4eb8-8217-0bf309d92b3a-profile_image-150x150.png?imenable=1&impolicy=user-profile-picture&imwidth=100","70748","STONEYBREW","0","45","0","0","752","0","0","false","true","English","STONEYBREW"
"https://static-cdn.jtvnw.net/jtv_user_pictures/aa8d5e02-3d7d-4f6c-9ca0-7740169864ea-profile_image-150x150.jpeg?imenable=1&impolicy=user-profile-picture&imwidth=100","70749","RVPGG","11895","3360","88","3","752","59","144","false","false","English","RVPGG"
"https://static-cdn.jtvnw.net/jtv_user_pictures/580c9d9d-6b75-4182-b358-8173462287c7-profile_image-150x150.png?imenable=1&impolicy=user-profile-picture&imwidth=100","70750","asmoplayshs","13320","255","94","51","752","25","230","false","true","Polish","asmoplayshs"
"https://static-cdn.jtvnw.net/jtv_user_pictures/80c06beb39631b1b-profile_image-150x150.png?imenable=1&impolicy=user-profile-picture&imwidth=100","70751","Tr9y","330","60","7","5","752","0","0","false","false","English","Tr9y"
"https://static-cdn.jtvnw.net/jtv_user_pictures/56f0f314-b266-4031-8628-e215d88e039a-profile_image-150x150.jpeg?imenable=1&impolicy=user-profile-picture&imwidth=100","70752","Wastedxf","720","105","10","6","752","1","0","false","false","Swedish","Wastedxf"
"https://static-cdn.jtvnw.net/jtv_user_pictures/krissfox_-profile_image-98f7e837e1986c14-150x150.jpeg?imenable=1&impolicy=user-profile-picture&imwidth=100","70753","KrissFox_","32745","3330","29","9","752","184","1103","false","true","Russian","KrissFox_"
"https://static-cdn.jtvnw.net/jtv_user_pictures/b6c7b34a-74fc-4f36-b522-8c52dd58909d-profile_image-150x150.jpg?imenable=1&impolicy=user-profile-picture&imwidth=100","70754","ih8kamil","3615","3060","7","0","752","18","16","false","false","English","ih8kamil"
"https://static-cdn.jtvnw.net/jtv_user_pictures/e11cb92f-3c97-4cc5-97e9-02bdd3d7e5fb-profile_image-150x150.jpg?imenable=1&impolicy=user-profile-picture&imwidth=100","70755","Zexr_","150","45","6","3","752","2","0","false","false","English","Zexr_"
"https://static-cdn.jtvnw.net/jtv_user_pictures/tumyix-profile_image-29c64cedb7ed0061-150x150.png?imenable=1&impolicy=user-profile-picture&imwidth=100","70756","TumYix","7995","5085","5","1","752","-9","24","false","false","English","TumYix"
"https://static-cdn.jtvnw.net/jtv_user_pictures/307a74ae-a2c4-4c7d-ae25-f0bd1666a9d7-profile_image-150x150.png?imenable=1&impolicy=user-profile-picture&imwidth=100","70757","fixylol","15","15","1","1","752","0","0","false","false","English","fixylol"
"https://static-cdn.jtvnw.net/jtv_user_pictures/a9d0c8db-bf52-4a81-a2f1-7338e0d61f02-profile_image-150x150.png?imenable=1&impolicy=user-profile-picture&imwidth=100","70758","Yaldoz","2895","510","11","5","752","-1","59","false","true","Finnish","Yaldoz"
"https://static-cdn.jtvnw.net/jtv_user_pictures/4c29847f-0e2f-4b90-9947-aefcd8c93f75-profile_image-150x150.png?imenable=1&impolicy=user-profile-picture&imwidth=100","70759","Hodeitxo","17205","2340","19","7","752","16","322","false","false","Spanish","Hodeitxo"
"https://static-cdn.jtvnw.net/jtv_user_pictures/yummyhat-profile_image-8b0764469e49ca6a-150x150.jpeg?imenable=1&impolicy=user-profile-picture&imwidth=100","70760","yummyhat","62670","3000","50","20","752","41","461","false","true","English","yummyhat"
"https://static-cdn.jtvnw.net/jtv_user_pictures/fb561b3a-d2b0-4595-befd-a8aadda1f2cd-profile_image-150x150.jpg?imenable=1&impolicy=user-profile-picture&imwidth=100","70761","SpectacleZA","525","390","3","1","752","0","2","false","true","English","SpectacleZA"
"https://static-cdn.jtvnw.net/jtv_user_pictures/midknightbojangles-profile_image-01e4fbe0cb2bed44-150x150.jpeg?imenable=1&impolicy=user-profile-picture&imwidth=100","70762","MidKnightBojangles","3735","315","167","11","752","671","519","false","true","English","MidKnightBojangles"
"https://static-cdn.jtvnw.net/jtv_user_pictures/shadowsdieaway-profile_image-57772b1ead5dd319-150x150.jpeg?imenable=1&impolicy=user-profile-picture&imwidth=100","70763","ShadowsDieAway","11730","300","56","39","752","20","46","false","false","English","ShadowsDieAway"
"https://static-cdn.jtvnw.net/jtv_user_pictures/booksc-profile_image-8a94d3f670209ee8-150x150.jpeg?imenable=1&impolicy=user-profile-picture&imwidth=100","70764","BookSC","720","480","4","1","752","1","12","false","true","German","BookSC"
"https://static-cdn.jtvnw.net/jtv_user_pictures/5078a876-28c3-418d-bd70-92b52e6ff3b8-profile_image-150x150.png?imenable=1&impolicy=user-profile-picture&imwidth=100","70765","PartTimeChris","13620","5325","9","2","752","33","28","false","true","English","PartTimeChris"
"https://static-cdn.jtvnw.net/jtv_user_pictures/510440c1-2d45-4ea4-8e6d-d35265ae56fe-profile_image-150x150.png?imenable=1&impolicy=user-profile-picture&imwidth=100","70766","Behunted","270","150","5","1","752","0","17","false","true","English","Behunted"
"https://static-cdn.jtvnw.net/jtv_user_pictures/016d8528-ccbc-4db8-8009-7128a41213f5-profile_image-150x150.png?imenable=1&impolicy=user-profile-picture&imwidth=100","70767","Batmanhey","39585","465","91","85","752","36","52","false","false","English","Batmanhey"
"https://static-cdn.jtvnw.net/jtv_user_pictures/dentrel_livestream-profile_image-ce6f022b7a2c98af-150x150.jpeg?imenable=1&impolicy=user-profile-picture&imwidth=100","70768","dentrel_livestream","26535","3900","22","6","752","19","154","false","false","English","dentrel_livestream"
"https://static-cdn.jtvnw.net/jtv_user_pictures/549661da-f3e4-49d5-9a7a-1aa2a634e64a-profile_image-150x150.png?imenable=1&impolicy=user-profile-picture&imwidth=100","70769","Tabbikat","73755","12195","15","5","752","13","100","false","false","English","Tabbikat"
"https://static-cdn.jtvnw.net/jtv_user_pictures/a1b22f14-7fc4-484a-a6c6-6f4b07aa9cbe-profile_image-150x150.png?imenable=1&impolicy=user-profile-picture&imwidth=100","70770","LaxZ_","4305","465","31","8","752","9","91","false","true","German","LaxZ_"
"https://static-cdn.jtvnw.net/jtv_user_pictures/saoz8685-profile_image-a6a569643d714b6a-150x150.jpeg?imenable=1&impolicy=user-profile-picture&imwidth=100","70771","Saoz8685","11205","2835","19","3","752","6","112","false","true","English","Saoz8685"
"https://static-cdn.jtvnw.net/jtv_user_pictures/77b66f31-a81d-4b2e-a087-0e76403591b8-profile_image-150x150.jpg?imenable=1&impolicy=user-profile-picture&imwidth=100","70772","FineLunchTime","352485","12120","61","28","752","25","2014","false","true","Japanese","FineLunchTime"
"https://static-cdn.jtvnw.net/jtv_user_pictures/kingg180oioiiu-profile_image-c99b8388f47df8e7-150x150.png?imenable=1&impolicy=user-profile-picture&imwidth=100","70773","KINGG180oioiiu","15","15","1","1","752","0","0","false","false","English","KINGG180oioiiu"
"https://static-cdn.jtvnw.net/jtv_user_pictures/snafuplays-profile_image-4e2405ca3628ccfb-150x150.jpeg?imenable=1&impolicy=user-profile-picture&imwidth=100","70774","snafuplays","12210","2325","11","4","752","26","83","false","true","English","snafuplays"
"https://static-cdn.jtvnw.net/jtv_user_pictures/8c1fca62-1e87-4569-9ac0-64504ae24e71-profile_image-150x150.jpg?imenable=1&impolicy=user-profile-picture&imwidth=100","70775","Mmanuypunto","12720","4935","10","2","752","40","194","false","true","Spanish","Mmanuypunto"
"https://static-cdn.jtvnw.net/jtv_user_pictures/eb73bc62eb5af3bc-profile_image-150x150.jpeg?imenable=1&impolicy=user-profile-picture&imwidth=100","70776","mystikjester","180","75","3","2","751","0","0","false","true","English","mystikjester"
"https://static-cdn.jtvnw.net/jtv_user_pictures/b164cd1c-e736-4584-8e3b-9d1b62217d7a-profile_image-150x150.png?imenable=1&impolicy=user-profile-picture&imwidth=100","70777","gautias","30","15","2","2","751","0","0","false","false","French","gautias"
"https://static-cdn.jtvnw.net/jtv_user_pictures/f5ce1105-4923-4d44-9935-17a581c09cee-profile_image-150x150.png?imenable=1&impolicy=user-profile-picture&imwidth=100","70778","ghettovirtuoso","60","105","2","0","751","0","0","false","true","English","ghettovirtuoso"
"https://static-cdn.jtvnw.net/jtv_user_pictures/83252d51-fa02-4269-86f6-ce730f25947b-profile_image-150x150.png?imenable=1&impolicy=user-profile-picture&imwidth=100","70779","Sammyy","45","15","3","3","751","0","0","false","true","English","Sammyy"
"https://static-cdn.jtvnw.net/jtv_user_pictures/d9acc3be69a8aa06-profile_image-150x150.jpeg?imenable=1&impolicy=user-profile-picture&imwidth=100","70780","uselessgod","8430","4005","9","1","751","28","121","false","false","Russian","uselessgod"
"https://static-cdn.jtvnw.net/jtv_user_pictures/79642884-09ae-48a6-83e0-02f546ef5975-profile_image-150x150.png?imenable=1&impolicy=user-profile-picture&imwidth=100","70781","GameFaceMax","1350","150","12","9","751","3","2","false","false","English","GameFaceMax"
"https://static-cdn.jtvnw.net/jtv_user_pictures/e3b85902b188795c-profile_image-150x150.jpeg?imenable=1&impolicy=user-profile-picture&imwidth=100","70782","芬芬 (lridenew)","660","105","11","6","751","6","26","false","true","Chinese","芬芬 (lridenew)"
"https://static-cdn.jtvnw.net/jtv_user_pictures/86a57abe-7783-4fa3-b555-f89edf840472-profile_image-150x150.png?imenable=1&impolicy=user-profile-picture&imwidth=100","70783","ceezuzivert","570","285","5","1","751","3","2","false","false","English","ceezuzivert"
"https://static-cdn.jtvnw.net/jtv_user_pictures/64b4fa081171b1e1-profile_image-150x150.png?imenable=1&impolicy=user-profile-picture&imwidth=100","70784","Nindenyo","6900","1740","10","3","751","45","99","false","false","German","Nindenyo"
"https://static-cdn.jtvnw.net/jtv_user_pictures/e3ce3a0e-9c13-4a3e-b31d-cea85ccfd7e0-profile_image-150x150.png?imenable=1&impolicy=user-profile-picture&imwidth=100","70785","WickedBacon_","60","45","2","1","751","1","6","false","false","Danish","WickedBacon_"
"https://static-cdn.jtvnw.net/jtv_user_pictures/razor_911-profile_image-34cc5298199d69e7-150x150.jpeg?imenable=1&impolicy=user-profile-picture&imwidth=100","70786","RAZOR_911","13185","6270","27","1","751","46","175","false","false","Russian","RAZOR_911"
"https://static-cdn.jtvnw.net/jtv_user_pictures/mlodyq-profile_image-58b34a38d50ec128-150x150.jpeg?imenable=1&impolicy=user-profile-picture&imwidth=100","70787","mlodyQ","4530","1560","10","2","751","14","56","false","false","Polish","mlodyQ"
"https://static-cdn.jtvnw.net/jtv_user_pictures/61a033db-988f-4944-bb77-0cb063519ca2-profile_image-150x150.png?imenable=1&impolicy=user-profile-picture&imwidth=100","70788","The_Jay","30","30","1","1","751","0","1","false","false","English","The_Jay"
"https://static-cdn.jtvnw.net/jtv_user_pictures/e70f0de8-9a6b-41c4-a0cb-0473ee97e1f6-profile_image-150x150.png?imenable=1&impolicy=user-profile-picture&imwidth=100","70789","pedro_tonelo","1005","345","9","2","751","7","84","false","false","Portuguese","pedro_tonelo"
"https://static-cdn.jtvnw.net/jtv_user_pictures/1ebf2bc3-20f4-4d06-a799-e1f79abbb058-profile_image-150x150.png?imenable=1&impolicy=user-profile-picture&imwidth=100","70790","ave_sharkyy","465","645","6","0","751","2","4","false","false","French","ave_sharkyy"
"https://static-cdn.jtvnw.net/jtv_user_pictures/jfawk3s-profile_image-34becee5aafbc98f-150x150.png?imenable=1&impolicy=user-profile-picture&imwidth=100","70791","JFawk3s","1350","300","8","4","751","-78","12","false","true","English","JFawk3s"
"https://static-cdn.jtvnw.net/jtv_user_pictures/286835c6-6ac2-4305-b528-2dd3dfda80e5-profile_image-150x150.png?imenable=1&impolicy=user-profile-picture&imwidth=100","70792","Jacobian360","12390","2970","15","3","751","52","80","false","false","English","Jacobian360"
"https://static-cdn.jtvnw.net/jtv_user_pictures/46f7f489-2e35-4a7c-b1c6-bdcb09a5264f-profile_image-150x150.png?imenable=1&impolicy=user-profile-picture&imwidth=100","70793","h0rsey","960","855","5","0","751","0","41","false","false","English","h0rsey"
"https://static-cdn.jtvnw.net/jtv_user_pictures/1e17edc2-1edb-4b74-8b4e-1c45fc2105d7-profile_image-150x150.png?imenable=1&impolicy=user-profile-picture&imwidth=100","70794","Marceloz","615","285","6","1","751","2","22","false","false","Portuguese","Marceloz"
"https://static-cdn.jtvnw.net/jtv_user_pictures/chikedor-profile_image-49c6791247bbfe0c-150x150.png?imenable=1&impolicy=user-profile-picture&imwidth=100","70795","Chikedor","6525","2040","17","2","751","34","121","false","true","Spanish","Chikedor"
"https://static-cdn.jtvnw.net/jtv_user_pictures/409036458aa40c51-profile_image-150x150.jpeg?imenable=1&impolicy=user-profile-picture&imwidth=100","70796","xxmid","200025","17205","56","11","751","193","3543","false","true","Russian","xxmid"
"https://static-cdn.jtvnw.net/jtv_user_pictures/igor_sever-profile_image-595b3182198e9ab8-150x150.jpeg?imenable=1&impolicy=user-profile-picture&imwidth=100","70797","Igor_Sever","57195","3390","128","16","751","111","1501","false","false","Russian","Igor_Sever"
"https://static-cdn.jtvnw.net/jtv_user_pictures/a0ecd304-303d-484b-ac48-bb3b4ec128f8-profile_image-150x150.png?imenable=1&impolicy=user-profile-picture&imwidth=100","70798","Grief","90","45","4","2","751","1","1","false","true","English","Grief"
"https://static-cdn.jtvnw.net/jtv_user_pictures/c3f20d1f-2139-4653-91de-984e6f489fbd-profile_image-150x150.png?imenable=1&impolicy=user-profile-picture&imwidth=100","70799","lovemygranade","915","1110","8","0","751","13","43","false","false","German","lovemygranade"
"https://static-cdn.jtvnw.net/jtv_user_pictures/ea2a960c-058c-41ff-8fa5-9628f0103ebc-profile_image-150x150.png?imenable=1&impolicy=user-profile-picture&imwidth=100","70800","JJTRU","6825","1275","13","4","751","18","143","false","false","English","JJTRU"