"","","Channel","Watch time","Stream time","Peak viewers","Average viewers","Followers","Followers gained","Views gained","Partnered","Mature","Language",""
"https://static-cdn.jtvnw.net/jtv_user_pictures/87cc8441-369c-44cc-9754-960dfd775e3e-profile_image-150x150.png?imenable=1&impolicy=user-profile-picture&imwidth=100","59701","Chakuze","16125","4320","9","3","1005","22","500","false","false","German","Chakuze"
"https://static-cdn.jtvnw.net/jtv_user_pictures/ed67a063-c994-443b-8f96-7e6de909956b-profile_image-150x150.png?imenable=1&impolicy=user-profile-picture&imwidth=100","59702","BS_RyanBarneveld","6135","345","48","17","1005","38","165","false","true","English","BS_RyanBarneveld"
"https://static-cdn.jtvnw.net/jtv_user_pictures/44c65c7e-590d-441e-896e-c533d14748e0-profile_image-150x150.png?imenable=1&impolicy=user-profile-picture&imwidth=100","59703","Dweia131","24015","1230","29","18","1005","8","185","false","false","English","Dweia131"
"https://static-cdn.jtvnw.net/jtv_user_pictures/5134524a-ca83-4340-84e2-16773c354a90-profile_image-150x150.png?imenable=1&impolicy=user-profile-picture&imwidth=100","59704","reckiNation","3105","675","8","4","1005","14","218","false","false","German","reckiNation"
"https://static-cdn.jtvnw.net/jtv_user_pictures/cb4ace66d619d93d-profile_image-150x150.jpeg?imenable=1&impolicy=user-profile-picture&imwidth=100","59705","kingofstealth1234876","45","60","3","0","1005","1","0","false","false","English","kingofstealth1234876"
"https://static-cdn.jtvnw.net/jtv_user_pictures/retrax98-profile_image-bcf6a74c4cdacc9a-150x150.jpeg?imenable=1&impolicy=user-profile-picture&imwidth=100","59706","Retrax98","795","615","7","0","1005","3","155","false","false","Polish","Retrax98"
"https://static-cdn.jtvnw.net/jtv_user_pictures/faa8098a-bcac-4290-a0bb-4d6d6f027d92-profile_image-150x150.png?imenable=1&impolicy=user-profile-picture&imwidth=100","59707","Ryan5910","17865","3165","19","5","1005","163","202","false","false","French","Ryan5910"
"https://static-cdn.jtvnw.net/jtv_user_pictures/tcheurche-profile_image-8ba78b64fb3b4528-150x150.jpeg?imenable=1&impolicy=user-profile-picture&imwidth=100","59708","Tcheurche","15000","3960","13","3","1005","25","249","false","false","French","Tcheurche"
"https://static-cdn.jtvnw.net/jtv_user_pictures/skycuboid-profile_image-f6c864a458027c0a-150x150.png?imenable=1&impolicy=user-profile-picture&imwidth=100","59709","SkyCuboid","3465","45","80","77","1004","1","0","false","false","English","SkyCuboid"
"https://static-cdn.jtvnw.net/jtv_user_pictures/godzthumbz22-profile_image-ca832c3050bc5ab1-150x150.jpeg?imenable=1&impolicy=user-profile-picture&imwidth=100","59710","Godzthumbz22","120","30","4","4","1004","0","0","false","false","English","Godzthumbz22"
"https://static-cdn.jtvnw.net/jtv_user_pictures/c05acc3f-0335-4e74-aa70-56ece15d2866-profile_image-150x150.png?imenable=1&impolicy=user-profile-picture&imwidth=100","59711","pontmakezdte588","4125","1125","9","3","1004","7","290","false","false","Hungarian","pontmakezdte588"
"https://static-cdn.jtvnw.net/jtv_user_pictures/b46c2686b0555d68-profile_image-150x150.jpeg?imenable=1&impolicy=user-profile-picture&imwidth=100","59712","BusterBinks","4035","1305","9","2","1004","11","43","false","true","English","BusterBinks"
"https://static-cdn.jtvnw.net/ttv-boxart/404_boxart.png?imenable=1&impolicy=user-profile-picture&imwidth=100","59713","dubbzxx","0","15","0","0","1004","0","0","false","false","","dubbzxx"
"https://static-cdn.jtvnw.net/jtv_user_pictures/f570bfc9-57c9-4c36-98e6-1afa9ecae576-profile_image-150x150.png?imenable=1&impolicy=user-profile-picture&imwidth=100","59714","oVinals","5100","1275","14","3","1004","65","213","false","true","English","oVinals"
"https://static-cdn.jtvnw.net/jtv_user_pictures/eca0b962-7f3b-42d6-8a4f-6932b4f47087-profile_image-150x150.png?imenable=1&impolicy=user-profile-picture&imwidth=100","59715","straightjacketamity","525","1320","4","0","1004","4","0","false","true","English","straightjacketamity"
"https://static-cdn.jtvnw.net/jtv_user_pictures/spartiate_awkins-profile_image-e7beaf10e21c1aeb-150x150.png?imenable=1&impolicy=user-profile-picture&imwidth=100","59716","spartiate_awkins","0","15","0","0","1004","0","0","false","false","French","spartiate_awkins"
"https://static-cdn.jtvnw.net/jtv_user_pictures/4b38f3a1-d43f-4b46-baba-d9de95596cdf-profile_image-150x150.jpg?imenable=1&impolicy=user-profile-picture&imwidth=100","59717","Kat34","20055","3075","94","6","1004","23","430","false","false","Turkish","Kat34"
"https://static-cdn.jtvnw.net/jtv_user_pictures/puppute-profile_image-11f6c9d409b3b19f-150x150.jpeg?imenable=1&impolicy=user-profile-picture&imwidth=100","59718","puppute","14760","4335","34","2","1004","157","338","false","false","French","puppute"
"https://static-cdn.jtvnw.net/jtv_user_pictures/whaletune-profile_image-7a05e21ccf72d3c3-150x150.jpeg?imenable=1&impolicy=user-profile-picture&imwidth=100","59719","Whaletune","29640","4755","12","5","1004","-40","232","false","true","English","Whaletune"
"https://static-cdn.jtvnw.net/jtv_user_pictures/60a2a5d7-d4b6-40ce-955e-2a5534d6e2fc-profile_image-150x150.png?imenable=1&impolicy=user-profile-picture&imwidth=100","59720","DDay_gaming","120","375","1","0","1004","-1","9","false","true","English","DDay_gaming"
"https://static-cdn.jtvnw.net/jtv_user_pictures/5e6d9de1-235a-4f9e-acb8-b4e7828e8783-profile_image-150x150.png?imenable=1&impolicy=user-profile-picture&imwidth=100","59721","CassyPaws","49260","3525","36","13","1004","193","1740","false","false","Spanish","CassyPaws"
"https://static-cdn.jtvnw.net/jtv_user_pictures/c68fe9570c9d0a58-profile_image-150x150.png?imenable=1&impolicy=user-profile-picture&imwidth=100","59722","duranotwitch","29010","4665","23","5","1004","26","140","false","false","Czech","duranotwitch"
"https://static-cdn.jtvnw.net/jtv_user_pictures/detroitgamer-profile_image-0765fd43543d73b7-150x150.jpeg?imenable=1&impolicy=user-profile-picture&imwidth=100","59723","DetroitGamer","75","75","1","1","1004","1","0","false","false","English","DetroitGamer"
"https://static-cdn.jtvnw.net/jtv_user_pictures/1a5bf991-6c0d-4d52-94e5-51b4d8f9d612-profile_image-150x150.jpg?imenable=1&impolicy=user-profile-picture&imwidth=100","59724","Turnip_Smasher","0","75","0","0","1004","0","0","false","true","English","Turnip_Smasher"
"https://static-cdn.jtvnw.net/jtv_user_pictures/backup_benny-profile_image-557bafde373feddc-150x150.jpeg?imenable=1&impolicy=user-profile-picture&imwidth=100","59725","backup_benny","75","60","2","0","1004","-1","11","false","true","English","backup_benny"
"https://static-cdn.jtvnw.net/jtv_user_pictures/6d679570-11f1-4e96-bfec-ec21854491b1-profile_image-150x150.png?imenable=1&impolicy=user-profile-picture&imwidth=100","59726","stevenryu","91980","6855","50","12","1004","287","234","false","false","English","stevenryu"
"https://static-cdn.jtvnw.net/jtv_user_pictures/297e8555-3fa5-486e-8134-8df11eb0e107-profile_image-150x150.png?imenable=1&impolicy=user-profile-picture&imwidth=100","59727","Fist_23","1125","285","8","3","1004","4","42","false","true","Bulgarian","Fist_23"
"https://static-cdn.jtvnw.net/jtv_user_pictures/31034214-fd42-4259-8cf2-8ded49d58770-profile_image-150x150.png?imenable=1&impolicy=user-profile-picture&imwidth=100","59728","VexeyTV","1545","885","6","1","1004","1","29","false","true","English","VexeyTV"
"http://static-cdn.jtvnw.net/jtv_user_pictures/imamnesiaa-profile_image-e8deb5f61a54599d-150x150.png?imenable=1&impolicy=user-profile-picture&imwidth=100","59729","Imamnesiaa","135","45","8","3","1004","0","0","false","false","","Imamnesiaa"
"https://static-cdn.jtvnw.net/jtv_user_pictures/64be066f-32ea-4e51-abd4-e14d6280aad9-profile_image-150x150.png?imenable=1&impolicy=user-profile-picture&imwidth=100","59730","K_BillTV","11400","2700","12","3","1004","11","31","false","true","English","K_BillTV"
"https://static-cdn.jtvnw.net/jtv_user_pictures/cd11bcbf-a6b0-4870-a4c7-67009a59fabb-profile_image-150x150.png?imenable=1&impolicy=user-profile-picture&imwidth=100","59731","Jammer211","3090","1530","6","1","1004","10","16","false","true","English","Jammer211"
"https://static-cdn.jtvnw.net/jtv_user_pictures/1632f108-fa37-4e4b-8549-61c519bcae09-profile_image-150x150.png?imenable=1&impolicy=user-profile-picture&imwidth=100","59732","Garen20K","0","45","0","0","1004","0","0","false","false","Arabic","Garen20K"
"https://static-cdn.jtvnw.net/jtv_user_pictures/4a109544-3347-4c4d-a772-59193fac5bb2-profile_image-150x150.png?imenable=1&impolicy=user-profile-picture&imwidth=100","59733","StavAttack","75","75","5","1","1004","0","4","false","false","Greek","StavAttack"
"https://static-cdn.jtvnw.net/jtv_user_pictures/wolfieeplays-profile_image-8a9217c78f368712-150x150.png?imenable=1&impolicy=user-profile-picture&imwidth=100","59734","WolfieePlays","5445","1515","8","2","1004","4","27","false","false","Norwegian","WolfieePlays"
"https://static-cdn.jtvnw.net/jtv_user_pictures/tenike-profile_image-7d6e0e8bebb7edcf-150x150.jpeg?imenable=1&impolicy=user-profile-picture&imwidth=100","59735","Tenike","45","15","3","3","1004","0","0","false","true","English","Tenike"
"https://static-cdn.jtvnw.net/jtv_user_pictures/5f9b5e232e3dfef1-profile_image-150x150.jpeg?imenable=1&impolicy=user-profile-picture&imwidth=100","59736","thatguynamedblue","705","225","5","2","1004","-2","9","false","false","English","thatguynamedblue"
"https://static-cdn.jtvnw.net/jtv_user_pictures/9050bcdd-fbe4-4752-8dc0-d8f13b1ce94f-profile_image-150x150.png?imenable=1&impolicy=user-profile-picture&imwidth=100","59737","TravisButts","870","225","6","3","1004","1","31","false","true","English","TravisButts"
"https://static-cdn.jtvnw.net/jtv_user_pictures/2d50d835-b84f-4e21-a82c-8abb5d866944-profile_image-150x150.png?imenable=1&impolicy=user-profile-picture&imwidth=100","59738","pando3","31215","3870","53","7","1004","223","1195","false","false","Spanish","pando3"
"https://static-cdn.jtvnw.net/jtv_user_pictures/94a0f40e-57a3-45e5-9235-3cc874c538cb-profile_image-150x150.jpg?imenable=1&impolicy=user-profile-picture&imwidth=100","59739","MercenaryOfOZ","570","405","5","1","1004","2","4","false","true","English","MercenaryOfOZ"
"https://static-cdn.jtvnw.net/jtv_user_pictures/81a352ed-91e2-47f4-9d27-c17eae50f960-profile_image-150x150.png?imenable=1&impolicy=user-profile-picture&imwidth=100","59740","Zench_Origin","54900","10860","33","4","1004","103","277","false","true","English","Zench_Origin"
"https://static-cdn.jtvnw.net/jtv_user_pictures/1823e627-38d6-4dcd-a6ec-5717d9130712-profile_image-150x150.jpg?imenable=1&impolicy=user-profile-picture&imwidth=100","59741","ZwaRL","1380","420","8","2","1004","1","14","false","false","French","ZwaRL"
"https://static-cdn.jtvnw.net/jtv_user_pictures/d3f7c327b381f5a0-profile_image-150x150.png?imenable=1&impolicy=user-profile-picture&imwidth=100","59742","Xayle","255","105","5","2","1004","-1","17","false","false","English","Xayle"
"https://static-cdn.jtvnw.net/jtv_user_pictures/voovoof-profile_image-d5d504bd692f654d-150x150.jpeg?imenable=1&impolicy=user-profile-picture&imwidth=100","59743","VooVoof","24705","4755","14","4","1004","25","84","false","true","English","VooVoof"
"https://static-cdn.jtvnw.net/jtv_user_pictures/prodigykyo-profile_image-7395fb02684c00a8-150x150.png?imenable=1&impolicy=user-profile-picture&imwidth=100","59744","ProdigyKyo","5040","2130","8","1","1004","24","147","false","false","English","ProdigyKyo"
"https://static-cdn.jtvnw.net/jtv_user_pictures/kourlash-profile_image-ff9d78250fc4a413-150x150.jpeg?imenable=1&impolicy=user-profile-picture&imwidth=100","59745","Kourlash","240","165","2","1","1004","1","47","false","false","Portuguese","Kourlash"
"https://static-cdn.jtvnw.net/jtv_user_pictures/actionyethi-profile_image-b9f365a0b757dfca-150x150.png?imenable=1&impolicy=user-profile-picture&imwidth=100","59746","ActionYethi","30","45","2","0","1004","0","1","false","true","German","ActionYethi"
"https://static-cdn.jtvnw.net/jtv_user_pictures/davidakhoa-profile_image-c12f5af465dd47c3-150x150.jpeg?imenable=1&impolicy=user-profile-picture&imwidth=100","59747","DAVIDAKHOA","720","315","8","2","1004","5","13","false","false","English","DAVIDAKHOA"
"https://static-cdn.jtvnw.net/jtv_user_pictures/whitesponge-profile_image-1103d6c357fb03b5-150x150.jpeg?imenable=1&impolicy=user-profile-picture&imwidth=100","59748","WhiteSponge","4065","2925","8","1","1004","13","101","false","true","English","WhiteSponge"
"https://static-cdn.jtvnw.net/jtv_user_pictures/342c92d4-48b1-472a-839d-eb00bba8050f-profile_image-150x150.png?imenable=1&impolicy=user-profile-picture&imwidth=100","59749","NeonerTV","105","150","2","0","1004","1","2","false","false","Czech","NeonerTV"
"https://static-cdn.jtvnw.net/jtv_user_pictures/rowmanow-profile_image-0fa051181eecc098-150x150.png?imenable=1&impolicy=user-profile-picture&imwidth=100","59750","Rowmanow","5130","720","56","6","1004","25","247","false","false","French","Rowmanow"
"https://static-cdn.jtvnw.net/jtv_user_pictures/5b8693c3-9ea9-47b1-86de-0d764441a79c-profile_image-150x150.png?imenable=1&impolicy=user-profile-picture&imwidth=100","59751","AgrippaMaxentius","2010","300","14","6","1004","1","32","false","false","English","AgrippaMaxentius"
"https://static-cdn.jtvnw.net/jtv_user_pictures/zahkoo-profile_image-770117e73d3bfad1-150x150.jpeg?imenable=1&impolicy=user-profile-picture&imwidth=100","59752","Zahkoo","26865","2235","23","11","1004","22","81","false","false","English","Zahkoo"
"https://static-cdn.jtvnw.net/jtv_user_pictures/a310a7a6-0dc9-4137-ba74-c4e6963df3fd-profile_image-150x150.png?imenable=1&impolicy=user-profile-picture&imwidth=100","59753","iR528","17655","3390","73","4","1004","13","43","false","true","English","iR528"
"https://static-cdn.jtvnw.net/jtv_user_pictures/bleu4222-profile_image-3c70e9567b2e11a3-150x150.jpeg?imenable=1&impolicy=user-profile-picture&imwidth=100","59754","Bleu4222","85095","6045","37","13","1004","122","346","false","true","English","Bleu4222"
"https://static-cdn.jtvnw.net/jtv_user_pictures/hanger84-profile_image-996740abb609512f-150x150.png?imenable=1&impolicy=user-profile-picture&imwidth=100","59755","Hanger84","9915","1170","29","8","1004","14","51","false","true","English","Hanger84"
"https://static-cdn.jtvnw.net/jtv_user_pictures/gamified-profile_image-719bdcb9aa6014c8-150x150.jpeg?imenable=1&impolicy=user-profile-picture&imwidth=100","59756","Gamified","5685","1335","12","3","1004","19","21","false","false","English","Gamified"
"https://static-cdn.jtvnw.net/jtv_user_pictures/c0ldmt-profile_image-c6d34b1b03f94ac5-150x150.jpeg?imenable=1&impolicy=user-profile-picture&imwidth=100","59757","c0ldmT","7830","1185","16","6","1004","-5929","195","false","true","German","c0ldmT"
"https://static-cdn.jtvnw.net/jtv_user_pictures/kaledoss-profile_image-8866e75b81344cee-150x150.jpeg?imenable=1&impolicy=user-profile-picture&imwidth=100","59758","Kaledoss","23865","14715","107","1","1004","46","627","false","true","German","Kaledoss"
"https://static-cdn.jtvnw.net/jtv_user_pictures/dadadadamato-profile_image-6040c6cddcdaae01-150x150.jpeg?imenable=1&impolicy=user-profile-picture&imwidth=100","59759","dadadadamato","525","315","3","1","1003","1","0","false","false","English","dadadadamato"
"https://static-cdn.jtvnw.net/jtv_user_pictures/76dc6acf-a3f6-45c1-82da-c854ec4695bf-profile_image-150x150.png?imenable=1&impolicy=user-profile-picture&imwidth=100","59760","GoodVibeStreams","7980","3510","10","1","1003","38","43","false","false","English","GoodVibeStreams"
"https://static-cdn.jtvnw.net/jtv_user_pictures/4853d02d-b0dd-44df-b73e-1761650880b9-profile_image-150x150.png?imenable=1&impolicy=user-profile-picture&imwidth=100","59761","MrBiBiK","270","210","4","1","1003","0","20","false","true","Russian","MrBiBiK"
"https://static-cdn.jtvnw.net/user-default-pictures-uv/294c98b5-e34d-42cd-a8f0-140b72fba9b0-profile_image-150x150.png?imenable=1&impolicy=user-profile-picture&imwidth=100","59762","dfwolfmayyne","90","30","3","3","1003","0","0","false","false","English","dfwolfmayyne"
"https://static-cdn.jtvnw.net/jtv_user_pictures/juliettttt-profile_image-de84c3d7110c2eb8-150x150.jpeg?imenable=1&impolicy=user-profile-picture&imwidth=100","59763","juliettttt","9975","1980","20","4","1003","53","795","false","false","","juliettttt"
"https://static-cdn.jtvnw.net/jtv_user_pictures/73ccc9fa-5294-4c6f-abfa-8e69aeb936f7-profile_image-150x150.jpg?imenable=1&impolicy=user-profile-picture&imwidth=100","59764","consolecsgotv","1425","795","6","1","1003","9","55","false","false","Danish","consolecsgotv"
"https://static-cdn.jtvnw.net/jtv_user_pictures/gregoryredz-profile_image-60bfc204d8f7f1a4-150x150.jpeg?imenable=1&impolicy=user-profile-picture&imwidth=100","59765","GregoryRedz","555","135","9","3","1003","-1","14","false","false","English","GregoryRedz"
"https://static-cdn.jtvnw.net/jtv_user_pictures/g_fizzle-profile_image-87a3476c339b770e-150x150.jpeg?imenable=1&impolicy=user-profile-picture&imwidth=100","59766","G_Fizzle","3060","510","9","5","1003","1","20","false","false","English","G_Fizzle"
"https://static-cdn.jtvnw.net/jtv_user_pictures/e8f56d33-6f0e-4ec1-8fa5-fc4c4ba44566-profile_image-150x150.jpg?imenable=1&impolicy=user-profile-picture&imwidth=100","59767","albatrosstix","16170","5790","37","2","1003","38","58","false","false","English","albatrosstix"
"https://static-cdn.jtvnw.net/jtv_user_pictures/phranki-profile_image-5b7466cf9e0bbf24-150x150.jpeg?imenable=1&impolicy=user-profile-picture&imwidth=100","59768","phranki","150","75","3","2","1003","0","0","false","false","","phranki"
"https://static-cdn.jtvnw.net/jtv_user_pictures/rwayimmortal12-profile_image-4704d7e752fbad32-150x150.jpeg?imenable=1&impolicy=user-profile-picture&imwidth=100","59769","rwayimmortal12","975","1185","4","0","1003","2","32","false","false","Russian","rwayimmortal12"
"https://static-cdn.jtvnw.net/jtv_user_pictures/9b5cdf5b-786a-4552-ad3a-4e6081f66cca-profile_image-150x150.jpg?imenable=1&impolicy=user-profile-picture&imwidth=100","59770","PackaPoonch_","3645","1440","7","2","1003","15","15","false","false","English","PackaPoonch_"
"https://static-cdn.jtvnw.net/jtv_user_pictures/ce6ac720-6f62-422f-b6dc-55fc07c2be2f-profile_image-150x150.png?imenable=1&impolicy=user-profile-picture&imwidth=100","59771","vigilante_live","0","240","0","0","1003","0","0","false","true","English","vigilante_live"
"https://static-cdn.jtvnw.net/jtv_user_pictures/beni187erz_dxpe-profile_image-f780c144db3d65ba-150x150.jpeg?imenable=1&impolicy=user-profile-picture&imwidth=100","59772","beni187erz_dxpe","1365","1215","8","0","1003","17","13","false","false","German","beni187erz_dxpe"
"https://static-cdn.jtvnw.net/jtv_user_pictures/mayvolky-profile_image-a90ce7a958027e5a-150x150.jpeg?imenable=1&impolicy=user-profile-picture&imwidth=100","59773","mayvolky","1050","255","9","3","1003","14","88","false","false","Portuguese","mayvolky"
"https://static-cdn.jtvnw.net/jtv_user_pictures/8ab8a82a-f7fc-4179-854d-1a2686aff687-profile_image-150x150.png?imenable=1&impolicy=user-profile-picture&imwidth=100","59774","JaShawry","0","30","0","0","1003","0","0","false","false","English","JaShawry"
"https://static-cdn.jtvnw.net/jtv_user_pictures/easy_mutilate-profile_image-e4e2555010a06518-150x150.png?imenable=1&impolicy=user-profile-picture&imwidth=100","59775","Easy_Mutilate","49380","3585","77","13","1003","89","568","false","false","","Easy_Mutilate"
"https://static-cdn.jtvnw.net/jtv_user_pictures/f003d596-69ae-4fa9-b6d8-93efdd96b331-profile_image-150x150.jpg?imenable=1&impolicy=user-profile-picture&imwidth=100","59776","Force_Dragon","80520","15675","33","4","1003","135","568","false","true","German","Force_Dragon"
"https://static-cdn.jtvnw.net/jtv_user_pictures/5dae2764-549c-41b6-bb40-84808af0b97f-profile_image-150x150.png?imenable=1&impolicy=user-profile-picture&imwidth=100","59777","dakvinter","0","45","1","0","1003","0","13","false","false","Russian","dakvinter"
"https://static-cdn.jtvnw.net/jtv_user_pictures/mrdoom8000-profile_image-2098cf7ec99b333f-150x150.png?imenable=1&impolicy=user-profile-picture&imwidth=100","59778","MrDoom8000","270","90","4","3","1003","0","0","false","false","English","MrDoom8000"
"https://static-cdn.jtvnw.net/jtv_user_pictures/7f79a587-3e88-4e83-be90-2afc259d3137-profile_image-150x150.png?imenable=1&impolicy=user-profile-picture&imwidth=100","59779","SirDawn_","165","195","3","0","1003","0","6","false","false","Turkish","SirDawn_"
"https://static-cdn.jtvnw.net/jtv_user_pictures/9d13182b-2d4e-4211-ada5-e6de65a03153-profile_image-150x150.png?imenable=1&impolicy=user-profile-picture&imwidth=100","59780","kALZEGO","4740","3015","9","1","1003","24","297","false","true","Spanish","kALZEGO"
"https://static-cdn.jtvnw.net/jtv_user_pictures/e532a7e09968f457-profile_image-150x150.png?imenable=1&impolicy=user-profile-picture&imwidth=100","59781","MomsBeard","3255","1800","19","1","1003","-848","200","false","false","Russian","MomsBeard"
"https://static-cdn.jtvnw.net/jtv_user_pictures/neckface91-profile_image-343f6cb05894e9f4-150x150.png?imenable=1&impolicy=user-profile-picture&imwidth=100","59782","Neckface91","2835","1560","5","1","1003","25","47","false","true","English","Neckface91"
"https://static-cdn.jtvnw.net/jtv_user_pictures/fejtysgames-profile_image-59999ebde98852e3-150x150.jpeg?imenable=1&impolicy=user-profile-picture&imwidth=100","59783","FejtysGames","9495","2775","10","3","1003","100","104","false","false","Czech","FejtysGames"
"https://static-cdn.jtvnw.net/jtv_user_pictures/derpyhoovesda-profile_image-574a019f6de19522-150x150.jpeg?imenable=1&impolicy=user-profile-picture&imwidth=100","59784","DerpyHoovesDA","5400","1095","11","4","1003","59","410","false","true","English","DerpyHoovesDA"
"https://static-cdn.jtvnw.net/jtv_user_pictures/justg3rm-profile_image-e0c2b502e447a931-150x150.jpeg?imenable=1&impolicy=user-profile-picture&imwidth=100","59785","justg3rm","15","60","1","0","1003","0","0","false","false","English","justg3rm"
"https://static-cdn.jtvnw.net/jtv_user_pictures/a4ffc611-49fb-4c0f-bccb-7ac6838c43c7-profile_image-150x150.png?imenable=1&impolicy=user-profile-picture&imwidth=100","59786","BigTommyG","165","300","5","0","1003","2","1","false","false","English","BigTommyG"
"https://static-cdn.jtvnw.net/jtv_user_pictures/b3957629-e736-4b9d-b0c4-221e05a42385-profile_image-150x150.png?imenable=1&impolicy=user-profile-picture&imwidth=100","59787","CallMeLay","90","180","3","0","1003","1","8","false","false","English","CallMeLay"
"https://static-cdn.jtvnw.net/jtv_user_pictures/4529616e-8a2e-4a0e-a4eb-a7862ebd6c2f-profile_image-150x150.png?imenable=1&impolicy=user-profile-picture&imwidth=100","59788","HolyKennoli","45","15","3","3","1003","0","0","false","false","English","HolyKennoli"
"https://static-cdn.jtvnw.net/jtv_user_pictures/oreimoextreme-profile_image-f7dee11cd1fce73f-150x150.png?imenable=1&impolicy=user-profile-picture&imwidth=100","59789","OreimoExtreme","18930","7005","9","2","1003","73","352","false","false","English","OreimoExtreme"
"https://static-cdn.jtvnw.net/jtv_user_pictures/wekl-profile_image-1e27e95228282f0b-150x150.png?imenable=1&impolicy=user-profile-picture&imwidth=100","59790","WEKL","8445","1725","13","4","1003","18","142","false","false","English","WEKL"
"https://static-cdn.jtvnw.net/jtv_user_pictures/purplemario920-profile_image-51a63ae4ffdbfe5e-150x150.jpeg?imenable=1&impolicy=user-profile-picture&imwidth=100","59791","PurpleMario920","89430","5610","60","15","1003","48","211","false","true","English","PurpleMario920"
"https://static-cdn.jtvnw.net/jtv_user_pictures/jesulinop-profile_image-e5098b1470eef856-150x150.jpeg?imenable=1&impolicy=user-profile-picture&imwidth=100","59792","jesulinOP","7260","150","88","48","1003","4","98","false","false","","jesulinOP"
"https://static-cdn.jtvnw.net/jtv_user_pictures/5dfa5e53-a4b3-4773-a80a-68dfa523eee5-profile_image-150x150.png?imenable=1&impolicy=user-profile-picture&imwidth=100","59793","GrandPaPenguin","15","660","2","0","1003","1","0","false","true","English","GrandPaPenguin"
"https://static-cdn.jtvnw.net/jtv_user_pictures/a950ac5d-bc94-4258-b2aa-6cf1af0b5a6d-profile_image-150x150.png?imenable=1&impolicy=user-profile-picture&imwidth=100","59794","JAHS","0","15","0","0","1003","0","0","false","true","English","JAHS"
"https://static-cdn.jtvnw.net/jtv_user_pictures/a6f081e3-98ad-46bd-a647-55c4f6384b7f-profile_image-150x150.png?imenable=1&impolicy=user-profile-picture&imwidth=100","59795","LiLFelix","42810","7050","14","5","1003","-67","500","false","false","German","LiLFelix"
"https://static-cdn.jtvnw.net/jtv_user_pictures/55c413e5-c22c-4e65-a8bb-48745fa711dd-profile_image-150x150.png?imenable=1&impolicy=user-profile-picture&imwidth=100","59796","黒い雪でしてー (komeiji_yuki)","49515","945","107","52","1003","24","927","false","false","Chinese","黒い雪でしてー (komeiji_yuki)"
"https://static-cdn.jtvnw.net/jtv_user_pictures/23437f1c-c98b-4025-b715-812b3863207a-profile_image-150x150.png?imenable=1&impolicy=user-profile-picture&imwidth=100","59797","Nurgleprobe","48180","4845","28","9","1003","33","358","false","false","Swedish","Nurgleprobe"
"https://static-cdn.jtvnw.net/jtv_user_pictures/89f77181-27d9-45d3-b94f-38388dcd7b4d-profile_image-150x150.png?imenable=1&impolicy=user-profile-picture&imwidth=100","59798","A_outatime","6030","5655","5","0","1003","-10","77","false","true","English","A_outatime"
"https://static-cdn.jtvnw.net/jtv_user_pictures/venatustv-profile_image-b30a7a0b33fb0b0d-150x150.png?imenable=1&impolicy=user-profile-picture&imwidth=100","59799","VenatusTV","2040","135","29","15","1003","11","113","false","true","Other","VenatusTV"
"https://static-cdn.jtvnw.net/jtv_user_pictures/65f1d3ce-c573-4e4f-a033-b3d43a9ec4c0-profile_image-150x150.png?imenable=1&impolicy=user-profile-picture&imwidth=100","59800","ZombiesWorld","12150","4110","9","2","1003","19","34","false","false","English","ZombiesWorld"