"","","Channel","Watch time","Stream time","Peak viewers","Average viewers","Followers","Followers gained","Views gained","Partnered","Mature","Language",""
"https://static-cdn.jtvnw.net/jtv_user_pictures/faf5137c-ea7f-4fbe-bbec-483dc8dfccba-profile_image-150x150.png?imenable=1&impolicy=user-profile-picture&imwidth=100","64601","mzebane976","1710","2235","5","0","878","17","86","false","false","French","mzebane976"
"https://static-cdn.jtvnw.net/jtv_user_pictures/beb44e54-7d0f-4d42-ac88-d5d8a62a6c33-profile_image-150x150.png?imenable=1&impolicy=user-profile-picture&imwidth=100","64602","biosu","14565","4635","47","2","878","85","441","false","false","Polish","biosu"
"https://static-cdn.jtvnw.net/jtv_user_pictures/krayzgamers-profile_image-1c742a742484be11-150x150.png?imenable=1&impolicy=user-profile-picture&imwidth=100","64603","KrayZGamers","11280","4470","9","2","878","19","79","false","true","English","KrayZGamers"
"https://static-cdn.jtvnw.net/jtv_user_pictures/eiterbeulelive-profile_image-dc372373afda03d4-150x150.png?imenable=1&impolicy=user-profile-picture&imwidth=100","64604","EiterbeuleLive","2205","105","27","21","878","18","0","false","false","German","EiterbeuleLive"
"https://static-cdn.jtvnw.net/jtv_user_pictures/42011eef-7e8b-4d29-b0f1-f554a8652a85-profile_image-150x150.png?imenable=1&impolicy=user-profile-picture&imwidth=100","64605","Kobiesan","1860","1200","9","1","878","1","28","false","false","English","Kobiesan"
"https://static-cdn.jtvnw.net/jtv_user_pictures/3efd6d3e-c114-4b9a-a1cb-5e61dc6bbc85-profile_image-150x150.png?imenable=1&impolicy=user-profile-picture&imwidth=100","64606","JuuanMusic","5595","6150","8","0","878","33","174","false","false","Spanish","JuuanMusic"
"https://static-cdn.jtvnw.net/jtv_user_pictures/98373b1e-34ae-42d3-acef-e0880e2810b1-profile_image-150x150.png?imenable=1&impolicy=user-profile-picture&imwidth=100","64607","itsFlannel","2340","1635","9","0","878","4","7","false","true","English","itsFlannel"
"https://static-cdn.jtvnw.net/jtv_user_pictures/820bea07-70cb-430a-8772-92a7127741e7-profile_image-150x150.png?imenable=1&impolicy=user-profile-picture&imwidth=100","64608","SimplyJuiceBox","0","30","0","0","878","0","0","false","true","English","SimplyJuiceBox"
"https://static-cdn.jtvnw.net/jtv_user_pictures/9e3d2124-5537-4db7-a8e6-d070a3de9412-profile_image-150x150.png?imenable=1&impolicy=user-profile-picture&imwidth=100","64609","Sysnickl","555","390","4","1","878","2","10","false","false","English","Sysnickl"
"https://static-cdn.jtvnw.net/jtv_user_pictures/30ac397e-149b-4a97-885a-bd2d73ca64a9-profile_image-150x150.png?imenable=1&impolicy=user-profile-picture&imwidth=100","64610","sozo_labs","270","210","2","1","878","0","0","true","true","English","sozo_labs"
"https://static-cdn.jtvnw.net/jtv_user_pictures/rainmaiden-profile_image-8da12c05dcc8e539-150x150.png?imenable=1&impolicy=user-profile-picture&imwidth=100","64611","RainMaiden","2985","135","29","22","878","3","26","false","false","Spanish","RainMaiden"
"https://static-cdn.jtvnw.net/jtv_user_pictures/sgtcocopop-profile_image-b9d008980609e4e8-150x150.jpeg?imenable=1&impolicy=user-profile-picture&imwidth=100","64612","SGTcocopop","255","180","3","1","878","-187","0","false","false","English","SGTcocopop"
"https://static-cdn.jtvnw.net/jtv_user_pictures/108c622f-a49e-4563-ab1d-140fc47947da-profile_image-150x150.png?imenable=1&impolicy=user-profile-picture&imwidth=100","64613","neebel_","465","450","3","0","878","1","0","false","true","German","neebel_"
"https://static-cdn.jtvnw.net/jtv_user_pictures/purple__stealth-profile_image-dc01f8f138d27901-150x150.jpeg?imenable=1&impolicy=user-profile-picture&imwidth=100","64614","Purple__Stealth","18465","1860","46","9","878","37","147","false","false","English","Purple__Stealth"
"https://static-cdn.jtvnw.net/jtv_user_pictures/975941d8-fc8c-46e4-82f1-e276ec584c01-profile_image-150x150.png?imenable=1&impolicy=user-profile-picture&imwidth=100","64615","OkStep","3150","495","24","5","878","11","43","false","true","English","OkStep"
"https://static-cdn.jtvnw.net/jtv_user_pictures/fakienautt-profile_image-02f8febba1b620fa-150x150.jpeg?imenable=1&impolicy=user-profile-picture&imwidth=100","64616","Fakienautt","46290","1575","80","28","878","106","359","false","false","English","Fakienautt"
"https://static-cdn.jtvnw.net/jtv_user_pictures/215chino-profile_image-095208ffc196e1b5-150x150.jpeg?imenable=1&impolicy=user-profile-picture&imwidth=100","64617","215Chino","15255","2220","54","6","878","17","203","false","true","English","215Chino"
"https://static-cdn.jtvnw.net/jtv_user_pictures/3242964a-3bfe-49de-9484-5d6b166e64c5-profile_image-150x150.png?imenable=1&impolicy=user-profile-picture&imwidth=100","64618","yolfee","26070","4125","18","5","878","50","873","false","false","Russian","yolfee"
"https://static-cdn.jtvnw.net/jtv_user_pictures/wtks-profile_image-97ebe8d8dfc460ad-150x150.jpeg?imenable=1&impolicy=user-profile-picture&imwidth=100","64619","wtks","28620","4020","29","6","878","1","1773","false","false","Chinese","wtks"
"https://static-cdn.jtvnw.net/jtv_user_pictures/vapidrapture-profile_image-522d708456b7c512-150x150.png?imenable=1&impolicy=user-profile-picture&imwidth=100","64620","VapidRapture","3915","1530","6","2","878","5","7","false","true","English","VapidRapture"
"https://static-cdn.jtvnw.net/jtv_user_pictures/frostynacho3-profile_image-1a7a358080f7c005-150x150.jpeg?imenable=1&impolicy=user-profile-picture&imwidth=100","64621","FrostyNacho3","210","90","5","2","878","0","0","false","false","English","FrostyNacho3"
"https://static-cdn.jtvnw.net/jtv_user_pictures/cf9d699a-ecb6-4bfd-b834-ceeb1acc5b82-profile_image-150x150.png?imenable=1&impolicy=user-profile-picture&imwidth=100","64622","mchan338","4890","1530","9","2","878","10","45","false","false","English","mchan338"
"https://static-cdn.jtvnw.net/jtv_user_pictures/04296e62-f5b3-495d-a8b5-208fd5bdeca5-profile_image-150x150.jpg?imenable=1&impolicy=user-profile-picture&imwidth=100","64623","Jiren_KT","29280","2355","28","11","878","37","372","false","false","English","Jiren_KT"
"https://static-cdn.jtvnw.net/jtv_user_pictures/1a3606e9-281b-48e2-8470-d6edcb52a928-profile_image-150x150.png?imenable=1&impolicy=user-profile-picture&imwidth=100","64624","Jurld","1545","1380","6","0","878","0","29","false","true","English","Jurld"
"https://static-cdn.jtvnw.net/jtv_user_pictures/lexhorvath-profile_image-1ceaa7e63307b147-150x150.png?imenable=1&impolicy=user-profile-picture&imwidth=100","64625","LexHorvath","30","30","1","1","878","0","0","false","false","Portuguese","LexHorvath"
"https://static-cdn.jtvnw.net/jtv_user_pictures/therednek13-profile_image-c7bc85bb666b1afc-150x150.jpeg?imenable=1&impolicy=user-profile-picture&imwidth=100","64626","TheRednek13","480","330","7","1","878","-1","15","false","true","English","TheRednek13"
"https://static-cdn.jtvnw.net/jtv_user_pictures/dzili93-profile_image-cf0070391a5f00a4-150x150.jpeg?imenable=1&impolicy=user-profile-picture&imwidth=100","64627","Dzili93","330","195","3","1","878","-2","7","false","false","English","Dzili93"
"https://static-cdn.jtvnw.net/jtv_user_pictures/kesiek1981-profile_image-c94217a20db68f9a-150x150.png?imenable=1&impolicy=user-profile-picture&imwidth=100","64628","kesiek1981","25545","3135","29","7","878","36","909","false","false","Polish","kesiek1981"
"https://static-cdn.jtvnw.net/user-default-pictures/b83b1794-7df9-4878-916c-88c2ad2e4f9f-profile_image-150x150.jpg?imenable=1&impolicy=user-profile-picture&imwidth=100","64629","Flamethrasher","360","195","3","1","878","-2","5","false","false","English","Flamethrasher"
"https://static-cdn.jtvnw.net/jtv_user_pictures/cab7a463-4867-4d31-85b0-bcf0eec1aa56-profile_image-150x150.png?imenable=1&impolicy=user-profile-picture&imwidth=100","64630","JustJoe","7665","1065","16","6","878","7","52","false","true","English","JustJoe"
"https://static-cdn.jtvnw.net/jtv_user_pictures/0a3d61ae-39ea-43f5-b6d9-5cdd86440fe7-profile_image-150x150.png?imenable=1&impolicy=user-profile-picture&imwidth=100","64631","7uk3","1650","285","15","5","878","4","43","false","true","English","7uk3"
"https://static-cdn.jtvnw.net/jtv_user_pictures/nykoshiro-profile_image-d3104db7ec752b9a-150x150.jpeg?imenable=1&impolicy=user-profile-picture&imwidth=100","64632","Nykoshiro","10575","3720","10","2","878","10","11","false","true","English","Nykoshiro"
"https://static-cdn.jtvnw.net/jtv_user_pictures/8dd6dd8d-b238-4f4a-9b92-68286229d9f3-profile_image-150x150.png?imenable=1&impolicy=user-profile-picture&imwidth=100","64633","VycDarkshadow","3780","3705","4","0","878","7","50","false","true","English","VycDarkshadow"
"https://static-cdn.jtvnw.net/jtv_user_pictures/899ae258-fdfc-49b7-9fce-76197b2c8a66-profile_image-150x150.jpg?imenable=1&impolicy=user-profile-picture&imwidth=100","64634","TheMisterPhenix","18105","7725","9","1","878","22","50","false","false","English","TheMisterPhenix"
"https://static-cdn.jtvnw.net/jtv_user_pictures/e76f9fdc-fc74-4b3c-978a-e72d09d03dbe-profile_image-150x150.png?imenable=1&impolicy=user-profile-picture&imwidth=100","64635","TheDomo314","435","165","4","2","878","0","2","false","true","English","TheDomo314"
"https://static-cdn.jtvnw.net/jtv_user_pictures/johnnysmoke-profile_image-ec5808b43ea1eb03-150x150.jpeg?imenable=1&impolicy=user-profile-picture&imwidth=100","64636","JohnnySmoke","64020","5925","33","10","878","101","1211","false","false","Russian","JohnnySmoke"
"https://static-cdn.jtvnw.net/jtv_user_pictures/fallengersc2-profile_image-4f27af438cb201f8-150x150.jpeg?imenable=1&impolicy=user-profile-picture&imwidth=100","64637","FallengerSC2","2295","1575","10","1","878","3","110","false","false","Russian","FallengerSC2"
"https://static-cdn.jtvnw.net/jtv_user_pictures/26d9f509-c3c4-49b9-8cd8-506c1e3bc0ee-profile_image-150x150.jpg?imenable=1&impolicy=user-profile-picture&imwidth=100","64638","shemeta1","375","315","4","0","877","7","36","false","true","Bulgarian","shemeta1"
"https://static-cdn.jtvnw.net/jtv_user_pictures/espinelli-profile_image-0416461d6940372d-150x150.png?imenable=1&impolicy=user-profile-picture&imwidth=100","64639","espinelli","270","270","4","0","877","1","13","false","true","English","espinelli"
"https://static-cdn.jtvnw.net/ttv-boxart/404_boxart.png?imenable=1&impolicy=user-profile-picture&imwidth=100","64640","JohnStocktonCOB","135645","4740","132","28","877","386","241","false","false","English","JohnStocktonCOB"
"https://static-cdn.jtvnw.net/jtv_user_pictures/33776939-20ac-4c56-a927-e05fb1418868-profile_image-150x150.jpg?imenable=1&impolicy=user-profile-picture&imwidth=100","64641","Bimpthemunster","1500","330","10","4","877","0","157","false","false","English","Bimpthemunster"
"https://static-cdn.jtvnw.net/jtv_user_pictures/e73fb5d0-27d6-4159-b9a2-0742bf48506a-profile_image-150x150.png?imenable=1&impolicy=user-profile-picture&imwidth=100","64642","HeyImART","3300","450","33","6","877","22","358","false","true","Turkish","HeyImART"
"https://static-cdn.jtvnw.net/jtv_user_pictures/27c9ba15-25fa-4319-8668-725ab56d2ff8-profile_image-150x150.png?imenable=1&impolicy=user-profile-picture&imwidth=100","64643","lkallex","34425","1395","99","24","877","169","702","false","false","German","lkallex"
"https://static-cdn.jtvnw.net/jtv_user_pictures/ce5e887c-49c5-4afe-a293-6e9cd7b72445-profile_image-150x150.png?imenable=1&impolicy=user-profile-picture&imwidth=100","64644","Azreox","870","1065","4","0","877","5","43","false","false","English","Azreox"
"https://static-cdn.jtvnw.net/jtv_user_pictures/d797a5fd-cd57-491c-9db6-e6a277c4a864-profile_image-150x150.png?imenable=1&impolicy=user-profile-picture&imwidth=100","64645","killernl9000","9405","735","75","12","877","2","6","false","false","English","killernl9000"
"https://static-cdn.jtvnw.net/jtv_user_pictures/d3d6f054-9cb6-44f3-8889-7e580a956309-profile_image-150x150.png?imenable=1&impolicy=user-profile-picture&imwidth=100","64646","XIX77","1845","1800","4","0","877","4","2","false","false","English","XIX77"
"https://static-cdn.jtvnw.net/jtv_user_pictures/potvdot-profile_image-d64ced692893b9c7-150x150.png?imenable=1&impolicy=user-profile-picture&imwidth=100","64647","PoTvDoT","30","1605","1","0","877","1","39","false","true","Russian","PoTvDoT"
"https://static-cdn.jtvnw.net/jtv_user_pictures/1minplz-profile_image-be4baae37af67048-150x150.jpeg?imenable=1&impolicy=user-profile-picture&imwidth=100","64648","1minplz","20910","3405","26","5","877","44","360","false","false","Russian","1minplz"
"https://static-cdn.jtvnw.net/jtv_user_pictures/e42381f1-085b-4d77-b17f-c3d5ac175791-profile_image-150x150.png?imenable=1&impolicy=user-profile-picture&imwidth=100","64649","Siul008","510","270","4","1","877","2","60","false","true","French","Siul008"
"https://static-cdn.jtvnw.net/jtv_user_pictures/aeea7fce-a8bb-4a08-a2f3-9844c98e51fe-profile_image-150x150.jpeg?imenable=1&impolicy=user-profile-picture&imwidth=100","64650","Goodsnark","33135","6135","24","5","877","73","181","false","false","English","Goodsnark"
"https://static-cdn.jtvnw.net/jtv_user_pictures/ff815e4a-b703-4874-b115-544dc5ba08af-profile_image-150x150.png?imenable=1&impolicy=user-profile-picture&imwidth=100","64651","Dota360","7695","540","31","13","877","47","121","false","false","English","Dota360"
"https://static-cdn.jtvnw.net/jtv_user_pictures/493fb40e-6522-41fe-b01d-1d77124b19dd-profile_image-150x150.png?imenable=1&impolicy=user-profile-picture&imwidth=100","64652","xJimJime","60","45","2","1","877","0","16","false","false","Turkish","xJimJime"
"https://static-cdn.jtvnw.net/jtv_user_pictures/f7475d35-2356-4de9-a865-ea0eb9d2951e-profile_image-150x150.png?imenable=1&impolicy=user-profile-picture&imwidth=100","64653","TotesVidya","0","45","0","0","877","0","0","false","true","English","TotesVidya"
"https://static-cdn.jtvnw.net/jtv_user_pictures/e232ff12-c182-43e7-9626-a8b368dd7159-profile_image-150x150.png?imenable=1&impolicy=user-profile-picture&imwidth=100","64654","笨貓三個字 (shinahane)","5310","915","15","5","877","4","69","false","true","Chinese","笨貓三個字 (shinahane)"
"https://static-cdn.jtvnw.net/jtv_user_pictures/e81a6859f3127124-profile_image-150x150.png?imenable=1&impolicy=user-profile-picture&imwidth=100","64655","SebPlease","13695","1815","27","7","877","38","117","false","true","English","SebPlease"
"https://static-cdn.jtvnw.net/jtv_user_pictures/twelvetides-profile_image-0afd44565f3df204-150x150.jpeg?imenable=1&impolicy=user-profile-picture&imwidth=100","64656","twelvetides","21600","5910","18","3","877","65","199","false","true","English","twelvetides"
"https://static-cdn.jtvnw.net/jtv_user_pictures/silviosantosgod-profile_image-9f9d5027ca8d91ab-150x150.png?imenable=1&impolicy=user-profile-picture&imwidth=100","64657","SilvioSantosgOD","45","30","3","1","877","2","13","false","false","Portuguese","SilvioSantosgOD"
"https://static-cdn.jtvnw.net/jtv_user_pictures/hellevatortv-profile_image-0374fe28957aab80-150x150.jpeg?imenable=1&impolicy=user-profile-picture&imwidth=100","64658","HellevatoRtv","16830","6900","33","2","877","283","313","false","false","English","HellevatoRtv"
"https://static-cdn.jtvnw.net/jtv_user_pictures/663f1c6c-868c-4cd1-bd02-94107ad852be-profile_image-150x150.png?imenable=1&impolicy=user-profile-picture&imwidth=100","64659","FluffyB","5115","3435","5","1","877","10","77","false","true","English","FluffyB"
"https://static-cdn.jtvnw.net/jtv_user_pictures/crashy68-profile_image-2fb7aa732c8ffaf7-150x150.png?imenable=1&impolicy=user-profile-picture&imwidth=100","64660","Crashy68","75","150","1","0","877","0","0","false","false","French","Crashy68"
"https://static-cdn.jtvnw.net/jtv_user_pictures/c78a9aeb-1975-4318-a348-b81b0bd620ce-profile_image-150x150.png?imenable=1&impolicy=user-profile-picture&imwidth=100","64661","Jennerationz","480","255","4","1","877","4","14","false","true","English","Jennerationz"
"https://static-cdn.jtvnw.net/jtv_user_pictures/lubablack-profile_image-cb54cae0b4d7cbac-150x150.jpeg?imenable=1&impolicy=user-profile-picture&imwidth=100","64662","LubaBlack","79755","5130","38","14","877","164","3921","false","false","Russian","LubaBlack"
"https://static-cdn.jtvnw.net/jtv_user_pictures/very_nervous-profile_image-7741856985284944-150x150.png?imenable=1&impolicy=user-profile-picture&imwidth=100","64663","very_nervous","20505","5865","24","3","877","48","1864","false","false","Russian","very_nervous"
"https://static-cdn.jtvnw.net/jtv_user_pictures/24ae64b5-1e64-46d7-92da-c713353b1cb0-profile_image-150x150.png?imenable=1&impolicy=user-profile-picture&imwidth=100","64664","AlphaGeeGee","1950","1860","6","0","877","8","12","false","true","English","AlphaGeeGee"
"https://static-cdn.jtvnw.net/jtv_user_pictures/6e1faa69-f19a-48d2-920d-267bee9de8c7-profile_image-150x150.png?imenable=1&impolicy=user-profile-picture&imwidth=100","64665","epicgatorstv","4620","1260","26","3","877","9","2077","false","false","English","epicgatorstv"
"https://static-cdn.jtvnw.net/jtv_user_pictures/delta_el_prohibido-profile_image-65f899226c1a9e96-150x150.jpeg?imenable=1&impolicy=user-profile-picture&imwidth=100","64666","Delta_El_Prohibido","5400","1830","7","2","877","1","65","false","false","Spanish","Delta_El_Prohibido"
"https://static-cdn.jtvnw.net/jtv_user_pictures/1b89c5ef-fd0a-4165-ad13-98e4f06633e6-profile_image-150x150.png?imenable=1&impolicy=user-profile-picture&imwidth=100","64667","ZombieFro","0","45","2","0","877","0","0","false","true","English","ZombieFro"
"https://static-cdn.jtvnw.net/jtv_user_pictures/snitchzell-profile_image-6371e0255ce8bf6f-150x150.jpeg?imenable=1&impolicy=user-profile-picture&imwidth=100","64668","Snitchzell","9945","4710","7","1","877","12","52","false","false","Dutch","Snitchzell"
"https://static-cdn.jtvnw.net/jtv_user_pictures/4be57010-4fef-418f-b354-5187175fc005-profile_image-150x150.png?imenable=1&impolicy=user-profile-picture&imwidth=100","64669","TwojMisio","11550","8250","9","0","877","37","320","false","false","Polish","TwojMisio"
"https://static-cdn.jtvnw.net/jtv_user_pictures/9483c9e3-ea82-4e98-ba0f-44bce958310f-profile_image-150x150.png?imenable=1&impolicy=user-profile-picture&imwidth=100","64670","Gabeethan_","480","360","4","1","877","2","3","false","false","English","Gabeethan_"
"https://static-cdn.jtvnw.net/jtv_user_pictures/liquid_lunch_box-profile_image-3e79381343b3875a-150x150.png?imenable=1&impolicy=user-profile-picture&imwidth=100","64671","Liquid_Lunch_Box","330","165","4","2","877","0","0","false","true","English","Liquid_Lunch_Box"
"https://static-cdn.jtvnw.net/jtv_user_pictures/yuukitrap-profile_image-0f2d9b4ec2b1dcc3-150x150.png?imenable=1&impolicy=user-profile-picture&imwidth=100","64672","YuukiTrap","15015","3390","11","4","877","75","388","false","true","English","YuukiTrap"
"https://static-cdn.jtvnw.net/jtv_user_pictures/mrduckie-profile_image-3db57a257ee33cd6-150x150.jpeg?imenable=1&impolicy=user-profile-picture&imwidth=100","64673","MrDuckie","705","300","16","2","877","0","5","false","true","English","MrDuckie"
"https://static-cdn.jtvnw.net/jtv_user_pictures/48369a07-4e14-47bf-b5a5-e19b2392fa01-profile_image-150x150.png?imenable=1&impolicy=user-profile-picture&imwidth=100","64674","Crumpetfiddler","0","15","0","0","877","0","0","false","false","English","Crumpetfiddler"
"https://static-cdn.jtvnw.net/jtv_user_pictures/patrickgh3-profile_image-87676aa7fcf33db1-150x150.png?imenable=1&impolicy=user-profile-picture&imwidth=100","64675","Patrickgh3","75","30","3","2","877","1","28","false","false","English","Patrickgh3"
"https://static-cdn.jtvnw.net/jtv_user_pictures/5307f934-27a2-4ed5-9e46-f83d1537d95b-profile_image-150x150.png?imenable=1&impolicy=user-profile-picture&imwidth=100","64676","DilIaphant","3390","630","19","4","877","88","20","true","false","English","DilIaphant"
"https://static-cdn.jtvnw.net/jtv_user_pictures/b9e51d18-6f3c-4010-b19b-783c5c1fb55f-profile_image-150x150.png?imenable=1&impolicy=user-profile-picture&imwidth=100","64677","melonparfait","5220","375","24","13","877","11","35","false","false","English","melonparfait"
"https://static-cdn.jtvnw.net/jtv_user_pictures/1a0a939c-55bf-4269-8054-b5d1689ce475-profile_image-150x150.png?imenable=1&impolicy=user-profile-picture&imwidth=100","64678","hekticfn","90","630","2","0","877","0","4","false","false","English","hekticfn"
"https://static-cdn.jtvnw.net/jtv_user_pictures/ffd198bb-4299-4599-9052-a62ceee97088-profile_image-150x150.png?imenable=1&impolicy=user-profile-picture&imwidth=100","64679","Phreeks","810","225","8","3","877","6","5","false","false","German","Phreeks"
"https://static-cdn.jtvnw.net/jtv_user_pictures/a0e29037-c158-49cf-8c93-a595ff43f83d-profile_image-150x150.png?imenable=1&impolicy=user-profile-picture&imwidth=100","64680","Bronixx","780","375","9","1","877","-111","21","false","false","English","Bronixx"
"https://static-cdn.jtvnw.net/jtv_user_pictures/125bed42-dbb2-4d55-aa71-6ff46330b03c-profile_image-150x150.png?imenable=1&impolicy=user-profile-picture&imwidth=100","64681","BriannaWealder","21960","2790","23","7","877","26","154","false","true","English","BriannaWealder"
"https://static-cdn.jtvnw.net/jtv_user_pictures/2fffbeca-8be0-4588-a401-7ad5fced27b1-profile_image-150x150.jpg?imenable=1&impolicy=user-profile-picture&imwidth=100","64682","阿賓 (outdoor_arbin)","870","1515","4","0","877","1","70","false","true","Chinese","阿賓 (outdoor_arbin)"
"https://static-cdn.jtvnw.net/jtv_user_pictures/06be2182-190a-45a5-becd-2f1473307414-profile_image-150x150.png?imenable=1&impolicy=user-profile-picture&imwidth=100","64683","cryingTim","14520","5895","9","1","877","6","283","false","true","German","cryingTim"
"https://static-cdn.jtvnw.net/jtv_user_pictures/462bacd5-c12d-4c50-8105-76a482146776-profile_image-150x150.jpeg?imenable=1&impolicy=user-profile-picture&imwidth=100","64684","mrflashless","210","240","2","0","877","0","6","false","false","Russian","mrflashless"
"https://static-cdn.jtvnw.net/jtv_user_pictures/c1e9c147-194b-4abf-91bf-b23b0b851f3b-profile_image-150x150.png?imenable=1&impolicy=user-profile-picture&imwidth=100","64685","Darktmoney","225","105","5","1","877","-1","1","false","false","English","Darktmoney"
"https://static-cdn.jtvnw.net/jtv_user_pictures/01cab6cd-f506-496a-8777-9933eb6c7626-profile_image-150x150.png?imenable=1&impolicy=user-profile-picture&imwidth=100","64686","PaulieJ","3420","2865","9","0","877","13","29","false","false","English","PaulieJ"
"https://static-cdn.jtvnw.net/jtv_user_pictures/s2phil-profile_image-e71cb512cc479873-150x150.jpeg?imenable=1&impolicy=user-profile-picture&imwidth=100","64687","s2phil","405","120","4","3","877","0","1","false","true","English","s2phil"
"https://static-cdn.jtvnw.net/jtv_user_pictures/seasidehermit-profile_image-6d0d56d58ccd8302-150x150.jpeg?imenable=1&impolicy=user-profile-picture&imwidth=100","64688","SeasideHermit","54315","7425","37","6","877","41","152","false","true","English","SeasideHermit"
"https://static-cdn.jtvnw.net/jtv_user_pictures/d2877a52-3258-4a70-aeff-425f923f083d-profile_image-150x150.png?imenable=1&impolicy=user-profile-picture&imwidth=100","64689","AllegroSRC","10410","1365","18","7","877","27","68","false","true","English","AllegroSRC"
"https://static-cdn.jtvnw.net/jtv_user_pictures/sir_noface-profile_image-b446dbcce4419293-150x150.png?imenable=1&impolicy=user-profile-picture&imwidth=100","64690","Sir_NoFace","59745","8175","72","6","877","86","483","false","true","English","Sir_NoFace"
"https://static-cdn.jtvnw.net/jtv_user_pictures/bfdb7648-a0ea-40c4-b340-6d446192595e-profile_image-150x150.png?imenable=1&impolicy=user-profile-picture&imwidth=100","64691","lvl27gaming","8730","2220","10","3","877","14","43","false","true","English","lvl27gaming"
"https://static-cdn.jtvnw.net/jtv_user_pictures/4723cbdd-de26-4be7-b983-0f198dbecace-profile_image-150x150.png?imenable=1&impolicy=user-profile-picture&imwidth=100","64692","BallinTV","420","90","5","4","877","0","0","false","false","English","BallinTV"
"https://static-cdn.jtvnw.net/jtv_user_pictures/3a7594db-59e9-4b2e-bd35-fba96ac0299b-profile_image-150x150.png?imenable=1&impolicy=user-profile-picture&imwidth=100","64693","PengMcvean","570","270","4","1","877","-1","18","false","false","German","PengMcvean"
"https://static-cdn.jtvnw.net/jtv_user_pictures/4da58397-bf08-4e24-8627-3067b7cb4489-profile_image-150x150.png?imenable=1&impolicy=user-profile-picture&imwidth=100","64694","xtine1up","1170","255","7","4","877","3","31","false","true","English","xtine1up"
"https://static-cdn.jtvnw.net/jtv_user_pictures/e98ad32252b86c56-profile_image-150x150.png?imenable=1&impolicy=user-profile-picture&imwidth=100","64695","PinkEye","20790","3045","21","6","877","33","179","false","true","English","PinkEye"
"https://static-cdn.jtvnw.net/jtv_user_pictures/a746539ab0a753bc-profile_image-150x150.png?imenable=1&impolicy=user-profile-picture&imwidth=100","64696","shortstackfilm","4965","1380","9","3","877","-9","27","false","true","English","shortstackfilm"
"https://static-cdn.jtvnw.net/jtv_user_pictures/eb63d1398285ca4a-profile_image-150x150.png?imenable=1&impolicy=user-profile-picture&imwidth=100","64697","Wickles","4725","1200","10","3","876","36","50","false","false","English","Wickles"
"https://static-cdn.jtvnw.net/jtv_user_pictures/widow_themasked_hero-profile_image-9562b215adfabd90-150x150.jpeg?imenable=1&impolicy=user-profile-picture&imwidth=100","64698","widow_themasked_hero","4830","630","14","7","876","555","8","false","true","English","widow_themasked_hero"
"https://static-cdn.jtvnw.net/jtv_user_pictures/2d9b76ef-f0af-45c2-b7f5-d726a8bd55ae-profile_image-150x150.png?imenable=1&impolicy=user-profile-picture&imwidth=100","64699","Xzelfie","975","810","4","0","876","5","39","false","true","English","Xzelfie"
"https://static-cdn.jtvnw.net/jtv_user_pictures/alanvigra-profile_image-1b361935b4097096-150x150.jpeg?imenable=1&impolicy=user-profile-picture&imwidth=100","64700","AlanViGra","6255","1635","18","3","876","42","160","false","false","Spanish","AlanViGra"