"","","Channel","Watch time","Stream time","Peak viewers","Average viewers","Followers","Followers gained","Views gained","Partnered","Mature","Language",""
"https://static-cdn.jtvnw.net/jtv_user_pictures/darenwolfdream-profile_image-b27dcdfbb3cc6d43-150x150.jpeg?imenable=1&impolicy=user-profile-picture&imwidth=100","65001","Darenwolfdream","4335","2325","6","1","870","-6","157","false","true","French","Darenwolfdream"
"https://static-cdn.jtvnw.net/jtv_user_pictures/thearrrrrcade-profile_image-be673ef4793c1025-150x150.png?imenable=1&impolicy=user-profile-picture&imwidth=100","65002","TheArrrrrcade","60","90","1","0","869","0","0","false","true","English","TheArrrrrcade"
"https://static-cdn.jtvnw.net/ttv-boxart/404_boxart.png?imenable=1&impolicy=user-profile-picture&imwidth=100","65003","Munkizh","0","15","0","0","869","0","0","false","false","Swedish","Munkizh"
"https://static-cdn.jtvnw.net/jtv_user_pictures/captainth-profile_image-64383da56feb5c9d-150x150.jpeg?imenable=1&impolicy=user-profile-picture&imwidth=100","65004","Captainth","0","15","0","0","869","0","0","false","false","Thai","Captainth"
"https://static-cdn.jtvnw.net/jtv_user_pictures/xbanzaiattackx-profile_image-e24baf6fed1170f3-150x150.png?imenable=1&impolicy=user-profile-picture&imwidth=100","65005","xBanzaiAttackx","20235","1230","39","16","869","56","721","false","false","Japanese","xBanzaiAttackx"
"https://static-cdn.jtvnw.net/jtv_user_pictures/4c1cd3b6-8b8d-4f1d-bcd5-f9c4ddcfd399-profile_image-150x150.png?imenable=1&impolicy=user-profile-picture&imwidth=100","65006","Infamous_Tomato","600","1710","5","0","869","4","15","false","true","English","Infamous_Tomato"
"https://static-cdn.jtvnw.net/jtv_user_pictures/f5b0990f-2b21-4aca-9aff-d760ee94cc2c-profile_image-150x150.png?imenable=1&impolicy=user-profile-picture&imwidth=100","65007","ilove_ur_smile","10620","960","20","10","869","28","158","false","true","French","ilove_ur_smile"
"https://static-cdn.jtvnw.net/jtv_user_pictures/9e8f15e6-11ae-4950-8acc-5382fb34e3f0-profile_image-150x150.png?imenable=1&impolicy=user-profile-picture&imwidth=100","65008","OMGItsTopdog","30","240","2","0","869","3","6","false","true","English","OMGItsTopdog"
"https://static-cdn.jtvnw.net/jtv_user_pictures/1a41b294a0934b60-profile_image-150x150.jpeg?imenable=1&impolicy=user-profile-picture&imwidth=100","65009","菊花 (flower0622)","2175","435","13","4","869","29","156","false","false","Chinese","菊花 (flower0622)"
"https://static-cdn.jtvnw.net/jtv_user_pictures/a1f89036-1557-43e9-aaa4-35db992d9104-profile_image-150x150.jpg?imenable=1&impolicy=user-profile-picture&imwidth=100","65010","Superseder","60","30","2","2","869","0","0","false","false","English","Superseder"
"https://static-cdn.jtvnw.net/jtv_user_pictures/f2597c07-2458-445c-9103-28db9d104f9a-profile_image-150x150.png?imenable=1&impolicy=user-profile-picture&imwidth=100","65011","WeMashButtons","120","60","2","2","869","0","0","false","true","English","WeMashButtons"
"https://static-cdn.jtvnw.net/jtv_user_pictures/7af003cd-ff57-4a79-93d2-4981a00381a9-profile_image-150x150.png?imenable=1&impolicy=user-profile-picture&imwidth=100","65012","Incorporate","1230","1350","3","0","869","4","47","false","true","English","Incorporate"
"https://static-cdn.jtvnw.net/jtv_user_pictures/25d29ab8a246d9a2-profile_image-150x150.jpeg?imenable=1&impolicy=user-profile-picture&imwidth=100","65013","Blocked_Idea","20685","5040","15","3","869","49","69","false","true","English","Blocked_Idea"
"https://static-cdn.jtvnw.net/jtv_user_pictures/ad11a0d7530b6a11-profile_image-150x150.jpeg?imenable=1&impolicy=user-profile-picture&imwidth=100","65014","evantodd","6660","765","23","8","869","11","43","false","false","English","evantodd"
"https://static-cdn.jtvnw.net/jtv_user_pictures/5a3cccdd15247422-profile_image-150x150.jpeg?imenable=1&impolicy=user-profile-picture&imwidth=100","65015","NewStartPT","4530","1860","7","2","869","12","165","false","false","Portuguese","NewStartPT"
"https://static-cdn.jtvnw.net/jtv_user_pictures/922ed04b-d50a-497d-a15c-3d92def525ea-profile_image-150x150.png?imenable=1&impolicy=user-profile-picture&imwidth=100","65016","DevynDaBeast","0","105","2","0","869","0","0","false","true","English","DevynDaBeast"
"https://static-cdn.jtvnw.net/jtv_user_pictures/99782ae3-6325-47ad-932c-00c797165b12-profile_image-150x150.png?imenable=1&impolicy=user-profile-picture&imwidth=100","65017","OcarinaHero93","10920","3780","15","2","869","68","22","false","true","English","OcarinaHero93"
"https://static-cdn.jtvnw.net/jtv_user_pictures/a418ac57-17b2-4cb5-bc03-870b514adc2f-profile_image-150x150.png?imenable=1&impolicy=user-profile-picture&imwidth=100","65018","FC_Dad","4920","480","20","9","869","31","142","false","false","English","FC_Dad"
"https://static-cdn.jtvnw.net/jtv_user_pictures/duologicgaming-profile_image-887732f614140a3e-150x150.jpeg?imenable=1&impolicy=user-profile-picture&imwidth=100","65019","DuologicGaming","120","60","3","2","869","1","-3","false","false","English","DuologicGaming"
"https://static-cdn.jtvnw.net/user-default-pictures/b83b1794-7df9-4878-916c-88c2ad2e4f9f-profile_image-150x150.jpg?imenable=1&impolicy=user-profile-picture&imwidth=100","65020","GLADX0","225","45","7","5","869","0","-11","false","false","English","GLADX0"
"https://static-cdn.jtvnw.net/jtv_user_pictures/nicochangg-profile_image-319d545dbadbe211-150x150.png?imenable=1&impolicy=user-profile-picture&imwidth=100","65021","nicochangg","90","150","1","0","869","0","0","false","false","Japanese","nicochangg"
"https://static-cdn.jtvnw.net/jtv_user_pictures/1dc5b8db-582c-441f-b03e-833e0f92b73c-profile_image-150x150.png?imenable=1&impolicy=user-profile-picture&imwidth=100","65022","SirPete1UK","1590","645","6","2","869","8","64","false","true","English","SirPete1UK"
"https://static-cdn.jtvnw.net/jtv_user_pictures/sgtscortez-profile_image-80e041e97c355eeb-150x150.png?imenable=1&impolicy=user-profile-picture&imwidth=100","65023","SgtSCortez","13005","1605","20","7","869","26","128","false","false","English","SgtSCortez"
"https://static-cdn.jtvnw.net/jtv_user_pictures/b8e85d4092aaacce-profile_image-150x150.jpeg?imenable=1&impolicy=user-profile-picture&imwidth=100","65024","rise2win","26850","4185","20","5","869","26","300","false","false","Russian","rise2win"
"https://static-cdn.jtvnw.net/jtv_user_pictures/kerongcz-profile_image-c0d7926e664b7225-150x150.jpeg?imenable=1&impolicy=user-profile-picture&imwidth=100","65025","Kerongcz","5250","2205","10","1","869","20","37","false","false","Czech","Kerongcz"
"https://static-cdn.jtvnw.net/jtv_user_pictures/a0f6d246-462e-4dbb-9b4a-41d5c833dc6d-profile_image-150x150.png?imenable=1&impolicy=user-profile-picture&imwidth=100","65026","Noiiisy","11100","1920","13","5","869","51","236","false","true","French","Noiiisy"
"https://static-cdn.jtvnw.net/jtv_user_pictures/a8bceffe-1418-4909-9aef-a21b74799dc2-profile_image-150x150.png?imenable=1&impolicy=user-profile-picture&imwidth=100","65027","yes06kin_true","25245","2265","68","10","869","26","200","false","false","English","yes06kin_true"
"https://static-cdn.jtvnw.net/jtv_user_pictures/darkm3tal-profile_image-a5aefa2cb9fcdf9f-150x150.png?imenable=1&impolicy=user-profile-picture&imwidth=100","65028","Darkm3tal","29925","5235","23","5","869","80","393","false","false","English","Darkm3tal"
"https://static-cdn.jtvnw.net/jtv_user_pictures/9581eef2-52b7-429b-8a99-5679b4f337f4-profile_image-150x150.png?imenable=1&impolicy=user-profile-picture&imwidth=100","65029","Kevinlowks","135","75","3","1","869","0","0","false","true","English","Kevinlowks"
"https://static-cdn.jtvnw.net/jtv_user_pictures/68d9a3ad-855d-4dd4-ac26-aca52874283b-profile_image-150x150.png?imenable=1&impolicy=user-profile-picture&imwidth=100","65030","snuyi","19455","1140","59","16","869","14","425","false","true","English","snuyi"
"https://static-cdn.jtvnw.net/jtv_user_pictures/mydailyfix-profile_image-790f7a43fd598cc8-150x150.png?imenable=1&impolicy=user-profile-picture&imwidth=100","65031","MyDailyFix","15","45","1","0","869","0","0","false","true","English","MyDailyFix"
"https://static-cdn.jtvnw.net/jtv_user_pictures/fssl-profile_image-328cde7b34ec6398-150x150.jpeg?imenable=1&impolicy=user-profile-picture&imwidth=100","65032","fssl","7725","1575","13","4","869","58","196","false","false","German","fssl"
"https://static-cdn.jtvnw.net/jtv_user_pictures/362c47f0-0fbe-4351-9abc-0f02d636f9e2-profile_image-150x150.png?imenable=1&impolicy=user-profile-picture&imwidth=100","65033","Vinanrra_","105","390","1","0","869","1","15","false","true","Spanish","Vinanrra_"
"https://static-cdn.jtvnw.net/jtv_user_pictures/792c29e0-a002-4ec4-b914-16d0e9c57713-profile_image-150x150.png?imenable=1&impolicy=user-profile-picture&imwidth=100","65034","Captain_Hook5150","930","435","6","1","869","4","10","false","true","English","Captain_Hook5150"
"https://static-cdn.jtvnw.net/jtv_user_pictures/rinat91-profile_image-0142a923b5822c33-150x150.jpeg?imenable=1&impolicy=user-profile-picture&imwidth=100","65035","rinat91","255","90","6","2","869","1","1","false","true","Russian","rinat91"
"https://static-cdn.jtvnw.net/jtv_user_pictures/tesquo-profile_image-4ad71f6b9fd2a520-150x150.png?imenable=1&impolicy=user-profile-picture&imwidth=100","65036","Tesquo","465","150","6","2","869","1","12","false","false","English","Tesquo"
"https://static-cdn.jtvnw.net/jtv_user_pictures/nikamiroda-profile_image-a5bf0727ccf4fafa-150x150.jpeg?imenable=1&impolicy=user-profile-picture&imwidth=100","65037","nikamiroda","22455","1425","38","15","869","49","496","false","false","Polish","nikamiroda"
"https://static-cdn.jtvnw.net/jtv_user_pictures/d64bb85c-12f3-4032-9e8c-42fd73359e8e-profile_image-150x150.png?imenable=1&impolicy=user-profile-picture&imwidth=100","65038","Azraelchaos","4635","810","10","5","869","25","19","false","true","English","Azraelchaos"
"https://static-cdn.jtvnw.net/jtv_user_pictures/mentalmorzan-profile_image-0027c1689bb2510b-150x150.png?imenable=1&impolicy=user-profile-picture&imwidth=100","65039","MentalMorzan","90","540","3","0","869","0","3","false","true","English","MentalMorzan"
"https://static-cdn.jtvnw.net/jtv_user_pictures/mizukimondblume-profile_image-caebbd3ae2f1e239-150x150.jpeg?imenable=1&impolicy=user-profile-picture&imwidth=100","65040","MizukiMondblume","5400","585","20","9","869","25","248","false","true","German","MizukiMondblume"
"https://static-cdn.jtvnw.net/jtv_user_pictures/086d2883-6f63-4ea1-8a98-6a62d9170678-profile_image-150x150.png?imenable=1&impolicy=user-profile-picture&imwidth=100","65041","KEIGART_","7470","570","42","12","869","53","507","false","true","Spanish","KEIGART_"
"https://static-cdn.jtvnw.net/jtv_user_pictures/77dd8416-6108-4183-b4f8-1ad5468b9800-profile_image-150x150.png?imenable=1&impolicy=user-profile-picture&imwidth=100","65042","aazor","2280","660","10","3","869","18","15","false","false","English","aazor"
"https://static-cdn.jtvnw.net/jtv_user_pictures/0430e6b7-61f7-4511-a065-8e5a61dec44a-profile_image-150x150.png?imenable=1&impolicy=user-profile-picture&imwidth=100","65043","yoloswaggie1098","2190","1170","6","1","869","5","3","false","false","English","yoloswaggie1098"
"https://static-cdn.jtvnw.net/jtv_user_pictures/ugjaelrose-profile_image-09fbffa864359a03-150x150.jpeg?imenable=1&impolicy=user-profile-picture&imwidth=100","65044","UGJaelRose","165","75","5","2","869","0","0","false","false","English","UGJaelRose"
"https://static-cdn.jtvnw.net/jtv_user_pictures/ad28ffbb-a4a5-46c3-8a42-6149fa796624-profile_image-150x150.jpg?imenable=1&impolicy=user-profile-picture&imwidth=100","65045","BaldEagle18","1320","705","6","1","869","4","11","false","true","English","BaldEagle18"
"https://static-cdn.jtvnw.net/jtv_user_pictures/9b72bc66-6d7e-4a7d-827f-8ca8ef47473d-profile_image-150x150.png?imenable=1&impolicy=user-profile-picture&imwidth=100","65046","Melv_in_GameTV","15","15","1","1","869","0","0","false","false","French","Melv_in_GameTV"
"https://static-cdn.jtvnw.net/jtv_user_pictures/b7e48fcc-227f-4bca-b066-f7b19ef103e6-profile_image-150x150.png?imenable=1&impolicy=user-profile-picture&imwidth=100","65047","DIRTYmasterchief","330","135","3","1","869","2","5","false","false","English","DIRTYmasterchief"
"https://static-cdn.jtvnw.net/jtv_user_pictures/skaberdk-profile_image-7e3a74e515e0af8f-150x150.png?imenable=1&impolicy=user-profile-picture&imwidth=100","65048","SkaberDK","1680","660","9","2","869","10","13","false","false","Danish","SkaberDK"
"https://static-cdn.jtvnw.net/jtv_user_pictures/cybercheetah-profile_image-7ef3bbef36b4a5ef-150x150.jpeg?imenable=1&impolicy=user-profile-picture&imwidth=100","65049","Cybercheetah","210","345","3","0","869","45","2","false","true","English","Cybercheetah"
"https://static-cdn.jtvnw.net/jtv_user_pictures/winz5-profile_image-777e9013d8fda618-150x150.png?imenable=1&impolicy=user-profile-picture&imwidth=100","65050","Winz5","1650","630","8","2","869","-27","31","false","true","English","Winz5"
"https://static-cdn.jtvnw.net/jtv_user_pictures/353c5250060b86ea-profile_image-150x150.jpeg?imenable=1&impolicy=user-profile-picture&imwidth=100","65051","Quagmire802","10005","2400","24","3","869","-90","67","false","true","English","Quagmire802"
"https://static-cdn.jtvnw.net/jtv_user_pictures/116c006a-2337-4952-a93c-df4e513a577a-profile_image-150x150.png?imenable=1&impolicy=user-profile-picture&imwidth=100","65052","corteezytv","90","60","3","1","868","0","2","false","false","English","corteezytv"
"https://static-cdn.jtvnw.net/jtv_user_pictures/a12fd52b-4da7-45b6-bf1c-1065d08ee2d0-profile_image-150x150.png?imenable=1&impolicy=user-profile-picture&imwidth=100","65053","Dibest1","180","75","5","2","868","0","7","false","false","Norwegian","Dibest1"
"https://static-cdn.jtvnw.net/jtv_user_pictures/kazerina-profile_image-5e2cd3ba94e42c4a-150x150.jpeg?imenable=1&impolicy=user-profile-picture&imwidth=100","65054","Kazerina","6780","1455","11","4","868","64","266","false","false","Spanish","Kazerina"
"https://static-cdn.jtvnw.net/jtv_user_pictures/the_fytch-profile_image-eb7344e485a137ff-150x150.jpeg?imenable=1&impolicy=user-profile-picture&imwidth=100","65055","the_fytch","975","1320","5","0","868","2","18","false","false","Spanish","the_fytch"
"https://static-cdn.jtvnw.net/jtv_user_pictures/819ebd86-f42b-4519-8cb6-fc71121369a2-profile_image-150x150.png?imenable=1&impolicy=user-profile-picture&imwidth=100","65056","LiveDeadLion","15060","3165","13","4","868","73","95","false","false","English","LiveDeadLion"
"https://static-cdn.jtvnw.net/jtv_user_pictures/tyrengman-profile_image-97316cc92846617b-150x150.jpeg?imenable=1&impolicy=user-profile-picture&imwidth=100","65057","TyrEngman","255","255","4","0","868","-2","19","false","true","Spanish","TyrEngman"
"https://static-cdn.jtvnw.net/jtv_user_pictures/pauper_shane-profile_image-506b2d078bb27730-150x150.png?imenable=1&impolicy=user-profile-picture&imwidth=100","65058","Pauper_Shane","13935","2310","22","5","868","26","155","false","false","English","Pauper_Shane"
"https://static-cdn.jtvnw.net/jtv_user_pictures/sarnolls-profile_image-108b9e7d340348f5-150x150.jpeg?imenable=1&impolicy=user-profile-picture&imwidth=100","65059","Sarnolls","60975","7005","39","8","868","203","605","false","false","Polish","Sarnolls"
"https://static-cdn.jtvnw.net/jtv_user_pictures/59a89c85-afb4-4164-8b8f-f0617a4e0f4c-profile_image-150x150.jpg?imenable=1&impolicy=user-profile-picture&imwidth=100","65060","imagineprops","1680","345","10","4","868","10","7","true","false","English","imagineprops"
"https://static-cdn.jtvnw.net/jtv_user_pictures/7ded2e886e996b16-profile_image-150x150.png?imenable=1&impolicy=user-profile-picture&imwidth=100","65061","4EverDragScorpion","43335","3135","110","13","868","75","735","false","true","German","4EverDragScorpion"
"https://static-cdn.jtvnw.net/jtv_user_pictures/goodstrider-profile_image-8b14e8153295c42a-150x150.png?imenable=1&impolicy=user-profile-picture&imwidth=100","65062","GoodStrider","1710","555","7","2","868","448","515","false","true","Russian","GoodStrider"
"https://static-cdn.jtvnw.net/jtv_user_pictures/hellpockets-profile_image-2c20c466aff0b7b3-150x150.jpeg?imenable=1&impolicy=user-profile-picture&imwidth=100","65063","HellPockets","2970","165","45","18","868","17","14","false","true","English","HellPockets"
"https://static-cdn.jtvnw.net/jtv_user_pictures/fee1182b-04ff-4eb8-87bd-a2bd02bad7b8-profile_image-150x150.png?imenable=1&impolicy=user-profile-picture&imwidth=100","65064","FelixMorphz","765","435","4","1","868","-1","1","false","true","English","FelixMorphz"
"https://static-cdn.jtvnw.net/jtv_user_pictures/diikkenek-profile_image-172858366278c9ef-150x150.png?imenable=1&impolicy=user-profile-picture&imwidth=100","65065","diikkenek","12420","2070","19","5","868","93","410","false","false","French","diikkenek"
"https://static-cdn.jtvnw.net/jtv_user_pictures/927eb405-2588-4f6f-9e73-dc7b37747dc0-profile_image-150x150.png?imenable=1&impolicy=user-profile-picture&imwidth=100","65066","Queenmango","3045","735","9","3","868","19","38","false","false","English","Queenmango"
"https://static-cdn.jtvnw.net/jtv_user_pictures/pokemoncentury-profile_image-273b6f7a06a3bdb1-150x150.jpeg?imenable=1&impolicy=user-profile-picture&imwidth=100","65067","PokemonCentury","10245","1335","20","7","868","56","211","false","true","English","PokemonCentury"
"https://static-cdn.jtvnw.net/jtv_user_pictures/03ba66c8-af45-4714-af0d-4af10a70f2ca-profile_image-150x150.png?imenable=1&impolicy=user-profile-picture&imwidth=100","65068","DankDragonLIVE","21615","5760","14","3","868","38","79","false","true","English","DankDragonLIVE"
"https://static-cdn.jtvnw.net/jtv_user_pictures/bc791b863bf6d0ae-profile_image-150x150.jpeg?imenable=1&impolicy=user-profile-picture&imwidth=100","65069","EL1M_","795","270","7","2","868","2","7","false","false","English","EL1M_"
"https://static-cdn.jtvnw.net/jtv_user_pictures/0d60402c-27ee-46a1-942f-9fbb0cfee08a-profile_image-150x150.png?imenable=1&impolicy=user-profile-picture&imwidth=100","65070","GoldFishie","495","780","3","0","868","3","1","false","false","English","GoldFishie"
"https://static-cdn.jtvnw.net/jtv_user_pictures/0f394c92-7a15-48b0-ad7a-5c27eb32bc98-profile_image-150x150.jpg?imenable=1&impolicy=user-profile-picture&imwidth=100","65071","OPTIKKNICK","5970","3675","11","1","868","10","22","false","true","German","OPTIKKNICK"
"https://static-cdn.jtvnw.net/jtv_user_pictures/c5ba35e8-bd46-408b-bbea-b085e0bca9eb-profile_image-150x150.png?imenable=1&impolicy=user-profile-picture&imwidth=100","65072","tomsp8","585","135","9","4","868","4","17","false","false","English","tomsp8"
"https://static-cdn.jtvnw.net/jtv_user_pictures/6af81353-3e3b-4520-b1e6-afd676d1ccf3-profile_image-150x150.png?imenable=1&impolicy=user-profile-picture&imwidth=100","65073","SpeedyPlays","5745","1110","12","4","868","47","169","false","false","English","SpeedyPlays"
"https://static-cdn.jtvnw.net/jtv_user_pictures/sparky878-profile_image-5f91804b06e1524d-150x150.png?imenable=1&impolicy=user-profile-picture&imwidth=100","65074","Sparky878","51900","5130","39","9","868","68","290","false","true","English","Sparky878"
"https://static-cdn.jtvnw.net/jtv_user_pictures/d0b5d95ddd7191db-profile_image-150x150.jpeg?imenable=1&impolicy=user-profile-picture&imwidth=100","65075","zMissFortune","18720","1680","30","10","868","63","67","false","true","English","zMissFortune"
"https://static-cdn.jtvnw.net/jtv_user_pictures/1116291e-7f8b-4124-b7a9-6e269b6d69f0-profile_image-150x150.png?imenable=1&impolicy=user-profile-picture&imwidth=100","65076","Alannalouwho","13530","1890","156","6","868","28","105","false","false","English","Alannalouwho"
"https://static-cdn.jtvnw.net/jtv_user_pictures/locker3221337-profile_image-f09c189b95bb5102-150x150.png?imenable=1&impolicy=user-profile-picture&imwidth=100","65077","LOCKER3221337","195","225","5","0","868","2","56","false","false","Russian","LOCKER3221337"
"https://static-cdn.jtvnw.net/jtv_user_pictures/f409076b-9633-4779-a88e-68e70e6a147d-profile_image-150x150.jpeg?imenable=1&impolicy=user-profile-picture&imwidth=100","65078","Kryalite","90","120","2","0","868","2","5","false","false","English","Kryalite"
"https://static-cdn.jtvnw.net/jtv_user_pictures/acd19bd4-f564-4df1-91e4-22bddb69a7a1-profile_image-150x150.png?imenable=1&impolicy=user-profile-picture&imwidth=100","65079","AequitasRaiders","1200","975","5","0","868","3","11","false","true","English","AequitasRaiders"
"https://static-cdn.jtvnw.net/jtv_user_pictures/f34ed3792cd62db0-profile_image-150x150.png?imenable=1&impolicy=user-profile-picture&imwidth=100","65080","シモンズ (simmons)","9015","2175","9","3","868","1","72","false","false","English","シモンズ (simmons)"
"https://static-cdn.jtvnw.net/jtv_user_pictures/kiraandkiarra123-profile_image-29ea777868d9e513-150x150.jpeg?imenable=1&impolicy=user-profile-picture&imwidth=100","65081","Kiraandkiarra123","1530","1020","4","1","868","1","1","false","true","English","Kiraandkiarra123"
"https://static-cdn.jtvnw.net/jtv_user_pictures/e31f9658-87c5-48ed-a829-6258084e6caa-profile_image-150x150.png?imenable=1&impolicy=user-profile-picture&imwidth=100","65082","TRG35","7380","2430","11","2","868","23","37","false","false","English","TRG35"
"https://static-cdn.jtvnw.net/jtv_user_pictures/torque1285-profile_image-bc1b96b648574af7-150x150.jpeg?imenable=1&impolicy=user-profile-picture&imwidth=100","65083","Torque1285","9810","5505","6","1","868","0","81","false","true","German","Torque1285"
"https://static-cdn.jtvnw.net/jtv_user_pictures/8d79880f-2f4e-4bd7-bef5-cbaae0ada8be-profile_image-150x150.jpg?imenable=1&impolicy=user-profile-picture&imwidth=100","65084","Mystery__Smiley","8850","1440","13","5","868","43","73","false","false","English","Mystery__Smiley"
"https://static-cdn.jtvnw.net/jtv_user_pictures/d124eafb8003fd8f-profile_image-150x150.png?imenable=1&impolicy=user-profile-picture&imwidth=100","65085","Krushnek","140355","12660","67","10","868","125","461","false","true","English","Krushnek"
"https://static-cdn.jtvnw.net/jtv_user_pictures/104fdbba-b76f-48b6-9393-ee6f4e7103af-profile_image-150x150.png?imenable=1&impolicy=user-profile-picture&imwidth=100","65086","Shockwave82","3750","1095","9","3","868","0","32","false","false","English","Shockwave82"
"https://static-cdn.jtvnw.net/jtv_user_pictures/pvdtv-profile_image-90bc1d07b8cfe60c-150x150.png?imenable=1&impolicy=user-profile-picture&imwidth=100","65087","PvDtv","16980","2625","16","5","868","24","101","false","true","English","PvDtv"
"https://static-cdn.jtvnw.net/jtv_user_pictures/unclekoopa-profile_image-978060711536a7bb-150x150.png?imenable=1&impolicy=user-profile-picture&imwidth=100","65088","UncleKoopa","6285","1260","10","4","868","5","78","false","false","English","UncleKoopa"
"https://static-cdn.jtvnw.net/jtv_user_pictures/0a122dfe-81ed-40c7-8dc0-cb931fd88726-profile_image-150x150.png?imenable=1&impolicy=user-profile-picture&imwidth=100","65089","Kyouhai","4650","1635","9","2","867","19","89","false","true","English","Kyouhai"
"https://static-cdn.jtvnw.net/jtv_user_pictures/43aad5cb-ee8c-403c-bdec-2bc411227294-profile_image-150x150.png?imenable=1&impolicy=user-profile-picture&imwidth=100","65090","viper00012_ttv","0","30","0","0","867","0","0","false","true","English","viper00012_ttv"
"https://static-cdn.jtvnw.net/jtv_user_pictures/2a5fe94f-3e4b-4c91-9737-22553c33e5b0-profile_image-150x150.png?imenable=1&impolicy=user-profile-picture&imwidth=100","65091","PlayerX_Tv","1365","2910","4","0","867","20","30","false","false","English","PlayerX_Tv"
"https://static-cdn.jtvnw.net/jtv_user_pictures/1e5e4365-a439-405a-b002-26dde32e8183-profile_image-150x150.png?imenable=1&impolicy=user-profile-picture&imwidth=100","65092","iaredrew","30","15","2","2","867","0","0","false","true","English","iaredrew"
"https://static-cdn.jtvnw.net/jtv_user_pictures/6e561a18-3acc-441b-90d1-e7c18f383f0c-profile_image-150x150.png?imenable=1&impolicy=user-profile-picture&imwidth=100","65093","MadNerd","600","255","4","1","867","0","30","false","true","Portuguese","MadNerd"
"https://static-cdn.jtvnw.net/jtv_user_pictures/7b6031bc-7312-4b4f-bb78-67246c8cd793-profile_image-150x150.png?imenable=1&impolicy=user-profile-picture&imwidth=100","65094","Samsylele","0","30","0","0","867","0","0","false","false","German","Samsylele"
"https://static-cdn.jtvnw.net/jtv_user_pictures/milks_misfits-profile_image-4287a72271b32e0b-150x150.jpeg?imenable=1&impolicy=user-profile-picture&imwidth=100","65095","Milks_Misfits","1530","825","7","1","867","7","35","false","false","English","Milks_Misfits"
"https://static-cdn.jtvnw.net/jtv_user_pictures/258d5ea0-4934-40d2-9938-b2f0f42e03ee-profile_image-150x150.png?imenable=1&impolicy=user-profile-picture&imwidth=100","65096","MaloxStream","4170","1485","9","2","867","21","53","false","true","French","MaloxStream"
"https://static-cdn.jtvnw.net/jtv_user_pictures/13654612-f451-44a1-b054-d3fc3d81e98c-profile_image-150x150.png?imenable=1&impolicy=user-profile-picture&imwidth=100","65097","Massachusettz","390","270","3","1","867","1","0","false","false","English","Massachusettz"
"https://static-cdn.jtvnw.net/jtv_user_pictures/444c8acd-e153-4bad-a832-16380388d87a-profile_image-150x150.png?imenable=1&impolicy=user-profile-picture&imwidth=100","65098","ghostihosti","2895","2250","5","0","867","1","12","false","true","English","ghostihosti"
"https://static-cdn.jtvnw.net/jtv_user_pictures/shichisu_bns-profile_image-46cdc6acbaffeb64-150x150.jpeg?imenable=1&impolicy=user-profile-picture&imwidth=100","65099","Shichisu_BnS","3360","555","13","5","867","2","69","false","false","Russian","Shichisu_BnS"
"https://static-cdn.jtvnw.net/jtv_user_pictures/d1b1df3d-61b1-4644-b98d-4f3bf798d889-profile_image-150x150.png?imenable=1&impolicy=user-profile-picture&imwidth=100","65100","x_RodeoCowboy_x","60","180","2","0","867","0","0","false","true","English","x_RodeoCowboy_x"