"","","Channel","Watch time","Stream time","Peak viewers","Average viewers","Followers","Followers gained","Views gained","Partnered","Mature","Language",""
"https://static-cdn.jtvnw.net/jtv_user_pictures/bobmasterr-profile_image-2f1a40f8896365a1-150x150.png?imenable=1&impolicy=user-profile-picture&imwidth=100","66901","BobmasterR","540","540","4","0","829","4","127","false","true","German","BobmasterR"
"https://static-cdn.jtvnw.net/jtv_user_pictures/ae041119-b4ee-4e37-b434-f7fabc90be40-profile_image-150x150.png?imenable=1&impolicy=user-profile-picture&imwidth=100","66902","spottch","4530","600","20","6","829","57","47","false","true","English","spottch"
"https://static-cdn.jtvnw.net/jtv_user_pictures/22dc5e41-74d8-42f3-958a-d6bc32f7bf13-profile_image-150x150.png?imenable=1&impolicy=user-profile-picture&imwidth=100","66903","Sabinater","1245","465","8","2","829","4","7","true","false","English","Sabinater"
"https://static-cdn.jtvnw.net/jtv_user_pictures/daftkid-profile_image-828b8b843b1c85fe-150x150.png?imenable=1&impolicy=user-profile-picture&imwidth=100","66904","DaftKid","3975","1410","8","2","829","12","55","false","true","English","DaftKid"
"https://static-cdn.jtvnw.net/jtv_user_pictures/0991452c-8907-43d2-beab-75c1061bf724-profile_image-150x150.png?imenable=1&impolicy=user-profile-picture&imwidth=100","66905","poggey1","915","135","13","6","829","8","15","false","false","English","poggey1"
"https://static-cdn.jtvnw.net/jtv_user_pictures/jwlkr74-profile_image-f95cf7c466b6393e-150x150.png?imenable=1&impolicy=user-profile-picture&imwidth=100","66906","Jwlkr74","135","135","2","0","829","2","0","false","true","English","Jwlkr74"
"https://static-cdn.jtvnw.net/jtv_user_pictures/sl222-profile_image-d773bbb15e5c4fa3-150x150.png?imenable=1&impolicy=user-profile-picture&imwidth=100","66907","SL222","17325","1620","24","10","829","45","493","false","false","Russian","SL222"
"https://static-cdn.jtvnw.net/jtv_user_pictures/kerora-profile_image-78509b9cac38af45-150x150.png?imenable=1&impolicy=user-profile-picture&imwidth=100","66908","Kerora","6270","345","30","18","829","13","35","false","true","English","Kerora"
"https://static-cdn.jtvnw.net/jtv_user_pictures/976afd8e-ad50-4fbf-94c5-dd8617986c26-profile_image-150x150.jpg?imenable=1&impolicy=user-profile-picture&imwidth=100","66909","KilKra","1305","1245","7","0","829","4","55","false","false","German","KilKra"
"https://static-cdn.jtvnw.net/jtv_user_pictures/1d127bb019356dfc-profile_image-150x150.jpeg?imenable=1&impolicy=user-profile-picture&imwidth=100","66910","RyanStarScott","3480","1155","8","2","829","2","1","false","true","English","RyanStarScott"
"https://static-cdn.jtvnw.net/jtv_user_pictures/6f7b7a7db735e744-profile_image-150x150.png?imenable=1&impolicy=user-profile-picture&imwidth=100","66911","星子耶 (tntkevins87)","2880","1050","11","2","829","18","216","false","false","Chinese","星子耶 (tntkevins87)"
"https://static-cdn.jtvnw.net/jtv_user_pictures/1ace7441e5d9886b-profile_image-150x150.png?imenable=1&impolicy=user-profile-picture&imwidth=100","66912","GneDarkStar","3915","1395","9","2","829","17","19","false","true","English","GneDarkStar"
"https://static-cdn.jtvnw.net/jtv_user_pictures/2b448d2b-66b3-4bbb-be40-ccc43076bac8-profile_image-150x150.png?imenable=1&impolicy=user-profile-picture&imwidth=100","66913","Cr0xAlive","17850","3585","29","4","829","37","270","false","false","German","Cr0xAlive"
"https://static-cdn.jtvnw.net/jtv_user_pictures/c474acbe-1b48-4663-8db1-cf88a3284d85-profile_image-150x150.jpg?imenable=1&impolicy=user-profile-picture&imwidth=100","66914","Topshelfcoke","87465","3720","133","22","829","54","678","false","false","English","Topshelfcoke"
"https://static-cdn.jtvnw.net/jtv_user_pictures/halenbane-profile_image-065ae610b206e1c1-150x150.png?imenable=1&impolicy=user-profile-picture&imwidth=100","66915","Halenbane","11310","2100","33","4","829","19","60","false","true","English","Halenbane"
"https://static-cdn.jtvnw.net/jtv_user_pictures/f29675fc-e4c7-46d6-9f63-c54b5d719b20-profile_image-150x150.jpeg?imenable=1&impolicy=user-profile-picture&imwidth=100","66916","DuckyTX","9285","2580","13","3","829","9","47","false","true","English","DuckyTX"
"https://static-cdn.jtvnw.net/jtv_user_pictures/5acd8ac3-40f6-45ca-a00f-814a82703674-profile_image-150x150.png?imenable=1&impolicy=user-profile-picture&imwidth=100","66917","mvpnewton","3930","630","26","5","829","-15","10","false","false","English","mvpnewton"
"https://static-cdn.jtvnw.net/jtv_user_pictures/d2mash-profile_image-9eb80d5c63625af9-150x150.jpeg?imenable=1&impolicy=user-profile-picture&imwidth=100","66918","D2Mash","113715","18135","99","5","829","43","1122","false","false","Russian","D2Mash"
"https://static-cdn.jtvnw.net/jtv_user_pictures/bladeor137-profile_image-e70986640d388dd4-150x150.png?imenable=1&impolicy=user-profile-picture&imwidth=100","66919","Bladeor137","1650","375","9","4","829","-2","15","false","false","Czech","Bladeor137"
"https://static-cdn.jtvnw.net/jtv_user_pictures/madmut_reloaded-profile_image-71aaa4ffd4bcaf3a-150x150.png?imenable=1&impolicy=user-profile-picture&imwidth=100","66920","Madmut_Reloaded","8190","6210","7","0","829","20","78","false","true","English","Madmut_Reloaded"
"https://static-cdn.jtvnw.net/jtv_user_pictures/634a142b-d2fe-45a2-97f3-31383c8590fc-profile_image-150x150.jpg?imenable=1&impolicy=user-profile-picture&imwidth=100","66921","Jellala2364","2145","345","14","5","828","17","41","false","true","French","Jellala2364"
"https://static-cdn.jtvnw.net/jtv_user_pictures/kilinhogg-profile_image-8044eae136c5b477-150x150.jpeg?imenable=1&impolicy=user-profile-picture&imwidth=100","66922","kilinhoGG","480","240","3","1","828","3","3","false","true","Hungarian","kilinhoGG"
"https://static-cdn.jtvnw.net/jtv_user_pictures/1bad9864-a5a5-4f86-bac6-d580e46096f9-profile_image-150x150.jpg?imenable=1&impolicy=user-profile-picture&imwidth=100","66923","Siiimplistic","105","105","3","1","828","0","0","false","false","English","Siiimplistic"
"https://static-cdn.jtvnw.net/jtv_user_pictures/04293b8d-3338-4be8-bbcf-b90cdb5a476f-profile_image-150x150.jpg?imenable=1&impolicy=user-profile-picture&imwidth=100","66924","D1RTEA","525","375","4","1","828","-2","0","false","false","English","D1RTEA"
"https://static-cdn.jtvnw.net/jtv_user_pictures/65de6021-5b1f-4897-8042-918dd6970dce-profile_image-150x150.jpg?imenable=1&impolicy=user-profile-picture&imwidth=100","66925","NexPaints","75","75","1","1","828","0","0","false","false","English","NexPaints"
"https://static-cdn.jtvnw.net/jtv_user_pictures/c74f0490-517a-4d0c-9bc7-e9c16e14fc6b-profile_image-150x150.png?imenable=1&impolicy=user-profile-picture&imwidth=100","66926","Stormehawk","1980","1485","6","0","828","8","49","false","true","English","Stormehawk"
"https://static-cdn.jtvnw.net/jtv_user_pictures/viruqss-profile_image-59398088a838cd80-150x150.png?imenable=1&impolicy=user-profile-picture&imwidth=100","66927","ViruQsS","2505","240","24","10","828","44","444","false","false","English","ViruQsS"
"https://static-cdn.jtvnw.net/jtv_user_pictures/7a27aec6-b2df-453c-b3ce-6c8280e93ce9-profile_image-150x150.png?imenable=1&impolicy=user-profile-picture&imwidth=100","66928","Lizzielue2","27195","1005","59","26","828","84","118","false","true","English","Lizzielue2"
"https://static-cdn.jtvnw.net/jtv_user_pictures/0bfe2587-8266-44b8-a00a-a662001750ad-profile_image-150x150.png?imenable=1&impolicy=user-profile-picture&imwidth=100","66929","TVMantas","45","45","2","1","828","1","1","false","false","English","TVMantas"
"https://static-cdn.jtvnw.net/jtv_user_pictures/ac64b215-419c-4080-8469-6ae4f1be3894-profile_image-150x150.png?imenable=1&impolicy=user-profile-picture&imwidth=100","66930","MissPoulpie","705","225","5","3","828","1","6","false","true","French","MissPoulpie"
"https://static-cdn.jtvnw.net/jtv_user_pictures/d2050155-9dc9-46c3-8a1f-c71ceea60bbd-profile_image-150x150.png?imenable=1&impolicy=user-profile-picture&imwidth=100","66931","CODEEEZY","0","30","0","0","828","0","0","false","true","English","CODEEEZY"
"https://static-cdn.jtvnw.net/jtv_user_pictures/73f98276-2208-40a0-bed7-03bf24d07a56-profile_image-150x150.png?imenable=1&impolicy=user-profile-picture&imwidth=100","66932","Anarfy__","60","60","2","1","828","1","0","false","true","French","Anarfy__"
"https://static-cdn.jtvnw.net/jtv_user_pictures/cdc1a9f1-e54b-4ee3-8245-865f585638f3-profile_image-150x150.png?imenable=1&impolicy=user-profile-picture&imwidth=100","66933","the_kosi","1170","615","4","1","828","4","50","false","false","German","the_kosi"
"https://static-cdn.jtvnw.net/jtv_user_pictures/faee540bce32736a-profile_image-150x150.jpeg?imenable=1&impolicy=user-profile-picture&imwidth=100","66934","Smiter1983","24750","2985","22","7","828","34","236","false","true","English","Smiter1983"
"https://static-cdn.jtvnw.net/ttv-boxart/404_boxart.png?imenable=1&impolicy=user-profile-picture&imwidth=100","66935","Turk0tica","74295","11460","29","5","828","167","430","false","false","English","Turk0tica"
"https://static-cdn.jtvnw.net/jtv_user_pictures/e778ee92-cf6c-4467-99c2-a67b36f0a648-profile_image-150x150.png?imenable=1&impolicy=user-profile-picture&imwidth=100","66936","Kikum","240","150","3","1","828","1","10","false","true","Spanish","Kikum"
"https://static-cdn.jtvnw.net/jtv_user_pictures/b1c897a3-a811-4632-a4d1-96f8ebb735aa-profile_image-150x150.jpg?imenable=1&impolicy=user-profile-picture&imwidth=100","66937","KeithIsKosher","18720","2085","62","8","828","-967","81","false","true","English","KeithIsKosher"
"https://static-cdn.jtvnw.net/jtv_user_pictures/4e636f8c-e925-41f7-bf1d-0aa0abb4ccce-profile_image-150x150.png?imenable=1&impolicy=user-profile-picture&imwidth=100","66938","misternekto2000","0","90","1","0","828","2","19","false","false","Russian","misternekto2000"
"https://static-cdn.jtvnw.net/jtv_user_pictures/3c6a5380-cb72-45eb-819c-192aeacbea23-profile_image-150x150.png?imenable=1&impolicy=user-profile-picture&imwidth=100","66939","Link0227","105","1635","2","0","828","1","21","false","true","English","Link0227"
"https://static-cdn.jtvnw.net/jtv_user_pictures/der_devil23-profile_image-3c8a071d76b933e9-150x150.jpeg?imenable=1&impolicy=user-profile-picture&imwidth=100","66940","der_devil23","51825","4095","64","12","828","79","636","false","false","German","der_devil23"
"https://static-cdn.jtvnw.net/jtv_user_pictures/puantva-profile_image-cb5542f31978ce0d-150x150.jpeg?imenable=1&impolicy=user-profile-picture&imwidth=100","66941","PuAntVa","2700","7440","7","0","828","51","344","false","false","Russian","PuAntVa"
"https://static-cdn.jtvnw.net/jtv_user_pictures/e793f3fe-8f37-45ad-9263-8d336db90cdf-profile_image-150x150.png?imenable=1&impolicy=user-profile-picture&imwidth=100","66942","Greggilla","1275","210","9","5","828","5","34","false","false","English","Greggilla"
"https://static-cdn.jtvnw.net/jtv_user_pictures/28db0f14-e7b1-4998-aac4-8f8c0d561cea-profile_image-150x150.jpg?imenable=1&impolicy=user-profile-picture&imwidth=100","66943","poolinaa","4140","315","21","12","828","-6","211","false","true","Polish","poolinaa"
"https://static-cdn.jtvnw.net/jtv_user_pictures/4d7e82e4eb7bbf2e-profile_image-150x150.png?imenable=1&impolicy=user-profile-picture&imwidth=100","66944","EmptyySpace","120","60","3","2","828","0","0","false","false","English","EmptyySpace"
"https://static-cdn.jtvnw.net/jtv_user_pictures/a1f763a4-e788-42c3-ad7a-3f7be79ed7d6-profile_image-150x150.jpeg?imenable=1&impolicy=user-profile-picture&imwidth=100","66945","The_Loewenator","15","15","1","1","828","0","0","false","false","English","The_Loewenator"
"https://static-cdn.jtvnw.net/jtv_user_pictures/409537d4-cfde-46e6-b983-b977f143e706-profile_image-150x150.jpg?imenable=1&impolicy=user-profile-picture&imwidth=100","66946","secretspast","315","195","4","1","828","1","7","false","true","English","secretspast"
"https://static-cdn.jtvnw.net/jtv_user_pictures/spiritzero_o-profile_image-5a6ef3c76ef4d731-150x150.jpeg?imenable=1&impolicy=user-profile-picture&imwidth=100","66947","SpiritZERO_O","3225","900","8","3","828","12","167","false","false","Russian","SpiritZERO_O"
"https://static-cdn.jtvnw.net/jtv_user_pictures/136cd08d-a405-462f-aa9f-7d77eda625ed-profile_image-150x150.png?imenable=1&impolicy=user-profile-picture&imwidth=100","66948","MrBadZero","465","360","3","1","828","0","91","false","true","Portuguese","MrBadZero"
"https://static-cdn.jtvnw.net/jtv_user_pictures/477e22e0-7271-4702-bb2c-15f3acd3351e-profile_image-150x150.png?imenable=1&impolicy=user-profile-picture&imwidth=100","66949","Pureyo","15","30","1","0","828","0","6","false","true","English","Pureyo"
"https://static-cdn.jtvnw.net/jtv_user_pictures/36ca3c67-b282-4f43-9b27-db87e96f9a26-profile_image-150x150.png?imenable=1&impolicy=user-profile-picture&imwidth=100","66950","小小ちゃん (siusiu130000)","31440","8385","20","3","828","21","469","false","true","Chinese (Hong Kong SAR)","小小ちゃん (siusiu130000)"
"https://static-cdn.jtvnw.net/jtv_user_pictures/ee626345da503ea4-profile_image-150x150.jpeg?imenable=1&impolicy=user-profile-picture&imwidth=100","66951","Frxco","6045","2400","9","2","828","-3","69","false","false","English","Frxco"
"https://static-cdn.jtvnw.net/jtv_user_pictures/ba5d2101-d25c-4c4b-8c42-0147780b94d2-profile_image-150x150.png?imenable=1&impolicy=user-profile-picture&imwidth=100","66952","Pittsee","2685","735","5","3","828","-28","37","false","true","English","Pittsee"
"https://static-cdn.jtvnw.net/jtv_user_pictures/jlwgames-profile_image-65d1039152fceb48-150x150.png?imenable=1&impolicy=user-profile-picture&imwidth=100","66953","JLWGames","1560","585","10","2","828","4","67","false","false","English","JLWGames"
"https://static-cdn.jtvnw.net/jtv_user_pictures/texas_size-profile_image-ec1867d1add5d836-150x150.jpeg?imenable=1&impolicy=user-profile-picture&imwidth=100","66954","Texas_size","5595","1425","9","3","828","-3","24","false","true","English","Texas_size"
"https://static-cdn.jtvnw.net/jtv_user_pictures/eminencehwp03-profile_image-18f04e5ea73a8106-150x150.jpeg?imenable=1&impolicy=user-profile-picture&imwidth=100","66955","eminencehwp03","3135","270","23","10","828","6","3","false","true","English","eminencehwp03"
"https://static-cdn.jtvnw.net/jtv_user_pictures/1802ff0c-bcee-4583-af97-f3af78c8282f-profile_image-150x150.png?imenable=1&impolicy=user-profile-picture&imwidth=100","66956","Mupjup","16110","2955","21","4","828","28","32","false","true","English","Mupjup"
"https://static-cdn.jtvnw.net/jtv_user_pictures/xerobladedge-profile_image-de655f150000266c-150x150.jpeg?imenable=1&impolicy=user-profile-picture&imwidth=100","66957","Xerobladedge","5625","1680","11","2","828","-1","31","false","true","English","Xerobladedge"
"https://static-cdn.jtvnw.net/user-default-pictures-uv/ce57700a-def9-11e9-842d-784f43822e80-profile_image-150x150.png?imenable=1&impolicy=user-profile-picture&imwidth=100","66958","whyumadbro911","53310","8790","18","5","828","48","82","false","false","English","whyumadbro911"
"https://static-cdn.jtvnw.net/jtv_user_pictures/noar23-profile_image-fa9e84c142c5824b-150x150.jpeg?imenable=1&impolicy=user-profile-picture&imwidth=100","66959","Noar23","43665","7545","29","5","828","28","742","false","true","Russian","Noar23"
"https://static-cdn.jtvnw.net/jtv_user_pictures/bug_is_my_hero-profile_image-9e5807f947df8ee5-150x150.jpeg?imenable=1&impolicy=user-profile-picture&imwidth=100","66960","Bug_Is_My_Hero","2055","300","15","6","828","8","30","false","true","English","Bug_Is_My_Hero"
"https://static-cdn.jtvnw.net/jtv_user_pictures/5fd3b78d-099b-4704-97bd-ca555e2e4627-profile_image-150x150.png?imenable=1&impolicy=user-profile-picture&imwidth=100","66961","Inferno1014","8085","1035","16","7","828","6","97","false","false","English","Inferno1014"
"https://static-cdn.jtvnw.net/jtv_user_pictures/2c68f007-55af-4793-81aa-e1f472fb0e69-profile_image-150x150.jpg?imenable=1&impolicy=user-profile-picture&imwidth=100","66962","thegamerbby","345","540","2","0","828","0","17","false","false","English","thegamerbby"
"https://static-cdn.jtvnw.net/jtv_user_pictures/kevinnummer1-profile_image-2c754454f081c8b8-150x150.png?imenable=1&impolicy=user-profile-picture&imwidth=100","66963","Kevinnummer1","23085","1695","29","13","828","9","71","false","false","English","Kevinnummer1"
"https://static-cdn.jtvnw.net/ttv-boxart/404_boxart.png?imenable=1&impolicy=user-profile-picture&imwidth=100","66964","CSUrams97","8790","1575","12","5","828","23","21","false","false","English","CSUrams97"
"https://static-cdn.jtvnw.net/jtv_user_pictures/creeptoneslive-profile_image-0ffe7b7b1706709a-150x150.jpeg?imenable=1&impolicy=user-profile-picture&imwidth=100","66965","CreeptonesLive","61095","4905","398","11","828","215","863","false","false","English","CreeptonesLive"
"https://static-cdn.jtvnw.net/jtv_user_pictures/doctormaxi-profile_image-e96621017a132ced-150x150.png?imenable=1&impolicy=user-profile-picture&imwidth=100","66966","DoctorMaxi","144930","9765","97","14","828","92","1744","false","true","English","DoctorMaxi"
"https://static-cdn.jtvnw.net/jtv_user_pictures/556fa77d-436d-4ab5-93e1-487853493a29-profile_image-150x150.jpg?imenable=1&impolicy=user-profile-picture&imwidth=100","66967","YourFriendShiny","25470","3900","13","6","828","22","122","false","true","English","YourFriendShiny"
"https://static-cdn.jtvnw.net/jtv_user_pictures/cc3ab8c9-f452-4c66-8910-b2c6693a9537-profile_image-150x150.png?imenable=1&impolicy=user-profile-picture&imwidth=100","66968","Miniween","30","45","1","0","827","4","34","false","false","Dutch","Miniween"
"https://static-cdn.jtvnw.net/jtv_user_pictures/f0822ebd-b920-44fd-a940-a09adf6217a3-profile_image-150x150.png?imenable=1&impolicy=user-profile-picture&imwidth=100","66969","Ritocchi","30","45","1","0","827","0","0","false","false","Spanish","Ritocchi"
"https://static-cdn.jtvnw.net/jtv_user_pictures/7864d143-81e6-4af7-881c-51c76a9ce79a-profile_image-150x150.png?imenable=1&impolicy=user-profile-picture&imwidth=100","66970","i_am_spadezz","0","120","0","0","827","0","0","false","true","English","i_am_spadezz"
"https://static-cdn.jtvnw.net/jtv_user_pictures/multigametroll-profile_image-5a108788bad3a552-150x150.png?imenable=1&impolicy=user-profile-picture&imwidth=100","66971","MultiGameTroll","358140","1635","329","218","827","1167","1340","false","false","Russian","MultiGameTroll"
"https://static-cdn.jtvnw.net/jtv_user_pictures/82fb763c-99f8-443c-ad61-a67e152b2ab4-profile_image-150x150.jpeg?imenable=1&impolicy=user-profile-picture&imwidth=100","66972","TheDeadlyUnicorn","75","45","5","1","827","2","2","false","false","English","TheDeadlyUnicorn"
"https://static-cdn.jtvnw.net/jtv_user_pictures/ce9373b2-8095-4cd8-b8e4-d5cdb6b7e0e6-profile_image-150x150.png?imenable=1&impolicy=user-profile-picture&imwidth=100","66973","royalytyfr","1455","960","6","1","827","32","37","false","true","French","royalytyfr"
"https://static-cdn.jtvnw.net/jtv_user_pictures/80597f90-9414-4d7b-b85c-ce6b44975e58-profile_image-150x150.jpg?imenable=1&impolicy=user-profile-picture&imwidth=100","66974","Nikeswagxo","13005","570","91","22","827","123","170","false","false","English","Nikeswagxo"
"https://static-cdn.jtvnw.net/jtv_user_pictures/046adc5b-b733-4567-ae40-2a9318808c7e-profile_image-150x150.png?imenable=1&impolicy=user-profile-picture&imwidth=100","66975","Soraking07","165","180","3","0","827","6","82","false","false","Portuguese","Soraking07"
"https://static-cdn.jtvnw.net/jtv_user_pictures/rottwarrior77-profile_image-0cb266fa492e5219-150x150.jpeg?imenable=1&impolicy=user-profile-picture&imwidth=100","66976","rottwarrior77","75","225","2","0","827","0","9","false","false","French","rottwarrior77"
"https://static-cdn.jtvnw.net/jtv_user_pictures/c9050aaf-a566-49e5-af2d-f1824af3c5d4-profile_image-150x150.png?imenable=1&impolicy=user-profile-picture&imwidth=100","66977","RaptorrMobile","15","30","1","0","827","0","3","false","false","English","RaptorrMobile"
"https://static-cdn.jtvnw.net/jtv_user_pictures/ff08bb56c7348f3b-profile_image-150x150.jpeg?imenable=1&impolicy=user-profile-picture&imwidth=100","66978","team_drx","132645","3570","341","36","827","243","2802","false","false","English","team_drx"
"https://static-cdn.jtvnw.net/jtv_user_pictures/fischfabrikaut-profile_image-37a725c306937a9e-150x150.jpeg?imenable=1&impolicy=user-profile-picture&imwidth=100","66979","FischFabrikAUT","15","15","1","1","827","0","0","false","false","Russian","FischFabrikAUT"
"https://static-cdn.jtvnw.net/jtv_user_pictures/475e147f-7910-43ce-a496-db3767e0762d-profile_image-150x150.png?imenable=1&impolicy=user-profile-picture&imwidth=100","66980","ChubsVR","225","225","1","1","827","0","1","false","true","English","ChubsVR"
"https://static-cdn.jtvnw.net/jtv_user_pictures/1bdf5f9a-4dcc-4594-89c4-37a39331f8d6-profile_image-150x150.png?imenable=1&impolicy=user-profile-picture&imwidth=100","66981","りか (tetonyan)","5580","675","15","8","827","13","56","false","false","Japanese","りか (tetonyan)"
"https://static-cdn.jtvnw.net/jtv_user_pictures/fd5d7505-f9be-4dc8-a515-1c99ba2ed879-profile_image-150x150.png?imenable=1&impolicy=user-profile-picture&imwidth=100","66982","drunk_tv","570","255","5","1","827","-13","6","false","true","English","drunk_tv"
"https://static-cdn.jtvnw.net/jtv_user_pictures/gamingsheep999-profile_image-1e07b832efd75162-150x150.png?imenable=1&impolicy=user-profile-picture&imwidth=100","66983","GamingSheep999","390","360","3","0","827","1","33","false","false","English","GamingSheep999"
"https://static-cdn.jtvnw.net/jtv_user_pictures/07bec34c-d1b9-49aa-9323-10e839a3f42f-profile_image-150x150.png?imenable=1&impolicy=user-profile-picture&imwidth=100","66984","CBELLG","32475","8865","17","3","827","-527","242","false","true","English","CBELLG"
"https://static-cdn.jtvnw.net/jtv_user_pictures/maritimeretromassacre-profile_image-5eb0657a008c8854-150x150.png?imenable=1&impolicy=user-profile-picture&imwidth=100","66985","MaritimeRetroMassacre","6855","3240","6","1","827","8","46","false","true","English","MaritimeRetroMassacre"
"https://static-cdn.jtvnw.net/jtv_user_pictures/fe204ef6-59ef-40c0-90f9-87aa21a2100d-profile_image-150x150.png?imenable=1&impolicy=user-profile-picture&imwidth=100","66986","JnRicoo","150","105","3","1","827","1","4","false","false","Dutch","JnRicoo"
"https://static-cdn.jtvnw.net/jtv_user_pictures/gamerparktv-profile_image-eeaa15dd8eaff4ac-150x150.png?imenable=1&impolicy=user-profile-picture&imwidth=100","66987","GamerParkTV","67125","3270","100","20","827","306","632","false","false","German","GamerParkTV"
"https://static-cdn.jtvnw.net/jtv_user_pictures/c7e05087-d7a0-4e47-9ab2-8a8d39b35328-profile_image-150x150.png?imenable=1&impolicy=user-profile-picture&imwidth=100","66988","Fantastick","23460","4230","22","5","827","16","239","false","true","English","Fantastick"
"https://static-cdn.jtvnw.net/jtv_user_pictures/licensetobill-profile_image-e2571719a1f0c41a-150x150.jpeg?imenable=1&impolicy=user-profile-picture&imwidth=100","66989","LicensetoBill","10800","2745","12","3","827","-1","48","false","false","English","LicensetoBill"
"https://static-cdn.jtvnw.net/jtv_user_pictures/60df6e7f-cfa7-400c-9ac1-4445be990e29-profile_image-150x150.png?imenable=1&impolicy=user-profile-picture&imwidth=100","66990","iamtimothy","33750","9105","186","3","827","84","207","false","false","Dutch","iamtimothy"
"https://static-cdn.jtvnw.net/jtv_user_pictures/honlatinotv-profile_image-7532a1ac278736a1-150x150.jpeg?imenable=1&impolicy=user-profile-picture&imwidth=100","66991","HoNLatinoTV","15","15","1","1","827","0","0","true","false","Spanish","HoNLatinoTV"
"https://static-cdn.jtvnw.net/jtv_user_pictures/067bc621-bdfc-4b88-ab0d-ae73269a2aed-profile_image-150x150.png?imenable=1&impolicy=user-profile-picture&imwidth=100","66992","Sh0ck3N","0","210","1","0","827","0","0","false","false","English","Sh0ck3N"
"https://static-cdn.jtvnw.net/jtv_user_pictures/spacemarinearmada-profile_image-f1e58a335e4caa5a-150x150.png?imenable=1&impolicy=user-profile-picture&imwidth=100","66993","SpaceMarineArmada","3450","765","11","3","827","31","42","false","false","English","SpaceMarineArmada"
"https://static-cdn.jtvnw.net/jtv_user_pictures/bc23454d21b882dc-profile_image-150x150.png?imenable=1&impolicy=user-profile-picture&imwidth=100","66994","H0b0warri0r","4875","465","17","10","827","3","28","false","true","English","H0b0warri0r"
"https://static-cdn.jtvnw.net/jtv_user_pictures/fastaslightnin_lg-profile_image-3831557c1a41ed8a-150x150.jpeg?imenable=1&impolicy=user-profile-picture&imwidth=100","66995","fastaslightnin_lg","46635","870","75","53","827","715","9876","false","false","English","fastaslightnin_lg"
"https://static-cdn.jtvnw.net/jtv_user_pictures/041a5fe9-103e-43fe-a352-9f9f2b1f0bf6-profile_image-150x150.png?imenable=1&impolicy=user-profile-picture&imwidth=100","66996","AzuJE","17730","5805","30","2","827","130","214","false","false","English","AzuJE"
"https://static-cdn.jtvnw.net/jtv_user_pictures/f2a48d2d380bd3a5-profile_image-150x150.png?imenable=1&impolicy=user-profile-picture&imwidth=100","66997","jallegameTV","4335","240","33","17","827","22","51","false","false","Danish","jallegameTV"
"https://static-cdn.jtvnw.net/jtv_user_pictures/snuggles_thee_gamer-profile_image-9e0eebd962e336ed-150x150.jpeg?imenable=1&impolicy=user-profile-picture&imwidth=100","66998","Snuggles_Thee_Gamer","30","45","2","0","827","0","1","false","false","English","Snuggles_Thee_Gamer"
"https://static-cdn.jtvnw.net/jtv_user_pictures/6bfefa13b0b9e5ba-profile_image-150x150.png?imenable=1&impolicy=user-profile-picture&imwidth=100","66999","gozwift","7785","120","167","64","827","3","18","false","false","English","gozwift"
"https://static-cdn.jtvnw.net/jtv_user_pictures/zenicreverie-profile_image-1cad00a54a8bb630-150x150.jpeg?imenable=1&impolicy=user-profile-picture&imwidth=100","67000","ZenicReverie","35700","4800","32","6","827","25","308","false","false","English","ZenicReverie"