"","","Channel","Watch time","Stream time","Peak viewers","Average viewers","Followers","Followers gained","Views gained","Partnered","Mature","Language",""
"https://static-cdn.jtvnw.net/jtv_user_pictures/parcohd-profile_image-207154f6ee8596bb-150x150.jpeg?imenable=1&impolicy=user-profile-picture&imwidth=100","61301","ParcoHD","315","90","5","3","961","2","0","false","false","English","ParcoHD"
"https://static-cdn.jtvnw.net/jtv_user_pictures/focuspoint-profile_image-3f14f8ea34a4c5f4-150x150.png?imenable=1&impolicy=user-profile-picture&imwidth=100","61302","FocusPoint","1080","465","4","2","961","2","7","false","true","English","FocusPoint"
"https://static-cdn.jtvnw.net/jtv_user_pictures/shat360-profile_image-f9c76d6acfd8e038-150x150.jpeg?imenable=1&impolicy=user-profile-picture&imwidth=100","61303","Shat360","675","495","5","1","961","9","21","false","true","English","Shat360"
"https://static-cdn.jtvnw.net/jtv_user_pictures/3e5306be-6ea2-4d34-886f-2b30567e9c42-profile_image-150x150.png?imenable=1&impolicy=user-profile-picture&imwidth=100","61304","unterfield_","6360","1365","11","4","961","13","68","false","false","French","unterfield_"
"https://static-cdn.jtvnw.net/jtv_user_pictures/9c820412fcd77d77-profile_image-150x150.jpeg?imenable=1&impolicy=user-profile-picture&imwidth=100","61305","MajorTemper","9825","3285","11","2","961","55","65","false","true","English","MajorTemper"
"https://static-cdn.jtvnw.net/jtv_user_pictures/guardianonenetwork-profile_image-e7a9d744d4df80c2-150x150.jpeg?imenable=1&impolicy=user-profile-picture&imwidth=100","61306","GuardianOneNetwork","2175","180","20","11","961","1","4","false","false","English","GuardianOneNetwork"
"https://static-cdn.jtvnw.net/jtv_user_pictures/lizardeatsflies-profile_image-0c3917a24db0d904-150x150.jpeg?imenable=1&impolicy=user-profile-picture&imwidth=100","61307","LizardEatsFlies","22365","870","57","25","961","48","268","false","true","English","LizardEatsFlies"
"https://static-cdn.jtvnw.net/ttv-boxart/404_boxart.png?imenable=1&impolicy=user-profile-picture&imwidth=100","61308","dropthes_1","2670","180","37","14","961","49","6","false","false","English","dropthes_1"
"https://static-cdn.jtvnw.net/jtv_user_pictures/e45bc47d-1173-4c54-b247-7a69335dd829-profile_image-150x150.png?imenable=1&impolicy=user-profile-picture&imwidth=100","61309","ItzzADunnDeal","0","105","0","0","961","-1","3","false","false","English","ItzzADunnDeal"
"https://static-cdn.jtvnw.net/jtv_user_pictures/chaoslinkx-profile_image-3783c6a5e176299b-150x150.png?imenable=1&impolicy=user-profile-picture&imwidth=100","61310","chaoslinkx","300","180","5","1","961","-2","6","false","true","English","chaoslinkx"
"https://static-cdn.jtvnw.net/jtv_user_pictures/chmoomoo-profile_image-2ea3b3021aa20f3f-150x150.png?imenable=1&impolicy=user-profile-picture&imwidth=100","61311","Chmoomoo","58170","1500","123","38","961","94","465","false","false","English","Chmoomoo"
"https://static-cdn.jtvnw.net/jtv_user_pictures/qoou_v2-profile_image-4a542e446d8ca8c4-150x150.png?imenable=1&impolicy=user-profile-picture&imwidth=100","61312","qoou_v2","48780","1980","115","24","961","285","135","false","false","English","qoou_v2"
"https://static-cdn.jtvnw.net/jtv_user_pictures/b8e97e3299406eeb-profile_image-150x150.png?imenable=1&impolicy=user-profile-picture&imwidth=100","61313","Graffio_graffio","49230","6600","107","6","961","-813","2017","false","true","Italian","Graffio_graffio"
"https://static-cdn.jtvnw.net/jtv_user_pictures/potartv-profile_image-754441c43191ac9c-150x150.jpeg?imenable=1&impolicy=user-profile-picture&imwidth=100","61314","PotarTV","495","105","9","4","961","-1","0","false","false","French","PotarTV"
"https://static-cdn.jtvnw.net/jtv_user_pictures/5cdbdef5-ee10-48c4-9438-65240428a29f-profile_image-150x150.png?imenable=1&impolicy=user-profile-picture&imwidth=100","61315","ChoppyTV","1440","255","11","5","961","6","51","false","true","French","ChoppyTV"
"https://static-cdn.jtvnw.net/user-default-pictures-uv/ebe4cd89-b4f4-4cd9-adac-2f30151b4209-profile_image-150x150.png?imenable=1&impolicy=user-profile-picture&imwidth=100","61316","evidencexbc","555","360","4","1","961","6","6","false","false","Swedish","evidencexbc"
"https://static-cdn.jtvnw.net/jtv_user_pictures/racer0940-profile_image-96d9c3ab9640b81f-150x150.png?imenable=1&impolicy=user-profile-picture&imwidth=100","61317","racer0940","5610","2820","10","1","961","-12","114","false","false","English","racer0940"
"https://static-cdn.jtvnw.net/jtv_user_pictures/lorgnem-profile_image-ff01ec761b5cc68a-150x150.jpeg?imenable=1&impolicy=user-profile-picture&imwidth=100","61318","Lorgnem","15","15","1","1","960","0","0","false","false","Russian","Lorgnem"
"https://static-cdn.jtvnw.net/jtv_user_pictures/capcom_uk-profile_image-c02f50504657ee16-150x150.jpeg?imenable=1&impolicy=user-profile-picture&imwidth=100","61319","Capcom_UK","120","15","8","8","960","0","0","false","true","English","Capcom_UK"
"https://static-cdn.jtvnw.net/jtv_user_pictures/lemonslyces-profile_image-661c27ad2ff0c58f-150x150.jpeg?imenable=1&impolicy=user-profile-picture&imwidth=100","61320","lemonslyces","1425","690","6","1","960","11","100","false","true","English","lemonslyces"
"https://static-cdn.jtvnw.net/jtv_user_pictures/12d9c828-dce7-4f60-8c8f-eee2c999b7f6-profile_image-150x150.png?imenable=1&impolicy=user-profile-picture&imwidth=100","61321","Xur_James","2325","720","9","2","960","17","32","false","true","English","Xur_James"
"https://static-cdn.jtvnw.net/jtv_user_pictures/1f522b69-4110-401e-8b20-e2500a8bfdbd-profile_image-150x150.png?imenable=1&impolicy=user-profile-picture&imwidth=100","61322","DominoDingo","2100","1755","3","0","960","1","20","false","true","French","DominoDingo"
"https://static-cdn.jtvnw.net/jtv_user_pictures/nadyusha_kotan-profile_image-6d02a6d316845cbe-150x150.jpeg?imenable=1&impolicy=user-profile-picture&imwidth=100","61323","nadyusha_kotan","49125","4590","109","10","960","170","1937","false","false","Russian","nadyusha_kotan"
"https://static-cdn.jtvnw.net/jtv_user_pictures/616b33c0-f078-4994-a596-1be60b43bb8c-profile_image-150x150.jpeg?imenable=1&impolicy=user-profile-picture&imwidth=100","61324","FatherMurder","26820","855","77","30","960","424","39","false","false","English","FatherMurder"
"https://static-cdn.jtvnw.net/jtv_user_pictures/elmontro11-profile_image-9109744822ac8951-150x150.jpeg?imenable=1&impolicy=user-profile-picture&imwidth=100","61325","ElMontro11","9420","4230","8","1","960","24","33","false","true","Spanish","ElMontro11"
"https://static-cdn.jtvnw.net/jtv_user_pictures/a7c49551-bd97-4b96-89c6-124f6b5cd49f-profile_image-150x150.png?imenable=1&impolicy=user-profile-picture&imwidth=100","61326","RoyalEagle","0","15","0","0","960","0","0","false","true","English","RoyalEagle"
"https://static-cdn.jtvnw.net/jtv_user_pictures/0f2f9ec0-0ac3-4b87-81ea-6c3419ac8471-profile_image-150x150.jpg?imenable=1&impolicy=user-profile-picture&imwidth=100","61327","Mandasaurus","10695","1245","19","8","960","17","85","false","true","English","Mandasaurus"
"https://static-cdn.jtvnw.net/jtv_user_pictures/devoncz-profile_image-93e398e941f74ca3-150x150.png?imenable=1&impolicy=user-profile-picture&imwidth=100","61328","Devoncz","5670","795","20","6","960","37","41","true","false","Czech","Devoncz"
"https://static-cdn.jtvnw.net/jtv_user_pictures/fc4908bc-f0f6-4dd6-b987-61f82fe627df-profile_image-150x150.png?imenable=1&impolicy=user-profile-picture&imwidth=100","61329","Stunnerboy","1830","1920","3","0","960","8","39","false","true","German","Stunnerboy"
"https://static-cdn.jtvnw.net/jtv_user_pictures/cdec753f-696e-4690-811d-b97ac069ebfc-profile_image-150x150.png?imenable=1&impolicy=user-profile-picture&imwidth=100","61330","Rickety_NA","60","30","3","2","960","0","0","false","false","English","Rickety_NA"
"https://static-cdn.jtvnw.net/jtv_user_pictures/557ee5b4-ed49-4ef5-8966-4d0836a8cd8a-profile_image-150x150.png?imenable=1&impolicy=user-profile-picture&imwidth=100","61331","Fendermcbender","1050","645","5","1","960","4","11","false","true","English","Fendermcbender"
"https://static-cdn.jtvnw.net/jtv_user_pictures/fd6c049f-a20f-4bb2-84c2-8f95c34c9060-profile_image-150x150.jpeg?imenable=1&impolicy=user-profile-picture&imwidth=100","61332","GmdSoni","18195","1125","43","15","960","138","282","false","false","Czech","GmdSoni"
"https://static-cdn.jtvnw.net/jtv_user_pictures/8d17ad9b-f9e6-463e-8117-e89523da30f8-profile_image-150x150.png?imenable=1&impolicy=user-profile-picture&imwidth=100","61333","ninjaslayerash","90","480","2","0","960","2","0","false","true","English","ninjaslayerash"
"https://static-cdn.jtvnw.net/jtv_user_pictures/cf348416648e7295-profile_image-150x150.jpeg?imenable=1&impolicy=user-profile-picture&imwidth=100","61334","tdltrieu","2355","705","14","2","960","30","45","false","true","English","tdltrieu"
"https://static-cdn.jtvnw.net/jtv_user_pictures/68c9d634-177a-4594-b8cc-eafaed961485-profile_image-150x150.png?imenable=1&impolicy=user-profile-picture&imwidth=100","61335","ElpapaPotato","540","180","3","3","960","0","9","false","true","English","ElpapaPotato"
"https://static-cdn.jtvnw.net/jtv_user_pictures/24dc899f-f0a2-4b52-a161-9979cc7870a5-profile_image-150x150.png?imenable=1&impolicy=user-profile-picture&imwidth=100","61336","sebro","255","105","3","2","960","1","1","false","true","German","sebro"
"https://static-cdn.jtvnw.net/jtv_user_pictures/9feb17d9-1b8b-41f0-8f17-42a9365ba971-profile_image-150x150.png?imenable=1&impolicy=user-profile-picture&imwidth=100","61337","RadioKawa","57825","300","277","192","960","30","464","false","false","French","RadioKawa"
"https://static-cdn.jtvnw.net/jtv_user_pictures/371c6f44-10d8-4eaf-8297-0e53a4720354-profile_image-150x150.jpg?imenable=1&impolicy=user-profile-picture&imwidth=100","61338","JHydetK","480","555","4","0","960","1","6","false","true","English","JHydetK"
"https://static-cdn.jtvnw.net/jtv_user_pictures/eda4cfdd-c860-42cd-a395-3fc17bfb3fba-profile_image-150x150.png?imenable=1&impolicy=user-profile-picture&imwidth=100","61339","unimris","240","555","3","0","960","-1","14","false","true","English","unimris"
"https://static-cdn.jtvnw.net/jtv_user_pictures/928057ad-c785-4a6d-ad37-f80b8c9566e9-profile_image-150x150.png?imenable=1&impolicy=user-profile-picture&imwidth=100","61340","Agriope","3540","975","11","3","960","4","135","false","true","English","Agriope"
"https://static-cdn.jtvnw.net/jtv_user_pictures/e1a89771-b1fb-48d7-ad8d-e23395438b59-profile_image-150x150.png?imenable=1&impolicy=user-profile-picture&imwidth=100","61341","xl3lueSkillx","0","90","0","0","960","0","1","false","true","German","xl3lueSkillx"
"https://static-cdn.jtvnw.net/jtv_user_pictures/f2264676-48f0-487d-927f-aeaaf5b78a20-profile_image-150x150.png?imenable=1&impolicy=user-profile-picture&imwidth=100","61342","0nionz","105","150","2","0","960","-3","3","false","true","English","0nionz"
"https://static-cdn.jtvnw.net/jtv_user_pictures/2e2e8a8c0c33a260-profile_image-150x150.png?imenable=1&impolicy=user-profile-picture&imwidth=100","61343","oConcept","2265","2400","3","0","960","6","6","false","true","English","oConcept"
"https://static-cdn.jtvnw.net/jtv_user_pictures/robinwithes-profile_image-067c0476ebc572cc-150x150.png?imenable=1&impolicy=user-profile-picture&imwidth=100","61344","robinwithes","3750","540","18","6","960","42","62","false","false","English","robinwithes"
"https://static-cdn.jtvnw.net/jtv_user_pictures/rexadoodle-profile_image-edd969aa6770a657-150x150.jpeg?imenable=1&impolicy=user-profile-picture&imwidth=100","61345","rexadoodle","19500","1395","33","13","960","62","147","false","false","English","rexadoodle"
"https://static-cdn.jtvnw.net/jtv_user_pictures/nelkey-profile_image-dc0ceb0c483021c3-150x150.png?imenable=1&impolicy=user-profile-picture&imwidth=100","61346","Nelkey","180","60","4","3","960","0","-1","false","false","English","Nelkey"
"https://static-cdn.jtvnw.net/jtv_user_pictures/3433b82c-a501-4d92-b40e-e894d8ed2030-profile_image-150x150.png?imenable=1&impolicy=user-profile-picture&imwidth=100","61347","Locaa","35565","3840","30","8","960","109","1012","false","true","Russian","Locaa"
"https://static-cdn.jtvnw.net/jtv_user_pictures/fd5c5e5c-0c33-4fad-9be8-9963be9d85ff-profile_image-150x150.png?imenable=1&impolicy=user-profile-picture&imwidth=100","61348","PixelsForBreakfast","60","60","2","1","960","1","8","false","true","English","PixelsForBreakfast"
"https://static-cdn.jtvnw.net/jtv_user_pictures/vpclanlive-profile_image-b78eeed4c2780590-150x150.png?imenable=1&impolicy=user-profile-picture&imwidth=100","61349","vPClanLive","75","15","5","5","960","0","0","false","false","German","vPClanLive"
"https://static-cdn.jtvnw.net/jtv_user_pictures/lush-profile_image-20ba6acb64bd6317-150x150.jpeg?imenable=1&impolicy=user-profile-picture&imwidth=100","61350","Lush","330","90","5","3","960","0","0","true","true","English","Lush"
"https://static-cdn.jtvnw.net/jtv_user_pictures/9d3381aa-1c13-45bf-af36-9c504a2ef3e7-profile_image-150x150.png?imenable=1&impolicy=user-profile-picture&imwidth=100","61351","XyronStream","5535","780","30","6","960","42","155","false","false","German","XyronStream"
"https://static-cdn.jtvnw.net/jtv_user_pictures/e461399d-89df-431f-af5d-f756e7fbdcd8-profile_image-150x150.png?imenable=1&impolicy=user-profile-picture&imwidth=100","61352","Lynixer","0","150","0","0","960","0","0","false","false","German","Lynixer"
"https://static-cdn.jtvnw.net/jtv_user_pictures/zodastone-profile_image-00ec503ed85aa7f9-150x150.jpeg?imenable=1&impolicy=user-profile-picture&imwidth=100","61353","ZodaStone","9180","1080","41","7","960","8","28","false","false","English","ZodaStone"
"https://static-cdn.jtvnw.net/jtv_user_pictures/9e80234f-bc90-441f-81de-f41c062e7b78-profile_image-150x150.png?imenable=1&impolicy=user-profile-picture&imwidth=100","61354","SpidyBawlz","6645","975","16","6","960","22","42","false","true","English","SpidyBawlz"
"https://static-cdn.jtvnw.net/jtv_user_pictures/melindamonster-profile_image-9ba2c0bdd4d59927-150x150.jpeg?imenable=1&impolicy=user-profile-picture&imwidth=100","61355","melindamonster","42585","4365","19","9","960","131","398","false","false","English","melindamonster"
"https://static-cdn.jtvnw.net/jtv_user_pictures/ed4d7b6915df222d-profile_image-150x150.png?imenable=1&impolicy=user-profile-picture&imwidth=100","61356","VacantMind","45060","2580","81","17","960","29","353","false","true","English","VacantMind"
"https://static-cdn.jtvnw.net/jtv_user_pictures/e4a2bbf0-e3ad-4cfd-8cd4-df1915ae4799-profile_image-150x150.png?imenable=1&impolicy=user-profile-picture&imwidth=100","61357","SuperFightRobot","10860","990","27","10","960","13","142","false","false","English","SuperFightRobot"
"https://static-cdn.jtvnw.net/jtv_user_pictures/kehanort-profile_image-57ce40b4a91b325c-150x150.png?imenable=1&impolicy=user-profile-picture&imwidth=100","61358","Kehanort","2925","360","23","7","960","6","70","false","true","Portuguese","Kehanort"
"https://static-cdn.jtvnw.net/jtv_user_pictures/8959ca66-7659-423e-899b-09e52991748b-profile_image-150x150.png?imenable=1&impolicy=user-profile-picture&imwidth=100","61359","DamnDaniel207","10725","900","23","11","960","5","97","false","false","German","DamnDaniel207"
"https://static-cdn.jtvnw.net/jtv_user_pictures/lahtnaa-profile_image-4bb70b9b1922476d-150x150.png?imenable=1&impolicy=user-profile-picture&imwidth=100","61360","Lahtnaa","3465","465","21","7","960","13","42","false","true","German","Lahtnaa"
"https://static-cdn.jtvnw.net/jtv_user_pictures/570a3b6f-95bc-4cb1-b1eb-81b337c4bffa-profile_image-150x150.png?imenable=1&impolicy=user-profile-picture&imwidth=100","61361","SkyjoHunter","1905","330","13","5","960","12","30","false","true","German","SkyjoHunter"
"https://static-cdn.jtvnw.net/jtv_user_pictures/smashkow-profile_image-a4564ce0a1c4de85-150x150.png?imenable=1&impolicy=user-profile-picture&imwidth=100","61362","SmashKow","12615","855","30","14","960","27","72","false","false","English","SmashKow"
"https://static-cdn.jtvnw.net/jtv_user_pictures/bopbarker-profile_image-14d9d029d7a9956e-150x150.jpeg?imenable=1&impolicy=user-profile-picture&imwidth=100","61363","Bopbarker","9060","2130","9","3","960","5","173","false","false","English","Bopbarker"
"https://static-cdn.jtvnw.net/jtv_user_pictures/f2f830d2-a56d-45af-af6a-ab23efd04041-profile_image-150x150.png?imenable=1&impolicy=user-profile-picture&imwidth=100","61364","conceptgaminghd","0","15","0","0","959","0","0","false","false","English","conceptgaminghd"
"https://static-cdn.jtvnw.net/jtv_user_pictures/035f11c1-e5b3-49a9-acbd-0f9f0fdd347b-profile_image-150x150.png?imenable=1&impolicy=user-profile-picture&imwidth=100","61365","ZarisTwitch","6300","930","43","6","959","48","459","false","false","Turkish","ZarisTwitch"
"https://static-cdn.jtvnw.net/jtv_user_pictures/5c181e87-b477-48bc-a628-518311657f20-profile_image-150x150.png?imenable=1&impolicy=user-profile-picture&imwidth=100","61366","MayiiMurray","15","15","1","1","959","0","0","false","false","Spanish","MayiiMurray"
"https://static-cdn.jtvnw.net/ttv-boxart/404_boxart.png?imenable=1&impolicy=user-profile-picture&imwidth=100","61367","Viktor344","60","45","2","1","959","1","0","false","false","Danish","Viktor344"
"https://static-cdn.jtvnw.net/jtv_user_pictures/4e020597-2264-4beb-b511-ca00669f4d6f-profile_image-150x150.png?imenable=1&impolicy=user-profile-picture&imwidth=100","61368","SakuHelios","765","180","10","3","959","1","48","false","false","Spanish","SakuHelios"
"https://static-cdn.jtvnw.net/jtv_user_pictures/supersaga-profile_image-79d5e5ad3283ea5e-150x150.jpeg?imenable=1&impolicy=user-profile-picture&imwidth=100","61369","SuperSaga","18375","4410","15","3","959","11","866","false","false","Chinese","SuperSaga"
"https://static-cdn.jtvnw.net/jtv_user_pictures/10ae25b327c3cfa0-profile_image-150x150.jpeg?imenable=1&impolicy=user-profile-picture&imwidth=100","61370","Bluwarlord","0","150","0","0","959","0","0","false","true","English","Bluwarlord"
"https://static-cdn.jtvnw.net/jtv_user_pictures/9e55f3b4288735cb-profile_image-150x150.png?imenable=1&impolicy=user-profile-picture&imwidth=100","61371","Yeah_Peach","26610","3045","31","8","959","89","111","false","true","English","Yeah_Peach"
"https://static-cdn.jtvnw.net/jtv_user_pictures/tr4shkentin-profile_image-9209932a48a70d6c-150x150.png?imenable=1&impolicy=user-profile-picture&imwidth=100","61372","TR4SHKENTIN","138975","23700","47","5","959","509","548","false","false","French","TR4SHKENTIN"
"https://static-cdn.jtvnw.net/jtv_user_pictures/missthemint-profile_image-c8e49099c516e037-150x150.png?imenable=1&impolicy=user-profile-picture&imwidth=100","61373","missthemint","22605","5775","15","3","959","30","124","false","true","English","missthemint"
"https://static-cdn.jtvnw.net/jtv_user_pictures/7cccde7c-89ab-4b45-92e0-af34c0a3091a-profile_image-150x150.png?imenable=1&impolicy=user-profile-picture&imwidth=100","61374","ChullyBunny","11925","435","45","26","959","103","201","false","false","French","ChullyBunny"
"https://static-cdn.jtvnw.net/jtv_user_pictures/feab30f7-ed55-4534-be44-1497a2a78b62-profile_image-150x150.png?imenable=1&impolicy=user-profile-picture&imwidth=100","61375","JoshFOO","1260","735","6","1","959","3","65","false","false","English","JoshFOO"
"https://static-cdn.jtvnw.net/jtv_user_pictures/995d8800-9984-4a41-b176-30a0a8c6b37a-profile_image-150x150.png?imenable=1&impolicy=user-profile-picture&imwidth=100","61376","十三十三十 (trinari)","6420","1335","26","4","959","25","127","false","true","Finnish","十三十三十 (trinari)"
"https://static-cdn.jtvnw.net/jtv_user_pictures/f5b300710c9843e9-profile_image-150x150.png?imenable=1&impolicy=user-profile-picture&imwidth=100","61377","ksstylezdeadinside","15","15","1","1","959","0","0","false","false","Russian","ksstylezdeadinside"
"https://static-cdn.jtvnw.net/jtv_user_pictures/0d1dfc4d-8ed0-41b3-bfcb-88864741a240-profile_image-150x150.jpeg?imenable=1&impolicy=user-profile-picture&imwidth=100","61378","platinumkackboon","60","60","2","1","959","0","0","false","false","English","platinumkackboon"
"https://static-cdn.jtvnw.net/jtv_user_pictures/ced9fb7c-e682-42c4-8a45-a124fe3c9983-profile_image-150x150.png?imenable=1&impolicy=user-profile-picture&imwidth=100","61379","MFStarryBoi","315","300","2","1","959","-1","0","false","true","English","MFStarryBoi"
"https://static-cdn.jtvnw.net/jtv_user_pictures/14225497-54c2-451a-bf8a-e06066746f0d-profile_image-150x150.png?imenable=1&impolicy=user-profile-picture&imwidth=100","61380","vampire12c","90","180","1","0","959","21","3","false","true","English","vampire12c"
"https://static-cdn.jtvnw.net/jtv_user_pictures/guest101-profile_image-f15fcfa3c8b11b94-150x150.png?imenable=1&impolicy=user-profile-picture&imwidth=100","61381","Guest101","7095","1710","10","3","959","30","242","false","true","German","Guest101"
"https://static-cdn.jtvnw.net/jtv_user_pictures/cd49f7fc-911f-44db-8f77-994e3c16c0fd-profile_image-150x150.png?imenable=1&impolicy=user-profile-picture&imwidth=100","61382","Psykop4t013","40680","8940","20","4","959","77","457","false","true","French","Psykop4t013"
"https://static-cdn.jtvnw.net/jtv_user_pictures/3af3d1c7-0039-4aa0-a5ac-0ba67c38244f-profile_image-150x150.png?imenable=1&impolicy=user-profile-picture&imwidth=100","61383","mzkillswitch","18510","5085","13","3","959","29","25","false","true","English","mzkillswitch"
"https://static-cdn.jtvnw.net/jtv_user_pictures/d8680006-477e-47fd-aa22-ab2bf8946d87-profile_image-150x150.png?imenable=1&impolicy=user-profile-picture&imwidth=100","61384","JokinGTBGS","120","150","2","0","959","1","11","false","false","English","JokinGTBGS"
"https://static-cdn.jtvnw.net/jtv_user_pictures/eugenexdd1-profile_image-4d0134e30e6c3fac-150x150.jpeg?imenable=1&impolicy=user-profile-picture&imwidth=100","61385","eugenexdd1","4845","210","42","22","959","33","74","false","false","Bulgarian","eugenexdd1"
"https://static-cdn.jtvnw.net/jtv_user_pictures/thewrathofsloth-profile_image-b333c94451d80775-150x150.jpeg?imenable=1&impolicy=user-profile-picture&imwidth=100","61386","TheWrathOfSloth","540","300","7","1","959","-2","9","false","false","English","TheWrathOfSloth"
"https://static-cdn.jtvnw.net/jtv_user_pictures/9638f6f2-a203-427a-9183-22546c0effe9-profile_image-150x150.png?imenable=1&impolicy=user-profile-picture&imwidth=100","61387","keplerSAMA","1605","315","10","5","959","0","74","false","false","Portuguese","keplerSAMA"
"https://static-cdn.jtvnw.net/jtv_user_pictures/2c5990cf-0c02-4600-98d0-fb6225a2f8da-profile_image-150x150.png?imenable=1&impolicy=user-profile-picture&imwidth=100","61388","DrkSilentAM","5010","1140","15","3","959","2","21","false","true","English","DrkSilentAM"
"https://static-cdn.jtvnw.net/jtv_user_pictures/a4b2cb16-7efa-48a9-be1e-d3620798235b-profile_image-150x150.png?imenable=1&impolicy=user-profile-picture&imwidth=100","61389","StorytellerXD","24135","1110","215","21","959","9","1138","true","false","English","StorytellerXD"
"https://static-cdn.jtvnw.net/jtv_user_pictures/8bitballroom-profile_image-11bb10fd4d43cf5a-150x150.png?imenable=1&impolicy=user-profile-picture&imwidth=100","61390","8BitBallroom","17865","555","62","31","959","92","153","false","false","English","8BitBallroom"
"https://static-cdn.jtvnw.net/jtv_user_pictures/ethansteele-profile_image-2571eb5ecb0c806f-150x150.png?imenable=1&impolicy=user-profile-picture&imwidth=100","61391","EthanSteele","14550","1170","20","12","959","14","96","false","true","English","EthanSteele"
"https://static-cdn.jtvnw.net/jtv_user_pictures/3fec9dcb-dd00-4dfe-a883-2fe517467d9e-profile_image-150x150.jpg?imenable=1&impolicy=user-profile-picture&imwidth=100","61392","wo1ffy","3285","1725","5","1","959","1","26","false","true","English","wo1ffy"
"https://static-cdn.jtvnw.net/jtv_user_pictures/be0ae2f7-3db4-4431-82d2-642b6dda5fd2-profile_image-150x150.png?imenable=1&impolicy=user-profile-picture&imwidth=100","61393","TheSaltTrade","23685","3690","37","6","959","42","129","false","true","English","TheSaltTrade"
"https://static-cdn.jtvnw.net/jtv_user_pictures/63cd68d0-b0fe-4760-a855-7001ee6cf70a-profile_image-150x150.jpg?imenable=1&impolicy=user-profile-picture&imwidth=100","61394","miniwise","480","375","4","1","959","2","66","false","false","English","miniwise"
"https://static-cdn.jtvnw.net/jtv_user_pictures/atmaillumina-profile_image-82fcb0106717edc9-150x150.jpeg?imenable=1&impolicy=user-profile-picture&imwidth=100","61395","AtmaIllumina","10140","1605","24","5","959","3","47","false","false","English","AtmaIllumina"
"https://static-cdn.jtvnw.net/jtv_user_pictures/coverartist-profile_image-183632f360696e55-150x150.png?imenable=1&impolicy=user-profile-picture&imwidth=100","61396","CoverArtist","660","150","6","4","959","1","1","false","true","English","CoverArtist"
"https://static-cdn.jtvnw.net/jtv_user_pictures/fd0ae32a-2952-4d4e-a556-06e0e27c70c2-profile_image-150x150.jpg?imenable=1&impolicy=user-profile-picture&imwidth=100","61397","kas_holed","75","630","2","0","958","5","13","false","false","English","kas_holed"
"https://static-cdn.jtvnw.net/jtv_user_pictures/a96b4eb7-1354-4d22-bceb-463783a4aed2-profile_image-150x150.png?imenable=1&impolicy=user-profile-picture&imwidth=100","61398","n8suX","120","105","2","1","958","0","10","false","true","German","n8suX"
"https://static-cdn.jtvnw.net/jtv_user_pictures/wyvernzu-profile_image-68860fae1977c6f3-150x150.png?imenable=1&impolicy=user-profile-picture&imwidth=100","61399","WyvernZu","20250","735","45","27","958","74","434","false","false","English","WyvernZu"
"https://static-cdn.jtvnw.net/jtv_user_pictures/0493a395-578d-4f81-b1e7-ca9398000b86-profile_image-150x150.jpg?imenable=1&impolicy=user-profile-picture&imwidth=100","61400","Chiggz","285","1290","2","0","958","1","2","false","false","English","Chiggz"