"","","Channel","Watch time","Stream time","Peak viewers","Average viewers","Followers","Followers gained","Views gained","Partnered","Mature","Language",""
"https://static-cdn.jtvnw.net/jtv_user_pictures/30072417-6239-4542-ba63-b34f674e414c-profile_image-150x150.png?imenable=1&impolicy=user-profile-picture&imwidth=100","69401","theking666666","525","300","6","1","778","1","8","false","false","English","theking666666"
"https://static-cdn.jtvnw.net/jtv_user_pictures/tooumss-profile_image-905263c6b4c80096-150x150.jpeg?imenable=1&impolicy=user-profile-picture&imwidth=100","69402","Tooumss","3390","1230","8","2","778","-1","82","false","true","French","Tooumss"
"https://static-cdn.jtvnw.net/jtv_user_pictures/ohohdavelive-profile_image-c1650a95d060dd8c-150x150.png?imenable=1&impolicy=user-profile-picture&imwidth=100","69403","ohohdavelive","780","885","4","0","778","1","0","false","true","English","ohohdavelive"
"https://static-cdn.jtvnw.net/jtv_user_pictures/satanikspirit1-profile_image-ab8357de6ea946f4-150x150.jpeg?imenable=1&impolicy=user-profile-picture&imwidth=100","69404","SataniKspirit1","1620","285","12","5","778","2","29","false","false","Spanish","SataniKspirit1"
"https://static-cdn.jtvnw.net/jtv_user_pictures/3eb6d962-da1a-4412-92ad-0966d0a82274-profile_image-150x150.png?imenable=1&impolicy=user-profile-picture&imwidth=100","69405","KingBuki","345","255","3","1","778","1","5","false","true","German","KingBuki"
"https://static-cdn.jtvnw.net/jtv_user_pictures/07853f4a-2eb8-4b07-80d3-b18209831d1b-profile_image-150x150.png?imenable=1&impolicy=user-profile-picture&imwidth=100","69406","Madoublex","855","150","10","5","778","1","9","false","false","English","Madoublex"
"https://static-cdn.jtvnw.net/jtv_user_pictures/aff30837-3443-4fac-8b03-d4c6c5b6b398-profile_image-150x150.png?imenable=1&impolicy=user-profile-picture&imwidth=100","69407","FlammYT","8925","1620","22","5","778","21","8","false","false","English","FlammYT"
"https://static-cdn.jtvnw.net/jtv_user_pictures/brz_dancingbear-profile_image-54f9bb4ee2208011-150x150.png?imenable=1&impolicy=user-profile-picture&imwidth=100","69408","Brz_Dancingbear","31830","2205","82","13","778","28","103","false","true","English","Brz_Dancingbear"
"https://static-cdn.jtvnw.net/jtv_user_pictures/perjattv-profile_image-0f5b192861347bd8-150x150.png?imenable=1&impolicy=user-profile-picture&imwidth=100","69409","PerjaTTV","225","30","8","7","778","2","30","false","false","English","PerjaTTV"
"https://static-cdn.jtvnw.net/jtv_user_pictures/metzi_on_fire-profile_image-a09a5402569adc81-150x150.jpeg?imenable=1&impolicy=user-profile-picture&imwidth=100","69410","metzi_on_fire","12570","1020","72","11","778","-70","132","false","false","German","metzi_on_fire"
"https://static-cdn.jtvnw.net/jtv_user_pictures/1c0696cf-171a-42bd-a59b-21958f47dd12-profile_image-150x150.png?imenable=1&impolicy=user-profile-picture&imwidth=100","69411","RiftGamer","8025","2265","10","3","778","19","96","false","true","French","RiftGamer"
"https://static-cdn.jtvnw.net/jtv_user_pictures/31711974-09c3-4e7e-a3da-2ef8f634a7fb-profile_image-150x150.png?imenable=1&impolicy=user-profile-picture&imwidth=100","69412","Deathofwar90","3525","1515","6","2","778","5","55","false","true","French","Deathofwar90"
"https://static-cdn.jtvnw.net/jtv_user_pictures/48e23641-b887-4890-b899-efce86561a5c-profile_image-150x150.png?imenable=1&impolicy=user-profile-picture&imwidth=100","69413","gobluela99","4455","795","9","5","778","12","12","false","false","English","gobluela99"
"https://static-cdn.jtvnw.net/jtv_user_pictures/d6c83ebb-c1b5-4d59-81eb-67f54099f960-profile_image-150x150.png?imenable=1&impolicy=user-profile-picture&imwidth=100","69414","itsDaRealJR","9885","1575","13","5","778","21","75","false","true","English","itsDaRealJR"
"https://static-cdn.jtvnw.net/jtv_user_pictures/onegaucho-profile_image-fc59a64c4f53fac5-150x150.jpeg?imenable=1&impolicy=user-profile-picture&imwidth=100","69415","onegaucho","5670","90","74","63","778","8","0","false","false","English","onegaucho"
"https://static-cdn.jtvnw.net/jtv_user_pictures/567c6259-c8a2-4887-9f40-50cc2316c46d-profile_image-150x150.png?imenable=1&impolicy=user-profile-picture&imwidth=100","69416","DLAY2K","90","150","3","0","778","0","3","false","false","English","DLAY2K"
"https://static-cdn.jtvnw.net/jtv_user_pictures/isiris90-profile_image-99d8d1db0f5e4f0e-150x150.jpeg?imenable=1&impolicy=user-profile-picture&imwidth=100","69417","Isiris90","855","90","11","9","778","7","0","false","false","French","Isiris90"
"https://static-cdn.jtvnw.net/jtv_user_pictures/pinklifestyle-profile_image-ad1f94c8d719b425-150x150.png?imenable=1&impolicy=user-profile-picture&imwidth=100","69418","Pinklifestyle","4395","825","14","4","778","10","93","false","false","English","Pinklifestyle"
"https://static-cdn.jtvnw.net/jtv_user_pictures/f8886246-5da0-4988-84bb-4fefd4d5dd9f-profile_image-150x150.png?imenable=1&impolicy=user-profile-picture&imwidth=100","69419","shaolin_cb","3990","1425","15","2","778","3","38","false","true","English","shaolin_cb"
"https://static-cdn.jtvnw.net/jtv_user_pictures/372cc437-093e-433e-beb7-3be63b9e5ba0-profile_image-150x150.png?imenable=1&impolicy=user-profile-picture&imwidth=100","69420","Raabbits","4725","3135","9","1","778","14","35","false","false","English","Raabbits"
"https://static-cdn.jtvnw.net/jtv_user_pictures/swordguyj-profile_image-bd60c7c0a3dcd2ac-150x150.jpeg?imenable=1&impolicy=user-profile-picture&imwidth=100","69421","swordguyj","11670","1980","11","5","778","7","57","false","false","English","swordguyj"
"https://static-cdn.jtvnw.net/jtv_user_pictures/0344c891-2a75-40ca-95a6-d3611ab6ea57-profile_image-150x150.png?imenable=1&impolicy=user-profile-picture&imwidth=100","69422","Moneygirl9000","3735","1965","9","1","778","14","3","false","false","English","Moneygirl9000"
"https://static-cdn.jtvnw.net/jtv_user_pictures/alicemk2-profile_image-6e31a905ca132dce-150x150.jpeg?imenable=1&impolicy=user-profile-picture&imwidth=100","69423","艾利斯瑪可兔 (alicemk2)","28650","4125","15","6","778","32","475","false","false","Chinese","艾利斯瑪可兔 (alicemk2)"
"https://static-cdn.jtvnw.net/jtv_user_pictures/7f9268f7-1720-4a19-9334-7927a6e79ac7-profile_image-150x150.png?imenable=1&impolicy=user-profile-picture&imwidth=100","69424","ArtumonGaming","0","165","0","0","777","0","2","false","true","English","ArtumonGaming"
"https://static-cdn.jtvnw.net/jtv_user_pictures/lebowski_dg-profile_image-79e35d772aea99d3-150x150.png?imenable=1&impolicy=user-profile-picture&imwidth=100","69425","Lebowski_DG","11445","4305","10","2","777","31","41","false","true","English","Lebowski_DG"
"https://static-cdn.jtvnw.net/jtv_user_pictures/57a649304284d2ff-profile_image-150x150.png?imenable=1&impolicy=user-profile-picture&imwidth=100","69426","trochuCS","0","15","0","0","777","0","0","false","false","Polish","trochuCS"
"https://static-cdn.jtvnw.net/jtv_user_pictures/7760dcc4-878b-430e-8782-88e65a9a70d1-profile_image-150x150.png?imenable=1&impolicy=user-profile-picture&imwidth=100","69427","ragedslayss","0","45","0","0","777","0","0","false","false","English","ragedslayss"
"https://static-cdn.jtvnw.net/jtv_user_pictures/715baeae-28e9-412e-acf9-16c8eb8adb9a-profile_image-150x150.png?imenable=1&impolicy=user-profile-picture&imwidth=100","69428","Brap_Man","105","120","2","0","777","0","1","false","true","English","Brap_Man"
"https://static-cdn.jtvnw.net/jtv_user_pictures/2e92a634-3742-4c73-9cfa-183bbcd829e9-profile_image-150x150.png?imenable=1&impolicy=user-profile-picture&imwidth=100","69429","DirtyBarbouz","0","15","0","0","777","0","0","false","true","French","DirtyBarbouz"
"https://static-cdn.jtvnw.net/jtv_user_pictures/d4580b29b39805d9-profile_image-150x150.png?imenable=1&impolicy=user-profile-picture&imwidth=100","69430","SandMan817","660","195","9","3","777","0","2","false","true","English","SandMan817"
"https://static-cdn.jtvnw.net/jtv_user_pictures/8bf73ea4-d311-4f7f-a6c0-4d19d3a14f8a-profile_image-150x150.png?imenable=1&impolicy=user-profile-picture&imwidth=100","69431","Vixentine","4935","450","22","10","777","6","42","false","false","English","Vixentine"
"https://static-cdn.jtvnw.net/jtv_user_pictures/f401646c-81bb-414f-ac0e-bb5981c826f4-profile_image-150x150.png?imenable=1&impolicy=user-profile-picture&imwidth=100","69432","TglEnigma","135","195","1","0","777","2","1","false","false","English","TglEnigma"
"https://static-cdn.jtvnw.net/jtv_user_pictures/3e9a590a-5ac1-44ad-ad8f-7cc5577e684c-profile_image-150x150.png?imenable=1&impolicy=user-profile-picture&imwidth=100","69433","Arupaka109","465","75","8","6","777","6","48","false","false","Spanish","Arupaka109"
"https://static-cdn.jtvnw.net/jtv_user_pictures/cdf4e6b36cb083c9-profile_image-150x150.png?imenable=1&impolicy=user-profile-picture&imwidth=100","69434","HeroAndTheBird","75810","8325","25","8","777","83","232","false","true","English","HeroAndTheBird"
"https://static-cdn.jtvnw.net/jtv_user_pictures/22b12d68-3e3e-4bb4-95cb-0b0511c29c99-profile_image-150x150.png?imenable=1&impolicy=user-profile-picture&imwidth=100","69435","PrezCow","6330","1155","13","5","777","43","151","false","false","English","PrezCow"
"https://static-cdn.jtvnw.net/jtv_user_pictures/ef935a49-bd3e-4da8-aa93-004df22381ac-profile_image-150x150.png?imenable=1&impolicy=user-profile-picture&imwidth=100","69436","ColtChaos","150","150","1","1","777","0","0","false","true","English","ColtChaos"
"https://static-cdn.jtvnw.net/jtv_user_pictures/jaydtr-profile_image-fd5ffa536505a78b-150x150.jpeg?imenable=1&impolicy=user-profile-picture&imwidth=100","69437","JayDTR","70560","10965","84","5","777","95","673","false","true","English","JayDTR"
"https://static-cdn.jtvnw.net/jtv_user_pictures/ee1f0cd8-0234-462d-8664-28a8c34c3005-profile_image-150x150.png?imenable=1&impolicy=user-profile-picture&imwidth=100","69438","JayKrip","60","120","3","0","777","0","0","false","true","English","JayKrip"
"https://static-cdn.jtvnw.net/jtv_user_pictures/01a0db6c-7704-4b00-a00f-ff06c1e0d5a8-profile_image-150x150.png?imenable=1&impolicy=user-profile-picture&imwidth=100","69439","Izzy_leo_hill","1500","915","8","1","777","5","2","false","true","English","Izzy_leo_hill"
"https://static-cdn.jtvnw.net/jtv_user_pictures/extodasher-profile_image-c279802ea352c1a7-150x150.jpeg?imenable=1&impolicy=user-profile-picture&imwidth=100","69440","Extodasher","2115","1335","4","1","777","5","19","false","false","English","Extodasher"
"https://static-cdn.jtvnw.net/jtv_user_pictures/nachinka-profile_image-52c24c7d777feb5e-150x150.jpeg?imenable=1&impolicy=user-profile-picture&imwidth=100","69441","NACHINKA","23370","3015","33","7","777","17","508","false","true","Russian","NACHINKA"
"https://static-cdn.jtvnw.net/jtv_user_pictures/ea0e3f8d-d899-4627-8395-41923e1c12fc-profile_image-150x150.png?imenable=1&impolicy=user-profile-picture&imwidth=100","69442","DecentDee","1335","720","3","1","777","1","20","false","true","English","DecentDee"
"https://static-cdn.jtvnw.net/jtv_user_pictures/adb2cf7b-9dcd-4381-ae62-9c353f441dca-profile_image-150x150.png?imenable=1&impolicy=user-profile-picture&imwidth=100","69443","iCouldPlays","0","60","1","0","777","0","-2","false","false","German","iCouldPlays"
"https://static-cdn.jtvnw.net/ttv-boxart/404_boxart.png?imenable=1&impolicy=user-profile-picture&imwidth=100","69444","XxtailleurxX","63900","8085","57","7","777","231","260","false","false","French","XxtailleurxX"
"https://static-cdn.jtvnw.net/jtv_user_pictures/5c2711ac-4c2f-4e06-b7e0-4e1fb7d98e41-profile_image-150x150.png?imenable=1&impolicy=user-profile-picture&imwidth=100","69445","SherdanRUS","45825","3870","99","11","777","226","1889","false","false","Russian","SherdanRUS"
"https://static-cdn.jtvnw.net/jtv_user_pictures/bomberman_lv-profile_image-b47173a53349efff-150x150.jpeg?imenable=1&impolicy=user-profile-picture&imwidth=100","69446","BomberMan_LV","83955","9795","29","8","777","284","1576","false","true","Other","BomberMan_LV"
"https://static-cdn.jtvnw.net/jtv_user_pictures/01ee5428-c6d8-4113-baf1-fc2bd3ef08cb-profile_image-150x150.jpg?imenable=1&impolicy=user-profile-picture&imwidth=100","69447","slothg4ming","420","405","4","1","777","3","7","false","false","English","slothg4ming"
"https://static-cdn.jtvnw.net/jtv_user_pictures/dgn_helix-profile_image-e6de8dcde159e78b-150x150.jpeg?imenable=1&impolicy=user-profile-picture&imwidth=100","69448","DGN_Helix","23265","5595","25","3","777","103","72","false","false","English","DGN_Helix"
"https://static-cdn.jtvnw.net/jtv_user_pictures/9b3707bc-3741-4663-962b-97863eb547f1-profile_image-150x150.png?imenable=1&impolicy=user-profile-picture&imwidth=100","69449","iwoSneakyTaco","405","105","4","3","777","1","5","false","true","English","iwoSneakyTaco"
"https://static-cdn.jtvnw.net/jtv_user_pictures/95acb866-4d92-404b-b42b-32f75b9ba72d-profile_image-150x150.jpeg?imenable=1&impolicy=user-profile-picture&imwidth=100","69450","Hamonza","4680","840","14","5","777","41","74","false","true","Danish","Hamonza"
"https://static-cdn.jtvnw.net/jtv_user_pictures/342566ff-aa7a-4aad-bd4a-0712b6f7e83b-profile_image-150x150.png?imenable=1&impolicy=user-profile-picture&imwidth=100","69451","Seanthesheep109","2460","300","15","7","777","7","34","false","false","English","Seanthesheep109"
"https://static-cdn.jtvnw.net/jtv_user_pictures/dae9403d-ba61-42b1-aee6-1e140ae57156-profile_image-150x150.png?imenable=1&impolicy=user-profile-picture&imwidth=100","69452","TheMaloix","180","135","3","1","777","1","7","false","false","Spanish","TheMaloix"
"https://static-cdn.jtvnw.net/jtv_user_pictures/immortalviper-profile_image-2487b9df99937089-150x150.jpeg?imenable=1&impolicy=user-profile-picture&imwidth=100","69453","Immortalviper","3810","375","17","9","777","4","9","false","true","English","Immortalviper"
"https://static-cdn.jtvnw.net/jtv_user_pictures/liquiddz-profile_image-271d0b40adfabd82-150x150.png?imenable=1&impolicy=user-profile-picture&imwidth=100","69454","LiquiddZ","2205","795","9","2","777","13","13","false","false","English","LiquiddZ"
"https://static-cdn.jtvnw.net/jtv_user_pictures/e16c176f-53f8-4144-8f86-5818b8c4577c-profile_image-150x150.png?imenable=1&impolicy=user-profile-picture&imwidth=100","69455","Solahmi","7155","1605","17","4","777","12","53","false","true","English","Solahmi"
"https://static-cdn.jtvnw.net/jtv_user_pictures/26d1f25793ee7a44-profile_image-150x150.jpeg?imenable=1&impolicy=user-profile-picture&imwidth=100","69456","Oceanoes","60","795","1","0","777","3","2","false","true","English","Oceanoes"
"https://static-cdn.jtvnw.net/jtv_user_pictures/12e24fdf-630a-4ec7-bfc9-112fd78e333c-profile_image-150x150.jpg?imenable=1&impolicy=user-profile-picture&imwidth=100","69457","Arkhayla","10695","1395","16","7","777","21","71","false","true","English","Arkhayla"
"https://static-cdn.jtvnw.net/jtv_user_pictures/dexenz0redd-profile_image-518cea302d17d269-150x150.png?imenable=1&impolicy=user-profile-picture&imwidth=100","69458","DEXENZ0REdd","9150","1425","24","5","777","66","260","false","false","Russian","DEXENZ0REdd"
"https://static-cdn.jtvnw.net/jtv_user_pictures/a0395ec0-bb8b-4dc1-9c1e-d37f61788968-profile_image-150x150.png?imenable=1&impolicy=user-profile-picture&imwidth=100","69459","wic20","240","75","4","3","777","-18","2","false","false","English","wic20"
"https://static-cdn.jtvnw.net/jtv_user_pictures/b314f7a5-4973-44cd-8d70-f14ccf9f1cc4-profile_image-150x150.png?imenable=1&impolicy=user-profile-picture&imwidth=100","69460","miabakeneko","180","120","3","1","777","0","2","false","true","English","miabakeneko"
"https://static-cdn.jtvnw.net/jtv_user_pictures/thehighidiot-profile_image-6b3c647d8f0c2724-150x150.jpeg?imenable=1&impolicy=user-profile-picture&imwidth=100","69461","TheHighIdiot","14490","450","50","32","777","728","17","false","false","English","TheHighIdiot"
"https://static-cdn.jtvnw.net/jtv_user_pictures/xisaiahx-profile_image-a18d96bf7d59ea2b-150x150.jpeg?imenable=1&impolicy=user-profile-picture&imwidth=100","69462","xisaiahx","1560","615","8","2","777","11","2","false","false","English","xisaiahx"
"https://static-cdn.jtvnw.net/jtv_user_pictures/sonrusso-profile_image-b974e5c9fc3e5145-150x150.png?imenable=1&impolicy=user-profile-picture&imwidth=100","69463","SonRusso","11685","1320","29","8","777","46","55","false","false","English","SonRusso"
"https://static-cdn.jtvnw.net/jtv_user_pictures/karraesa_tv-profile_image-aad23f1d1a710f7d-150x150.jpeg?imenable=1&impolicy=user-profile-picture&imwidth=100","69464","KARRAESA_TV","2175","1245","4","1","777","6","52","false","true","French","KARRAESA_TV"
"https://static-cdn.jtvnw.net/jtv_user_pictures/5699d7b3-5739-4585-8f7f-717a07813f2b-profile_image-150x150.png?imenable=1&impolicy=user-profile-picture&imwidth=100","69465","AgoniusCA","4200","975","10","4","777","14","24","false","true","English","AgoniusCA"
"https://static-cdn.jtvnw.net/jtv_user_pictures/2cc2e1b7-c2ae-41a9-aeb9-c7fcfef7439d-profile_image-150x150.png?imenable=1&impolicy=user-profile-picture&imwidth=100","69466","clashingclinch","9480","4845","16","1","777","34","122","false","true","English","clashingclinch"
"https://static-cdn.jtvnw.net/jtv_user_pictures/ea2de3cb-40ac-4c8d-a6f2-5b37adf12922-profile_image-150x150.png?imenable=1&impolicy=user-profile-picture&imwidth=100","69467","DoobyLIVE","5520","960","14","5","777","30","155","false","true","English","DoobyLIVE"
"https://static-cdn.jtvnw.net/jtv_user_pictures/7fb6e3c6-9000-47f1-8391-74f23b008821-profile_image-150x150.jpg?imenable=1&impolicy=user-profile-picture&imwidth=100","69468","MysticMac92","8235","2355","10","3","777","9","129","false","true","English","MysticMac92"
"https://static-cdn.jtvnw.net/jtv_user_pictures/8333282b-eb6a-4225-90bc-89ba8606dd18-profile_image-150x150.png?imenable=1&impolicy=user-profile-picture&imwidth=100","69469","Driverin","12720","3030","13","3","777","12","714","false","true","German","Driverin"
"https://static-cdn.jtvnw.net/jtv_user_pictures/cdba4a67-f49f-48bb-b3be-5b909475093f-profile_image-150x150.png?imenable=1&impolicy=user-profile-picture&imwidth=100","69470","TetroGem","315","165","5","1","777","5","8","false","false","English","TetroGem"
"https://static-cdn.jtvnw.net/jtv_user_pictures/archydevil-profile_image-0af5e94cbc95877e-150x150.jpeg?imenable=1&impolicy=user-profile-picture&imwidth=100","69471","ArchyDevil","1005","4935","3","0","777","7","76","false","false","Russian","ArchyDevil"
"https://static-cdn.jtvnw.net/jtv_user_pictures/eternalfrost78-profile_image-9447b7b484c990f2-150x150.jpeg?imenable=1&impolicy=user-profile-picture&imwidth=100","69472","Eternalfrost78","17145","3945","12","3","777","20","106","false","true","English","Eternalfrost78"
"https://static-cdn.jtvnw.net/jtv_user_pictures/djspider11-profile_image-c3a89b7927841f4b-150x150.jpeg?imenable=1&impolicy=user-profile-picture&imwidth=100","69473","DJspider11","1425","1530","6","0","777","12","23","false","true","Czech","DJspider11"
"https://static-cdn.jtvnw.net/jtv_user_pictures/6cedc65c9afabaf1-profile_image-150x150.jpeg?imenable=1&impolicy=user-profile-picture&imwidth=100","69474","TheCrowLive","630","1650","2","0","777","-1","3","false","true","English","TheCrowLive"
"https://static-cdn.jtvnw.net/jtv_user_pictures/ed261448-6f03-498f-8888-0375a6d914a3-profile_image-150x150.png?imenable=1&impolicy=user-profile-picture&imwidth=100","69475","Atahotep","3645","75","79","48","777","4","0","false","false","English","Atahotep"
"https://static-cdn.jtvnw.net/jtv_user_pictures/131e784e-006a-4e3a-87c6-c2f3cf96dc3d-profile_image-150x150.png?imenable=1&impolicy=user-profile-picture&imwidth=100","69476","Cir9","13320","4545","11","2","777","25","126","false","false","English","Cir9"
"https://static-cdn.jtvnw.net/jtv_user_pictures/99f02dc3-3047-4ca1-b71a-6ebbf638687c-profile_image-150x150.png?imenable=1&impolicy=user-profile-picture&imwidth=100","69477","vision_fps","17685","4575","12","3","777","19","180","false","true","English","vision_fps"
"https://static-cdn.jtvnw.net/jtv_user_pictures/7ca61ddd-f28d-40ad-a1c4-e05d07a1bf5b-profile_image-150x150.png?imenable=1&impolicy=user-profile-picture&imwidth=100","69478","Nachoo_Mann","24225","3945","26","5","777","66","71","false","true","English","Nachoo_Mann"
"https://static-cdn.jtvnw.net/user-default-pictures/b83b1794-7df9-4878-916c-88c2ad2e4f9f-profile_image-150x150.jpg?imenable=1&impolicy=user-profile-picture&imwidth=100","69479","KillerKennyyyy","990","225","7","4","777","3","1","false","false","English","KillerKennyyyy"
"https://static-cdn.jtvnw.net/jtv_user_pictures/citygiant-profile_image-4fb77cf29e0da7b3-150x150.jpeg?imenable=1&impolicy=user-profile-picture&imwidth=100","69480","CityGiant","120","45","3","2","776","1","0","false","false","English","CityGiant"
"https://static-cdn.jtvnw.net/jtv_user_pictures/d91717a5-2583-4051-9e3d-2ee80bed02e1-profile_image-150x150.png?imenable=1&impolicy=user-profile-picture&imwidth=100","69481","Just_Joe_","900","975","3","0","776","1","27","false","false","English","Just_Joe_"
"https://static-cdn.jtvnw.net/jtv_user_pictures/rosealba-profile_image-080671b446ea2fc1-150x150.jpeg?imenable=1&impolicy=user-profile-picture&imwidth=100","69482","Rosealba","14235","3615","10","3","776","40","229","false","true","Danish","Rosealba"
"https://static-cdn.jtvnw.net/jtv_user_pictures/terryha-profile_image-0576ef0d77ba17f1-150x150.jpeg?imenable=1&impolicy=user-profile-picture&imwidth=100","69483","TerryHa","71115","4965","69","13","776","215","725","false","false","French","TerryHa"
"https://static-cdn.jtvnw.net/jtv_user_pictures/2cfe7494-01bb-430a-886e-244a81012c18-profile_image-150x150.png?imenable=1&impolicy=user-profile-picture&imwidth=100","69484","mathiasking12","30","15","2","2","776","0","0","false","false","Danish","mathiasking12"
"https://static-cdn.jtvnw.net/jtv_user_pictures/e22e1a6c-5a5a-4be0-b58c-d7e86667e157-profile_image-150x150.png?imenable=1&impolicy=user-profile-picture&imwidth=100","69485","sheiitantv","0","225","0","0","776","0","0","false","false","French","sheiitantv"
"https://static-cdn.jtvnw.net/jtv_user_pictures/ece7dd89-8d65-4656-babb-7d481a875203-profile_image-150x150.png?imenable=1&impolicy=user-profile-picture&imwidth=100","69486","FoX_GaMeFou","13800","2700","18","4","776","66","63","false","false","French","FoX_GaMeFou"
"https://static-cdn.jtvnw.net/jtv_user_pictures/a6a3d715-8389-4017-a2d3-86884eb903f7-profile_image-150x150.png?imenable=1&impolicy=user-profile-picture&imwidth=100","69487","cm0rg1234","165","285","5","0","776","3","1","false","false","English","cm0rg1234"
"https://static-cdn.jtvnw.net/jtv_user_pictures/05932872-4d7d-46da-a7a1-e4ce6b79a4ea-profile_image-150x150.jpeg?imenable=1&impolicy=user-profile-picture&imwidth=100","69488","Skand1x","360","285","4","1","776","2","20","false","false","Russian","Skand1x"
"https://static-cdn.jtvnw.net/jtv_user_pictures/inspectv-profile_image-20f943e8ebec39a3-150x150.jpeg?imenable=1&impolicy=user-profile-picture&imwidth=100","69489","INSPECtv","19500","1875","40","9","776","26","123","false","false","English","INSPECtv"
"https://static-cdn.jtvnw.net/jtv_user_pictures/luckybrand-profile_image-b5ba3d46488cd9eb-150x150.jpeg?imenable=1&impolicy=user-profile-picture&imwidth=100","69490","LuckyBrand","4185","4095","7","0","776","5","87","false","true","English","LuckyBrand"
"https://static-cdn.jtvnw.net/jtv_user_pictures/2089c276-cc2a-4b6c-b501-9215e20842cd-profile_image-150x150.png?imenable=1&impolicy=user-profile-picture&imwidth=100","69491","Photrox","2385","1245","8","1","776","9","65","false","true","English","Photrox"
"https://static-cdn.jtvnw.net/jtv_user_pictures/hoopsinet-profile_image-9240e8442743cdfd-150x150.jpeg?imenable=1&impolicy=user-profile-picture&imwidth=100","69492","hoopsinet","155865","8655","80","17","776","230","2161","false","true","French","hoopsinet"
"https://static-cdn.jtvnw.net/jtv_user_pictures/8223ee8c-cbf5-42eb-9893-5fab1ee38a92-profile_image-150x150.png?imenable=1&impolicy=user-profile-picture&imwidth=100","69493","mariogros7","3990","1050","11","3","776","15","231","false","true","Spanish","mariogros7"
"https://static-cdn.jtvnw.net/jtv_user_pictures/30280d4a-874b-4d79-b07d-0ba28afc4344-profile_image-150x150.jpg?imenable=1&impolicy=user-profile-picture&imwidth=100","69494","BlackIceV1","4215","840","20","4","776","-78","190","false","true","German","BlackIceV1"
"https://static-cdn.jtvnw.net/jtv_user_pictures/e5d8f70d-34d3-4a91-97cd-ae6fdfd2c272-profile_image-150x150.png?imenable=1&impolicy=user-profile-picture&imwidth=100","69495","CNaught","6030","1710","7","3","776","6","12","false","true","English","CNaught"
"https://static-cdn.jtvnw.net/jtv_user_pictures/lighterluke-profile_image-9843d87e3b1b1a2c-150x150.png?imenable=1&impolicy=user-profile-picture&imwidth=100","69496","LighterLuke","3570","3375","39","0","776","12","157","false","false","Russian","LighterLuke"
"https://static-cdn.jtvnw.net/jtv_user_pictures/ce2e55dcc1aa4814-profile_image-150x150.png?imenable=1&impolicy=user-profile-picture&imwidth=100","69497","SummonerEUW","228330","8370","91","26","776","412","982","false","false","Dutch","SummonerEUW"
"https://static-cdn.jtvnw.net/jtv_user_pictures/67cedaec1667c9d6-profile_image-150x150.png?imenable=1&impolicy=user-profile-picture&imwidth=100","69498","電競陳文茜 (zzzzzzzzzzzzzzch)","960","90","13","10","776","2","1","false","false","English","電競陳文茜 (zzzzzzzzzzzzzzch)"
"https://static-cdn.jtvnw.net/jtv_user_pictures/da609e9b-ca64-4d04-a3fa-9b7b06df9349-profile_image-150x150.png?imenable=1&impolicy=user-profile-picture&imwidth=100","69499","DunnyWasTaken","195","150","2","1","776","0","9","false","true","English","DunnyWasTaken"
"https://static-cdn.jtvnw.net/jtv_user_pictures/16fe5c11-6eb2-4b8c-8c1c-3623cba26b42-profile_image-150x150.png?imenable=1&impolicy=user-profile-picture&imwidth=100","69500","Aquidauanense","2970","810","9","3","776","22","185","false","false","Portuguese","Aquidauanense"