"","","Channel","Watch time","Stream time","Peak viewers","Average viewers","Followers","Followers gained","Views gained","Partnered","Mature","Language",""
"https://static-cdn.jtvnw.net/jtv_user_pictures/657a00f8-2cde-408e-848b-0d07bd5a5c23-profile_image-150x150.png?imenable=1&impolicy=user-profile-picture&imwidth=100","56301","DazzlingPrincess22","0","15","0","0","1093","0","0","false","false","English","DazzlingPrincess22"
"https://static-cdn.jtvnw.net/jtv_user_pictures/447b3fce-e61e-41dd-bddc-da32a39250cf-profile_image-150x150.png?imenable=1&impolicy=user-profile-picture&imwidth=100","56302","Doppelio","74280","8100","21","8","1093","8","343","false","true","English","Doppelio"
"https://static-cdn.jtvnw.net/jtv_user_pictures/azerothrt-profile_image-41360dd4411ea044-150x150.jpeg?imenable=1&impolicy=user-profile-picture&imwidth=100","56303","AzerothRT","5010","345","19","14","1093","2","53","false","false","English","AzerothRT"
"https://static-cdn.jtvnw.net/jtv_user_pictures/ethmar-profile_image-cf8abf090df94937-150x150.png?imenable=1&impolicy=user-profile-picture&imwidth=100","56304","ethmar","58380","5475","29","10","1093","39","281","false","false","English","ethmar"
"https://static-cdn.jtvnw.net/jtv_user_pictures/a3043cf1-c0e5-4388-8f39-8f7936c473bc-profile_image-150x150.jpeg?imenable=1&impolicy=user-profile-picture&imwidth=100","56305","Manuk_91","240","120","6","1","1092","1","16","false","true","German","Manuk_91"
"https://static-cdn.jtvnw.net/jtv_user_pictures/5yph0n-profile_image-759ff71cdcd7d9e9-150x150.jpeg?imenable=1&impolicy=user-profile-picture&imwidth=100","56306","5yph0n","19305","465","86","41","1092","23","11","false","false","","5yph0n"
"https://static-cdn.jtvnw.net/jtv_user_pictures/99f209ba-ca2a-43e4-b804-43cf27da11f8-profile_image-150x150.jpg?imenable=1&impolicy=user-profile-picture&imwidth=100","56307","hoyhitv","7515","3090","24","2","1092","26","284","false","false","Hungarian","hoyhitv"
"https://static-cdn.jtvnw.net/jtv_user_pictures/a3daa328-6154-4657-9a17-d7578f0bbfdb-profile_image-150x150.png?imenable=1&impolicy=user-profile-picture&imwidth=100","56308","Shadow_Assasins","0","30","1","0","1092","0","0","false","true","Portuguese","Shadow_Assasins"
"https://static-cdn.jtvnw.net/jtv_user_pictures/3bee20f8-6be0-4e66-ac67-4c619e2063f5-profile_image-150x150.png?imenable=1&impolicy=user-profile-picture&imwidth=100","56309","getchunky","885","300","7","2","1092","1","10","false","false","English","getchunky"
"https://static-cdn.jtvnw.net/jtv_user_pictures/339a5ac8-301c-4638-ad0a-a2bedcb710e2-profile_image-150x150.png?imenable=1&impolicy=user-profile-picture&imwidth=100","56310","GetshockOficial","14010","9135","9","1","1092","56","531","false","true","Portuguese","GetshockOficial"
"https://static-cdn.jtvnw.net/jtv_user_pictures/8da8ace3-27ed-4607-8ed4-0430f780aae4-profile_image-150x150.png?imenable=1&impolicy=user-profile-picture&imwidth=100","56311","iamlauralaguna","1620","180","20","9","1092","3","16","false","true","Spanish","iamlauralaguna"
"https://static-cdn.jtvnw.net/jtv_user_pictures/1c844241-eece-4979-b63f-3aa04a6e475d-profile_image-150x150.png?imenable=1&impolicy=user-profile-picture&imwidth=100","56312","Sirsmilealotz","930","615","4","1","1092","3","1","false","false","English","Sirsmilealotz"
"https://static-cdn.jtvnw.net/jtv_user_pictures/0b804168-a245-4ea2-a336-dd19f372b312-profile_image-150x150.png?imenable=1&impolicy=user-profile-picture&imwidth=100","56313","HAKKUHFAMILY","60135","15285","20","3","1092","-81","1009","false","true","Russian","HAKKUHFAMILY"
"https://static-cdn.jtvnw.net/jtv_user_pictures/ap_gem-profile_image-de5d00bb8144dbb0-150x150.jpeg?imenable=1&impolicy=user-profile-picture&imwidth=100","56314","Ap_gem","0","225","1","0","1092","-24","878","false","false","","Ap_gem"
"https://static-cdn.jtvnw.net/jtv_user_pictures/62ccceb0-2682-497a-8829-136382f4d760-profile_image-150x150.png?imenable=1&impolicy=user-profile-picture&imwidth=100","56315","Jkane","2550","600","46","4","1092","4","8","false","true","English","Jkane"
"https://static-cdn.jtvnw.net/jtv_user_pictures/laithycia-profile_image-afebe4540305598b-150x150.jpeg?imenable=1&impolicy=user-profile-picture&imwidth=100","56316","Laithycia","26370","3705","94","6","1092","217","647","false","true","French","Laithycia"
"https://static-cdn.jtvnw.net/jtv_user_pictures/80c196db-22f7-4c61-8242-668a35babb3d-profile_image-150x150.jpg?imenable=1&impolicy=user-profile-picture&imwidth=100","56317","egoistpati","7170","1005","15","6","1092","17","311","false","false","Turkish","egoistpati"
"https://static-cdn.jtvnw.net/user-default-pictures/cd618d3e-f14d-4960-b7cf-094231b04735-profile_image-150x150.jpg?imenable=1&impolicy=user-profile-picture&imwidth=100","56318","Preditor_killa","90","360","2","0","1092","4","0","false","false","English","Preditor_killa"
"https://static-cdn.jtvnw.net/jtv_user_pictures/aef42e33-2b6c-4e18-b3fa-04c80b085f44-profile_image-150x150.png?imenable=1&impolicy=user-profile-picture&imwidth=100","56319","Shram_O_o","60","165","4","0","1092","1","23","false","true","Russian","Shram_O_o"
"https://static-cdn.jtvnw.net/jtv_user_pictures/mortalmarksman-profile_image-06558bfe5ef0f388-150x150.png?imenable=1&impolicy=user-profile-picture&imwidth=100","56320","MortalMarksman","45","165","3","0","1092","1","0","false","false","English","MortalMarksman"
"https://static-cdn.jtvnw.net/jtv_user_pictures/4b3ca0c8-e955-474f-9b5c-f56e84aec98a-profile_image-150x150.png?imenable=1&impolicy=user-profile-picture&imwidth=100","56321","Proste_Krup","45","60","1","0","1092","0","8","false","true","Czech","Proste_Krup"
"https://static-cdn.jtvnw.net/jtv_user_pictures/darthjktu-profile_image-2e2196613ee435eb-150x150.jpeg?imenable=1&impolicy=user-profile-picture&imwidth=100","56322","Darthjktu","27690","2910","35","9","1092","36","560","false","true","Russian","Darthjktu"
"https://static-cdn.jtvnw.net/jtv_user_pictures/drow-profile_image-ed8144e251a831cd-150x150.jpeg?imenable=1&impolicy=user-profile-picture&imwidth=100","56323","drow","18285","2730","26","6","1092","5","183","false","true","English","drow"
"https://static-cdn.jtvnw.net/jtv_user_pictures/fisoly-profile_image-8aa60c8838ecc28b-150x150.jpeg?imenable=1&impolicy=user-profile-picture&imwidth=100","56324","Fisoly","14280","1080","80","12","1092","64","224","false","false","","Fisoly"
"https://static-cdn.jtvnw.net/jtv_user_pictures/blizyq8-profile_image-fb6e76b3e5018d45-150x150.png?imenable=1&impolicy=user-profile-picture&imwidth=100","56325","BlizyQ8","13365","2085","25","5","1092","40","727","false","false","Arabic","BlizyQ8"
"https://static-cdn.jtvnw.net/jtv_user_pictures/b4bd3399-1a07-4e6d-8fd3-586b0371a60a-profile_image-150x150.png?imenable=1&impolicy=user-profile-picture&imwidth=100","56326","EXPBonus","3945","480","17","7","1092","0","47","false","false","English","EXPBonus"
"https://static-cdn.jtvnw.net/jtv_user_pictures/8cb6a81e-1051-4727-a8cc-2c5059cba5fa-profile_image-150x150.png?imenable=1&impolicy=user-profile-picture&imwidth=100","56327","Gamen4Bros","55350","6075","57","8","1092","455","809","false","false","English","Gamen4Bros"
"https://static-cdn.jtvnw.net/jtv_user_pictures/25487152d6c99b95-profile_image-150x150.jpeg?imenable=1&impolicy=user-profile-picture&imwidth=100","56328","MagicMario","3330","2055","9","1","1092","3","7","false","true","English","MagicMario"
"https://static-cdn.jtvnw.net/jtv_user_pictures/luxehitomi-profile_image-9d6bf542d39c4c70-150x150.jpeg?imenable=1&impolicy=user-profile-picture&imwidth=100","56329","LuxeHitomi","270","315","2","0","1092","4","5","false","false","English","LuxeHitomi"
"https://static-cdn.jtvnw.net/jtv_user_pictures/youtube_fuzzion-profile_image-bb7f7f86cc09191d-150x150.png?imenable=1&impolicy=user-profile-picture&imwidth=100","56330","Youtube_FuZzioN","195","75","4","2","1092","0","0","false","false","","Youtube_FuZzioN"
"https://static-cdn.jtvnw.net/jtv_user_pictures/matrioiiika-profile_image-0754e66408c30bf7-150x150.jpeg?imenable=1&impolicy=user-profile-picture&imwidth=100","56331","MaTrIoIIIka","12915","2175","50","5","1092","37","455","false","true","","MaTrIoIIIka"
"https://static-cdn.jtvnw.net/user-default-pictures-uv/ce57700a-def9-11e9-842d-784f43822e80-profile_image-150x150.png?imenable=1&impolicy=user-profile-picture&imwidth=100","56332","museun","0","60","0","0","1092","0","0","false","false","English","museun"
"https://static-cdn.jtvnw.net/jtv_user_pictures/421f21a9-65ea-43af-adfa-c8115c2312ad-profile_image-150x150.jpeg?imenable=1&impolicy=user-profile-picture&imwidth=100","56333","Zoparwoman","2790","210","29","13","1092","3","12","false","false","Swedish","Zoparwoman"
"https://static-cdn.jtvnw.net/jtv_user_pictures/imlio-profile_image-602fcd5ddfa7c7de-150x150.png?imenable=1&impolicy=user-profile-picture&imwidth=100","56334","ImLio","915","195","9","4","1092","14","78","false","false","","ImLio"
"https://static-cdn.jtvnw.net/jtv_user_pictures/7677264e-e3f4-4a19-829f-778cf832167a-profile_image-150x150.png?imenable=1&impolicy=user-profile-picture&imwidth=100","56335","san_goku","645","405","4","1","1092","-1","29","false","true","French","san_goku"
"https://static-cdn.jtvnw.net/jtv_user_pictures/167dc11f-463e-45fb-a78a-a3f63ad02ec7-profile_image-150x150.jpg?imenable=1&impolicy=user-profile-picture&imwidth=100","56336","Adversaryy","3480","600","13","5","1092","13","17","false","false","English","Adversaryy"
"https://static-cdn.jtvnw.net/jtv_user_pictures/76b408e2-1caa-419a-ae06-a5056f2e5cca-profile_image-150x150.png?imenable=1&impolicy=user-profile-picture&imwidth=100","56337","Zoey_MonetXO","420","150","4","2","1092","-5","0","false","true","English","Zoey_MonetXO"
"https://static-cdn.jtvnw.net/jtv_user_pictures/da1a7b45-ffea-434a-a35e-6bf8880288a7-profile_image-150x150.png?imenable=1&impolicy=user-profile-picture&imwidth=100","56338","EXECWolf","6405","1290","39","4","1092","13","73","false","true","English","EXECWolf"
"https://static-cdn.jtvnw.net/jtv_user_pictures/55fc512b-8ce9-4792-a9d5-a1f62735eaf8-profile_image-150x150.jpg?imenable=1&impolicy=user-profile-picture&imwidth=100","56339","Misajpg","30705","2775","62","10","1092","152","585","false","true","English","Misajpg"
"https://static-cdn.jtvnw.net/jtv_user_pictures/emptyxd-profile_image-ee34ce093420e9c3-150x150.png?imenable=1&impolicy=user-profile-picture&imwidth=100","56340","emptyxD","25920","12840","11","1","1092","7","485","false","true","German","emptyxD"
"https://static-cdn.jtvnw.net/jtv_user_pictures/6826ea39-c5e6-4413-b20e-fec710120079-profile_image-150x150.png?imenable=1&impolicy=user-profile-picture&imwidth=100","56341","Pastelin","2685","1800","5","0","1092","11","177","false","true","Spanish","Pastelin"
"https://static-cdn.jtvnw.net/jtv_user_pictures/8cb0ddb3-4859-4ed9-9ff1-3171d29dec97-profile_image-150x150.png?imenable=1&impolicy=user-profile-picture&imwidth=100","56342","Pronkers","975","495","5","1","1092","2","16","false","true","English","Pronkers"
"https://static-cdn.jtvnw.net/jtv_user_pictures/michaelceblade-profile_image-afa6ac3f7150a8f6-150x150.png?imenable=1&impolicy=user-profile-picture&imwidth=100","56343","Michaelceblade","3885","2955","5","0","1092","2","20","false","false","English","Michaelceblade"
"https://static-cdn.jtvnw.net/jtv_user_pictures/farrko-profile_image-367b9026e5004e73-150x150.png?imenable=1&impolicy=user-profile-picture&imwidth=100","56344","faRRKO","15720","930","319","16","1092","-69","112","false","true","Swedish","faRRKO"
"https://static-cdn.jtvnw.net/jtv_user_pictures/randomgamer0813-profile_image-42cb136c80d21fb6-150x150.png?imenable=1&impolicy=user-profile-picture&imwidth=100","56345","RandomGamer0813","2610","585","14","4","1092","15","20","false","true","English","RandomGamer0813"
"https://static-cdn.jtvnw.net/jtv_user_pictures/odinav-profile_image-f4b208df3a3c806e-150x150.jpeg?imenable=1&impolicy=user-profile-picture&imwidth=100","56346","奧丁 (odinav)","38655","2940","38","12","1092","3","562","false","true","Chinese","奧丁 (odinav)"
"https://static-cdn.jtvnw.net/jtv_user_pictures/649b8b99-f52b-4e2e-a045-2d4b959240a7-profile_image-150x150.png?imenable=1&impolicy=user-profile-picture&imwidth=100","56347","TheAstropath","16740","1245","21","13","1092","8","39","false","false","English","TheAstropath"
"https://static-cdn.jtvnw.net/jtv_user_pictures/0f145ed9-6a01-48cb-a6f7-01009e954505-profile_image-150x150.png?imenable=1&impolicy=user-profile-picture&imwidth=100","56348","Awsumii","59400","5865","112","9","1092","70","434","false","false","English","Awsumii"
"https://static-cdn.jtvnw.net/jtv_user_pictures/dreightbit-profile_image-dc29846c5d70733a-150x150.jpeg?imenable=1&impolicy=user-profile-picture&imwidth=100","56349","DrEightBit","1725","315","11","5","1092","0","6","false","true","","DrEightBit"
"https://static-cdn.jtvnw.net/jtv_user_pictures/22166a8a6274c19d-profile_image-150x150.jpeg?imenable=1&impolicy=user-profile-picture&imwidth=100","56350","Tazfr213","15210","3555","16","3","1092","49","242","false","false","French","Tazfr213"
"https://static-cdn.jtvnw.net/jtv_user_pictures/cvillatv-profile_image-d357978305d236b1-150x150.jpeg?imenable=1&impolicy=user-profile-picture&imwidth=100","56351","CVillaTV","3780","2460","10","1","1091","4","38","false","false","English","CVillaTV"
"https://static-cdn.jtvnw.net/jtv_user_pictures/d32f7225-91c6-4ad1-8b1f-f1eddc88524d-profile_image-150x150.png?imenable=1&impolicy=user-profile-picture&imwidth=100","56352","Devon_Riley","11745","885","26","12","1091","60","40","false","true","English","Devon_Riley"
"https://static-cdn.jtvnw.net/jtv_user_pictures/1f5fd545-cfc1-4816-9feb-5be95474eb5b-profile_image-150x150.png?imenable=1&impolicy=user-profile-picture&imwidth=100","56353","MindblastTV","180","90","3","2","1091","0","0","false","true","German","MindblastTV"
"https://static-cdn.jtvnw.net/jtv_user_pictures/64665917-2f61-492a-b0d9-79468d831289-profile_image-150x150.png?imenable=1&impolicy=user-profile-picture&imwidth=100","56354","Murtork","0","45","0","0","1091","0","0","false","false","Russian","Murtork"
"https://static-cdn.jtvnw.net/jtv_user_pictures/hashtag_stain-profile_image-3bdf04e82ac5fd05-150x150.jpeg?imenable=1&impolicy=user-profile-picture&imwidth=100","56355","Hashtag_Stain","4830","1680","8","2","1091","15","68","false","false","German","Hashtag_Stain"
"https://static-cdn.jtvnw.net/jtv_user_pictures/dccadb1b-85a2-45e0-a6cb-5933c7c0517d-profile_image-150x150.png?imenable=1&impolicy=user-profile-picture&imwidth=100","56356","Durrun","4980","2865","15","1","1091","9","39","false","true","English","Durrun"
"https://static-cdn.jtvnw.net/jtv_user_pictures/3ec396e5-8a2f-490c-be8c-817e7f659cd7-profile_image-150x150.png?imenable=1&impolicy=user-profile-picture&imwidth=100","56357","DJ08673","4620","870","79","4","1091","18","25","false","false","German","DJ08673"
"https://static-cdn.jtvnw.net/jtv_user_pictures/63cf088fe7d03764-profile_image-150x150.png?imenable=1&impolicy=user-profile-picture&imwidth=100","56358","bonuxhd","30","30","1","1","1091","0","1","false","false","English","bonuxhd"
"https://static-cdn.jtvnw.net/jtv_user_pictures/57da2453-5336-4f6f-a3c9-6a29bea8ffa8-profile_image-150x150.png?imenable=1&impolicy=user-profile-picture&imwidth=100","56359","MrMrNightfox","6840","1110","12","5","1091","9","94","false","false","German","MrMrNightfox"
"https://static-cdn.jtvnw.net/jtv_user_pictures/lovrencic-profile_image-1d5852106aa1d13f-150x150.jpeg?imenable=1&impolicy=user-profile-picture&imwidth=100","56360","Lovrencic","1695","165","19","10","1091","1","39","false","false","Swedish","Lovrencic"
"https://static-cdn.jtvnw.net/jtv_user_pictures/e54a58e5180a153c-profile_image-150x150.jpeg?imenable=1&impolicy=user-profile-picture&imwidth=100","56361","RedZetetic","28980","705","104","40","1091","33","973","false","false","Russian","RedZetetic"
"https://static-cdn.jtvnw.net/jtv_user_pictures/42aaa0ed-104c-4a73-a2b7-95cac0e56821-profile_image-150x150.png?imenable=1&impolicy=user-profile-picture&imwidth=100","56362","knifeysam","1335","825","8","1","1091","7","43","false","false","English","knifeysam"
"https://static-cdn.jtvnw.net/jtv_user_pictures/flashenirl-profile_image-a651cabae36f1f0f-150x150.png?imenable=1&impolicy=user-profile-picture&imwidth=100","56363","FlashEnIRL","1065","45","27","23","1091","9","0","false","false","","FlashEnIRL"
"https://static-cdn.jtvnw.net/jtv_user_pictures/ff7bffcf-3cc9-4bd2-9e78-2b3a6ccd0f62-profile_image-150x150.png?imenable=1&impolicy=user-profile-picture&imwidth=100","56364","wedontlikemike","3795","1785","12","1","1091","17","106","false","true","English","wedontlikemike"
"https://static-cdn.jtvnw.net/jtv_user_pictures/xxxraketaxxx-profile_image-6c4b63245bba864c-150x150.jpeg?imenable=1&impolicy=user-profile-picture&imwidth=100","56365","xxxRAKETAxxx","6630","3810","12","1","1091","30","416","false","false","Russian","xxxRAKETAxxx"
"https://static-cdn.jtvnw.net/jtv_user_pictures/lanup-profile_image-2eb5f534f0514b25-150x150.jpeg?imenable=1&impolicy=user-profile-picture&imwidth=100","56366","LanUP","0","45","0","0","1091","0","0","false","false","English","LanUP"
"https://static-cdn.jtvnw.net/jtv_user_pictures/400e738288a6bb3c-profile_image-150x150.png?imenable=1&impolicy=user-profile-picture&imwidth=100","56367","WaleyTV","18135","3495","47","4","1091","36","99","false","true","German","WaleyTV"
"https://static-cdn.jtvnw.net/jtv_user_pictures/stormcloudjesus-profile_image-b546e0f3745ae97e-150x150.jpeg?imenable=1&impolicy=user-profile-picture&imwidth=100","56368","StormCloudJesus","645","435","4","1","1091","4","15","false","false","English","StormCloudJesus"
"https://static-cdn.jtvnw.net/jtv_user_pictures/toomutch69-profile_image-cc6ad2374e3748f8-150x150.png?imenable=1&impolicy=user-profile-picture&imwidth=100","56369","Toomutch69","15","30","1","0","1091","-5","3","false","false","","Toomutch69"
"https://static-cdn.jtvnw.net/jtv_user_pictures/6ad892b2-904f-4375-93c2-0bae7bfebe98-profile_image-150x150.jpeg?imenable=1&impolicy=user-profile-picture&imwidth=100","56370","NiloxOmega","465","330","6","0","1091","4","13","false","true","French","NiloxOmega"
"https://static-cdn.jtvnw.net/jtv_user_pictures/silencesheldon-profile_image-f504dd6fcb95cc34-150x150.png?imenable=1&impolicy=user-profile-picture&imwidth=100","56371","SilenceSheldon","6990","570","33","11","1091","22","54","false","true","English","SilenceSheldon"
"https://static-cdn.jtvnw.net/jtv_user_pictures/1f2d7375-f649-4f7b-9cfe-3daabddc5ce7-profile_image-150x150.png?imenable=1&impolicy=user-profile-picture&imwidth=100","56372","backhandpinball","22425","1110","63","19","1091","77","196","false","true","English","backhandpinball"
"https://static-cdn.jtvnw.net/jtv_user_pictures/roosbert-profile_image-9b3b1c4553fd22f7-150x150.png?imenable=1&impolicy=user-profile-picture&imwidth=100","56373","roosbert","1800","1425","6","0","1091","13","71","false","false","German","roosbert"
"https://static-cdn.jtvnw.net/jtv_user_pictures/ad79e246-2db3-4011-9c49-8f734f70d1e7-profile_image-150x150.png?imenable=1&impolicy=user-profile-picture&imwidth=100","56374","Velziplay","1050","315","10","3","1091","1","112","false","false","Russian","Velziplay"
"https://static-cdn.jtvnw.net/jtv_user_pictures/7e3a9746-46a9-438d-96a5-9d2890432a03-profile_image-150x150.png?imenable=1&impolicy=user-profile-picture&imwidth=100","56375","AgentBerry","0","45","1","0","1091","-1","17","false","true","Russian","AgentBerry"
"https://static-cdn.jtvnw.net/jtv_user_pictures/dimplestv-profile_image-5a527fab91acb1a6-150x150.png?imenable=1&impolicy=user-profile-picture&imwidth=100","56376","DimplesTV","225","165","2","1","1091","-2","10","false","false","English","DimplesTV"
"https://static-cdn.jtvnw.net/jtv_user_pictures/31ea0306842c14f2-profile_image-150x150.jpeg?imenable=1&impolicy=user-profile-picture&imwidth=100","56377","Miggytron","63600","5115","150","11","1091","41","281","false","false","English","Miggytron"
"https://static-cdn.jtvnw.net/jtv_user_pictures/5043460c-8729-46be-b942-1f6c5caa4ac0-profile_image-150x150.png?imenable=1&impolicy=user-profile-picture&imwidth=100","56378","tio_stich_","9645","1845","12","4","1091","22","195","false","false","Spanish","tio_stich_"
"https://static-cdn.jtvnw.net/jtv_user_pictures/ed61f654-bbdb-489a-8937-3945591aa85b-profile_image-150x150.png?imenable=1&impolicy=user-profile-picture&imwidth=100","56379","katikatze","30150","4005","43","7","1091","132","997","false","true","German","katikatze"
"https://static-cdn.jtvnw.net/jtv_user_pictures/meikong4-profile_image-4804b6dff540ada0-150x150.jpeg?imenable=1&impolicy=user-profile-picture&imwidth=100","56380","meikong4","15030","975","86","15","1091","97","62","false","false","","meikong4"
"https://static-cdn.jtvnw.net/jtv_user_pictures/labombe_karima-profile_image-e320e8a58a598da8-150x150.jpeg?imenable=1&impolicy=user-profile-picture&imwidth=100","56381","Labombe_karima","26265","3855","104","6","1090","57","172","false","false","","Labombe_karima"
"https://static-cdn.jtvnw.net/jtv_user_pictures/287f5819-4528-4bb1-8449-0a1d61b0e1ae-profile_image-150x150.png?imenable=1&impolicy=user-profile-picture&imwidth=100","56382","GoXxLy","330","225","5","0","1090","2","9","false","true","English","GoXxLy"
"https://static-cdn.jtvnw.net/jtv_user_pictures/3a90e567-0378-4f4a-a557-0726f07e9b20-profile_image-150x150.png?imenable=1&impolicy=user-profile-picture&imwidth=100","56383","MaRtiNeskoTV","4140","1710","12","2","1090","12","415","false","true","English","MaRtiNeskoTV"
"https://static-cdn.jtvnw.net/jtv_user_pictures/05b80c4b-94ed-4852-bc1c-47d18fb43226-profile_image-150x150.png?imenable=1&impolicy=user-profile-picture&imwidth=100","56384","DijonLive","15","15","1","1","1090","0","0","false","true","English","DijonLive"
"https://static-cdn.jtvnw.net/jtv_user_pictures/76a03d15-1bab-4ebe-813c-5aa0fc79b1d4-profile_image-150x150.png?imenable=1&impolicy=user-profile-picture&imwidth=100","56385","VetRy85","38625","11925","48","2","1090","77","106","false","true","English","VetRy85"
"https://static-cdn.jtvnw.net/jtv_user_pictures/dd279cc9-99dc-45f1-bc83-adab6bc3489a-profile_image-150x150.png?imenable=1&impolicy=user-profile-picture&imwidth=100","56386","Snowslide","3960","2520","6","1","1090","10","123","false","false","Russian","Snowslide"
"https://static-cdn.jtvnw.net/jtv_user_pictures/bleydbr-profile_image-a94b2752fc2b2a54-150x150.jpeg?imenable=1&impolicy=user-profile-picture&imwidth=100","56387","Bleydbr","13200","7380","26","1","1090","125","1036","false","true","Portuguese","Bleydbr"
"https://static-cdn.jtvnw.net/jtv_user_pictures/aziel_tv-profile_image-e34d28c0fbf52699-150x150.png?imenable=1&impolicy=user-profile-picture&imwidth=100","56388","Aziel_tv","20265","1215","49","16","1090","339","399","false","false","English","Aziel_tv"
"https://static-cdn.jtvnw.net/jtv_user_pictures/kotyrobert5177-profile_image-239db6791b55ff38-150x150.png?imenable=1&impolicy=user-profile-picture&imwidth=100","56389","Kotyrobert5177","27570","6645","17","3","1090","153","252","false","true","English","Kotyrobert5177"
"https://static-cdn.jtvnw.net/jtv_user_pictures/b75235e5-2fc5-4fac-b10c-b32610c4dd9f-profile_image-150x150.png?imenable=1&impolicy=user-profile-picture&imwidth=100","56390","EpicToastie","0","15","0","0","1090","0","0","false","true","English","EpicToastie"
"https://static-cdn.jtvnw.net/jtv_user_pictures/d122069f-a075-4775-9448-f574204f2757-profile_image-150x150.png?imenable=1&impolicy=user-profile-picture&imwidth=100","56391","Mtgosalseo","30570","735","74","41","1090","39","438","false","true","Spanish","Mtgosalseo"
"https://static-cdn.jtvnw.net/jtv_user_pictures/314453da-1661-4137-b7a9-2b59f18afc9e-profile_image-150x150.png?imenable=1&impolicy=user-profile-picture&imwidth=100","56392","MrStanDu33","1335","660","8","1","1090","-1","34","false","true","French","MrStanDu33"
"https://static-cdn.jtvnw.net/jtv_user_pictures/c101e8e0-44cb-44e3-aae9-a193bc89b1ec-profile_image-150x150.jpg?imenable=1&impolicy=user-profile-picture&imwidth=100","56393","Whatsoup","1290","120","14","10","1090","1","1","false","false","English","Whatsoup"
"https://static-cdn.jtvnw.net/jtv_user_pictures/0c47d9c1-23be-4592-9fed-81f18dc0818e-profile_image-150x150.jpg?imenable=1&impolicy=user-profile-picture&imwidth=100","56394","BloodyCrazyGamer","2025","255","15","7","1090","2","20","false","true","English","BloodyCrazyGamer"
"https://static-cdn.jtvnw.net/jtv_user_pictures/87ef492ba840a6e2-profile_image-150x150.png?imenable=1&impolicy=user-profile-picture&imwidth=100","56395","Fireema","1605","3600","5","0","1090","16","39","false","true","English","Fireema"
"https://static-cdn.jtvnw.net/jtv_user_pictures/d39d3631-49e9-4c80-84ef-2b80a668ffc2-profile_image-150x150.png?imenable=1&impolicy=user-profile-picture&imwidth=100","56396","TheBlackFro","270","240","3","0","1090","0","2","false","true","English","TheBlackFro"
"https://static-cdn.jtvnw.net/jtv_user_pictures/ee4589f590f98ea8-profile_image-150x150.png?imenable=1&impolicy=user-profile-picture&imwidth=100","56397","MintBlais","10215","3165","8","2","1090","41","130","false","false","English","MintBlais"
"https://static-cdn.jtvnw.net/jtv_user_pictures/dav0ke-profile_image-a4e6ee22f1e7469b-150x150.jpeg?imenable=1&impolicy=user-profile-picture&imwidth=100","56398","dav0ke","14370","765","115","18","1090","16","32","false","true","French","dav0ke"
"https://static-cdn.jtvnw.net/jtv_user_pictures/jamorelol-profile_image-15d6d6f66e9021ac-150x150.jpeg?imenable=1&impolicy=user-profile-picture&imwidth=100","56399","JamoreLoL","106185","10845","84","9","1090","121","987","false","true","English","JamoreLoL"
"https://static-cdn.jtvnw.net/jtv_user_pictures/3b65f331-e970-4dc8-83ef-077c0e05a246-profile_image-150x150.png?imenable=1&impolicy=user-profile-picture&imwidth=100","56400","K1st0NeTV","2100","750","7","2","1090","1","73","false","false","German","K1st0NeTV"