"","","Channel","Watch time","Stream time","Peak viewers","Average viewers","Followers","Followers gained","Views gained","Partnered","Mature","Language",""
"https://static-cdn.jtvnw.net/jtv_user_pictures/6352c34d-229e-4de5-be40-52545bb85e84-profile_image-150x150.png?imenable=1&impolicy=user-profile-picture&imwidth=100","4701","cslesportsgg2","810","810","5","0","34077","-12","235","true","false","English","cslesportsgg2"
"https://static-cdn.jtvnw.net/jtv_user_pictures/7ad5058b-89ef-4221-91d7-fe5d34de7d4f-profile_image-150x150.png?imenable=1&impolicy=user-profile-picture&imwidth=100","4702","bigbrellz007","60","75","3","0","34052","1","2","true","false","English","bigbrellz007"
"https://static-cdn.jtvnw.net/jtv_user_pictures/fa00ab88-ca3b-4e67-bdf3-c047ed0d60e4-profile_image-150x150.png?imenable=1&impolicy=user-profile-picture&imwidth=100","4703","ohnips","275445","1560","611","176","34051","1215","3024","true","true","English","ohnips"
"https://static-cdn.jtvnw.net/jtv_user_pictures/105293ea-4141-48e7-b032-4c7fe1d69d54-profile_image-150x150.png?imenable=1&impolicy=user-profile-picture&imwidth=100","4704","damziz","360","90","8","4","34032","37","121","true","false","French","damziz"
"https://static-cdn.jtvnw.net/jtv_user_pictures/haumph-profile_image-a0e29a91ec47d47d-150x150.jpeg?imenable=1&impolicy=user-profile-picture&imwidth=100","4705","HAUMPH","8208420","6135","3302","1337","34031","1137","36818","true","false","English","HAUMPH"
"https://static-cdn.jtvnw.net/jtv_user_pictures/0f571c7c-19c0-4ecc-a0b3-3bfd9be7632b-profile_image-150x150.png?imenable=1&impolicy=user-profile-picture&imwidth=100","4706","TwinZzz_Qc","114540","9000","114","12","34024","252","502","true","true","French","TwinZzz_Qc"
"https://static-cdn.jtvnw.net/jtv_user_pictures/0aa16be6-0aa0-4095-a435-bb89bdc001cd-profile_image-150x150.png?imenable=1&impolicy=user-profile-picture&imwidth=100","4707","usedpizza","624645","2190","1005","285","34013","614","18514","true","false","English","usedpizza"
"https://static-cdn.jtvnw.net/jtv_user_pictures/d5c2b281-29d3-471f-80af-413f5f1410ee-profile_image-150x150.png?imenable=1&impolicy=user-profile-picture&imwidth=100","4708","Coach_Mo_","841365","7185","282","116","34010","782","1315","true","true","English","Coach_Mo_"
"https://static-cdn.jtvnw.net/jtv_user_pictures/munchikinhwa-profile_image-a75912907faef6f6-150x150.jpeg?imenable=1&impolicy=user-profile-picture&imwidth=100","4709","노력왕먼치 (munchikinhwa)","706740","10020","413","70","34004","421","9575","true","false","Korean","노력왕먼치 (munchikinhwa)"
"https://static-cdn.jtvnw.net/jtv_user_pictures/bebopvox-profile_image-36d1490107991577-150x150.jpeg?imenable=1&impolicy=user-profile-picture&imwidth=100","4710","Bebopvox","8400","420","31","19","34003","-44","108","true","false","","Bebopvox"
"https://static-cdn.jtvnw.net/jtv_user_pictures/djkurtsc-profile_image-d4d416bf685e2c05-150x150.png?imenable=1&impolicy=user-profile-picture&imwidth=100","4711","DJKurtSc","699690","9690","158","71","34002","921","1289","true","false","English","DJKurtSc"
"https://static-cdn.jtvnw.net/jtv_user_pictures/feae78da-05dc-48df-bea9-c6648eff952b-profile_image-150x150.png?imenable=1&impolicy=user-profile-picture&imwidth=100","4712","VETOED","27555","690","90","39","34001","96","106","true","false","English","VETOED"
"https://static-cdn.jtvnw.net/jtv_user_pictures/5dd66030-d681-4ce7-b8a6-bbf48a2aaff6-profile_image-150x150.png?imenable=1&impolicy=user-profile-picture&imwidth=100","4713","HoneyBeeCommandeur","99930","465","570","214","33992","195","788","true","false","English","HoneyBeeCommandeur"
"https://static-cdn.jtvnw.net/jtv_user_pictures/4151e847-67ba-4b87-a7bf-9369c1281360-profile_image-150x150.png?imenable=1&impolicy=user-profile-picture&imwidth=100","4714","Lilshadoww","5100","1650","7","2","33972","9","32","false","false","English","Lilshadoww"
"https://static-cdn.jtvnw.net/jtv_user_pictures/officialclickarn-profile_image-57dbfb687e6930b6-150x150.jpeg?imenable=1&impolicy=user-profile-picture&imwidth=100","4715","OfficialClickarn","679125","9810","173","68","33965","148","5377","true","false","Swedish","OfficialClickarn"
"https://static-cdn.jtvnw.net/jtv_user_pictures/f757f52f-35d7-4e21-a11d-56496e556ed3-profile_image-150x150.png?imenable=1&impolicy=user-profile-picture&imwidth=100","4716","AjiraKimberly","210450","9300","72","22","33951","411","1457","true","true","English","AjiraKimberly"
"https://static-cdn.jtvnw.net/jtv_user_pictures/43a2dd0c-6b90-44ea-b5b5-b0a3ef2d903d-profile_image-150x150.png?imenable=1&impolicy=user-profile-picture&imwidth=100","4717","Lvsyan","965835","4620","590","208","33899","1196","14736","true","false","Spanish","Lvsyan"
"https://static-cdn.jtvnw.net/jtv_user_pictures/datowl-profile_image-e43842556a27accd-150x150.jpeg?imenable=1&impolicy=user-profile-picture&imwidth=100","4718","DatOwl","911235","7845","313","115","33883","-1696","6769","false","false","English","DatOwl"
"https://static-cdn.jtvnw.net/jtv_user_pictures/7b0b757a-45fc-4c22-aa99-4f9c6f6d7446-profile_image-150x150.png?imenable=1&impolicy=user-profile-picture&imwidth=100","4719","Nilson1489","14790","6270","8","2","33871","38","68","true","false","German","Nilson1489"
"https://static-cdn.jtvnw.net/jtv_user_pictures/48691ac7-3abb-4009-ab93-99bd7e9ce4e0-profile_image-150x150.png?imenable=1&impolicy=user-profile-picture&imwidth=100","4720","MockitLeague","162060","1905","476","84","33853","455","1500","true","false","English","MockitLeague"
"https://static-cdn.jtvnw.net/jtv_user_pictures/dd297b6c-56f2-4be8-a2a9-00bed72f41d5-profile_image-150x150.png?imenable=1&impolicy=user-profile-picture&imwidth=100","4721","discohengo","1371075","3420","1314","400","33849","3856","11016","true","false","German","discohengo"
"https://static-cdn.jtvnw.net/jtv_user_pictures/f26f1e4f-31e2-40eb-8b48-97ac61e75324-profile_image-150x150.jpg?imenable=1&impolicy=user-profile-picture&imwidth=100","4722","Rexzilla","5130","1440","11","3","33845","18","67","true","false","English","Rexzilla"
"https://static-cdn.jtvnw.net/jtv_user_pictures/cbe444b6-4c09-4e2a-ae2e-19b7bd7c58da-profile_image-150x150.png?imenable=1&impolicy=user-profile-picture&imwidth=100","4723","Linvalin","186435","6735","189","27","33844","523","2144","true","false","English","Linvalin"
"https://static-cdn.jtvnw.net/jtv_user_pictures/18d914c5-1579-491c-b666-19bbcc7206af-profile_image-150x150.png?imenable=1&impolicy=user-profile-picture&imwidth=100","4724","HerniBastardi","467310","4935","573","94","33843","1537","2200","true","false","Czech","HerniBastardi"
"https://static-cdn.jtvnw.net/jtv_user_pictures/detonator_robin-profile_image-69d91b7813f65918-150x150.jpeg?imenable=1&impolicy=user-profile-picture&imwidth=100","4725","ろびんびん (detonator_robin)","95835","1815","108","52","33830","134","1660","true","false","Japanese","ろびんびん (detonator_robin)"
"https://static-cdn.jtvnw.net/jtv_user_pictures/156539a0-aec5-4d54-a87d-36b78cbf62c7-profile_image-150x150.png?imenable=1&impolicy=user-profile-picture&imwidth=100","4726","soleXxs_","560955","3540","500","157","33829","765","4829","true","false","German","soleXxs_"
"https://static-cdn.jtvnw.net/jtv_user_pictures/ad4fc4ac-f6cb-4175-9f5f-3ec8b0160915-profile_image-150x150.png?imenable=1&impolicy=user-profile-picture&imwidth=100","4727","Paikute","761445","5640","382","134","33821","-265","14630","true","true","English","Paikute"
"https://static-cdn.jtvnw.net/jtv_user_pictures/ezorfr-profile_image-18f7444ebef1a0d4-150x150.jpeg?imenable=1&impolicy=user-profile-picture&imwidth=100","4728","EzorFR","172050","3045","140","55","33815","1215","5850","true","false","French","EzorFR"
"https://static-cdn.jtvnw.net/jtv_user_pictures/8fd37892-359c-4192-872e-f9269a9d234a-profile_image-150x150.png?imenable=1&impolicy=user-profile-picture&imwidth=100","4729","typeForced","1027695","8535","325","119","33797","-366","3068","true","false","English","typeForced"
"https://static-cdn.jtvnw.net/jtv_user_pictures/253bac4b-0cea-4836-81b9-dd87699d97af-profile_image-150x150.png?imenable=1&impolicy=user-profile-picture&imwidth=100","4730","NadeTK_","54405","2325","58","23","33793","209","1394","true","false","Italian","NadeTK_"
"https://static-cdn.jtvnw.net/jtv_user_pictures/f3543a95-1814-4c4c-a89c-f2e1f50a281c-profile_image-150x150.png?imenable=1&impolicy=user-profile-picture&imwidth=100","4731","NerdFireYT","24675","1005","147","24","33793","85","254","true","false","English","NerdFireYT"
"https://static-cdn.jtvnw.net/jtv_user_pictures/bebf649d-d46d-409f-aa67-e51e30786558-profile_image-150x150.png?imenable=1&impolicy=user-profile-picture&imwidth=100","4732","Lovinurstyle","36600","5850","27","5","33789","192","399","false","true","English","Lovinurstyle"
"https://static-cdn.jtvnw.net/jtv_user_pictures/ed92323a-e3a4-431f-9ca5-350b110cc07b-profile_image-150x150.png?imenable=1&impolicy=user-profile-picture&imwidth=100","4733","kotwicz91","106530","2880","403","36","33775","596","11040","true","false","Polish","kotwicz91"
"https://static-cdn.jtvnw.net/jtv_user_pictures/e77b0213-4756-471e-a527-5ea83860378c-profile_image-150x150.png?imenable=1&impolicy=user-profile-picture&imwidth=100","4734","Bamf","137955","3975","275","34","33765","-56","6396","true","true","English","Bamf"
"https://static-cdn.jtvnw.net/jtv_user_pictures/742cd6df-ae44-4ac2-8b41-c39f0a4e7bad-profile_image-150x150.png?imenable=1&impolicy=user-profile-picture&imwidth=100","4735","krukz","312960","8835","105","35","33746","-248","2720","true","true","English","krukz"
"https://static-cdn.jtvnw.net/jtv_user_pictures/seedsc-profile_image-9d8d7e090d091c20-150x150.png?imenable=1&impolicy=user-profile-picture&imwidth=100","4736","SeedSC","1116915","22440","114","49","33745","2717","9510","false","false","English","SeedSC"
"https://static-cdn.jtvnw.net/jtv_user_pictures/72b9678c-6b12-4292-8714-5cca6d37806c-profile_image-150x150.png?imenable=1&impolicy=user-profile-picture&imwidth=100","4737","TomyCatt","23130","225","155","102","33732","239","432","true","false","Spanish","TomyCatt"
"https://static-cdn.jtvnw.net/jtv_user_pictures/pyropuncher-profile_image-e0f823fb232b6eb9-150x150.jpeg?imenable=1&impolicy=user-profile-picture&imwidth=100","4738","Pyropuncher","166770","1320","376","125","33731","574","1892","true","false","English","Pyropuncher"
"https://static-cdn.jtvnw.net/jtv_user_pictures/3a2fafc4-fa21-44b7-bdb8-b6869d482e74-profile_image-150x150.png?imenable=1&impolicy=user-profile-picture&imwidth=100","4739","Juxto","45345","4140","114","10","33725","331","1058","false","true","English","Juxto"
"https://static-cdn.jtvnw.net/jtv_user_pictures/d1d25d52-c6c2-4d89-957a-1980a856ad0a-profile_image-150x150.jpg?imenable=1&impolicy=user-profile-picture&imwidth=100","4740","MargauxBrooke","1335","525","7","1","33704","13","27","true","true","English","MargauxBrooke"
"https://static-cdn.jtvnw.net/jtv_user_pictures/5c8eeb16d3e8ff77-profile_image-150x150.png?imenable=1&impolicy=user-profile-picture&imwidth=100","4741","GumaGames","145260","16380","93","8","33689","343","7475","true","true","Portuguese","GumaGames"
"https://static-cdn.jtvnw.net/jtv_user_pictures/5bb26517-48bd-4e5c-89c4-be80dd33dd11-profile_image-150x150.jpg?imenable=1&impolicy=user-profile-picture&imwidth=100","4742","LIFFEX","968670","6480","1069","149","33634","2396","27662","true","false","Russian","LIFFEX"
"https://static-cdn.jtvnw.net/jtv_user_pictures/c0eac791-a905-444e-88d7-0e691a4110cd-profile_image-150x150.png?imenable=1&impolicy=user-profile-picture&imwidth=100","4743","StreamiiiTV","348360","12870","69","26","33632","153","7639","true","false","Italian","StreamiiiTV"
"https://static-cdn.jtvnw.net/jtv_user_pictures/03c4fc8d-3dd5-4da9-a621-6cf1c31987ab-profile_image-150x150.png?imenable=1&impolicy=user-profile-picture&imwidth=100","4744","ThatsFootballTV","1262100","10245","304","122","33630","1853","9566","true","true","German","ThatsFootballTV"
"https://static-cdn.jtvnw.net/jtv_user_pictures/8818dc91-22b4-4e96-9b84-49db215bfece-profile_image-150x150.jpg?imenable=1&impolicy=user-profile-picture&imwidth=100","4745","seriesofblurs","562875","6375","194","87","33623","1157","5187","true","true","English","seriesofblurs"
"https://static-cdn.jtvnw.net/jtv_user_pictures/2e794b33-6fcb-4468-a020-71586c5ca805-profile_image-150x150.jpeg?imenable=1&impolicy=user-profile-picture&imwidth=100","4746","Elfiona","2772330","8280","2098","334","33618","1618","42915","true","false","Russian","Elfiona"
"https://static-cdn.jtvnw.net/jtv_user_pictures/92991619-46d8-4fdc-a242-cc75c2713653-profile_image-150x150.jpg?imenable=1&impolicy=user-profile-picture&imwidth=100","4747","Angelina031","178260","1950","276","90","33616","1015","11672","false","false","Russian","Angelina031"
"https://static-cdn.jtvnw.net/jtv_user_pictures/7a92c1be-bcd3-43b8-a492-906c564a19aa-profile_image-150x150.jpg?imenable=1&impolicy=user-profile-picture&imwidth=100","4748","Brose","177030","13515","68","12","33605","188","412","true","true","English","Brose"
"https://static-cdn.jtvnw.net/jtv_user_pictures/050ba03b-34f1-496d-a443-f0fb589c5f9e-profile_image-150x150.png?imenable=1&impolicy=user-profile-picture&imwidth=100","4749","Ivelknow","150","105","4","1","33598","-1","6","false","false","Russian","Ivelknow"
"https://static-cdn.jtvnw.net/jtv_user_pictures/1e4bb1ef-82ff-48d3-97cd-256bedac4016-profile_image-150x150.png?imenable=1&impolicy=user-profile-picture&imwidth=100","4750","PamellaRibeiro25","22440","720","76","30","33574","142","767","true","false","Portuguese","PamellaRibeiro25"