"","","Channel","Watch time","Stream time","Peak viewers","Average viewers","Followers","Followers gained","Views gained","Partnered","Mature","Language",""
"https://static-cdn.jtvnw.net/jtv_user_pictures/digring-profile_image-44f994b48f875004-150x150.jpeg?imenable=1&impolicy=user-profile-picture&imwidth=100","84301","DigRing","1560","105","19","14","559","30","45","false","true","English","DigRing"
"https://static-cdn.jtvnw.net/jtv_user_pictures/a6dee2ae-2bc2-47dd-8e1b-b02dcaf62fa6-profile_image-150x150.png?imenable=1&impolicy=user-profile-picture&imwidth=100","84302","InfaMouseMatt","23160","2880","22","7","559","31","238","false","true","English","InfaMouseMatt"
"https://static-cdn.jtvnw.net/jtv_user_pictures/6930dc43-5e2c-48d2-8682-95fe4784d095-profile_image-150x150.png?imenable=1&impolicy=user-profile-picture&imwidth=100","84303","TimmahOTool","6285","3600","8","1","559","5","42","false","true","English","TimmahOTool"
"https://static-cdn.jtvnw.net/jtv_user_pictures/ghstmarauder-profile_image-2eb5f77c31a04320-150x150.png?imenable=1&impolicy=user-profile-picture&imwidth=100","84304","Ghstmarauder","1410","585","4","2","559","0","10","false","true","English","Ghstmarauder"
"https://static-cdn.jtvnw.net/jtv_user_pictures/e522ed2b-66bb-4193-b843-449a91abd1e8-profile_image-150x150.jpg?imenable=1&impolicy=user-profile-picture&imwidth=100","84305","DaaTrottL","0","165","1","0","559","-1","26","false","false","German","DaaTrottL"
"https://static-cdn.jtvnw.net/jtv_user_pictures/db100fc7-479c-4311-a9e6-acb968b538cb-profile_image-150x150.png?imenable=1&impolicy=user-profile-picture&imwidth=100","84306","Fnatical_tv","29520","7035","86","3","559","172","565","false","false","English","Fnatical_tv"
"https://static-cdn.jtvnw.net/jtv_user_pictures/thawalkv2-profile_image-abf2f43f97fe79ae-150x150.png?imenable=1&impolicy=user-profile-picture&imwidth=100","84307","ThaWalkV2","1215","1125","3","0","559","2","2","false","false","English","ThaWalkV2"
"https://static-cdn.jtvnw.net/jtv_user_pictures/rawwre-profile_image-721f0854fa1215f9-150x150.png?imenable=1&impolicy=user-profile-picture&imwidth=100","84308","rawwre","19230","2190","62","8","559","83","833","false","false","English","rawwre"
"https://static-cdn.jtvnw.net/jtv_user_pictures/71885c720f84d4a1-profile_image-150x150.png?imenable=1&impolicy=user-profile-picture&imwidth=100","84309","Fighter","915","240","9","3","559","2","7","true","false","English","Fighter"
"https://static-cdn.jtvnw.net/jtv_user_pictures/handylions4rawr-profile_image-528bdb9d3f2eec7f-150x150.jpeg?imenable=1&impolicy=user-profile-picture&imwidth=100","84310","HandyLions4RAWR","885","465","3","1","559","1","8","false","true","English","HandyLions4RAWR"
"https://static-cdn.jtvnw.net/jtv_user_pictures/theblur7-profile_image-b932b3c329c462b5-150x150.png?imenable=1&impolicy=user-profile-picture&imwidth=100","84311","TheBlur7","7035","1125","26","5","559","75","189","false","false","English","TheBlur7"
"https://static-cdn.jtvnw.net/jtv_user_pictures/428410d5-a632-4140-b7fb-739b1de657f6-profile_image-150x150.png?imenable=1&impolicy=user-profile-picture&imwidth=100","84312","ContainsAnime","6300","1395","9","4","559","10","75","false","false","English","ContainsAnime"
"https://static-cdn.jtvnw.net/jtv_user_pictures/17775749-a4f9-498a-a022-ae2e242f4b08-profile_image-150x150.png?imenable=1&impolicy=user-profile-picture&imwidth=100","84313","Ph0enixxx","3870","2340","6","1","559","11","89","false","false","Russian","Ph0enixxx"
"https://static-cdn.jtvnw.net/jtv_user_pictures/atwinparadox2-profile_image-0475217d5101317e-150x150.jpeg?imenable=1&impolicy=user-profile-picture&imwidth=100","84314","aTwinParadox2","10935","3360","9","2","559","5","89","false","true","English","aTwinParadox2"
"https://static-cdn.jtvnw.net/jtv_user_pictures/rampagerev-profile_image-2d2f3bf349f7fd46-150x150.jpeg?imenable=1&impolicy=user-profile-picture&imwidth=100","84315","RamPagerev","225","180","2","1","559","-5","1","false","false","English","RamPagerev"
"https://static-cdn.jtvnw.net/jtv_user_pictures/zookervinc78-profile_image-15029fe8e09cf34c-150x150.png?imenable=1&impolicy=user-profile-picture&imwidth=100","84316","Zookervinc78","4200","3315","5","1","559","11","30","false","false","French","Zookervinc78"
"https://static-cdn.jtvnw.net/jtv_user_pictures/fourstargeneral22-profile_image-8f252c35b7dc41a4-150x150.png?imenable=1&impolicy=user-profile-picture&imwidth=100","84317","Fourstargeneral22","2895","930","9","2","559","3","25","false","false","English","Fourstargeneral22"
"https://static-cdn.jtvnw.net/jtv_user_pictures/0e5a63afe5489e5b-profile_image-150x150.jpeg?imenable=1&impolicy=user-profile-picture&imwidth=100","84318","soccer_fan_19","1485","465","6","2","559","0","0","false","false","English","soccer_fan_19"
"https://static-cdn.jtvnw.net/jtv_user_pictures/83edafb6-e31d-416a-9f57-8636bd0e21c3-profile_image-150x150.png?imenable=1&impolicy=user-profile-picture&imwidth=100","84319","Sharick","2760","1275","8","1","559","0","92","false","false","English","Sharick"
"https://static-cdn.jtvnw.net/jtv_user_pictures/thunderstorm0-profile_image-3b21b9cbd8363826-150x150.jpeg?imenable=1&impolicy=user-profile-picture&imwidth=100","84320","Thunderstorm0","3030","1815","8","1","559","11","100","false","true","English","Thunderstorm0"
"https://static-cdn.jtvnw.net/jtv_user_pictures/6ea3bee2-7b37-4535-b1ba-0d68f9a49cdc-profile_image-150x150.png?imenable=1&impolicy=user-profile-picture&imwidth=100","84321","xNecate","30675","2550","34","11","559","-1","545","false","true","French","xNecate"
"https://static-cdn.jtvnw.net/jtv_user_pictures/ab34a9ac-56c5-4edc-b736-b038419d23ab-profile_image-150x150.png?imenable=1&impolicy=user-profile-picture&imwidth=100","84322","GoBobu","12510","2205","13","5","559","1","15","false","true","English","GoBobu"
"https://static-cdn.jtvnw.net/jtv_user_pictures/9b5ffa17-5c1b-4864-93da-b7f6ccc6e41c-profile_image-150x150.jpg?imenable=1&impolicy=user-profile-picture&imwidth=100","84323","Dewdney","3450","1605","7","1","559","6","8","false","true","English","Dewdney"
"https://static-cdn.jtvnw.net/jtv_user_pictures/blue_haze_x-profile_image-cfad82e9e8ce52c8-150x150.jpeg?imenable=1&impolicy=user-profile-picture&imwidth=100","84324","Blue_HaZe_x","150","195","3","0","559","0","1","false","true","French","Blue_HaZe_x"
"https://static-cdn.jtvnw.net/jtv_user_pictures/0c9d23c1-6122-4344-93f3-8f881f4c8fd9-profile_image-150x150.png?imenable=1&impolicy=user-profile-picture&imwidth=100","84325","moeko","9330","1905","19","4","559","5","204","false","true","French","moeko"
"https://static-cdn.jtvnw.net/jtv_user_pictures/xtremedwarf_ussc-profile_image-83822f5649534189-150x150.jpeg?imenable=1&impolicy=user-profile-picture&imwidth=100","84326","Xtremedwarf_ussc","1680","345","9","4","559","2","7","false","false","English","Xtremedwarf_ussc"
"https://static-cdn.jtvnw.net/jtv_user_pictures/rockenroll4life-profile_image-1c0412c0c2ce744e-150x150.jpeg?imenable=1&impolicy=user-profile-picture&imwidth=100","84327","Rockenroll4life","14235","2205","18","5","559","12","111","false","true","English","Rockenroll4life"
"https://static-cdn.jtvnw.net/jtv_user_pictures/c2ab3879-d388-4c7b-9c51-51edb07def30-profile_image-150x150.png?imenable=1&impolicy=user-profile-picture&imwidth=100","84328","survanitv","660","300","4","2","559","0","2","false","false","English","survanitv"
"https://static-cdn.jtvnw.net/jtv_user_pictures/xanatosesquire-profile_image-b81b36da4a9b0ab6-150x150.png?imenable=1&impolicy=user-profile-picture&imwidth=100","84329","XanatosEsquire","16395","3735","13","3","559","24","64","false","true","English","XanatosEsquire"
"https://static-cdn.jtvnw.net/jtv_user_pictures/4dc0b37d-905b-4217-adac-8793badd4906-profile_image-150x150.png?imenable=1&impolicy=user-profile-picture&imwidth=100","84330","flashingtheleather","90","60","3","1","559","-3","1","false","false","English","flashingtheleather"
"https://static-cdn.jtvnw.net/jtv_user_pictures/68134517-e82b-4c96-8043-9c570727601a-profile_image-150x150.png?imenable=1&impolicy=user-profile-picture&imwidth=100","84331","not_orc","7095","1455","12","4","559","30","42","false","false","Dutch","not_orc"
"https://static-cdn.jtvnw.net/jtv_user_pictures/chaosathand-profile_image-c8e177dae949fbe5-150x150.jpeg?imenable=1&impolicy=user-profile-picture&imwidth=100","84332","ChaosAtHand","1560","1815","4","0","559","0","1","false","true","English","ChaosAtHand"
"https://static-cdn.jtvnw.net/jtv_user_pictures/cb2f0bb0-6c07-4586-a87a-2aa81ee4d3a8-profile_image-150x150.png?imenable=1&impolicy=user-profile-picture&imwidth=100","84333","DaSchmadza","21495","3180","39","6","559","51","395","false","true","German","DaSchmadza"
"https://static-cdn.jtvnw.net/jtv_user_pictures/a186d7083c43e5c5-profile_image-150x150.png?imenable=1&impolicy=user-profile-picture&imwidth=100","84334","execute_cs","1575","3825","4","0","559","4","110","false","false","Bulgarian","execute_cs"
"https://static-cdn.jtvnw.net/user-default-pictures-uv/998f01ae-def8-11e9-b95c-784f43822e80-profile_image-150x150.png?imenable=1&impolicy=user-profile-picture&imwidth=100","84335","aaronismacgyver","465","225","3","2","558","1","0","false","true","English","aaronismacgyver"
"https://static-cdn.jtvnw.net/jtv_user_pictures/esga_gg-profile_image-1a562f2cb1089b98-150x150.png?imenable=1&impolicy=user-profile-picture&imwidth=100","84336","esga_gg","480","120","10","3","558","2","2","false","false","Czech","esga_gg"
"https://static-cdn.jtvnw.net/jtv_user_pictures/cfe98e96-e435-4986-804b-c34632db4919-profile_image-150x150.jpg?imenable=1&impolicy=user-profile-picture&imwidth=100","84337","RuNzin2Wa11","60","180","3","0","558","1","1","false","true","English","RuNzin2Wa11"
"https://static-cdn.jtvnw.net/jtv_user_pictures/27e0c36f-e0a6-4abf-ab89-bae0977f50d6-profile_image-150x150.png?imenable=1&impolicy=user-profile-picture&imwidth=100","84338","Decider12","270","90","3","3","558","0","0","false","true","English","Decider12"
"https://static-cdn.jtvnw.net/jtv_user_pictures/3029f10e57371b3c-profile_image-150x150.jpeg?imenable=1&impolicy=user-profile-picture&imwidth=100","84339","Kitnash59","0","15","0","0","558","0","0","false","false","French","Kitnash59"
"https://static-cdn.jtvnw.net/jtv_user_pictures/8fc62f15-afb2-44b3-b607-c9f271fcf9c7-profile_image-150x150.png?imenable=1&impolicy=user-profile-picture&imwidth=100","84340","Arkani87","0","45","0","0","558","0","0","false","true","German","Arkani87"
"https://static-cdn.jtvnw.net/jtv_user_pictures/d2549055-63cb-41e5-95bf-cb8c7eb838ae-profile_image-150x150.png?imenable=1&impolicy=user-profile-picture&imwidth=100","84341","Zenkiut","15","15","1","1","558","0","0","false","false","Spanish","Zenkiut"
"https://static-cdn.jtvnw.net/jtv_user_pictures/ac536ce8-efae-4565-a20a-a51ef4bae327-profile_image-150x150.png?imenable=1&impolicy=user-profile-picture&imwidth=100","84342","TheZycno","60","30","2","2","558","0","0","false","true","German","TheZycno"
"https://static-cdn.jtvnw.net/jtv_user_pictures/strikerzidane-profile_image-ad2bacf2861e23b2-150x150.jpeg?imenable=1&impolicy=user-profile-picture&imwidth=100","84343","StrikerZidane","150","30","6","5","558","0","0","false","false","English","StrikerZidane"
"https://static-cdn.jtvnw.net/jtv_user_pictures/bf4ae01d-2511-42ce-9804-06ff45639f44-profile_image-150x150.png?imenable=1&impolicy=user-profile-picture&imwidth=100","84344","aHoax","90","45","3","2","558","0","0","false","false","English","aHoax"
"https://static-cdn.jtvnw.net/jtv_user_pictures/48f58e51-cfb4-4221-be76-ff9c465b6fed-profile_image-150x150.png?imenable=1&impolicy=user-profile-picture&imwidth=100","84345","kike2ktv","0","75","0","0","558","0","0","false","false","Spanish","kike2ktv"
"https://static-cdn.jtvnw.net/jtv_user_pictures/bbolove-profile_image-af4d283f5de347fb-150x150.jpeg?imenable=1&impolicy=user-profile-picture&imwidth=100","84346","希洛 (bbolove)","61935","675","161","91","558","172","1505","false","false","Chinese","希洛 (bbolove)"
"https://static-cdn.jtvnw.net/jtv_user_pictures/indigency-profile_image-4e64bd4c97e12dfc-150x150.jpeg?imenable=1&impolicy=user-profile-picture&imwidth=100","84347","Indigency","21315","1305","22","16","558","16","16","false","false","English","Indigency"
"https://static-cdn.jtvnw.net/jtv_user_pictures/3b38233952af20dc-profile_image-150x150.png?imenable=1&impolicy=user-profile-picture&imwidth=100","84348","rl_mercenary","255","1065","6","0","558","7","1","false","true","English","rl_mercenary"
"https://static-cdn.jtvnw.net/jtv_user_pictures/taytv-profile_image-1c55a3eb6af207f8-150x150.png?imenable=1&impolicy=user-profile-picture&imwidth=100","84349","taytv","2160","210","30","10","558","34","455","false","true","Portuguese","taytv"
"https://static-cdn.jtvnw.net/jtv_user_pictures/2d65fbc1-6abe-4b51-94c8-36f4db4ee45f-profile_image-150x150.png?imenable=1&impolicy=user-profile-picture&imwidth=100","84350","Headtrollhunter","5010","2400","14","1","558","31","201","false","true","English","Headtrollhunter"
"https://static-cdn.jtvnw.net/jtv_user_pictures/d857efe5-c594-4edc-8878-4f2f112ff7a9-profile_image-150x150.png?imenable=1&impolicy=user-profile-picture&imwidth=100","84351","TheMeich","3030","1215","7","2","558","6","38","false","true","English","TheMeich"
"https://static-cdn.jtvnw.net/jtv_user_pictures/f9b6fafa-586a-4bd8-93ec-6c3c218cefec-profile_image-150x150.png?imenable=1&impolicy=user-profile-picture&imwidth=100","84352","best_huggles","10995","1380","94","7","558","26","85","false","false","English","best_huggles"
"https://static-cdn.jtvnw.net/jtv_user_pictures/39956633-0e4b-4bfb-9be7-2e468e3a434b-profile_image-150x150.jpg?imenable=1&impolicy=user-profile-picture&imwidth=100","84353","tillzero","30","30","2","1","558","1","0","false","false","Turkish","tillzero"
"https://static-cdn.jtvnw.net/jtv_user_pictures/6b26bc18-9a50-43c7-8555-961da8204fad-profile_image-150x150.png?imenable=1&impolicy=user-profile-picture&imwidth=100","84354","kay0ss","2625","1545","5","1","558","5","25","false","false","English","kay0ss"
"https://static-cdn.jtvnw.net/jtv_user_pictures/3c901f64-5f82-4eb8-be96-f577c0ece4ef-profile_image-150x150.png?imenable=1&impolicy=user-profile-picture&imwidth=100","84355","NightmaresRtrue","120","120","3","1","558","0","6","false","true","English","NightmaresRtrue"
"https://static-cdn.jtvnw.net/jtv_user_pictures/26e3a8ae-4768-4a8e-b4ba-960d07f8a1f9-profile_image-150x150.png?imenable=1&impolicy=user-profile-picture&imwidth=100","84356","dermeier231","720","1020","5","0","558","68","108","false","true","German","dermeier231"
"https://static-cdn.jtvnw.net/user-default-pictures-uv/998f01ae-def8-11e9-b95c-784f43822e80-profile_image-150x150.png?imenable=1&impolicy=user-profile-picture&imwidth=100","84357","iTzReaLeaZe","4770","6825","6","0","558","16","52","false","false","German","iTzReaLeaZe"
"https://static-cdn.jtvnw.net/jtv_user_pictures/cfb71efe-fe75-4a0f-abb5-a0cd6a0cd4f9-profile_image-150x150.png?imenable=1&impolicy=user-profile-picture&imwidth=100","84358","deenzFX","60","60","1","1","558","0","15","false","false","Spanish","deenzFX"
"https://static-cdn.jtvnw.net/jtv_user_pictures/mclovinhaze-profile_image-d68b35493aeff6db-150x150.jpeg?imenable=1&impolicy=user-profile-picture&imwidth=100","84359","mclovinhaze","10020","4485","30","1","558","52","97","false","false","French","mclovinhaze"
"https://static-cdn.jtvnw.net/jtv_user_pictures/6342c7f6-220b-4590-bdce-eee3e4404554-profile_image-150x150.png?imenable=1&impolicy=user-profile-picture&imwidth=100","84360","Unrevoke","0","30","0","0","558","0","0","false","true","English","Unrevoke"
"https://static-cdn.jtvnw.net/jtv_user_pictures/zandraart-profile_image-4f068208edd59573-150x150.png?imenable=1&impolicy=user-profile-picture&imwidth=100","84361","zandraart","9120","630","24","14","558","22","135","false","false","English","zandraart"
"https://static-cdn.jtvnw.net/jtv_user_pictures/avanor_-profile_image-2cbacf39f4642a39-150x150.png?imenable=1&impolicy=user-profile-picture&imwidth=100","84362","Avanor_","12720","1665","23","7","558","31","126","false","true","English","Avanor_"
"https://static-cdn.jtvnw.net/jtv_user_pictures/e7b74fed-806f-44f9-a6a2-81590be1ecb6-profile_image-150x150.png?imenable=1&impolicy=user-profile-picture&imwidth=100","84363","FlamingPhoenixX","4410","1455","8","2","558","7","4","false","true","English","FlamingPhoenixX"
"https://static-cdn.jtvnw.net/jtv_user_pictures/5ab2984f-4a60-4670-8197-403cd2277bb2-profile_image-150x150.png?imenable=1&impolicy=user-profile-picture&imwidth=100","84364","RAPHHCS","8025","3630","13","1","558","26","206","false","false","French","RAPHHCS"
"https://static-cdn.jtvnw.net/jtv_user_pictures/4baf2ec5-7a47-4a7b-bba9-87daccb0d892-profile_image-150x150.jpeg?imenable=1&impolicy=user-profile-picture&imwidth=100","84365","ElusiveFRZ","3030","285","15","10","558","10","23","false","false","English","ElusiveFRZ"
"https://static-cdn.jtvnw.net/jtv_user_pictures/8140d488-40f6-4355-8ed2-f46695b76df6-profile_image-150x150.png?imenable=1&impolicy=user-profile-picture&imwidth=100","84366","caxapnaya_popka","10755","1245","39","8","558","32","263","false","false","Russian","caxapnaya_popka"
"https://static-cdn.jtvnw.net/jtv_user_pictures/csm001-profile_image-09fcb23355957f8e-150x150.png?imenable=1&impolicy=user-profile-picture&imwidth=100","84367","Csm001","4950","1080","12","3","558","63","73","false","false","English","Csm001"
"https://static-cdn.jtvnw.net/jtv_user_pictures/4faef2c6-956d-467c-92e9-a0a20b91e7a6-profile_image-150x150.png?imenable=1&impolicy=user-profile-picture&imwidth=100","84368","TNEAwokenVegeta","0","15","0","0","558","0","0","false","true","English","TNEAwokenVegeta"
"https://static-cdn.jtvnw.net/ttv-boxart/404_boxart.png?imenable=1&impolicy=user-profile-picture&imwidth=100","84369","孤身走我路 (enter0953)","59250","3300","65","17","558","3","703","false","false","Chinese","孤身走我路 (enter0953)"
"https://static-cdn.jtvnw.net/jtv_user_pictures/skydiscovery-profile_image-22f430aec59e50d4-150x150.jpeg?imenable=1&impolicy=user-profile-picture&imwidth=100","84370","SkyDiscovery","105","60","3","1","558","2","3","false","true","German","SkyDiscovery"
"https://static-cdn.jtvnw.net/jtv_user_pictures/0304c550-c85b-4cd7-a40c-dbbd5f62892b-profile_image-150x150.png?imenable=1&impolicy=user-profile-picture&imwidth=100","84371","REPTILE82613","60","960","2","0","558","0","3","false","true","English","REPTILE82613"
"https://static-cdn.jtvnw.net/jtv_user_pictures/0489c465-e005-40d1-ae2c-0aa9955ef662-profile_image-150x150.png?imenable=1&impolicy=user-profile-picture&imwidth=100","84372","EsseDi13","90","45","3","2","558","0","0","false","false","Italian","EsseDi13"
"https://static-cdn.jtvnw.net/jtv_user_pictures/5e2e24a8-9a15-4004-8438-1f4d06842ffc-profile_image-150x150.png?imenable=1&impolicy=user-profile-picture&imwidth=100","84373","Chuckforfun","53055","6525","30","7","558","73","1258","false","true","German","Chuckforfun"
"https://static-cdn.jtvnw.net/jtv_user_pictures/bladefurylive-profile_image-de7d802866da2e0d-150x150.png?imenable=1&impolicy=user-profile-picture&imwidth=100","84374","BladeFuryLive","15600","5115","15","2","558","11","79","false","true","English","BladeFuryLive"
"https://static-cdn.jtvnw.net/jtv_user_pictures/12c7af21-144d-474a-84cc-873fb83f358c-profile_image-150x150.png?imenable=1&impolicy=user-profile-picture&imwidth=100","84375","westhawks","1335","975","4","0","558","6","33","false","false","English","westhawks"
"https://static-cdn.jtvnw.net/jtv_user_pictures/11f88c361061fd43-profile_image-150x150.png?imenable=1&impolicy=user-profile-picture&imwidth=100","84376","fungah_","4215","480","21","8","558","14","44","false","false","English","fungah_"
"https://static-cdn.jtvnw.net/jtv_user_pictures/51f74e99-db5b-4ec6-b578-5bac91713124-profile_image-150x150.jpeg?imenable=1&impolicy=user-profile-picture&imwidth=100","84377","NyndelolTV","62985","4110","33","14","558","58","1809","false","false","Italian","NyndelolTV"
"https://static-cdn.jtvnw.net/jtv_user_pictures/ecd3d777-2ab7-46a2-9f8b-20c53322d946-profile_image-150x150.png?imenable=1&impolicy=user-profile-picture&imwidth=100","84378","Petr_Khomenko_Official","15","15","1","1","558","0","0","false","false","Russian","Petr_Khomenko_Official"
"https://static-cdn.jtvnw.net/jtv_user_pictures/46fb37d4-6f6f-47ff-ae76-1bdde4b46235-profile_image-150x150.png?imenable=1&impolicy=user-profile-picture&imwidth=100","84379","Denzm23","105","45","5","2","558","1","2","false","false","English","Denzm23"
"https://static-cdn.jtvnw.net/jtv_user_pictures/cb3baf36-8c07-4539-997b-5ca6a6adb122-profile_image-150x150.jpeg?imenable=1&impolicy=user-profile-picture&imwidth=100","84380","TheRealMix","1035","225","8","4","558","7","3","false","false","Swedish","TheRealMix"
"https://static-cdn.jtvnw.net/jtv_user_pictures/7a0b0df2-574a-46bb-932f-d2e8709b4371-profile_image-150x150.png?imenable=1&impolicy=user-profile-picture&imwidth=100","84381","DrLunatic","2610","2340","9","0","558","5","367","false","false","Portuguese","DrLunatic"
"https://static-cdn.jtvnw.net/jtv_user_pictures/e72a0b3183da7d76-profile_image-150x150.jpeg?imenable=1&impolicy=user-profile-picture&imwidth=100","84382","Ikoll","540","210","4","2","558","1","8","false","true","English","Ikoll"
"https://static-cdn.jtvnw.net/jtv_user_pictures/demonspeed13-profile_image-5cb87dd91dc4329c-150x150.jpeg?imenable=1&impolicy=user-profile-picture&imwidth=100","84383","Demonspeed13","180","135","2","1","558","0","0","false","true","English","Demonspeed13"
"https://static-cdn.jtvnw.net/jtv_user_pictures/eea9761a-a68d-401c-bb08-1f2d53b7706b-profile_image-150x150.png?imenable=1&impolicy=user-profile-picture&imwidth=100","84384","lasagnasty","750","390","4","1","558","1","20","false","true","English","lasagnasty"
"https://static-cdn.jtvnw.net/jtv_user_pictures/muhckuu-profile_image-90a0e6895997e217-150x150.jpeg?imenable=1&impolicy=user-profile-picture&imwidth=100","84385","MuHcKuu","27600","4965","84","5","558","271","871","false","false","Russian","MuHcKuu"
"https://static-cdn.jtvnw.net/jtv_user_pictures/dce08bba19c14b82-profile_image-150x150.png?imenable=1&impolicy=user-profile-picture&imwidth=100","84386","Kassu_L","150","135","2","1","558","0","12","false","true","Finnish","Kassu_L"
"https://static-cdn.jtvnw.net/user-default-pictures/4cbf10f1-bb9f-4f57-90e1-15bf06cfe6f5-profile_image-150x150.jpg?imenable=1&impolicy=user-profile-picture&imwidth=100","84387","GameplayfeelingYT","5100","2085","10","2","558","68","177","false","false","German","GameplayfeelingYT"
"https://static-cdn.jtvnw.net/jtv_user_pictures/b8f3a60a-7d04-46c6-8973-be083c064b31-profile_image-150x150.png?imenable=1&impolicy=user-profile-picture&imwidth=100","84388","Gabi_Bird","3075","450","14","6","558","12","22","false","false","English","Gabi_Bird"
"https://static-cdn.jtvnw.net/jtv_user_pictures/bobbybarks-profile_image-afa27cd16d0ed7f4-150x150.jpeg?imenable=1&impolicy=user-profile-picture&imwidth=100","84389","bobbybarks","4275","525","20","7","558","20","59","false","true","English","bobbybarks"
"https://static-cdn.jtvnw.net/jtv_user_pictures/candy0186-profile_image-8ac65d976c8efedb-150x150.png?imenable=1&impolicy=user-profile-picture&imwidth=100","84390","魅月 (candy0186)","180","60","5","3","558","0","-7","false","true","Chinese","魅月 (candy0186)"
"https://static-cdn.jtvnw.net/jtv_user_pictures/e471e10b-decf-4ca7-bef2-55a9cfcc376c-profile_image-150x150.png?imenable=1&impolicy=user-profile-picture&imwidth=100","84391","BeamStreaming","3885","840","10","4","558","3","98","false","true","English","BeamStreaming"
"https://static-cdn.jtvnw.net/jtv_user_pictures/4a94d8b5-b390-43a6-bbc2-1b17a385480f-profile_image-150x150.png?imenable=1&impolicy=user-profile-picture&imwidth=100","84392","Bercial","8160","900","20","8","558","107","182","false","true","Spanish","Bercial"
"https://static-cdn.jtvnw.net/jtv_user_pictures/dulcari-profile_image-e5422bc43e0ada34-150x150.png?imenable=1&impolicy=user-profile-picture&imwidth=100","84393","Dulcari","225","225","2","0","558","0","1","false","true","English","Dulcari"
"https://static-cdn.jtvnw.net/jtv_user_pictures/cb495efb-c55e-475c-aed4-bc5385238ab8-profile_image-150x150.jpg?imenable=1&impolicy=user-profile-picture&imwidth=100","84394","CactusRoseAmber","2640","900","6","2","558","2","31","false","false","English","CactusRoseAmber"
"https://static-cdn.jtvnw.net/jtv_user_pictures/f03b2e03775f4000-profile_image-150x150.jpeg?imenable=1&impolicy=user-profile-picture&imwidth=100","84395","NamyEmmy","570","210","6","2","558","-3","8","false","false","English","NamyEmmy"
"https://static-cdn.jtvnw.net/jtv_user_pictures/reco225-profile_image-d68286245b9cf5f0-150x150.jpeg?imenable=1&impolicy=user-profile-picture&imwidth=100","84396","Reco225","255","135","6","1","558","3","3","false","true","English","Reco225"
"https://static-cdn.jtvnw.net/jtv_user_pictures/3fa9c5f2-cd0b-4c84-8c23-d6cdf773fc02-profile_image-150x150.png?imenable=1&impolicy=user-profile-picture&imwidth=100","84397","jacobmzc","1710","45","50","38","558","26","-8","false","true","English","jacobmzc"
"https://static-cdn.jtvnw.net/jtv_user_pictures/9e276cb5-e17b-45d5-94ba-19441b48da0c-profile_image-150x150.png?imenable=1&impolicy=user-profile-picture&imwidth=100","84398","Feline_XIV","0","30","0","0","558","0","0","false","true","English","Feline_XIV"
"https://static-cdn.jtvnw.net/jtv_user_pictures/ogran-profile_image-0c2213be5c62be17-150x150.png?imenable=1&impolicy=user-profile-picture&imwidth=100","84399","Ogran","82065","10260","24","7","558","32","364","false","false","English","Ogran"
"https://static-cdn.jtvnw.net/jtv_user_pictures/ihartsi-profile_image-53569126e63d20db-150x150.jpeg?imenable=1&impolicy=user-profile-picture&imwidth=100","84400","IHartsI","15","75","1","0","558","1","1","false","false","German","IHartsI"