"","","Channel","Watch time","Stream time","Peak viewers","Average viewers","Followers","Followers gained","Views gained","Partnered","Mature","Language",""
"https://static-cdn.jtvnw.net/jtv_user_pictures/98f50160-b2f9-40c6-a84d-446be8f0f858-profile_image-150x150.png?imenable=1&impolicy=user-profile-picture&imwidth=100","70301","Moozy__","11580","2475","17","4","761","26","91","false","true","English","Moozy__"
"https://static-cdn.jtvnw.net/jtv_user_pictures/43a1f434-fb82-4b17-82f5-afc074160a32-profile_image-150x150.png?imenable=1&impolicy=user-profile-picture&imwidth=100","70302","BeholdZach","10320","150","82","68","761","19","54","false","false","English","BeholdZach"
"https://static-cdn.jtvnw.net/jtv_user_pictures/thebakejaker-profile_image-93c11cc2626d33fc-150x150.jpeg?imenable=1&impolicy=user-profile-picture&imwidth=100","70303","TheBakeJaker","2910","2085","7","0","761","30","35","false","false","English","TheBakeJaker"
"https://static-cdn.jtvnw.net/user-default-pictures-uv/75305d54-c7cc-40d1-bb9c-91fbe85943c7-profile_image-150x150.png?imenable=1&impolicy=user-profile-picture&imwidth=100","70304","JMooseMC","0","15","0","0","761","0","0","false","false","English","JMooseMC"
"https://static-cdn.jtvnw.net/jtv_user_pictures/5cef29fc-8aac-4374-922e-135d756648d5-profile_image-150x150.png?imenable=1&impolicy=user-profile-picture&imwidth=100","70305","Zetaman","390","330","8","1","761","1","1","false","true","English","Zetaman"
"https://static-cdn.jtvnw.net/jtv_user_pictures/moonizz-profile_image-11b09bc38cf1ed09-150x150.png?imenable=1&impolicy=user-profile-picture&imwidth=100","70306","MooNiZZ","1845","300","8","6","761","0","6","false","false","English","MooNiZZ"
"https://static-cdn.jtvnw.net/jtv_user_pictures/d38f307b-83d2-445b-8b97-3a58cb047095-profile_image-150x150.png?imenable=1&impolicy=user-profile-picture&imwidth=100","70307","TheSegacampGamer22","9285","690","67","12","761","23","34","false","false","English","TheSegacampGamer22"
"https://static-cdn.jtvnw.net/jtv_user_pictures/77e1ad3e-5739-4ded-8403-611b0e7eb845-profile_image-150x150.png?imenable=1&impolicy=user-profile-picture&imwidth=100","70308","joussif04","1185","900","4","0","761","6","32","false","false","Swedish","joussif04"
"https://static-cdn.jtvnw.net/jtv_user_pictures/flauschi_-profile_image-f6f80ead92e562eb-150x150.jpeg?imenable=1&impolicy=user-profile-picture&imwidth=100","70309","Flauschi_","135","60","6","2","761","0","0","false","true","German","Flauschi_"
"https://static-cdn.jtvnw.net/jtv_user_pictures/abbac3eb-4476-4f9c-b80c-eb32d6968533-profile_image-150x150.png?imenable=1&impolicy=user-profile-picture&imwidth=100","70310","MindOfJasee","60","30","3","2","761","0","0","false","false","English","MindOfJasee"
"https://static-cdn.jtvnw.net/jtv_user_pictures/riddler05-profile_image-a853d1280d36e185-150x150.jpeg?imenable=1&impolicy=user-profile-picture&imwidth=100","70311","Riddler05","2880","1080","6","2","761","2","17","false","true","English","Riddler05"
"https://static-cdn.jtvnw.net/jtv_user_pictures/howindyayer-profile_image-ac5f08b3dc8cdbca-150x150.jpeg?imenable=1&impolicy=user-profile-picture&imwidth=100","70312","HowIndyAyer","9855","765","27","12","761","111","135","false","true","German","HowIndyAyer"
"https://static-cdn.jtvnw.net/jtv_user_pictures/059077b7-9480-40a3-99a1-b41a67e1f800-profile_image-150x150.jpg?imenable=1&impolicy=user-profile-picture&imwidth=100","70313","Dzaka_Live","2295","195","18","11","761","4","51","false","false","French","Dzaka_Live"
"https://static-cdn.jtvnw.net/jtv_user_pictures/87563d0a-a547-4dc6-8a81-e5bc7630997d-profile_image-150x150.png?imenable=1&impolicy=user-profile-picture&imwidth=100","70314","kurb","1500","1290","5","0","761","1","12","false","true","English","kurb"
"https://static-cdn.jtvnw.net/jtv_user_pictures/potbros-profile_image-851423a10541cf25-150x150.png?imenable=1&impolicy=user-profile-picture&imwidth=100","70315","Potbros","1575","480","9","2","761","5","6","false","false","English","Potbros"
"https://static-cdn.jtvnw.net/jtv_user_pictures/a12b217f-ad0a-44b0-b470-cf4f68c7eb9a-profile_image-150x150.png?imenable=1&impolicy=user-profile-picture&imwidth=100","70316","mcktizer","4710","3630","4","1","761","3","40","false","false","English","mcktizer"
"https://static-cdn.jtvnw.net/jtv_user_pictures/fluxr-profile_image-e16e1d76c2a561aa-150x150.png?imenable=1&impolicy=user-profile-picture&imwidth=100","70317","FluXr","825","555","4","1","761","0","9","false","true","English","FluXr"
"https://static-cdn.jtvnw.net/jtv_user_pictures/f93f9a9b-b1f2-45db-885d-02a9139ea32d-profile_image-150x150.png?imenable=1&impolicy=user-profile-picture&imwidth=100","70318","ShadowRockers","105","60","3","1","761","1","2","false","true","English","ShadowRockers"
"https://static-cdn.jtvnw.net/jtv_user_pictures/zeusragetv-profile_image-da0056c66fac1f00-150x150.jpeg?imenable=1&impolicy=user-profile-picture&imwidth=100","70319","ZeusRageTV","24315","2880","28","8","761","113","114","false","true","English","ZeusRageTV"
"https://static-cdn.jtvnw.net/jtv_user_pictures/lordsecto-profile_image-77bef3acb738cc33-150x150.jpeg?imenable=1&impolicy=user-profile-picture&imwidth=100","70320","Lordsecto","94935","5250","55","17","761","157","3406","false","false","Portuguese","Lordsecto"
"https://static-cdn.jtvnw.net/jtv_user_pictures/darthtantibus-profile_image-57c2e9146a985edc-150x150.jpeg?imenable=1&impolicy=user-profile-picture&imwidth=100","70321","DarthTantibus","13350","5670","9","1","761","4","80","false","true","English","DarthTantibus"
"https://static-cdn.jtvnw.net/jtv_user_pictures/c3f3fcad-5fac-447b-a548-1076cb53bc88-profile_image-150x150.png?imenable=1&impolicy=user-profile-picture&imwidth=100","70322","Kemosobe_02","330","150","4","2","760","0","0","false","true","English","Kemosobe_02"
"https://static-cdn.jtvnw.net/jtv_user_pictures/ddacc47d-1abc-4658-9796-1227ed112538-profile_image-150x150.png?imenable=1&impolicy=user-profile-picture&imwidth=100","70323","루나틱하이류승현 (roymikelate)","60","30","3","2","760","2","-1","false","false","Korean","루나틱하이류승현 (roymikelate)"
"https://static-cdn.jtvnw.net/jtv_user_pictures/6d75366b-b372-4bc3-be24-ab89d11f6d74-profile_image-150x150.png?imenable=1&impolicy=user-profile-picture&imwidth=100","70324","miiguelangelfut","0","15","0","0","760","0","0","false","false","Spanish","miiguelangelfut"
"https://static-cdn.jtvnw.net/jtv_user_pictures/bb6d2869-6138-4368-8df4-5943d569043f-profile_image-150x150.png?imenable=1&impolicy=user-profile-picture&imwidth=100","70325","Vinipux322","105","150","1","0","760","0","16","false","true","Russian","Vinipux322"
"https://static-cdn.jtvnw.net/jtv_user_pictures/rexologytv-profile_image-4d3566a14d9d5acc-150x150.jpeg?imenable=1&impolicy=user-profile-picture&imwidth=100","70326","RexologyTV","8865","1995","10","4","760","11","104","false","true","English","RexologyTV"
"https://static-cdn.jtvnw.net/jtv_user_pictures/8edb519a-f967-4f41-bb19-95151a5b06ca-profile_image-150x150.png?imenable=1&impolicy=user-profile-picture&imwidth=100","70327","Journetta","7605","2265","17","3","760","69","270","false","true","English","Journetta"
"https://static-cdn.jtvnw.net/jtv_user_pictures/a8b30b52-737f-4cf1-a65e-350451a410e9-profile_image-150x150.png?imenable=1&impolicy=user-profile-picture&imwidth=100","70328","Airbendin","90","90","3","1","760","0","0","false","true","English","Airbendin"
"https://static-cdn.jtvnw.net/jtv_user_pictures/8be7d9c2-b6cc-453d-a78a-5888af7be2e8-profile_image-150x150.jpg?imenable=1&impolicy=user-profile-picture&imwidth=100","70329","vinctoretto","165","2925","1","0","760","6","10","false","false","French","vinctoretto"
"https://static-cdn.jtvnw.net/jtv_user_pictures/5af7d12b-c3e3-4954-b4a9-3371f67ff0df-profile_image-150x150.png?imenable=1&impolicy=user-profile-picture&imwidth=100","70330","versalk","1155","690","3","1","760","4","3","false","false","English","versalk"
"https://static-cdn.jtvnw.net/jtv_user_pictures/strivetube-profile_image-fc1ad27795ae1b39-150x150.jpeg?imenable=1&impolicy=user-profile-picture&imwidth=100","70331","StriveTube","7545","1875","9","3","760","-2","7","false","true","English","StriveTube"
"https://static-cdn.jtvnw.net/jtv_user_pictures/12cdd36d-7ace-4a61-8ffd-8a479ed7c139-profile_image-150x150.png?imenable=1&impolicy=user-profile-picture&imwidth=100","70332","codexgbc","2475","1305","5","1","760","5","79","false","true","Russian","codexgbc"
"https://static-cdn.jtvnw.net/jtv_user_pictures/4826dfb8-913b-41f3-b6bf-b85ed5c01784-profile_image-150x150.png?imenable=1&impolicy=user-profile-picture&imwidth=100","70333","ParaVonDox","0","30","0","0","760","0","0","false","true","German","ParaVonDox"
"https://static-cdn.jtvnw.net/jtv_user_pictures/86249798-966c-4825-835c-bc7861449751-profile_image-150x150.png?imenable=1&impolicy=user-profile-picture&imwidth=100","70334","Roossaa","180","75","5","2","760","0","0","false","true","English","Roossaa"
"https://static-cdn.jtvnw.net/jtv_user_pictures/itsteamaverage-profile_image-d50ce2bc61f7f261-150x150.png?imenable=1&impolicy=user-profile-picture&imwidth=100","70335","ItsTeamAverage","5475","1065","15","4","760","6","69","false","false","Dutch","ItsTeamAverage"
"https://static-cdn.jtvnw.net/jtv_user_pictures/hsowlalrym-profile_image-f704fd1e9e12ea0c-150x150.jpeg?imenable=1&impolicy=user-profile-picture&imwidth=100","70336","HSOWLALRYM","1155","270","21","4","760","0","20","false","false","English","HSOWLALRYM"
"https://static-cdn.jtvnw.net/jtv_user_pictures/bigkozy-profile_image-50e6d255aa6f4538-150x150.jpeg?imenable=1&impolicy=user-profile-picture&imwidth=100","70337","BigKozy","0","45","0","0","760","0","0","false","false","English","BigKozy"
"https://static-cdn.jtvnw.net/jtv_user_pictures/nikbro-profile_image-551f5dade211f43b-150x150.jpeg?imenable=1&impolicy=user-profile-picture&imwidth=100","70338","NikBro","24240","4305","21","5","760","187","1213","false","false","Russian","NikBro"
"https://static-cdn.jtvnw.net/jtv_user_pictures/dd9c993d-b260-441a-95ff-d41b01513029-profile_image-150x150.jpg?imenable=1&impolicy=user-profile-picture&imwidth=100","70339","giftedranger","30","15","3","2","760","0","0","false","false","English","giftedranger"
"https://static-cdn.jtvnw.net/jtv_user_pictures/6194bc06-f7c6-486f-884f-b8feaf0b4f6d-profile_image-150x150.png?imenable=1&impolicy=user-profile-picture&imwidth=100","70340","Th3_Penetr4tor","255","75","4","3","760","0","0","false","true","English","Th3_Penetr4tor"
"https://static-cdn.jtvnw.net/jtv_user_pictures/yamahastretch-profile_image-d0bc43891b3be1cb-150x150.jpeg?imenable=1&impolicy=user-profile-picture&imwidth=100","70341","YamahaStretch","2520","1740","6","1","760","2","42","false","false","English","YamahaStretch"
"https://static-cdn.jtvnw.net/jtv_user_pictures/9b5c5ded-390a-4854-b587-bdc1038e540d-profile_image-150x150.jpg?imenable=1&impolicy=user-profile-picture&imwidth=100","70342","Reiphes","30","30","2","1","760","0","0","false","true","English","Reiphes"
"https://static-cdn.jtvnw.net/jtv_user_pictures/56177ed6-016e-4d48-875f-65ce445df684-profile_image-150x150.jpg?imenable=1&impolicy=user-profile-picture&imwidth=100","70343","zizonlu","1350","2310","3","0","760","-295","13","false","false","English","zizonlu"
"https://static-cdn.jtvnw.net/jtv_user_pictures/3de49164-73ec-45b3-bf57-3d36ecda8cc7-profile_image-150x150.png?imenable=1&impolicy=user-profile-picture&imwidth=100","70344","AngelMercs","2775","210","21","13","760","6","20","false","true","English","AngelMercs"
"https://static-cdn.jtvnw.net/jtv_user_pictures/just_cranked-profile_image-3dd1f0a8187da32a-150x150.jpeg?imenable=1&impolicy=user-profile-picture&imwidth=100","70345","Just_Cranked","3750","420","16","8","760","25","7","false","false","English","Just_Cranked"
"https://static-cdn.jtvnw.net/jtv_user_pictures/borja_mi-profile_image-9a0337a2ecd153ed-150x150.png?imenable=1&impolicy=user-profile-picture&imwidth=100","70346","borja_mi","870","570","4","1","760","0","56","false","false","Spanish","borja_mi"
"https://static-cdn.jtvnw.net/jtv_user_pictures/fearnoskill-profile_image-15c4f78f0cc744dc-150x150.png?imenable=1&impolicy=user-profile-picture&imwidth=100","70347","FEARnoSKILL","330","150","6","2","760","-1","14","false","false","Hungarian","FEARnoSKILL"
"https://static-cdn.jtvnw.net/jtv_user_pictures/624c480c-8af2-48fb-8359-4d2c5b6c4df5-profile_image-150x150.jpg?imenable=1&impolicy=user-profile-picture&imwidth=100","70348","dalouditalian","0","135","0","0","760","2","3","false","true","English","dalouditalian"
"https://static-cdn.jtvnw.net/jtv_user_pictures/nrgsuperfly-profile_image-15ddbee0b1ecbf98-150x150.jpeg?imenable=1&impolicy=user-profile-picture&imwidth=100","70349","NRGSuperfly","17955","1335","166","12","760","-769","316","false","false","German","NRGSuperfly"
"https://static-cdn.jtvnw.net/jtv_user_pictures/e012fd29-dcd7-4ad9-8aec-18ddaf9a3a73-profile_image-150x150.png?imenable=1&impolicy=user-profile-picture&imwidth=100","70350","Antoine23400","480","735","2","0","760","7","52","false","false","French","Antoine23400"
"https://static-cdn.jtvnw.net/user-default-pictures-uv/13e5fa74-defa-11e9-809c-784f43822e80-profile_image-150x150.png?imenable=1&impolicy=user-profile-picture&imwidth=100","70351","Crunchroll5","4785","1155","10","3","760","33","51","false","false","English","Crunchroll5"
"https://static-cdn.jtvnw.net/jtv_user_pictures/5ab552d4-ae74-4509-97db-09921d4f42ac-profile_image-150x150.png?imenable=1&impolicy=user-profile-picture&imwidth=100","70352","KingKaldo","2025","1530","7","0","760","17","83","false","true","Spanish","KingKaldo"
"https://static-cdn.jtvnw.net/jtv_user_pictures/5081e2c1-ecfa-41f2-b1f5-9c7692d1c3c2-profile_image-150x150.png?imenable=1&impolicy=user-profile-picture&imwidth=100","70353","xRoseDust","3975","1560","10","2","760","8","212","false","true","English","xRoseDust"
"https://static-cdn.jtvnw.net/jtv_user_pictures/b2d98e0f-0130-4222-8dcd-94f478a79e05-profile_image-150x150.png?imenable=1&impolicy=user-profile-picture&imwidth=100","70354","canalmax","240","75","4","3","760","0","0","false","false","Portuguese","canalmax"
"https://static-cdn.jtvnw.net/jtv_user_pictures/5936d164-6ddb-4c4f-afe0-b6bd20b7705f-profile_image-150x150.png?imenable=1&impolicy=user-profile-picture&imwidth=100","70355","yourwaifuTV","11040","2340","10","4","760","33","76","false","true","English","yourwaifuTV"
"https://static-cdn.jtvnw.net/jtv_user_pictures/d96d54bd-84c9-40f1-b929-0fbf28dad13f-profile_image-150x150.png?imenable=1&impolicy=user-profile-picture&imwidth=100","70356","2700hp","37515","7110","26","4","760","39","906","false","false","Russian","2700hp"
"https://static-cdn.jtvnw.net/jtv_user_pictures/e5773139-c438-42d2-b31a-0d4cc9023efe-profile_image-150x150.jpg?imenable=1&impolicy=user-profile-picture&imwidth=100","70357","Floapy","17205","5205","10","2","760","15","92","false","true","English","Floapy"
"https://static-cdn.jtvnw.net/jtv_user_pictures/9d30be91-07bb-4e15-b21d-d9108ba8adc5-profile_image-150x150.png?imenable=1&impolicy=user-profile-picture&imwidth=100","70358","Cryon2k","5820","4920","4","0","760","-28","191","false","false","German","Cryon2k"
"https://static-cdn.jtvnw.net/jtv_user_pictures/sunga1234-profile_image-2d59a8c40731714e-150x150.jpeg?imenable=1&impolicy=user-profile-picture&imwidth=100","70359","의로운ㅡ성아 (sunga1234)","615","225","4","2","760","0","3","false","true","Korean","의로운ㅡ성아 (sunga1234)"
"https://static-cdn.jtvnw.net/jtv_user_pictures/69508007-6227-4056-8679-6ff1b8892ed0-profile_image-150x150.png?imenable=1&impolicy=user-profile-picture&imwidth=100","70360","Melavi19","6345","540","20","11","760","6","23","false","true","English","Melavi19"
"https://static-cdn.jtvnw.net/jtv_user_pictures/slimanetv-profile_image-f09e3bbb32bee1ba-150x150.png?imenable=1&impolicy=user-profile-picture&imwidth=100","70361","slimanetv","5460","540","23","9","760","2","117","false","false","French","slimanetv"
"https://static-cdn.jtvnw.net/jtv_user_pictures/282b79e1-c6f5-4a51-8504-d53f1671f414-profile_image-150x150.png?imenable=1&impolicy=user-profile-picture&imwidth=100","70362","ThisIsJimmy","1560","390","8","3","760","1","38","true","false","English","ThisIsJimmy"
"https://static-cdn.jtvnw.net/jtv_user_pictures/molotow_tv-profile_image-3f3ca95981f6bed0-150x150.jpeg?imenable=1&impolicy=user-profile-picture&imwidth=100","70363","molotow_tv","7245","2850","9","2","760","39","129","false","false","Norwegian","molotow_tv"
"https://static-cdn.jtvnw.net/jtv_user_pictures/donkaypunch-profile_image-0c98998d5c0bf8ce-150x150.jpeg?imenable=1&impolicy=user-profile-picture&imwidth=100","70364","Donkaypunch","3555","4275","4","0","760","0","37","false","false","English","Donkaypunch"
"https://static-cdn.jtvnw.net/jtv_user_pictures/paddlxd-profile_image-e9d73a60de2f55cd-150x150.jpeg?imenable=1&impolicy=user-profile-picture&imwidth=100","70365","paddlxD","10590","2670","19","3","760","15","284","false","true","German","paddlxD"
"https://static-cdn.jtvnw.net/jtv_user_pictures/65ab51bf-741b-4cfb-a58f-2a8a18c53ebe-profile_image-150x150.png?imenable=1&impolicy=user-profile-picture&imwidth=100","70366","Sonny_b","2415","1485","7","1","760","14","35","false","true","English","Sonny_b"
"https://static-cdn.jtvnw.net/jtv_user_pictures/a49282c5-1d48-47fd-8646-d49ead1fcc8e-profile_image-150x150.png?imenable=1&impolicy=user-profile-picture&imwidth=100","70367","GERAxz","28770","4545","85","5","760","147","788","false","false","Russian","GERAxz"
"https://static-cdn.jtvnw.net/jtv_user_pictures/fba538b0-d822-42b9-9297-7b6e92164814-profile_image-150x150.png?imenable=1&impolicy=user-profile-picture&imwidth=100","70368","itsfayne","885","345","4","2","760","1","9","false","false","English","itsfayne"
"https://static-cdn.jtvnw.net/jtv_user_pictures/a52f273f-afb4-46f9-8dfd-b8460423b094-profile_image-150x150.jpeg?imenable=1&impolicy=user-profile-picture&imwidth=100","70369","Zinrar","2280","1650","11","1","760","-5","38","false","true","English","Zinrar"
"https://static-cdn.jtvnw.net/jtv_user_pictures/beiseitetv-profile_image-8655c9cdd090b805-150x150.png?imenable=1&impolicy=user-profile-picture&imwidth=100","70370","BeiSeiteTV","2250","675","7","2","760","-188","24","false","true","German","BeiSeiteTV"
"https://static-cdn.jtvnw.net/jtv_user_pictures/d8028d2a-574f-455c-9fd2-25a025b6a3d6-profile_image-150x150.png?imenable=1&impolicy=user-profile-picture&imwidth=100","70371","samuelray","4605","2025","10","1","760","7","72","false","true","English","samuelray"
"https://static-cdn.jtvnw.net/jtv_user_pictures/kingoffire40k-profile_image-ae93eee41c867ba6-150x150.jpeg?imenable=1&impolicy=user-profile-picture&imwidth=100","70372","kingoffire40k","15","15","1","1","760","0","0","false","false","English","kingoffire40k"
"https://static-cdn.jtvnw.net/jtv_user_pictures/prolukaswiin-profile_image-ff99c857a36853a3-150x150.png?imenable=1&impolicy=user-profile-picture&imwidth=100","70373","ProLukasWiin","5175","285","83","17","760","120","91","false","false","Danish","ProLukasWiin"
"https://static-cdn.jtvnw.net/jtv_user_pictures/df23d5700bc12db4-profile_image-150x150.png?imenable=1&impolicy=user-profile-picture&imwidth=100","70374","Avandor","37515","3885","39","9","760","45","649","false","false","German","Avandor"
"https://static-cdn.jtvnw.net/jtv_user_pictures/len00b-profile_image-1e3d514849e0133f-150x150.png?imenable=1&impolicy=user-profile-picture&imwidth=100","70375","Len00b","6615","2880","15","1","760","-3107","140","false","true","French","Len00b"
"https://static-cdn.jtvnw.net/jtv_user_pictures/apatigametv-profile_image-4bcb8c5d4892e9dc-150x150.jpeg?imenable=1&impolicy=user-profile-picture&imwidth=100","70376","ApatiGameTv","15","15","1","1","759","0","0","false","true","Russian","ApatiGameTv"
"https://static-cdn.jtvnw.net/jtv_user_pictures/aporiagg-profile_image-6a9be4f0c7583a5b-150x150.png?imenable=1&impolicy=user-profile-picture&imwidth=100","70377","AporiaGG","0","120","0","0","759","0","0","false","true","English","AporiaGG"
"https://static-cdn.jtvnw.net/jtv_user_pictures/chill_phil11-profile_image-c1402270d0d03af5-150x150.jpeg?imenable=1&impolicy=user-profile-picture&imwidth=100","70378","chill_phil11","5775","3015","5","1","759","8","7","false","true","English","chill_phil11"
"https://static-cdn.jtvnw.net/jtv_user_pictures/13f40429-6ff0-4417-88d9-3c0c183c32b3-profile_image-150x150.png?imenable=1&impolicy=user-profile-picture&imwidth=100","70379","Veixe","900","105","13","8","759","3","2","false","false","English","Veixe"
"https://static-cdn.jtvnw.net/jtv_user_pictures/5406e7ef-6465-42f9-9800-7d2cad93c3e0-profile_image-150x150.png?imenable=1&impolicy=user-profile-picture&imwidth=100","70380","sodagame_tv","255","1080","2","0","759","2","45","false","true","Russian","sodagame_tv"
"https://static-cdn.jtvnw.net/jtv_user_pictures/f3f6bf99-ae2c-4227-9ff6-2595ad17e013-profile_image-150x150.png?imenable=1&impolicy=user-profile-picture&imwidth=100","70381","MythicSamuraii","0","15","0","0","759","0","0","false","false","English","MythicSamuraii"
"https://static-cdn.jtvnw.net/jtv_user_pictures/fd579520-e78b-4581-9f5c-6f5449832bad-profile_image-150x150.png?imenable=1&impolicy=user-profile-picture&imwidth=100","70382","DrumstickPony","0","30","0","0","759","0","0","false","true","English","DrumstickPony"
"https://static-cdn.jtvnw.net/jtv_user_pictures/060792ed-2175-4a7d-9f83-586510ed8f68-profile_image-150x150.png?imenable=1&impolicy=user-profile-picture&imwidth=100","70383","Akawr","4725","510","18","8","759","11","78","false","true","English","Akawr"
"https://static-cdn.jtvnw.net/jtv_user_pictures/cdebe0e0-dcce-4105-b64a-2186df755e35-profile_image-150x150.png?imenable=1&impolicy=user-profile-picture&imwidth=100","70384","MIINL","2895","165","35","17","759","22","9","false","false","German","MIINL"
"https://static-cdn.jtvnw.net/jtv_user_pictures/myster900-profile_image-674273fa3a04c54a-150x150.jpeg?imenable=1&impolicy=user-profile-picture&imwidth=100","70385","Myster900","24360","3525","40","6","759","273","577","false","false","Polish","Myster900"
"https://static-cdn.jtvnw.net/jtv_user_pictures/deathiecus-profile_image-56e063fb5adc73f8-150x150.jpeg?imenable=1&impolicy=user-profile-picture&imwidth=100","70386","deathiecus","18540","2955","17","5","759","33","48","false","true","English","deathiecus"
"https://static-cdn.jtvnw.net/jtv_user_pictures/02b72c52-62df-4564-819e-e8f0dc3822e3-profile_image-150x150.png?imenable=1&impolicy=user-profile-picture&imwidth=100","70387","ReneKuroi","96435","735","204","131","759","149","466","true","false","Japanese","ReneKuroi"
"https://static-cdn.jtvnw.net/jtv_user_pictures/s0na_lol-profile_image-9a1b97316fea5162-150x150.png?imenable=1&impolicy=user-profile-picture&imwidth=100","70388","s0na_lol","420","840","11","0","759","10","31","false","false","French","s0na_lol"
"https://static-cdn.jtvnw.net/jtv_user_pictures/yenny_wot-profile_image-06ed60c532e7feb8-150x150.jpeg?imenable=1&impolicy=user-profile-picture&imwidth=100","70389","Yenny_WOT","24510","4395","16","5","759","22","2008","false","false","English","Yenny_WOT"
"https://static-cdn.jtvnw.net/jtv_user_pictures/abc0366153d22ae1-profile_image-150x150.png?imenable=1&impolicy=user-profile-picture&imwidth=100","70390","battou28","35265","4380","43","7","759","67","1172","false","true","Spanish","battou28"
"https://static-cdn.jtvnw.net/jtv_user_pictures/464113d5-881c-4abc-bb27-5f4144180aab-profile_image-150x150.png?imenable=1&impolicy=user-profile-picture&imwidth=100","70391","EzGuap","0","30","0","0","759","0","0","false","false","English","EzGuap"
"https://static-cdn.jtvnw.net/jtv_user_pictures/2f20777c-0e38-43f3-bde0-1e272e15a868-profile_image-150x150.png?imenable=1&impolicy=user-profile-picture&imwidth=100","70392","XeriFlow","570","165","6","2","759","8","28","false","false","English","XeriFlow"
"https://static-cdn.jtvnw.net/jtv_user_pictures/74f13d5d-f2ca-4519-b545-3e3b03226b28-profile_image-150x150.png?imenable=1&impolicy=user-profile-picture&imwidth=100","70393","Landberguz","7035","2430","8","2","759","20","132","false","false","English","Landberguz"
"https://static-cdn.jtvnw.net/user-default-pictures/49988c7b-57bc-4dee-bd4f-6df4ad215d3a-profile_image-150x150.jpg?imenable=1&impolicy=user-profile-picture&imwidth=100","70394","Enchanted_gaming69","40695","1815","189","22","759","71","97","false","false","English","Enchanted_gaming69"
"https://static-cdn.jtvnw.net/jtv_user_pictures/shane1661-profile_image-6ae6a69060cf864d-150x150.jpeg?imenable=1&impolicy=user-profile-picture&imwidth=100","70395","Shane1661","105","105","1","1","759","0","0","false","true","English","Shane1661"
"https://static-cdn.jtvnw.net/jtv_user_pictures/owen21347-profile_image-b8086ebb90ea0b21-150x150.png?imenable=1&impolicy=user-profile-picture&imwidth=100","70396","Owen21347","7395","1260","12","5","759","5","94","false","false","English","Owen21347"
"https://static-cdn.jtvnw.net/jtv_user_pictures/staalkeraw-profile_image-4ca4b6ff0ec46d3b-150x150.jpeg?imenable=1&impolicy=user-profile-picture&imwidth=100","70397","Staalkeraw","270","30","10","9","759","5","14","false","false","Spanish","Staalkeraw"
"https://static-cdn.jtvnw.net/jtv_user_pictures/59e532ad-aed7-4cfe-89ce-c1488a7b08d0-profile_image-150x150.png?imenable=1&impolicy=user-profile-picture&imwidth=100","70398","Defense041","15","30","1","0","759","0","12","false","false","English","Defense041"
"https://static-cdn.jtvnw.net/jtv_user_pictures/87e039c6-18a0-420f-ba89-11ce8005b0e3-profile_image-150x150.png?imenable=1&impolicy=user-profile-picture&imwidth=100","70399","firebossed","0","15","0","0","759","0","0","false","true","French","firebossed"
"https://static-cdn.jtvnw.net/jtv_user_pictures/barndoor-profile_image-ba72743c9f6e6079-150x150.jpeg?imenable=1&impolicy=user-profile-picture&imwidth=100","70400","barndoor","39675","4320","541","8","759","349","358","false","true","English","barndoor"