"","","Channel","Watch time","Stream time","Peak viewers","Average viewers","Followers","Followers gained","Views gained","Partnered","Mature","Language",""
"https://static-cdn.jtvnw.net/jtv_user_pictures/tycaf974-profile_image-8b2e8f2b6effd910-150x150.jpeg?imenable=1&impolicy=user-profile-picture&imwidth=100","66001","Tycaf974","190575","6660","88","27","847","326","2739","false","true","French","Tycaf974"
"https://static-cdn.jtvnw.net/jtv_user_pictures/ikronicks-profile_image-afc6430311d4552a-150x150.jpeg?imenable=1&impolicy=user-profile-picture&imwidth=100","66002","ikronicks","165","75","5","2","847","0","0","false","false","English","ikronicks"
"https://static-cdn.jtvnw.net/jtv_user_pictures/c5410e11-5a00-428c-9026-78965cd081a3-profile_image-150x150.png?imenable=1&impolicy=user-profile-picture&imwidth=100","66003","Jkaras","9135","2415","8","3","847","39","40","false","false","English","Jkaras"
"https://static-cdn.jtvnw.net/jtv_user_pictures/8c90a6df-455a-4dec-9c85-aebef40f59a1-profile_image-150x150.jpg?imenable=1&impolicy=user-profile-picture&imwidth=100","66004","Hexfiend","780","600","4","1","847","3","1","false","true","English","Hexfiend"
"https://static-cdn.jtvnw.net/jtv_user_pictures/smiley95_-profile_image-f48d402720ec3dd3-150x150.jpeg?imenable=1&impolicy=user-profile-picture&imwidth=100","66005","Smiley95_","825","255","7","3","847","4","1","false","true","English","Smiley95_"
"https://static-cdn.jtvnw.net/jtv_user_pictures/0de9a03e-d205-4b49-926f-4e588dc45fb3-profile_image-150x150.jpg?imenable=1&impolicy=user-profile-picture&imwidth=100","66006","versacechud","90","60","3","1","847","0","0","false","false","English","versacechud"
"https://static-cdn.jtvnw.net/jtv_user_pictures/fce4039f-c1ab-4807-8ff3-3595c89ed8af-profile_image-150x150.png?imenable=1&impolicy=user-profile-picture&imwidth=100","66007","crunkzzcs","735","810","3","0","847","1","0","false","false","German","crunkzzcs"
"https://static-cdn.jtvnw.net/jtv_user_pictures/chrissypicklesxoxo-profile_image-8db9605f3ef23e2e-150x150.png?imenable=1&impolicy=user-profile-picture&imwidth=100","66008","ChrissyPicklesxoxo","570","375","4","1","847","4","2","false","true","English","ChrissyPicklesxoxo"
"https://static-cdn.jtvnw.net/jtv_user_pictures/exclusive_games_channel-profile_image-b6040fd97e6dbdb4-150x150.png?imenable=1&impolicy=user-profile-picture&imwidth=100","66009","Exclusive_Games_Channel","180","45","5","4","847","0","0","false","false","Russian","Exclusive_Games_Channel"
"https://static-cdn.jtvnw.net/jtv_user_pictures/5b1c5a27-27b3-4aa0-a080-fe42dd9e461a-profile_image-150x150.png?imenable=1&impolicy=user-profile-picture&imwidth=100","66010","RSmokinJoe","0","345","1","0","847","0","1","false","false","English","RSmokinJoe"
"https://static-cdn.jtvnw.net/jtv_user_pictures/f7609093-cbc8-4054-8bfe-d6edf7d01a34-profile_image-150x150.png?imenable=1&impolicy=user-profile-picture&imwidth=100","66011","dzyre","4935","780","22","6","847","21","341","false","false","Spanish","dzyre"
"https://static-cdn.jtvnw.net/jtv_user_pictures/mackobeatz-profile_image-76d2520a0ab900ed-150x150.jpeg?imenable=1&impolicy=user-profile-picture&imwidth=100","66012","Mackobeatz","5865","2160","7","2","847","9","20","false","true","Swedish","Mackobeatz"
"https://static-cdn.jtvnw.net/jtv_user_pictures/hellspark_343-profile_image-53c19b546094f2bd-150x150.jpeg?imenable=1&impolicy=user-profile-picture&imwidth=100","66013","HellSpark_343","19260","3750","11","4","847","10","176","false","true","French","HellSpark_343"
"https://static-cdn.jtvnw.net/jtv_user_pictures/tipplefishnemo-profile_image-59081a329988aeb4-150x150.png?imenable=1&impolicy=user-profile-picture&imwidth=100","66014","TippleFishNEMO","1365","420","7","2","847","3","57","false","false","English","TippleFishNEMO"
"https://static-cdn.jtvnw.net/jtv_user_pictures/9180ae76-e3ce-47be-a2dd-8fc8f6c17fb8-profile_image-150x150.jpg?imenable=1&impolicy=user-profile-picture&imwidth=100","66015","stormofftv","1320","135","35","9","847","-4","5","false","true","Russian","stormofftv"
"https://static-cdn.jtvnw.net/jtv_user_pictures/tzsar-profile_image-c2373d114e539567-150x150.jpeg?imenable=1&impolicy=user-profile-picture&imwidth=100","66016","Tzsar","240","30","9","8","847","0","0","false","false","German","Tzsar"
"https://static-cdn.jtvnw.net/jtv_user_pictures/7216c2dc-9ca1-460e-af1a-2cb170b414f6-profile_image-150x150.png?imenable=1&impolicy=user-profile-picture&imwidth=100","66017","Am0ur_DiLight","154680","3015","109","50","847","1129","301","false","true","English","Am0ur_DiLight"
"https://static-cdn.jtvnw.net/jtv_user_pictures/e5ec1e93-aba4-4f91-81b7-a5f82dba6460-profile_image-150x150.png?imenable=1&impolicy=user-profile-picture&imwidth=100","66018","笑子わらこ (nicowarako)","4140","120","51","34","847","18","105","false","false","Chinese","笑子わらこ (nicowarako)"
"https://static-cdn.jtvnw.net/jtv_user_pictures/905c0560-9b23-4cf0-bc33-f23e48a7ff31-profile_image-150x150.png?imenable=1&impolicy=user-profile-picture&imwidth=100","66019","FreshUprising","675","285","4","2","847","1","16","false","true","English","FreshUprising"
"https://static-cdn.jtvnw.net/jtv_user_pictures/ba0e6ca2-df27-43f5-a721-6998bccb42f5-profile_image-150x150.png?imenable=1&impolicy=user-profile-picture&imwidth=100","66020","NJBailz","105","120","1","0","847","0","3","false","false","English","NJBailz"
"https://static-cdn.jtvnw.net/jtv_user_pictures/266ab41b-613f-4a22-a7b4-93afc20c4527-profile_image-150x150.png?imenable=1&impolicy=user-profile-picture&imwidth=100","66021","SpliceStream","15510","2025","16","7","847","6","80","false","false","English","SpliceStream"
"https://static-cdn.jtvnw.net/jtv_user_pictures/einfachrobin-profile_image-f8e51157f33508c2-150x150.jpeg?imenable=1&impolicy=user-profile-picture&imwidth=100","66022","EinfachRobin","9930","1515","19","5","847","47","344","false","true","German","EinfachRobin"
"https://static-cdn.jtvnw.net/jtv_user_pictures/2609e03c-6d74-4d28-8ef7-e87d3026e7d0-profile_image-150x150.jpg?imenable=1&impolicy=user-profile-picture&imwidth=100","66023","MaChIIInA","16335","1845","31","8","847","15","133","false","true","English","MaChIIInA"
"https://static-cdn.jtvnw.net/jtv_user_pictures/heartbr8ker-profile_image-0648fa8f0d9de62f-150x150.png?imenable=1&impolicy=user-profile-picture&imwidth=100","66024","Heartbr8ker","45585","8385","32","4","847","195","654","false","true","English","Heartbr8ker"
"https://static-cdn.jtvnw.net/jtv_user_pictures/d7d71287-06d1-49af-85ab-2d0523966c4d-profile_image-150x150.png?imenable=1&impolicy=user-profile-picture&imwidth=100","66025","Dinnet","255","135","4","1","847","0","1","false","true","English","Dinnet"
"https://static-cdn.jtvnw.net/jtv_user_pictures/91fa43d074f8c65f-profile_image-150x150.png?imenable=1&impolicy=user-profile-picture&imwidth=100","66026","DirkDangles","7935","5820","17","0","847","35","69","false","true","English","DirkDangles"
"https://static-cdn.jtvnw.net/jtv_user_pictures/itsbill88-profile_image-7548c0d551fa8af1-150x150.jpeg?imenable=1&impolicy=user-profile-picture&imwidth=100","66027","ItsBill88","3315","270","22","11","847","-142","29","false","false","English","ItsBill88"
"https://static-cdn.jtvnw.net/jtv_user_pictures/magicalkingdom-profile_image-e4d014342db2e245-150x150.jpeg?imenable=1&impolicy=user-profile-picture&imwidth=100","66028","MagicalKingdom","42870","7890","17","4","847","16","107","false","true","English","MagicalKingdom"
"https://static-cdn.jtvnw.net/jtv_user_pictures/a7e5a365-8251-478f-82ce-d6e18a1d846c-profile_image-150x150.png?imenable=1&impolicy=user-profile-picture&imwidth=100","66029","Phyleish","89865","9180","23","9","847","30","450","false","true","English","Phyleish"
"https://static-cdn.jtvnw.net/jtv_user_pictures/shiningdragoon-profile_image-baccc23dac9e7c9e-150x150.jpeg?imenable=1&impolicy=user-profile-picture&imwidth=100","66030","ShiningDragoon","7215","510","25","13","847","87","42","false","false","English","ShiningDragoon"
"https://static-cdn.jtvnw.net/jtv_user_pictures/9b4dc13b-2d0d-4ccf-97f0-cfee9841aff4-profile_image-150x150.jpg?imenable=1&impolicy=user-profile-picture&imwidth=100","66031","seadayz","15","15","1","1","847","0","0","false","false","Russian","seadayz"
"https://static-cdn.jtvnw.net/jtv_user_pictures/4f2bb3b1-a7ef-4ffd-96f1-e8c9b3c8dbe6-profile_image-150x150.png?imenable=1&impolicy=user-profile-picture&imwidth=100","66032","Timzy88","15345","3495","13","3","847","-25","79","false","false","English","Timzy88"
"https://static-cdn.jtvnw.net/jtv_user_pictures/a6e3236e-c851-4d4e-983f-00bc53973324-profile_image-150x150.png?imenable=1&impolicy=user-profile-picture&imwidth=100","66033","SlamerProds","210","270","2","0","847","-1","0","false","false","English","SlamerProds"
"https://static-cdn.jtvnw.net/jtv_user_pictures/freemaen-profile_image-8b52afbafff75635-150x150.jpeg?imenable=1&impolicy=user-profile-picture&imwidth=100","66034","Freemaen","98445","5055","41","19","847","63","801","false","false","Slovak","Freemaen"
"https://static-cdn.jtvnw.net/jtv_user_pictures/933e98b8-090b-47bc-a3e0-690250b29226-profile_image-150x150.png?imenable=1&impolicy=user-profile-picture&imwidth=100","66035","AeePlus3","15","105","1","0","847","-4","0","false","true","English","AeePlus3"
"https://static-cdn.jtvnw.net/jtv_user_pictures/skc_unlimited-profile_image-707b562d4a9a287b-150x150.jpeg?imenable=1&impolicy=user-profile-picture&imwidth=100","66036","SKC_Unlimited","3150","5685","6","0","847","9","154","false","true","English","SKC_Unlimited"
"https://static-cdn.jtvnw.net/jtv_user_pictures/e6ff75a4-83da-4d54-a218-9a16d460151e-profile_image-150x150.png?imenable=1&impolicy=user-profile-picture&imwidth=100","66037","Soldaten_Humor","91170","5610","150","15","847","255","2067","false","false","German","Soldaten_Humor"
"https://static-cdn.jtvnw.net/jtv_user_pictures/ddc50783-9766-4eb4-97ac-c18ce9ad3876-profile_image-150x150.png?imenable=1&impolicy=user-profile-picture&imwidth=100","66038","nickhacko","180","45","5","4","847","0","0","false","false","English","nickhacko"
"https://static-cdn.jtvnw.net/jtv_user_pictures/2f28151e-ec6a-4d30-843f-9e8e44f30c92-profile_image-150x150.png?imenable=1&impolicy=user-profile-picture&imwidth=100","66039","ChecTv","24870","4725","13","4","847","69","385","false","true","Spanish","ChecTv"
"https://static-cdn.jtvnw.net/jtv_user_pictures/a432323aaa10f02d-profile_image-150x150.png?imenable=1&impolicy=user-profile-picture&imwidth=100","66040","Burdenedfungus","11715","1005","30","11","847","14","53","true","false","English","Burdenedfungus"
"https://static-cdn.jtvnw.net/jtv_user_pictures/e99422c2ee3ae887-profile_image-150x150.png?imenable=1&impolicy=user-profile-picture&imwidth=100","66041","Epic_Andy","1965","240","15","7","847","3","8","false","false","English","Epic_Andy"
"https://static-cdn.jtvnw.net/jtv_user_pictures/0ceaa8a7-2b7a-42ce-84ad-64213331c776-profile_image-150x150.png?imenable=1&impolicy=user-profile-picture&imwidth=100","66042","CartmanZ_ZNoobis","0","90","0","0","846","0","0","false","true","English","CartmanZ_ZNoobis"
"https://static-cdn.jtvnw.net/jtv_user_pictures/028215c7-fc72-42a9-9446-d8c285111f25-profile_image-150x150.png?imenable=1&impolicy=user-profile-picture&imwidth=100","66043","JonnyJokerLIVE","585","255","5","2","846","1","4","false","false","German","JonnyJokerLIVE"
"https://static-cdn.jtvnw.net/jtv_user_pictures/ce13055f-2cb9-44f9-9103-83117d2e761e-profile_image-150x150.png?imenable=1&impolicy=user-profile-picture&imwidth=100","66044","Danka_S","45","30","3","1","846","0","0","false","true","Portuguese","Danka_S"
"https://static-cdn.jtvnw.net/jtv_user_pictures/sizzlecsg-profile_image-848d8a588a9f4c04-150x150.png?imenable=1&impolicy=user-profile-picture&imwidth=100","66045","sizzlecsg","195","165","3","0","846","1058","19","false","false","English","sizzlecsg"
"https://static-cdn.jtvnw.net/jtv_user_pictures/fc1856f0-d1dc-4c92-babc-ef9950210b32-profile_image-150x150.png?imenable=1&impolicy=user-profile-picture&imwidth=100","66046","sp0ds","75","120","2","0","846","0","13","false","false","Russian","sp0ds"
"https://static-cdn.jtvnw.net/jtv_user_pictures/19d8ede3-740e-4d40-9f38-01701788ce13-profile_image-150x150.png?imenable=1&impolicy=user-profile-picture&imwidth=100","66047","JimmyTheRabbit","30","60","2","0","846","0","0","false","true","English","JimmyTheRabbit"
"https://static-cdn.jtvnw.net/jtv_user_pictures/061be734-6989-4a51-ab02-838f0e31adb7-profile_image-150x150.png?imenable=1&impolicy=user-profile-picture&imwidth=100","66048","AffenPrinzz_","6420","2550","12","2","846","47","123","false","false","German","AffenPrinzz_"
"https://static-cdn.jtvnw.net/jtv_user_pictures/beyoutifulnoob-profile_image-bb8e12a5757a3e01-150x150.jpeg?imenable=1&impolicy=user-profile-picture&imwidth=100","66049","beYOUtifulNoob","375","750","4","0","846","12","8","false","true","English","beYOUtifulNoob"
"https://static-cdn.jtvnw.net/jtv_user_pictures/f0aafe9d-7790-446b-a968-216235ff760b-profile_image-150x150.png?imenable=1&impolicy=user-profile-picture&imwidth=100","66050","monkeymonstertm","0","105","0","0","846","0","3","false","false","Italian","monkeymonstertm"
"https://static-cdn.jtvnw.net/jtv_user_pictures/a16e6aa2-5306-4023-8ded-87ee78d8ec51-profile_image-150x150.png?imenable=1&impolicy=user-profile-picture&imwidth=100","66051","sleepysabin","10695","6345","37","1","846","33","189","false","true","English","sleepysabin"
"https://static-cdn.jtvnw.net/jtv_user_pictures/53dda59e-6fa5-4da9-9ed6-2beabc9341a6-profile_image-150x150.jpg?imenable=1&impolicy=user-profile-picture&imwidth=100","66052","AUDIA5B8V6","30","15","2","2","846","0","0","false","false","English","AUDIA5B8V6"
"https://static-cdn.jtvnw.net/jtv_user_pictures/818b7688-dadb-4aa5-8247-a22c2b16beda-profile_image-150x150.jpg?imenable=1&impolicy=user-profile-picture&imwidth=100","66053","lllStinGlll","15","15","1","1","846","0","0","false","true","Russian","lllStinGlll"
"https://static-cdn.jtvnw.net/jtv_user_pictures/gemaniak_tv-profile_image-6406ac831cc97611-150x150.jpeg?imenable=1&impolicy=user-profile-picture&imwidth=100","66054","gemaniak_tv","120","45","6","2","846","0","3","false","false","Czech","gemaniak_tv"
"https://static-cdn.jtvnw.net/jtv_user_pictures/ac514491-186a-482b-9f74-9662a4a84d76-profile_image-150x150.png?imenable=1&impolicy=user-profile-picture&imwidth=100","66055","Kelpup","735","165","8","4","846","0","24","false","true","English","Kelpup"
"https://static-cdn.jtvnw.net/jtv_user_pictures/5f9de992-de97-42b0-ac8c-2abe12ba4da5-profile_image-150x150.png?imenable=1&impolicy=user-profile-picture&imwidth=100","66056","Cyb3rC1ph3r","90","90","1","1","846","0","0","false","true","English","Cyb3rC1ph3r"
"https://static-cdn.jtvnw.net/jtv_user_pictures/madychenia-profile_image-78883e88744e1744-150x150.jpeg?imenable=1&impolicy=user-profile-picture&imwidth=100","66057","Madychenia","14625","2565","15","5","846","58","347","false","false","Russian","Madychenia"
"https://static-cdn.jtvnw.net/jtv_user_pictures/4a6f9523-481a-4456-b18b-064a9f28441f-profile_image-150x150.jpg?imenable=1&impolicy=user-profile-picture&imwidth=100","66058","Trollehh","8430","285","67","29","846","93","433","false","false","English","Trollehh"
"https://static-cdn.jtvnw.net/jtv_user_pictures/bainshie-profile_image-c99bf8d231b9570f-150x150.png?imenable=1&impolicy=user-profile-picture&imwidth=100","66059","Bainshie","9435","525","41","17","846","-5","233","false","true","English","Bainshie"
"https://static-cdn.jtvnw.net/user-default-pictures-uv/cdd517fe-def4-11e9-948e-784f43822e80-profile_image-150x150.png?imenable=1&impolicy=user-profile-picture&imwidth=100","66060","offstv","2070","2640","2","0","846","1","79","false","true","Portuguese","offstv"
"https://static-cdn.jtvnw.net/jtv_user_pictures/ac0ecd5f-1d1a-4d19-ad26-2e3c0b180c63-profile_image-150x150.png?imenable=1&impolicy=user-profile-picture&imwidth=100","66061","Lyseya","1680","540","7","2","846","6","105","false","true","German","Lyseya"
"https://static-cdn.jtvnw.net/jtv_user_pictures/55c2b2ad-c33b-41c0-aa3d-335bf2289849-profile_image-150x150.png?imenable=1&impolicy=user-profile-picture&imwidth=100","66062","ADandroO","2100","270","25","7","846","10","97","false","false","French","ADandroO"
"https://static-cdn.jtvnw.net/jtv_user_pictures/281191e7-bd27-4556-a538-ba5b338997ee-profile_image-150x150.png?imenable=1&impolicy=user-profile-picture&imwidth=100","66063","Khalexie","2115","300","13","6","846","5","28","false","true","French","Khalexie"
"https://static-cdn.jtvnw.net/jtv_user_pictures/2fc23132-3916-4256-9b15-64cdedafe4ad-profile_image-150x150.png?imenable=1&impolicy=user-profile-picture&imwidth=100","66064","Westo77","15","30","1","0","846","0","0","false","false","English","Westo77"
"https://static-cdn.jtvnw.net/jtv_user_pictures/9c8b18f9-1b5e-46e0-824e-e565d74ad22e-profile_image-150x150.png?imenable=1&impolicy=user-profile-picture&imwidth=100","66065","JasonBourneTv","69780","13665","34","4","846","170","1025","false","false","French","JasonBourneTv"
"https://static-cdn.jtvnw.net/jtv_user_pictures/armorforsleeping-profile_image-a0b7288c6bb7450c-150x150.jpeg?imenable=1&impolicy=user-profile-picture&imwidth=100","66066","Armorforsleeping","15","15","1","1","846","0","0","false","true","English","Armorforsleeping"
"https://static-cdn.jtvnw.net/jtv_user_pictures/psenough-profile_image-932636b2e09b5268-150x150.png?imenable=1&impolicy=user-profile-picture&imwidth=100","66067","psenough","36990","1080","57","33","846","14","912","false","false","English","psenough"
"https://static-cdn.jtvnw.net/jtv_user_pictures/almadyne-profile_image-ddbfa46b0055d6f5-150x150.jpeg?imenable=1&impolicy=user-profile-picture&imwidth=100","66068","Almadyne","0","90","0","0","846","0","0","false","true","English","Almadyne"
"https://static-cdn.jtvnw.net/jtv_user_pictures/letitrocks-profile_image-964347d56f4445a6-150x150.png?imenable=1&impolicy=user-profile-picture&imwidth=100","66069","letitrocks","1470","405","6","3","846","1","8","false","true","German","letitrocks"
"https://static-cdn.jtvnw.net/jtv_user_pictures/3134de9b63f3a541-profile_image-150x150.jpeg?imenable=1&impolicy=user-profile-picture&imwidth=100","66070","omgdevi","8520","2175","10","3","846","23","105","false","true","English","omgdevi"
"https://static-cdn.jtvnw.net/jtv_user_pictures/c691786d-56e6-449e-82d6-389452ba81b1-profile_image-150x150.png?imenable=1&impolicy=user-profile-picture&imwidth=100","66071","VPLarry","2535","210","22","11","846","44","60","false","false","Finnish","VPLarry"
"https://static-cdn.jtvnw.net/jtv_user_pictures/4df3a930-6977-4241-9f49-5d98e9b5d3f9-profile_image-150x150.png?imenable=1&impolicy=user-profile-picture&imwidth=100","66072","CL_Chaos","4695","1185","13","3","846","7","130","false","false","English","CL_Chaos"
"https://static-cdn.jtvnw.net/jtv_user_pictures/c6cd2523f2d0db4b-profile_image-150x150.jpeg?imenable=1&impolicy=user-profile-picture&imwidth=100","66073","Mannexxus","107220","8190","346","12","846","523","628","false","true","German","Mannexxus"
"https://static-cdn.jtvnw.net/jtv_user_pictures/kirrbs-profile_image-f418085acc54bc6f-150x150.jpeg?imenable=1&impolicy=user-profile-picture&imwidth=100","66074","Kirrbs","2835","570","9","4","846","9","24","false","true","English","Kirrbs"
"https://static-cdn.jtvnw.net/jtv_user_pictures/oklmkraken-profile_image-8c6e1f37d8f2a1ac-150x150.jpeg?imenable=1&impolicy=user-profile-picture&imwidth=100","66075","OKLMKraKen","600","330","4","1","846","6","5","false","false","French","OKLMKraKen"
"https://static-cdn.jtvnw.net/jtv_user_pictures/b5eec9b56bcf9326-profile_image-150x150.png?imenable=1&impolicy=user-profile-picture&imwidth=100","66076","jvznxd","8730","810","27","10","846","40","499","false","false","Portuguese","jvznxd"
"https://static-cdn.jtvnw.net/jtv_user_pictures/6421ea1e-99f9-42b4-afcb-0e362c937c59-profile_image-150x150.png?imenable=1&impolicy=user-profile-picture&imwidth=100","66077","Akinoise","1005","165","9","5","846","2","9","false","false","English","Akinoise"
"https://static-cdn.jtvnw.net/jtv_user_pictures/eed89cff-0a14-45b3-92f5-c3b5dc4e9af1-profile_image-150x150.png?imenable=1&impolicy=user-profile-picture&imwidth=100","66078","Tigressive","120","60","4","2","846","0","-1","false","true","English","Tigressive"
"https://static-cdn.jtvnw.net/jtv_user_pictures/c43ea78d-2143-4592-8133-f5afb780eaff-profile_image-150x150.png?imenable=1&impolicy=user-profile-picture&imwidth=100","66079","KrusKader","3210","1620","7","1","846","10","118","false","false","Polish","KrusKader"
"https://static-cdn.jtvnw.net/jtv_user_pictures/80279194-9925-4f00-aa1d-0cad7d37139a-profile_image-150x150.png?imenable=1&impolicy=user-profile-picture&imwidth=100","66080","WebOfCarnage","19965","960","86","20","846","38","112","false","false","English","WebOfCarnage"
"https://static-cdn.jtvnw.net/jtv_user_pictures/e6ce08e4-7d48-410c-9fc0-d850f1abcebc-profile_image-150x150.png?imenable=1&impolicy=user-profile-picture&imwidth=100","66081","IAmTacoGod","120","120","2","0","846","1","2","false","false","English","IAmTacoGod"
"https://static-cdn.jtvnw.net/jtv_user_pictures/241f64aa-8d94-44a2-98c3-62998a35e3f8-profile_image-150x150.png?imenable=1&impolicy=user-profile-picture&imwidth=100","66082","littlefootss","690","870","3","0","846","2","4","false","true","English","littlefootss"
"https://static-cdn.jtvnw.net/jtv_user_pictures/87120473-af69-49f1-9bb9-dd1f772203fc-profile_image-150x150.png?imenable=1&impolicy=user-profile-picture&imwidth=100","66083","Gunni43","190770","3330","164","56","846","53","1142","false","false","German","Gunni43"
"https://static-cdn.jtvnw.net/jtv_user_pictures/1d91cec1-2e93-4bbd-9b28-c72779c5c8aa-profile_image-150x150.png?imenable=1&impolicy=user-profile-picture&imwidth=100","66084","snowhaLEISHEN","2475","975","9","2","846","8","27","false","false","English","snowhaLEISHEN"
"https://static-cdn.jtvnw.net/jtv_user_pictures/mcpeanuts-profile_image-f83df232ea756ab4-150x150.png?imenable=1&impolicy=user-profile-picture&imwidth=100","66085","McPeanuts","34920","1095","98","31","846","29","132","false","false","English","McPeanuts"
"https://static-cdn.jtvnw.net/jtv_user_pictures/4bc838e6-b86d-456b-a848-f7657ee37da8-profile_image-150x150.png?imenable=1&impolicy=user-profile-picture&imwidth=100","66086","TheSmartDev","60","60","4","1","846","1","0","false","false","English","TheSmartDev"
"https://static-cdn.jtvnw.net/jtv_user_pictures/54f29e7f-2cb0-4aa1-8e2a-e0b4070ecd67-profile_image-150x150.png?imenable=1&impolicy=user-profile-picture&imwidth=100","66087","SerhatTheSisman","2730","675","15","3","846","8","114","false","true","Turkish","SerhatTheSisman"
"https://static-cdn.jtvnw.net/jtv_user_pictures/a3fc0882-188a-4f5b-bbb2-9012e93b150b-profile_image-150x150.png?imenable=1&impolicy=user-profile-picture&imwidth=100","66088","GunnyGameZ","20505","2430","31","8","846","75","85","false","true","English","GunnyGameZ"
"https://static-cdn.jtvnw.net/jtv_user_pictures/d61de846-fb3e-48b7-83e5-93ad57616737-profile_image-150x150.png?imenable=1&impolicy=user-profile-picture&imwidth=100","66089","a1pha1tv","3435","3330","4","0","846","3","30","false","true","English","a1pha1tv"
"https://static-cdn.jtvnw.net/jtv_user_pictures/823764ab-db38-452b-8147-8182f673fc1c-profile_image-150x150.jpg?imenable=1&impolicy=user-profile-picture&imwidth=100","66090","omgwtfpat","2760","1020","7","2","846","8","29","false","false","English","omgwtfpat"
"https://static-cdn.jtvnw.net/jtv_user_pictures/diviless-profile_image-74f6c6e6c238adb3-150x150.png?imenable=1&impolicy=user-profile-picture&imwidth=100","66091","Diviless","270","210","3","1","846","0","7","false","false","Finnish","Diviless"
"https://static-cdn.jtvnw.net/jtv_user_pictures/b6b1f4c7-08d2-4518-a448-669592a1bc2c-profile_image-150x150.jpg?imenable=1&impolicy=user-profile-picture&imwidth=100","66092","KlokWrk","300","60","7","5","846","0","0","false","true","English","KlokWrk"
"https://static-cdn.jtvnw.net/jtv_user_pictures/40812154-b7b4-4268-be42-3ee215671b56-profile_image-150x150.jpg?imenable=1&impolicy=user-profile-picture&imwidth=100","66093","drewhova_","60","15","4","4","846","0","0","false","false","English","drewhova_"
"https://static-cdn.jtvnw.net/jtv_user_pictures/9637f42f-7b23-40eb-95f3-f52569d6f661-profile_image-150x150.jpg?imenable=1&impolicy=user-profile-picture&imwidth=100","66094","str8outtadade","2430","315","14","6","846","2","4","false","false","English","str8outtadade"
"https://static-cdn.jtvnw.net/jtv_user_pictures/b7529bc7-21db-4ad1-9dc4-4fc2a611d109-profile_image-150x150.png?imenable=1&impolicy=user-profile-picture&imwidth=100","66095","turkerb","90","30","3","3","845","0","0","false","false","Turkish","turkerb"
"https://static-cdn.jtvnw.net/jtv_user_pictures/15ada691-a71f-469c-8f17-a2fb46e15689-profile_image-150x150.png?imenable=1&impolicy=user-profile-picture&imwidth=100","66096","mononomo12","60","150","2","0","845","0","0","false","true","English","mononomo12"
"https://static-cdn.jtvnw.net/jtv_user_pictures/a6c54cf6-5ce1-4765-b735-59b0cac86d2b-profile_image-150x150.png?imenable=1&impolicy=user-profile-picture&imwidth=100","66097","OMGZombiUnicorn","7620","3270","8","1","845","53","149","false","true","English","OMGZombiUnicorn"
"https://static-cdn.jtvnw.net/jtv_user_pictures/5e1bf749-9e38-4af7-9069-27b21eb3a86d-profile_image-150x150.png?imenable=1&impolicy=user-profile-picture&imwidth=100","66098","UnexpectedRAIN_","10695","645","32","16","845","1071","5187","false","false","Turkish","UnexpectedRAIN_"
"https://static-cdn.jtvnw.net/jtv_user_pictures/12aef79a-239f-4f82-a1e9-5ee772edb23d-profile_image-150x150.png?imenable=1&impolicy=user-profile-picture&imwidth=100","66099","ernstl_gaming","2760","3450","5","0","845","2","54","false","false","German","ernstl_gaming"
"https://static-cdn.jtvnw.net/jtv_user_pictures/542e24cd-6391-4c10-9304-9dac9ed40cb8-profile_image-150x150.png?imenable=1&impolicy=user-profile-picture&imwidth=100","66100","Bmills","300","345","2","0","845","3","18","false","true","English","Bmills"