"","","Channel","Watch time","Stream time","Peak viewers","Average viewers","Followers","Followers gained","Views gained","Partnered","Mature","Language",""
"https://static-cdn.jtvnw.net/jtv_user_pictures/britfrag-profile_image-b95e5fa6507b3db7-150x150.png?imenable=1&impolicy=user-profile-picture&imwidth=100","58201","BritFrag","124410","10560","83","11","1042","26","869","false","true","English","BritFrag"
"https://static-cdn.jtvnw.net/jtv_user_pictures/1980ed97-3a38-44a4-adf1-7fca2da6856a-profile_image-150x150.jpeg?imenable=1&impolicy=user-profile-picture&imwidth=100","58202","MaveronTV","0","15","0","0","1041","0","0","false","true","German","MaveronTV"
"https://static-cdn.jtvnw.net/jtv_user_pictures/c4d5dbbb-bb50-42f5-a6ba-e61f1eed43ca-profile_image-150x150.png?imenable=1&impolicy=user-profile-picture&imwidth=100","58203","myPlaystation","2685","480","10","5","1041","8","91","false","false","Russian","myPlaystation"
"https://static-cdn.jtvnw.net/jtv_user_pictures/154f9db5-52e1-4586-8e2d-d7bec46d6cc9-profile_image-150x150.png?imenable=1&impolicy=user-profile-picture&imwidth=100","58204","nilzinho1","30","30","1","1","1041","0","0","false","false","German","nilzinho1"
"https://static-cdn.jtvnw.net/jtv_user_pictures/joshyfuntime-profile_image-7b7c24d75f429f8d-150x150.png?imenable=1&impolicy=user-profile-picture&imwidth=100","58205","JoshyFunTime","11850","495","43","23","1041","67","347","false","false","","JoshyFunTime"
"https://static-cdn.jtvnw.net/jtv_user_pictures/9c9e2ce7-bc52-41c7-987e-28c3927fcc8c-profile_image-150x150.png?imenable=1&impolicy=user-profile-picture&imwidth=100","58206","Brasican2004","15","15","1","1","1041","0","0","false","true","English","Brasican2004"
"https://static-cdn.jtvnw.net/jtv_user_pictures/f2d095ae-b656-41ba-bdba-9dd9eb28e548-profile_image-150x150.png?imenable=1&impolicy=user-profile-picture&imwidth=100","58207","Zamanathchan","75","105","3","0","1041","0","29","false","false","French","Zamanathchan"
"https://static-cdn.jtvnw.net/jtv_user_pictures/57c38d94-43ec-4650-ad17-69937d600f66-profile_image-150x150.png?imenable=1&impolicy=user-profile-picture&imwidth=100","58208","OneMolekuel","450","285","3","1","1041","0","3","false","true","German","OneMolekuel"
"https://static-cdn.jtvnw.net/jtv_user_pictures/b75c5c90-61c0-4930-9161-ec3e9095abf6-profile_image-150x150.png?imenable=1&impolicy=user-profile-picture&imwidth=100","58209","KREPTiiK","1740","615","6","2","1041","2","36","false","true","English","KREPTiiK"
"https://static-cdn.jtvnw.net/jtv_user_pictures/psytrexx88-profile_image-b6719744d2cec709-150x150.jpeg?imenable=1&impolicy=user-profile-picture&imwidth=100","58210","Psytrexx88","1425","645","8","1","1041","7","27","false","true","German","Psytrexx88"
"https://static-cdn.jtvnw.net/jtv_user_pictures/4fffcc59-e8c0-4df5-9e6b-ef3cf6ac23b7-profile_image-150x150.png?imenable=1&impolicy=user-profile-picture&imwidth=100","58211","TheCrimsonTickler","5460","4740","18","0","1041","22","188","false","true","English","TheCrimsonTickler"
"https://static-cdn.jtvnw.net/jtv_user_pictures/5f909553-d7ab-4b17-8225-453b9178f463-profile_image-150x150.png?imenable=1&impolicy=user-profile-picture&imwidth=100","58212","coLKoMA","16065","255","164","62","1041","11","167","true","false","English","coLKoMA"
"https://static-cdn.jtvnw.net/jtv_user_pictures/f42031bb-af61-4389-af18-626273213fad-profile_image-150x150.jpg?imenable=1&impolicy=user-profile-picture&imwidth=100","58213","LuckyDukkk","765","60","15","12","1041","12","0","false","false","English","LuckyDukkk"
"https://static-cdn.jtvnw.net/jtv_user_pictures/imaccuzake-profile_image-ebf3d5bd69edf09a-150x150.jpeg?imenable=1&impolicy=user-profile-picture&imwidth=100","58214","ImAccuzake  (imaccuzake)","0","15","0","0","1041","0","0","false","false","English","ImAccuzake  (imaccuzake)"
"https://static-cdn.jtvnw.net/jtv_user_pictures/guril-profile_image-42e2e8a1749ac613-150x150.png?imenable=1&impolicy=user-profile-picture&imwidth=100","58215","Guril","435","135","5","2","1041","1","15","false","true","Chinese","Guril"
"https://static-cdn.jtvnw.net/jtv_user_pictures/aquabolthd-profile_image-09bf8be5656044c0-150x150.png?imenable=1&impolicy=user-profile-picture&imwidth=100","58216","AquaBoltHD","3915","600","20","6","1041","39","30","false","false","English","AquaBoltHD"
"https://static-cdn.jtvnw.net/jtv_user_pictures/401b3a7c-a7ef-4e2c-85ea-f50ac0907805-profile_image-150x150.png?imenable=1&impolicy=user-profile-picture&imwidth=100","58217","Coachkriegel","33000","3270","41","9","1041","92","137","false","false","English","Coachkriegel"
"https://static-cdn.jtvnw.net/jtv_user_pictures/kill7114-profile_image-24b78f86a5dc29db-150x150.jpeg?imenable=1&impolicy=user-profile-picture&imwidth=100","58218","覆蓋 (kill7114)","2715","285","15","9","1041","13","439","false","true","Chinese","覆蓋 (kill7114)"
"https://static-cdn.jtvnw.net/jtv_user_pictures/zerotranspat-profile_image-dbbdb463b689bca9-150x150.png?imenable=1&impolicy=user-profile-picture&imwidth=100","58219","ZeroTransPat","525","225","7","2","1041","3","31","false","false","","ZeroTransPat"
"https://static-cdn.jtvnw.net/jtv_user_pictures/kenzas_city-profile_image-3700b2fc7f50ea7b-150x150.jpeg?imenable=1&impolicy=user-profile-picture&imwidth=100","58220","Kenzas_city","76020","1380","154","54","1041","-639","210","false","false","","Kenzas_city"
"https://static-cdn.jtvnw.net/jtv_user_pictures/7448274a30a64ad9-profile_image-150x150.png?imenable=1&impolicy=user-profile-picture&imwidth=100","58221","JordanMilly","1080","180","9","6","1041","1","8","false","false","English","JordanMilly"
"https://static-cdn.jtvnw.net/jtv_user_pictures/kossukissa-profile_image-da9a0b34243ad6bd-150x150.png?imenable=1&impolicy=user-profile-picture&imwidth=100","58222","kossukissa","30345","840","102","35","1041","-57","671","false","true","Finnish","kossukissa"
"https://static-cdn.jtvnw.net/jtv_user_pictures/f5ef2ea2-4f1a-48f2-b3e3-0af68743d2be-profile_image-150x150.jpg?imenable=1&impolicy=user-profile-picture&imwidth=100","58223","Crlobo10","465","270","4","1","1041","2","1","false","false","English","Crlobo10"
"https://static-cdn.jtvnw.net/jtv_user_pictures/7a022449-f1e4-4ed9-b75a-6479c2e8693c-profile_image-150x150.png?imenable=1&impolicy=user-profile-picture&imwidth=100","58224","GlitcherDOTbe","1785","495","7","3","1041","4","69","false","true","English","GlitcherDOTbe"
"https://static-cdn.jtvnw.net/jtv_user_pictures/blurstt-profile_image-109504c9b593306e-150x150.png?imenable=1&impolicy=user-profile-picture&imwidth=100","58225","Blurstt","58950","1020","112","57","1041","230","821","false","true","French","Blurstt"
"https://static-cdn.jtvnw.net/jtv_user_pictures/4a1ba4cd-db0e-4286-a237-e93c3eb8c1a6-profile_image-150x150.png?imenable=1&impolicy=user-profile-picture&imwidth=100","58226","Norferzlo","2340","465","12","4","1041","7","24","false","true","English","Norferzlo"
"https://static-cdn.jtvnw.net/jtv_user_pictures/4cd73fcb-0010-4016-90a6-52eb844ebe04-profile_image-150x150.png?imenable=1&impolicy=user-profile-picture&imwidth=100","58227","BringTheDawn","885","1380","4","0","1041","0","1","false","true","English","BringTheDawn"
"https://static-cdn.jtvnw.net/jtv_user_pictures/af9306a5-94dc-4a0e-ae85-084c737d49e6-profile_image-150x150.png?imenable=1&impolicy=user-profile-picture&imwidth=100","58228","Cshiru","1245","720","8","1","1041","-2","22","false","true","French","Cshiru"
"https://static-cdn.jtvnw.net/jtv_user_pictures/kcsrk-profile_image-597139e34db851f5-150x150.jpeg?imenable=1&impolicy=user-profile-picture&imwidth=100","58229","KCSRK","15675","1710","47","8","1041","27","100","false","false","English","KCSRK"
"https://static-cdn.jtvnw.net/jtv_user_pictures/e63af709-eee6-431c-9f9c-9629b5b727bf-profile_image-150x150.png?imenable=1&impolicy=user-profile-picture&imwidth=100","58230","CanadianCrave","885","195","9","4","1041","10","18","false","false","English","CanadianCrave"
"https://static-cdn.jtvnw.net/jtv_user_pictures/xgrizzlybx-profile_image-fe0771894602985d-150x150.png?imenable=1&impolicy=user-profile-picture&imwidth=100","58231","xGrizzlyBx","4830","495","16","9","1041","33","111","false","false","","xGrizzlyBx"
"https://static-cdn.jtvnw.net/jtv_user_pictures/b1c36730-b300-486f-b10a-0706a49c9fa7-profile_image-150x150.jpg?imenable=1&impolicy=user-profile-picture&imwidth=100","58232","DJNimbus","9450","2550","9","3","1041","-21","37","false","false","English","DJNimbus"
"https://static-cdn.jtvnw.net/jtv_user_pictures/shred_tv-profile_image-6cf76de15a94c0d4-150x150.jpeg?imenable=1&impolicy=user-profile-picture&imwidth=100","58233","Shred_TV","7050","330","61","20","1041","13","115","false","true","Hungarian","Shred_TV"
"https://static-cdn.jtvnw.net/jtv_user_pictures/suolupelaa-profile_image-50700b366118cc22-150x150.jpeg?imenable=1&impolicy=user-profile-picture&imwidth=100","58234","SuoluPelaa","1590","255","10","6","1041","6","11","false","false","Finnish","SuoluPelaa"
"https://static-cdn.jtvnw.net/user-default-pictures-uv/75305d54-c7cc-40d1-bb9c-91fbe85943c7-profile_image-150x150.png?imenable=1&impolicy=user-profile-picture&imwidth=100","58235","blaizinginfern0","105","105","1","1","1041","0","0","false","false","English","blaizinginfern0"
"https://static-cdn.jtvnw.net/jtv_user_pictures/3074e6ba-d208-4f23-bd37-5832a8dbb251-profile_image-150x150.png?imenable=1&impolicy=user-profile-picture&imwidth=100","58236","DaraBoyy","60","45","2","1","1041","0","0","false","true","Hungarian","DaraBoyy"
"https://static-cdn.jtvnw.net/jtv_user_pictures/0286d6fc-3214-4a24-b4d4-01ec5050fabd-profile_image-150x150.png?imenable=1&impolicy=user-profile-picture&imwidth=100","58237","abalive","24555","3120","38","7","1041","81","20","false","false","English","abalive"
"https://static-cdn.jtvnw.net/jtv_user_pictures/guerrerodesampa-profile_image-1dfde350b9abcf3c-150x150.png?imenable=1&impolicy=user-profile-picture&imwidth=100","58238","Guerrerodesampa","12945","1500","24","8","1041","31","172","true","false","English","Guerrerodesampa"
"https://static-cdn.jtvnw.net/jtv_user_pictures/tentsuki-profile_image-3a07b30fa4d6544d-150x150.png?imenable=1&impolicy=user-profile-picture&imwidth=100","58239","Tentsuki","8160","2400","10","2","1041","1","101","false","true","French","Tentsuki"
"https://static-cdn.jtvnw.net/jtv_user_pictures/4cd4dbc8-55a9-4ccc-a6e7-b972e925a99d-profile_image-150x150.png?imenable=1&impolicy=user-profile-picture&imwidth=100","58240","DeletedWaffles","2595","720","8","3","1041","1","28","false","false","English","DeletedWaffles"
"https://static-cdn.jtvnw.net/jtv_user_pictures/0fd01bf7-7864-4193-8a47-c264931f64d3-profile_image-150x150.png?imenable=1&impolicy=user-profile-picture&imwidth=100","58241","RustyOneTwo","4380","990","17","3","1041","2","17","false","false","English","RustyOneTwo"
"https://static-cdn.jtvnw.net/jtv_user_pictures/8_bit_hero-profile_image-6ec151e8b226ef3e-150x150.png?imenable=1&impolicy=user-profile-picture&imwidth=100","58242","8_Bit_Hero","24135","3060","21","7","1041","23","86","false","true","English","8_Bit_Hero"
"https://static-cdn.jtvnw.net/jtv_user_pictures/osrstomy-profile_image-6e47b5a0a2bf9830-150x150.jpeg?imenable=1&impolicy=user-profile-picture&imwidth=100","58243","osrstomy","44775","1440","102","30","1040","1161","5049","false","false","English","osrstomy"
"https://static-cdn.jtvnw.net/jtv_user_pictures/antilink-profile_image-a902ee04f5f5e664-150x150.jpeg?imenable=1&impolicy=user-profile-picture&imwidth=100","58244","AntiLink","0","15","0","0","1040","0","0","false","false","English","AntiLink"
"https://static-cdn.jtvnw.net/ttv-boxart/404_boxart.png?imenable=1&impolicy=user-profile-picture&imwidth=100","58245","iSplashAndOne","300","165","4","1","1040","5","0","false","false","","iSplashAndOne"
"https://static-cdn.jtvnw.net/jtv_user_pictures/sasugatv-profile_image-1a11e78ff6c1b4c4-150x150.jpeg?imenable=1&impolicy=user-profile-picture&imwidth=100","58246","SasugaTV","9600","1440","13","6","1040","-1","119","false","true","English","SasugaTV"
"https://static-cdn.jtvnw.net/jtv_user_pictures/2cf55397-0a88-4f44-972d-7c2adf6a47d3-profile_image-150x150.png?imenable=1&impolicy=user-profile-picture&imwidth=100","58247","NecroUndine","0","195","0","0","1040","0","1","false","false","English","NecroUndine"
"https://static-cdn.jtvnw.net/jtv_user_pictures/2412cc85-0c7f-4c51-b5c8-6f23bd685412-profile_image-150x150.png?imenable=1&impolicy=user-profile-picture&imwidth=100","58248","Zepyh","105","105","1","1","1040","1","2","false","false","English","Zepyh"
"https://static-cdn.jtvnw.net/user-default-pictures-uv/de130ab0-def7-11e9-b668-784f43822e80-profile_image-150x150.png?imenable=1&impolicy=user-profile-picture&imwidth=100","58249","Sherpen","645","300","3","1","1040","1","5","false","false","English","Sherpen"
"https://static-cdn.jtvnw.net/jtv_user_pictures/septemberdota1-profile_image-3a79cf11303e0b47-150x150.jpeg?imenable=1&impolicy=user-profile-picture&imwidth=100","58250","septemberdota1","9840","1065","22","8","1040","11","365","false","false","Russian","septemberdota1"
"https://static-cdn.jtvnw.net/jtv_user_pictures/db8c39da-078c-48f3-b676-63f738dc2101-profile_image-150x150.png?imenable=1&impolicy=user-profile-picture&imwidth=100","58251","ちょろみくろ (sdfsdfsfasdad)","660","135","7","4","1040","0","2","false","false","Japanese","ちょろみくろ (sdfsdfsfasdad)"
"https://static-cdn.jtvnw.net/jtv_user_pictures/f58817ad-6400-4dfd-a320-fae7b1e28b84-profile_image-150x150.png?imenable=1&impolicy=user-profile-picture&imwidth=100","58252","Kerohzen","570","345","3","1","1040","1","1","false","false","French","Kerohzen"
"https://static-cdn.jtvnw.net/jtv_user_pictures/willow_xd-profile_image-d58fdb66ef53f4e1-150x150.jpeg?imenable=1&impolicy=user-profile-picture&imwidth=100","58253","Willow_xd","81780","9330","31","8","1040","78","639","false","false","French","Willow_xd"
"https://static-cdn.jtvnw.net/jtv_user_pictures/fa6c083b-caca-47a8-b1f3-8b71ea037fbb-profile_image-150x150.png?imenable=1&impolicy=user-profile-picture&imwidth=100","58254","ItsRandum_","0","15","0","0","1040","0","0","false","false","English","ItsRandum_"
"https://static-cdn.jtvnw.net/jtv_user_pictures/c32e809e-c12b-4527-9e63-deedfdde10af-profile_image-150x150.png?imenable=1&impolicy=user-profile-picture&imwidth=100","58255","Maia_","2505","480","14","4","1040","20","117","false","false","Arabic","Maia_"
"https://static-cdn.jtvnw.net/jtv_user_pictures/daddyissuestv-profile_image-25bd321b2422166f-150x150.jpeg?imenable=1&impolicy=user-profile-picture&imwidth=100","58256","daddyissuestv","9450","1680","20","5","1040","48","111","false","true","English","daddyissuestv"
"https://static-cdn.jtvnw.net/jtv_user_pictures/15125a6b-66bf-4ba5-a663-ddef8e0c0895-profile_image-150x150.png?imenable=1&impolicy=user-profile-picture&imwidth=100","58257","icyharley","8190","7470","79","0","1040","21","97","false","false","English","icyharley"
"https://static-cdn.jtvnw.net/jtv_user_pictures/fcb42250-8cbe-4e39-a437-dfb0a5ec2fcf-profile_image-150x150.png?imenable=1&impolicy=user-profile-picture&imwidth=100","58258","AvaKitten","31530","3030","39","9","1040","100","275","false","false","English","AvaKitten"
"https://static-cdn.jtvnw.net/jtv_user_pictures/kingofvalinor-profile_image-616713317578a1c8-150x150.jpeg?imenable=1&impolicy=user-profile-picture&imwidth=100","58259","KingofValinor","3945","2235","8","1","1040","5","82","false","false","English","KingofValinor"
"https://static-cdn.jtvnw.net/jtv_user_pictures/41feaeac-72a8-4c8e-b585-c822257f8614-profile_image-150x150.jpg?imenable=1&impolicy=user-profile-picture&imwidth=100","58260","Ramos418","180","30","7","6","1040","0","0","false","false","Turkish","Ramos418"
"https://static-cdn.jtvnw.net/jtv_user_pictures/iron_swaffle-profile_image-2293775b614a77c4-150x150.png?imenable=1&impolicy=user-profile-picture&imwidth=100","58261","Iron_swaffle","10605","1560","22","6","1040","31","111","false","false","English","Iron_swaffle"
"https://static-cdn.jtvnw.net/jtv_user_pictures/xwayzzhd-profile_image-fdf0630381c25da6-150x150.jpeg?imenable=1&impolicy=user-profile-picture&imwidth=100","58262","xWayzzHD","465","315","4","1","1040","-27","909","false","false","","xWayzzHD"
"https://static-cdn.jtvnw.net/jtv_user_pictures/anihmal-profile_image-ec105d986c7fe1cb-150x150.jpeg?imenable=1&impolicy=user-profile-picture&imwidth=100","58263","Anihmal","1500","450","7","2","1040","0","0","false","false","English","Anihmal"
"https://static-cdn.jtvnw.net/jtv_user_pictures/trust_0-profile_image-265b94f12d0be13f-150x150.jpeg?imenable=1&impolicy=user-profile-picture&imwidth=100","58264","trust_0","35085","3270","82","10","1040","76","1613","false","false","Italian","trust_0"
"https://static-cdn.jtvnw.net/jtv_user_pictures/imjessicat-profile_image-46c62b77f25f809b-150x150.jpeg?imenable=1&impolicy=user-profile-picture&imwidth=100","58265","ImJessicat","6300","1215","28","4","1040","26","101","false","false","English","ImJessicat"
"https://static-cdn.jtvnw.net/jtv_user_pictures/8a47c463-15d1-4292-983c-6cd595cb3ba8-profile_image-150x150.png?imenable=1&impolicy=user-profile-picture&imwidth=100","58266","XilentMystic","1140","105","17","10","1040","0","0","false","true","English","XilentMystic"
"https://static-cdn.jtvnw.net/jtv_user_pictures/bobocvlad-profile_image-e6e63ff991cb29dc-150x150.jpeg?imenable=1&impolicy=user-profile-picture&imwidth=100","58267","bobocvlad","13200","765","59","16","1040","33","375","false","false","Romanian","bobocvlad"
"http://static-cdn.jtvnw.net/jtv_user_pictures/wiejak-profile_image-68ba80050601b07c-150x150.png?imenable=1&impolicy=user-profile-picture&imwidth=100","58268","Wiejak","2955","285","22","10","1040","4","102","false","false","","Wiejak"
"https://static-cdn.jtvnw.net/jtv_user_pictures/visheraquad-profile_image-b6a07a9ae9892262-150x150.jpeg?imenable=1&impolicy=user-profile-picture&imwidth=100","58269","VISHeraquad","510","150","7","2","1040","1","2","false","true","English","VISHeraquad"
"https://static-cdn.jtvnw.net/jtv_user_pictures/buhumi-profile_image-34077219dc6bd4bb-150x150.png?imenable=1&impolicy=user-profile-picture&imwidth=100","58270","buhumi","840","180","9","4","1040","4","22","false","false","German","buhumi"
"https://static-cdn.jtvnw.net/jtv_user_pictures/itzdusty-profile_image-f127ff0b59d52a78-150x150.jpeg?imenable=1&impolicy=user-profile-picture&imwidth=100","58271","iTzDusty","63750","1575","132","40","1040","38","595","false","false","English","iTzDusty"
"https://static-cdn.jtvnw.net/jtv_user_pictures/c3c643b4b75b9e85-profile_image-150x150.jpeg?imenable=1&impolicy=user-profile-picture&imwidth=100","58272","Xgif","4095","795","15","4","1040","2","29","false","false","English","Xgif"
"https://static-cdn.jtvnw.net/user-default-pictures-uv/215b7342-def9-11e9-9a66-784f43822e80-profile_image-150x150.png?imenable=1&impolicy=user-profile-picture&imwidth=100","58273","iBroadcastinq","285","225","6","1","1040","0","7","false","false","English","iBroadcastinq"
"https://static-cdn.jtvnw.net/jtv_user_pictures/f956252d-b05b-43b5-907c-6aa2c3d22029-profile_image-150x150.png?imenable=1&impolicy=user-profile-picture&imwidth=100","58274","VoxiiSky","23475","1680","33","13","1040","112","233","false","true","English","VoxiiSky"
"https://static-cdn.jtvnw.net/jtv_user_pictures/msbubbly-profile_image-f7f14da2e173508e-150x150.jpeg?imenable=1&impolicy=user-profile-picture&imwidth=100","58275","MsBubbly","1965","240","18","7","1040","406","26","false","false","English","MsBubbly"
"https://static-cdn.jtvnw.net/jtv_user_pictures/mc_kret-profile_image-be70fe61142a4082-150x150.jpeg?imenable=1&impolicy=user-profile-picture&imwidth=100","58276","MC_Kret","17025","795","85","21","1040","167","960","false","true","Polish","MC_Kret"
"https://static-cdn.jtvnw.net/jtv_user_pictures/216d7b96-9635-4534-9bb0-0609181956bb-profile_image-150x150.png?imenable=1&impolicy=user-profile-picture&imwidth=100","58277","許小雨 (andy_rain0107)","1275","690","5","1","1040","-6","63","false","false","Chinese","許小雨 (andy_rain0107)"
"https://static-cdn.jtvnw.net/jtv_user_pictures/9ad1a96d-b2a4-499b-a376-acef477f8eab-profile_image-150x150.jpg?imenable=1&impolicy=user-profile-picture&imwidth=100","58278","riskblast","65490","405","472","161","1040","26","48","false","false","English","riskblast"
"https://static-cdn.jtvnw.net/jtv_user_pictures/godzerra-profile_image-d7a21c37544153ee-150x150.jpeg?imenable=1&impolicy=user-profile-picture&imwidth=100","58279","Godzerra","58020","5910","93","9","1040","-280","148","false","true","English","Godzerra"
"https://static-cdn.jtvnw.net/jtv_user_pictures/06c3e5e7-3210-4d9f-b8ae-3fc7c2a8e710-profile_image-150x150.png?imenable=1&impolicy=user-profile-picture&imwidth=100","58280","mawly","56475","6420","21","8","1040","240","100","false","false","English","mawly"
"https://static-cdn.jtvnw.net/jtv_user_pictures/mitgamelab-profile_image-7c2df1ec93abffdb-150x150.png?imenable=1&impolicy=user-profile-picture&imwidth=100","58281","MITGameLab","2415","135","29","17","1039","-2","20","false","false","English","MITGameLab"
"https://static-cdn.jtvnw.net/jtv_user_pictures/b1bad085-b6ad-4318-b2ee-66a9089f1b18-profile_image-150x150.png?imenable=1&impolicy=user-profile-picture&imwidth=100","58282","Ldyblaze","2580","555","8","4","1039","19","24","false","true","English","Ldyblaze"
"https://static-cdn.jtvnw.net/jtv_user_pictures/dersg-profile_image-4d3c09c725d4b56c-150x150.png?imenable=1&impolicy=user-profile-picture&imwidth=100","58283","DerSG","7380","3105","8","1","1039","27","189","false","true","German","DerSG"
"https://static-cdn.jtvnw.net/jtv_user_pictures/chiferr-profile_image-aac8621da0c1e8f9-150x150.jpeg?imenable=1&impolicy=user-profile-picture&imwidth=100","58284","chiferr","60","90","2","0","1039","0","14","false","false","Russian","chiferr"
"https://static-cdn.jtvnw.net/jtv_user_pictures/147a206cf3c224fa-profile_image-150x150.jpeg?imenable=1&impolicy=user-profile-picture&imwidth=100","58285","Hjustn11","4785","1965","7","1","1039","65","74","false","false","English","Hjustn11"
"https://static-cdn.jtvnw.net/jtv_user_pictures/1c755aaf-39a3-49b1-b1d6-19780facf136-profile_image-150x150.png?imenable=1&impolicy=user-profile-picture&imwidth=100","58286","Enteria_","5250","1425","12","3","1039","7","65","false","false","German","Enteria_"
"https://static-cdn.jtvnw.net/jtv_user_pictures/87bd514f-1b8f-4413-bbc8-68f1f6e4e87d-profile_image-150x150.png?imenable=1&impolicy=user-profile-picture&imwidth=100","58287","crag","1350","285","8","4","1039","1","10","false","true","English","crag"
"https://static-cdn.jtvnw.net/jtv_user_pictures/rschronicle-profile_image-1ede038724296a75-150x150.jpeg?imenable=1&impolicy=user-profile-picture&imwidth=100","58288","RSChronicle","20355","570","136","35","1039","52","804","false","false","","RSChronicle"
"https://static-cdn.jtvnw.net/jtv_user_pictures/vityotron-profile_image-8ffcb15ce923caa9-150x150.png?imenable=1&impolicy=user-profile-picture&imwidth=100","58289","Vityotron","23745","1830","47","12","1039","197","75","false","true","English","Vityotron"
"https://static-cdn.jtvnw.net/jtv_user_pictures/76579a81-86bb-4802-8caf-b490876ce3fc-profile_image-150x150.png?imenable=1&impolicy=user-profile-picture&imwidth=100","58290","vszn","15","45","1","0","1039","0","0","false","true","English","vszn"
"https://static-cdn.jtvnw.net/jtv_user_pictures/f8c9ed8bb4fcc6c3-profile_image-150x150.jpeg?imenable=1&impolicy=user-profile-picture&imwidth=100","58291","TheBlondeJezus","2805","3255","5","0","1039","14","16","false","true","English","TheBlondeJezus"
"https://static-cdn.jtvnw.net/jtv_user_pictures/14e5571c-3c8b-411c-8a29-27985c51a141-profile_image-150x150.png?imenable=1&impolicy=user-profile-picture&imwidth=100","58292","Aspire_Wolf","60","90","2","0","1039","2","1","false","false","English","Aspire_Wolf"
"https://static-cdn.jtvnw.net/jtv_user_pictures/c5c22cb2-e684-4fa4-afff-a01e11f54e71-profile_image-150x150.png?imenable=1&impolicy=user-profile-picture&imwidth=100","58293","Rihlak","0","15","0","0","1039","0","0","false","true","Turkish","Rihlak"
"https://static-cdn.jtvnw.net/jtv_user_pictures/sufrocomoshary-profile_image-2bf41607eba9bb9a-150x150.jpeg?imenable=1&impolicy=user-profile-picture&imwidth=100","58294","SufroComoShary","270","30","18","9","1039","0","-27","false","false","Spanish","SufroComoShary"
"https://static-cdn.jtvnw.net/jtv_user_pictures/chillmatv-profile_image-1c801793dfa40540-150x150.jpeg?imenable=1&impolicy=user-profile-picture&imwidth=100","58295","ChillMaTv","0","15","0","0","1039","0","0","false","true","German","ChillMaTv"
"https://static-cdn.jtvnw.net/jtv_user_pictures/sporkvel-profile_image-8c8d0e02576612f2-150x150.png?imenable=1&impolicy=user-profile-picture&imwidth=100","58296","Sporkvel","2070","2250","4","0","1039","1","50","false","true","Swedish","Sporkvel"
"https://static-cdn.jtvnw.net/jtv_user_pictures/002743f4-112b-4122-b604-3793eda6e56a-profile_image-150x150.png?imenable=1&impolicy=user-profile-picture&imwidth=100","58297","ShannonMunsterr","195","570","2","0","1039","2","8","false","true","English","ShannonMunsterr"
"https://static-cdn.jtvnw.net/jtv_user_pictures/646d2f01-1dbd-46a0-9815-49d4e043070e-profile_image-150x150.jpeg?imenable=1&impolicy=user-profile-picture&imwidth=100","58298","hgo1","300","90","6","3","1039","0","1","false","false","Portuguese","hgo1"
"https://static-cdn.jtvnw.net/jtv_user_pictures/lucians_sword-profile_image-efde887e48df335a-150x150.jpeg?imenable=1&impolicy=user-profile-picture&imwidth=100","58299","Lucians_sword","120","30","4","4","1039","0","0","false","false","English","Lucians_sword"
"https://static-cdn.jtvnw.net/jtv_user_pictures/benderswe1-profile_image-4d6b025e4b11c80c-150x150.jpeg?imenable=1&impolicy=user-profile-picture&imwidth=100","58300","Benderswe1","1350","1005","7","1","1039","7","9","false","true","English","Benderswe1"