"","","Channel","Watch time","Stream time","Peak viewers","Average viewers","Followers","Followers gained","Views gained","Partnered","Mature","Language",""
"https://static-cdn.jtvnw.net/jtv_user_pictures/992cb2d52b0f9b9e-profile_image-150x150.png?imenable=1&impolicy=user-profile-picture&imwidth=100","71801","RasinBlood","825","675","3","0","733","1","37","false","false","English","RasinBlood"
"https://static-cdn.jtvnw.net/user-default-pictures-uv/ebb84563-db81-4b9c-8940-64ed33ccfc7b-profile_image-150x150.png?imenable=1&impolicy=user-profile-picture&imwidth=100","71802","kryppthicc","70575","10005","18","6","733","187","344","false","true","English","kryppthicc"
"https://static-cdn.jtvnw.net/ttv-boxart/404_boxart.png?imenable=1&impolicy=user-profile-picture&imwidth=100","71803","OfficerGeneral","1965","840","39","2","733","914","15","false","false","English","OfficerGeneral"
"https://static-cdn.jtvnw.net/jtv_user_pictures/alen99911-profile_image-62e506a24d621655-150x150.jpeg?imenable=1&impolicy=user-profile-picture&imwidth=100","71804","alen99911","90","150","4","0","733","0","12","false","false","Chinese","alen99911"
"https://static-cdn.jtvnw.net/jtv_user_pictures/baf669d9-4e20-4c16-bced-705dbacb9a56-profile_image-150x150.png?imenable=1&impolicy=user-profile-picture&imwidth=100","71805","Loot3r97","2655","1005","9","2","733","15","18","false","true","English","Loot3r97"
"https://static-cdn.jtvnw.net/jtv_user_pictures/fastlich187-profile_image-7ea2ab5e401a110b-150x150.jpeg?imenable=1&impolicy=user-profile-picture&imwidth=100","71806","Fastlich187","195","180","2","1","733","0","0","false","false","English","Fastlich187"
"https://static-cdn.jtvnw.net/jtv_user_pictures/82012b86-fdd4-445a-9a07-5d3947c8de31-profile_image-150x150.png?imenable=1&impolicy=user-profile-picture&imwidth=100","71807","PartyStarcher","1050","945","5","0","733","3","31","false","true","English","PartyStarcher"
"https://static-cdn.jtvnw.net/jtv_user_pictures/bcbe817f-dd65-41bc-bc65-34c39c652daf-profile_image-150x150.png?imenable=1&impolicy=user-profile-picture&imwidth=100","71808","Baysicc","720","450","4","1","733","6","26","false","true","English","Baysicc"
"https://static-cdn.jtvnw.net/jtv_user_pictures/f98a4b49-c46f-4635-bc0b-0e81a54acd3c-profile_image-150x150.png?imenable=1&impolicy=user-profile-picture&imwidth=100","71809","lucz3n","49110","6255","52","7","733","119","265","false","true","Danish","lucz3n"
"https://static-cdn.jtvnw.net/jtv_user_pictures/crononatsuga-profile_image-398fa6af97cc8c88-150x150.png?imenable=1&impolicy=user-profile-picture&imwidth=100","71810","CronoNatsuga","1665","420","6","3","733","5","29","false","true","French","CronoNatsuga"
"https://static-cdn.jtvnw.net/jtv_user_pictures/d82aa261-046d-4480-b800-0699be3e0a0d-profile_image-150x150.png?imenable=1&impolicy=user-profile-picture&imwidth=100","71811","Bl00dr0cuti0ner","195","465","2","0","733","1","33","false","true","English","Bl00dr0cuti0ner"
"https://static-cdn.jtvnw.net/jtv_user_pictures/af37616a-903e-49ff-83f3-27a60306de7d-profile_image-150x150.png?imenable=1&impolicy=user-profile-picture&imwidth=100","71812","EricksonGaming","15","15","1","1","733","0","0","false","false","English","EricksonGaming"
"https://static-cdn.jtvnw.net/jtv_user_pictures/tsunamiixo-profile_image-a5139edc04aecd50-150x150.png?imenable=1&impolicy=user-profile-picture&imwidth=100","71813","TsunamiiXO","19020","5565","12","3","733","142","143","false","false","English","TsunamiiXO"
"https://static-cdn.jtvnw.net/jtv_user_pictures/cbenni-profile_image-99d37ad0e11bcb85-150x150.jpeg?imenable=1&impolicy=user-profile-picture&imwidth=100","71814","CBenni","3300","495","12","6","733","15","23","false","false","English","CBenni"
"https://static-cdn.jtvnw.net/jtv_user_pictures/zayyyyyhd-profile_image-159b70987a125110-150x150.png?imenable=1&impolicy=user-profile-picture&imwidth=100","71815","ZayyyyyHD","4125","765","15","4","733","17","19","false","false","English","ZayyyyyHD"
"https://static-cdn.jtvnw.net/jtv_user_pictures/itsxblaze-profile_image-c2fa2d7b6ec27e0c-150x150.png?imenable=1&impolicy=user-profile-picture&imwidth=100","71816","ItsXBlaze","10215","1560","24","6","733","43","287","false","true","Dutch","ItsXBlaze"
"https://static-cdn.jtvnw.net/jtv_user_pictures/1f56a4fa-b330-4a11-acf4-3e64ebde13d8-profile_image-150x150.png?imenable=1&impolicy=user-profile-picture&imwidth=100","71817","firebird_live","60","75","1","0","733","1","0","false","false","French","firebird_live"
"https://static-cdn.jtvnw.net/jtv_user_pictures/burning_games_tv-profile_image-f9d2ed04229303e7-150x150.png?imenable=1&impolicy=user-profile-picture&imwidth=100","71818","Burning_Games_Tv","9120","2010","10","4","733","5","163","false","true","German","Burning_Games_Tv"
"https://static-cdn.jtvnw.net/jtv_user_pictures/6ec21d66-9583-414a-9f28-ad1e98bb2c56-profile_image-150x150.png?imenable=1&impolicy=user-profile-picture&imwidth=100","71819","GrumpzTTV","315","315","3","0","733","-2","20","false","false","English","GrumpzTTV"
"https://static-cdn.jtvnw.net/jtv_user_pictures/30b8f910470a32ec-profile_image-150x150.png?imenable=1&impolicy=user-profile-picture&imwidth=100","71820","DayZbot","1545","1470","6","0","733","3","23","false","true","English","DayZbot"
"https://static-cdn.jtvnw.net/jtv_user_pictures/stjerna1-profile_image-695f050261e41de0-150x150.png?imenable=1&impolicy=user-profile-picture&imwidth=100","71821","stjerna1","405","180","5","2","733","0","2","false","true","Norwegian","stjerna1"
"https://static-cdn.jtvnw.net/jtv_user_pictures/3b2109eb-3899-4e4d-8e70-afd0daaf4af6-profile_image-150x150.png?imenable=1&impolicy=user-profile-picture&imwidth=100","71822","ItsGnome","9900","3510","158","2","733","-1427","170","false","false","English","ItsGnome"
"https://static-cdn.jtvnw.net/jtv_user_pictures/domstho-profile_image-976eb8ea721bbe39-150x150.jpeg?imenable=1&impolicy=user-profile-picture&imwidth=100","71823","domstho","1695","135","17","12","733","3","9","false","false","English","domstho"
"https://static-cdn.jtvnw.net/jtv_user_pictures/fa0e10e7-40fe-4f12-a17d-abd0da52fd94-profile_image-150x150.png?imenable=1&impolicy=user-profile-picture&imwidth=100","71824","Alien8theBunny","180","60","5","3","733","0","0","false","false","English","Alien8theBunny"
"https://static-cdn.jtvnw.net/jtv_user_pictures/e467dd0d-bc96-4fe7-b226-591c5b8b7dd3-profile_image-150x150.png?imenable=1&impolicy=user-profile-picture&imwidth=100","71825","itskingmarz","225","255","3","0","733","1","7","false","true","English","itskingmarz"
"https://static-cdn.jtvnw.net/jtv_user_pictures/a11c63b2-b09a-46eb-b29e-c2eb15eb1616-profile_image-150x150.png?imenable=1&impolicy=user-profile-picture&imwidth=100","71826","Boog2TheMan","4440","1305","12","3","733","12","22","false","true","English","Boog2TheMan"
"https://static-cdn.jtvnw.net/jtv_user_pictures/9d08edaf-3299-4874-9bd3-35a3ca0856bc-profile_image-150x150.png?imenable=1&impolicy=user-profile-picture&imwidth=100","71827","ExoticTR_","420","720","3","0","733","6","5","false","false","German","ExoticTR_"
"https://static-cdn.jtvnw.net/jtv_user_pictures/06685f20-7616-4681-bdf0-3f1a92f02679-profile_image-150x150.png?imenable=1&impolicy=user-profile-picture&imwidth=100","71828","SluffyFlipper","240","240","2","0","733","2","17","false","true","English","SluffyFlipper"
"https://static-cdn.jtvnw.net/jtv_user_pictures/5121e94d-f89a-43dd-8831-635ffffe2022-profile_image-150x150.png?imenable=1&impolicy=user-profile-picture&imwidth=100","71829","wizardoak","165","195","3","0","733","1","3","false","false","English","wizardoak"
"https://static-cdn.jtvnw.net/jtv_user_pictures/hatskuwr-profile_image-620df3f20ad5761f-150x150.jpeg?imenable=1&impolicy=user-profile-picture&imwidth=100","71830","HatsKuWR","9915","750","25","13","733","8","187","false","true","Spanish","HatsKuWR"
"https://static-cdn.jtvnw.net/jtv_user_pictures/707055cf-c402-4566-a1a6-a69a917bc5f3-profile_image-150x150.png?imenable=1&impolicy=user-profile-picture&imwidth=100","71831","SpoonjaminTV","9690","1470","19","6","733","164","92","false","false","English","SpoonjaminTV"
"https://static-cdn.jtvnw.net/jtv_user_pictures/a177f41c-9a4e-4cac-a3b5-0a99fc6cb0f9-profile_image-150x150.png?imenable=1&impolicy=user-profile-picture&imwidth=100","71832","Dogysamich","3570","1125","9","2","733","6","30","false","false","English","Dogysamich"
"https://static-cdn.jtvnw.net/jtv_user_pictures/megametzelfleischer-profile_image-d96476c2f58019e0-150x150.jpeg?imenable=1&impolicy=user-profile-picture&imwidth=100","71833","Megametzelfleischer","52890","1740","53","30","733","14","439","false","false","German","Megametzelfleischer"
"https://static-cdn.jtvnw.net/jtv_user_pictures/728a9002-9e0f-4c91-9689-c90ee7ca5aed-profile_image-150x150.jpg?imenable=1&impolicy=user-profile-picture&imwidth=100","71834","spookedjk","3690","645","10","5","733","8","51","false","true","English","spookedjk"
"https://static-cdn.jtvnw.net/jtv_user_pictures/3c05ffe3-7373-4329-abf6-5271ed4c74ec-profile_image-150x150.png?imenable=1&impolicy=user-profile-picture&imwidth=100","71835","TheWinterBound","45","75","2","0","733","0","0","false","true","English","TheWinterBound"
"https://static-cdn.jtvnw.net/jtv_user_pictures/veryunemployed-profile_image-ff0531a27c289e70-150x150.jpeg?imenable=1&impolicy=user-profile-picture&imwidth=100","71836","VeryUnemployed","570","285","4","1","733","3","6","false","false","English","VeryUnemployed"
"https://static-cdn.jtvnw.net/jtv_user_pictures/6611f4a4-4593-4695-af84-066c4560db23-profile_image-150x150.png?imenable=1&impolicy=user-profile-picture&imwidth=100","71837","Roarr","20760","2355","17","8","733","12","73","false","true","English","Roarr"
"https://static-cdn.jtvnw.net/jtv_user_pictures/6da00822-d6f8-4ae6-98f4-8a0ed29b6ccc-profile_image-150x150.jpg?imenable=1&impolicy=user-profile-picture&imwidth=100","71838","Stranger568","3180","1050","28","2","733","-27","231","false","false","Russian","Stranger568"
"https://static-cdn.jtvnw.net/jtv_user_pictures/ihappykips-profile_image-d350c59e97684903-150x150.png?imenable=1&impolicy=user-profile-picture&imwidth=100","71839","ihappykips","37590","5790","30","6","733","10","829","false","false","Russian","ihappykips"
"https://static-cdn.jtvnw.net/jtv_user_pictures/df3a418a-9b35-44e9-aad8-dfb8820a5879-profile_image-150x150.jpg?imenable=1&impolicy=user-profile-picture&imwidth=100","71840","RitzandPitz","420","1035","2","0","733","0","30","false","false","English","RitzandPitz"
"https://static-cdn.jtvnw.net/jtv_user_pictures/maelstromalpha-profile_image-7fcb762026e2d54b-150x150.jpeg?imenable=1&impolicy=user-profile-picture&imwidth=100","71841","MaelstromALPHA","1155","450","5","2","733","0","52","false","true","English","MaelstromALPHA"
"https://static-cdn.jtvnw.net/jtv_user_pictures/eec0f6d0-8f0e-4094-ae6f-1a90c10274fb-profile_image-150x150.png?imenable=1&impolicy=user-profile-picture&imwidth=100","71842","Notlikeall","7710","5865","8","0","733","1","238","false","false","Russian","Notlikeall"
"https://static-cdn.jtvnw.net/jtv_user_pictures/70f9f8ab-d1aa-4274-b56c-5512bf78c15d-profile_image-150x150.png?imenable=1&impolicy=user-profile-picture&imwidth=100","71843","AerLaker","16575","2565","18","6","733","75","320","false","false","Russian","AerLaker"
"https://static-cdn.jtvnw.net/jtv_user_pictures/14b24c52-fbdc-4964-b39c-23025f369b64-profile_image-150x150.jpeg?imenable=1&impolicy=user-profile-picture&imwidth=100","71844","Mazlum","3480","900","7","3","733","-2","68","false","true","French","Mazlum"
"https://static-cdn.jtvnw.net/jtv_user_pictures/456fe2ac-ae15-4334-b286-adaa83cce65f-profile_image-150x150.png?imenable=1&impolicy=user-profile-picture&imwidth=100","71845","Gulume2611","1125","795","8","1","733","3","39","false","true","French","Gulume2611"
"https://static-cdn.jtvnw.net/jtv_user_pictures/the_red_blade-profile_image-5de26004d3310a7a-150x150.jpeg?imenable=1&impolicy=user-profile-picture&imwidth=100","71846","紅霞之刃 (the_red_blade)","61935","3360","64","17","733","48","1565","false","false","Chinese","紅霞之刃 (the_red_blade)"
"https://static-cdn.jtvnw.net/jtv_user_pictures/dangerdan00-profile_image-8ffb94b8b3a08516-150x150.jpeg?imenable=1&impolicy=user-profile-picture&imwidth=100","71847","DangerDan00","2235","840","7","2","733","1","6","false","true","English","DangerDan00"
"https://static-cdn.jtvnw.net/jtv_user_pictures/5f2f7a41-709a-4c4a-8830-a1a416e383c8-profile_image-150x150.png?imenable=1&impolicy=user-profile-picture&imwidth=100","71848","Torstein89","13305","1740","28","7","733","-654","73","false","true","English","Torstein89"
"https://static-cdn.jtvnw.net/jtv_user_pictures/2d7e8d995e9cf9c5-profile_image-150x150.png?imenable=1&impolicy=user-profile-picture&imwidth=100","71849","NotAHappyRobot","50370","9315","12","4","733","-165","156","false","true","English","NotAHappyRobot"
"https://static-cdn.jtvnw.net/jtv_user_pictures/93f52af2-0e77-4501-ba2d-7c13406e3d41-profile_image-150x150.png?imenable=1&impolicy=user-profile-picture&imwidth=100","71850","panstream0","375","75","10","5","733","6","0","false","false","Russian","panstream0"
"https://static-cdn.jtvnw.net/jtv_user_pictures/baec7c74-ef61-4ac4-b4c5-cc250225e0e6-profile_image-150x150.png?imenable=1&impolicy=user-profile-picture&imwidth=100","71851","Rexie_LoL","14550","1200","41","11","732","58","180","false","true","Swedish","Rexie_LoL"
"https://static-cdn.jtvnw.net/jtv_user_pictures/ddf915bf-3b21-4f8c-9c0a-7a4652a5824d-profile_image-150x150.png?imenable=1&impolicy=user-profile-picture&imwidth=100","71852","DriacFR","5310","1035","15","4","732","23","148","false","false","French","DriacFR"
"https://static-cdn.jtvnw.net/jtv_user_pictures/e73feb38-f37a-4aeb-a254-d9be645a2436-profile_image-150x150.png?imenable=1&impolicy=user-profile-picture&imwidth=100","71853","Greggs","0","15","0","0","732","0","0","false","true","English","Greggs"
"https://static-cdn.jtvnw.net/jtv_user_pictures/disabledwookie-profile_image-0207ca68249aca5e-150x150.jpeg?imenable=1&impolicy=user-profile-picture&imwidth=100","71854","DisabledWookie","53130","5535","270","9","732","308","623","false","false","English","DisabledWookie"
"https://static-cdn.jtvnw.net/jtv_user_pictures/anxrockstar-profile_image-26d065f988beefb3-150x150.jpeg?imenable=1&impolicy=user-profile-picture&imwidth=100","71855","anxrockstar","45","30","3","1","732","0","4","false","false","English","anxrockstar"
"https://static-cdn.jtvnw.net/jtv_user_pictures/07ab6730-d78e-4f7f-821b-8c2ae39286f9-profile_image-150x150.png?imenable=1&impolicy=user-profile-picture&imwidth=100","71856","AbabyRhino","0","465","0","0","732","1","2","false","true","English","AbabyRhino"
"https://static-cdn.jtvnw.net/jtv_user_pictures/76ac2bf6-a05c-4c01-927c-af56fbf2d2aa-profile_image-150x150.png?imenable=1&impolicy=user-profile-picture&imwidth=100","71857","1tsTK","60","240","2","0","732","1","33","false","true","English","1tsTK"
"https://static-cdn.jtvnw.net/jtv_user_pictures/b45b1d43-b088-4620-aba9-6cff271175b4-profile_image-150x150.jpg?imenable=1&impolicy=user-profile-picture&imwidth=100","71858","Endlessw1ll1am","1200","510","7","2","732","8","0","false","false","English","Endlessw1ll1am"
"https://static-cdn.jtvnw.net/jtv_user_pictures/oce_tryhard-profile_image-791a49fbc80f62db-150x150.jpeg?imenable=1&impolicy=user-profile-picture&imwidth=100","71859","oce_tryhard","2355","405","18","5","732","19","117","false","false","English","oce_tryhard"
"https://static-cdn.jtvnw.net/jtv_user_pictures/lambycheeks-profile_image-0651cb010399b8d1-150x150.png?imenable=1&impolicy=user-profile-picture&imwidth=100","71860","LambyCheeks","59895","7185","70","7","732","154","458","false","true","English","LambyCheeks"
"https://static-cdn.jtvnw.net/jtv_user_pictures/cnoltz-profile_image-0188c778afa6da61-150x150.jpeg?imenable=1&impolicy=user-profile-picture&imwidth=100","71861","cnoltz","86610","6090","37","13","732","114","1057","false","false","English","cnoltz"
"https://static-cdn.jtvnw.net/jtv_user_pictures/bbb40a70-02e2-4995-b42f-913838e111aa-profile_image-150x150.jpg?imenable=1&impolicy=user-profile-picture&imwidth=100","71862","iBruceee","5385","1965","8","2","732","19","71","false","false","English","iBruceee"
"https://static-cdn.jtvnw.net/jtv_user_pictures/doctoralfons-profile_image-d0dab9670ccee947-150x150.jpeg?imenable=1&impolicy=user-profile-picture&imwidth=100","71863","doctoralfons","60450","3825","117","15","732","23","456","false","true","English","doctoralfons"
"https://static-cdn.jtvnw.net/jtv_user_pictures/kottarogge-profile_image-c638298c9d317c6c-150x150.jpeg?imenable=1&impolicy=user-profile-picture&imwidth=100","71864","KottaRogge","375","1215","4","0","732","2","10","false","true","English","KottaRogge"
"https://static-cdn.jtvnw.net/jtv_user_pictures/fb2cad9c-bf81-40ea-b2b4-3048d6639bdd-profile_image-150x150.png?imenable=1&impolicy=user-profile-picture&imwidth=100","71865","pubLiiiic","240","765","2","0","732","1","0","false","false","English","pubLiiiic"
"https://static-cdn.jtvnw.net/jtv_user_pictures/victostream-profile_image-3e7ff380030382f0-150x150.jpeg?imenable=1&impolicy=user-profile-picture&imwidth=100","71866","VictoStream","120","75","2","1","732","0","1","false","false","English","VictoStream"
"https://static-cdn.jtvnw.net/jtv_user_pictures/7af6b023-9c53-4617-916b-8bd01e013130-profile_image-150x150.jpg?imenable=1&impolicy=user-profile-picture&imwidth=100","71867","officialmach0","30","30","1","1","732","0","0","false","false","Hungarian","officialmach0"
"https://static-cdn.jtvnw.net/jtv_user_pictures/06ab169f-0420-460b-9baf-daacc50c70dd-profile_image-150x150.jpg?imenable=1&impolicy=user-profile-picture&imwidth=100","71868","Reania","1260","405","9","2","732","5","11","false","false","Danish","Reania"
"https://static-cdn.jtvnw.net/jtv_user_pictures/83392100-5704-4236-be92-95d65ec733a2-profile_image-150x150.png?imenable=1&impolicy=user-profile-picture&imwidth=100","71869","CateSarci","2835","525","10","5","732","37","213","false","false","Italian","CateSarci"
"https://static-cdn.jtvnw.net/jtv_user_pictures/a83bd68b-daf7-4155-a2f4-fa7f3a17fc89-profile_image-150x150.png?imenable=1&impolicy=user-profile-picture&imwidth=100","71870","riddmate","630","90","10","7","732","6","4","false","false","English","riddmate"
"https://static-cdn.jtvnw.net/jtv_user_pictures/bba97504-0a9b-409e-9dc2-31afdd2902dc-profile_image-150x150.png?imenable=1&impolicy=user-profile-picture&imwidth=100","71871","MadMylesXD","5625","4920","5","0","732","21","26","false","true","English","MadMylesXD"
"https://static-cdn.jtvnw.net/jtv_user_pictures/zeropr0cent-profile_image-6e6451183e26c80b-150x150.png?imenable=1&impolicy=user-profile-picture&imwidth=100","71872","zeropr0cent","645","450","5","0","732","1","17","false","false","English","zeropr0cent"
"https://static-cdn.jtvnw.net/jtv_user_pictures/a681fe52-fb6e-41f4-aae2-d218f4acf056-profile_image-150x150.png?imenable=1&impolicy=user-profile-picture&imwidth=100","71873","kebunbun","330","240","3","0","732","0","2","false","false","English","kebunbun"
"https://static-cdn.jtvnw.net/jtv_user_pictures/37fe8220-bce5-4fa9-8f21-3e8d21c49a80-profile_image-150x150.png?imenable=1&impolicy=user-profile-picture&imwidth=100","71874","IrrationalPassions","480","255","5","1","732","2","7","false","true","English","IrrationalPassions"
"https://static-cdn.jtvnw.net/jtv_user_pictures/19e57dbb-152e-48fe-98cf-2cc0548892fb-profile_image-150x150.png?imenable=1&impolicy=user-profile-picture&imwidth=100","71875","Soundify","12690","6120","78","1","732","173","148","false","false","English","Soundify"
"https://static-cdn.jtvnw.net/jtv_user_pictures/b7c06702-d8f7-4d1a-8d85-10dc478cfeae-profile_image-150x150.png?imenable=1&impolicy=user-profile-picture&imwidth=100","71876","rayflip","30","330","1","0","732","0","0","false","true","German","rayflip"
"https://static-cdn.jtvnw.net/jtv_user_pictures/5e9c02869626bd6c-profile_image-150x150.jpeg?imenable=1&impolicy=user-profile-picture&imwidth=100","71877","DGKonPSN","105","150","1","0","732","0","6","false","false","English","DGKonPSN"
"https://static-cdn.jtvnw.net/jtv_user_pictures/tcprazor1833-profile_image-2b775a0e0cf8fe75-150x150.jpeg?imenable=1&impolicy=user-profile-picture&imwidth=100","71878","TCPRazor1833","4965","1365","16","3","732","64","38","false","false","French","TCPRazor1833"
"https://static-cdn.jtvnw.net/jtv_user_pictures/5d1bbffd-5419-4c5d-8d8e-23155f0cc077-profile_image-150x150.png?imenable=1&impolicy=user-profile-picture&imwidth=100","71879","DungeonCatz","45","75","1","0","732","0","21","false","true","English","DungeonCatz"
"https://static-cdn.jtvnw.net/jtv_user_pictures/bb97f7e6-f11a-4194-9708-52bf5a5125e8-profile_image-150x150.jpg?imenable=1&impolicy=user-profile-picture&imwidth=100","71880","patchyice","600","705","4","0","732","-1","15","false","false","English","patchyice"
"https://static-cdn.jtvnw.net/jtv_user_pictures/d371e090-de0f-4297-a68c-6527bfb7d21f-profile_image-150x150.png?imenable=1&impolicy=user-profile-picture&imwidth=100","71881","InfamousChloe","360","240","2","1","732","1","5","false","true","English","InfamousChloe"
"https://static-cdn.jtvnw.net/jtv_user_pictures/bd3b813f-30cc-457a-a93a-baee5b712c77-profile_image-150x150.png?imenable=1&impolicy=user-profile-picture&imwidth=100","71882","Medusatuga","5085","2310","9","1","732","38","97","false","false","Portuguese","Medusatuga"
"https://static-cdn.jtvnw.net/jtv_user_pictures/ea9f14a3-98dc-4bb7-aece-5b1ae2b3f828-profile_image-150x150.png?imenable=1&impolicy=user-profile-picture&imwidth=100","71883","powerplaygaming","900","255","6","3","732","4","0","false","true","English","powerplaygaming"
"https://static-cdn.jtvnw.net/jtv_user_pictures/eb5a18ba-f841-48d8-91d5-024e4d37bc4d-profile_image-150x150.png?imenable=1&impolicy=user-profile-picture&imwidth=100","71884","SeikaTheBear","8055","1995","13","3","732","15","75","false","true","English","SeikaTheBear"
"https://static-cdn.jtvnw.net/jtv_user_pictures/ed9f1f7a-7fcf-4601-afd1-0d3ae3ea4ed5-profile_image-150x150.png?imenable=1&impolicy=user-profile-picture&imwidth=100","71885","AethersHill","2730","1950","6","1","732","4","53","false","true","English","AethersHill"
"https://static-cdn.jtvnw.net/jtv_user_pictures/f0d3b0eeb7a28afe-profile_image-150x150.png?imenable=1&impolicy=user-profile-picture&imwidth=100","71886","CrusheQc","19335","5490","14","3","732","13","248","false","false","English","CrusheQc"
"https://static-cdn.jtvnw.net/jtv_user_pictures/banditb17-profile_image-53335c424a3bf4eb-150x150.jpeg?imenable=1&impolicy=user-profile-picture&imwidth=100","71887","BanditB17","95640","1380","325","68","732","217","2185","false","true","English","BanditB17"
"https://static-cdn.jtvnw.net/jtv_user_pictures/c68703c1-fe57-4c9f-8ea6-d283c343cb85-profile_image-150x150.png?imenable=1&impolicy=user-profile-picture&imwidth=100","71888","RetroMic","2370","990","15","1","732","-5","68","false","true","Norwegian","RetroMic"
"https://static-cdn.jtvnw.net/jtv_user_pictures/thedunester-profile_image-740476411dac9b4c-150x150.jpeg?imenable=1&impolicy=user-profile-picture&imwidth=100","71889","TheDunester","75","225","2","0","732","-2","3","false","true","English","TheDunester"
"https://static-cdn.jtvnw.net/jtv_user_pictures/attacktft-profile_image-1d778116834c80b8-150x150.jpeg?imenable=1&impolicy=user-profile-picture&imwidth=100","71890","AttackTFT","105","1650","1","0","732","3","7","false","true","English","AttackTFT"
"https://static-cdn.jtvnw.net/jtv_user_pictures/72ef4762-4adb-484c-ac11-468dd077a08d-profile_image-150x150.png?imenable=1&impolicy=user-profile-picture&imwidth=100","71891","JediNinjaNick","3405","2520","4","0","732","1","15","false","false","English","JediNinjaNick"
"https://static-cdn.jtvnw.net/user-default-pictures-uv/ce57700a-def9-11e9-842d-784f43822e80-profile_image-150x150.png?imenable=1&impolicy=user-profile-picture&imwidth=100","71892","Kingbenga","2790","615","19","4","732","2","12","false","false","English","Kingbenga"
"https://static-cdn.jtvnw.net/jtv_user_pictures/alvartv-profile_image-915098606c893917-150x150.jpeg?imenable=1&impolicy=user-profile-picture&imwidth=100","71893","alvarTV","240","540","3","0","732","0","28","false","false","German","alvarTV"
"https://static-cdn.jtvnw.net/jtv_user_pictures/31dd4ca4-642b-4117-b19e-05771024d857-profile_image-150x150.png?imenable=1&impolicy=user-profile-picture&imwidth=100","71894","Nil_Satis_Kings","2340","420","9","4","732","1","21","false","false","English","Nil_Satis_Kings"
"https://static-cdn.jtvnw.net/jtv_user_pictures/khead161-profile_image-6c9936ee4ab1dfa4-150x150.jpeg?imenable=1&impolicy=user-profile-picture&imwidth=100","71895","Khead161","6615","1335","10","4","732","3","17","false","false","English","Khead161"
"https://static-cdn.jtvnw.net/jtv_user_pictures/0b8bb744-7eff-4b0a-98c3-4d2701e75c57-profile_image-150x150.png?imenable=1&impolicy=user-profile-picture&imwidth=100","71896","ElDesertFox","6585","2535","10","2","732","13","144","false","true","English","ElDesertFox"
"https://static-cdn.jtvnw.net/jtv_user_pictures/39970d8d-66a2-4185-9c70-ef1010dd2daa-profile_image-150x150.png?imenable=1&impolicy=user-profile-picture&imwidth=100","71897","Chris_Brescia","705","180","8","3","732","0","4","false","false","English","Chris_Brescia"
"https://static-cdn.jtvnw.net/jtv_user_pictures/whoafanyun1-profile_image-510502da20ccb839-150x150.png?imenable=1&impolicy=user-profile-picture&imwidth=100","71898","那個誰小玥 (whoafanyun1)","615","165","7","3","732","1","28","false","false","Chinese","那個誰小玥 (whoafanyun1)"
"https://static-cdn.jtvnw.net/jtv_user_pictures/c352564b-12f0-44b7-8c10-43fe7c13940b-profile_image-150x150.jpeg?imenable=1&impolicy=user-profile-picture&imwidth=100","71899","blessedwithbezt","10635","1395","65","7","732","71","105","false","true","Swedish","blessedwithbezt"
"https://static-cdn.jtvnw.net/jtv_user_pictures/5bd5e74f-5825-4975-be90-b78a5241a01b-profile_image-150x150.png?imenable=1&impolicy=user-profile-picture&imwidth=100","71900","supmute","480","330","4","1","732","1","1","false","true","English","supmute"