"","","Channel","Watch time","Stream time","Peak viewers","Average viewers","Followers","Followers gained","Views gained","Partnered","Mature","Language",""
"https://static-cdn.jtvnw.net/jtv_user_pictures/8c995b3d-dc2b-4faf-ba0e-3a42149a3157-profile_image-150x150.png?imenable=1&impolicy=user-profile-picture&imwidth=100","82601","Lnxa","480","180","5","2","578","2","8","false","true","English","Lnxa"
"https://static-cdn.jtvnw.net/jtv_user_pictures/7b7df53d-f99f-4f50-85f0-0f9af85254d0-profile_image-150x150.jpg?imenable=1&impolicy=user-profile-picture&imwidth=100","82602","gmillyon","600","1065","3","0","578","1","5","false","true","English","gmillyon"
"https://static-cdn.jtvnw.net/jtv_user_pictures/9b9aa73f-b37f-4538-86fb-a4052f7e4a04-profile_image-150x150.png?imenable=1&impolicy=user-profile-picture&imwidth=100","82603","Paulinovic","540","180","6","2","578","2","16","false","true","Swedish","Paulinovic"
"https://static-cdn.jtvnw.net/jtv_user_pictures/86166974-8f6f-4e35-8e77-493d523b0444-profile_image-150x150.png?imenable=1&impolicy=user-profile-picture&imwidth=100","82604","HYPERMYTHO","300","75","5","4","578","0","0","false","false","French","HYPERMYTHO"
"https://static-cdn.jtvnw.net/jtv_user_pictures/9fcd84c4-8c01-4c90-8eb5-b59e6f7ce45c-profile_image-150x150.png?imenable=1&impolicy=user-profile-picture&imwidth=100","82605","TheBlueHedgehog2010","765","240","9","3","578","1","21","false","true","English","TheBlueHedgehog2010"
"https://static-cdn.jtvnw.net/jtv_user_pictures/43b4e65f-153f-47c9-8abb-133429c5204c-profile_image-150x150.png?imenable=1&impolicy=user-profile-picture&imwidth=100","82606","inspiris","22410","1545","38","14","578","57","244","false","false","English","inspiris"
"https://static-cdn.jtvnw.net/jtv_user_pictures/ef5d89c2-8a43-4731-adf6-4bd4a25eb1d7-profile_image-150x150.png?imenable=1&impolicy=user-profile-picture&imwidth=100","82607","LewisThePureGamer","22830","6810","15","2","578","134","242","false","false","English","LewisThePureGamer"
"https://static-cdn.jtvnw.net/jtv_user_pictures/codcowboy-profile_image-b789ee92a323c268-150x150.jpeg?imenable=1&impolicy=user-profile-picture&imwidth=100","82608","CoDCowboy","54450","3570","68","14","578","-1300","132","false","false","English","CoDCowboy"
"https://static-cdn.jtvnw.net/jtv_user_pictures/sova_tm-profile_image-a087a584eae57414-150x150.jpeg?imenable=1&impolicy=user-profile-picture&imwidth=100","82609","Sova_TM","1020","165","10","6","578","9","7","true","false","Russian","Sova_TM"
"https://static-cdn.jtvnw.net/jtv_user_pictures/dragonaccio-profile_image-e8cece36a0a47a56-150x150.jpeg?imenable=1&impolicy=user-profile-picture&imwidth=100","82610","Dragonaccio","22605","1815","37","11","578","70","541","false","false","Italian","Dragonaccio"
"https://static-cdn.jtvnw.net/jtv_user_pictures/72e33cba-ef63-46e5-b28b-030ce6c6ff18-profile_image-150x150.png?imenable=1&impolicy=user-profile-picture&imwidth=100","82611","Airmec1","1005","1215","3","0","578","-1","1","false","false","German","Airmec1"
"https://static-cdn.jtvnw.net/jtv_user_pictures/tito10star-profile_image-9bca3349ddd76721-150x150.png?imenable=1&impolicy=user-profile-picture&imwidth=100","82612","Tito10star","0","15","0","0","578","0","0","false","false","Spanish","Tito10star"
"https://static-cdn.jtvnw.net/jtv_user_pictures/012eborn-profile_image-387830e697640bfa-150x150.png?imenable=1&impolicy=user-profile-picture&imwidth=100","82613","012eborn","405","135","5","2","578","1","3","false","false","English","012eborn"
"https://static-cdn.jtvnw.net/jtv_user_pictures/rebecca_lewis-profile_image-efb2243788bc818b-150x150.png?imenable=1&impolicy=user-profile-picture&imwidth=100","82614","Rebecca_Lewis","61755","3345","430","18","578","150","2403","false","false","Russian","Rebecca_Lewis"
"https://static-cdn.jtvnw.net/jtv_user_pictures/untouchable_tv-profile_image-2cfc13b7a1e12d2d-150x150.jpeg?imenable=1&impolicy=user-profile-picture&imwidth=100","82615","untouchable_tv","3390","1245","7","2","578","17","79","false","false","French","untouchable_tv"
"https://static-cdn.jtvnw.net/jtv_user_pictures/ed907c50-e882-4676-9eb7-563bc68d9337-profile_image-150x150.png?imenable=1&impolicy=user-profile-picture&imwidth=100","82616","chuuurls","11445","945","16","11","578","1","38","false","true","English","chuuurls"
"https://static-cdn.jtvnw.net/jtv_user_pictures/044dee348f26a646-profile_image-150x150.png?imenable=1&impolicy=user-profile-picture&imwidth=100","82617","LadyLexyz","63270","5850","28","10","578","58","337","false","true","English","LadyLexyz"
"https://static-cdn.jtvnw.net/jtv_user_pictures/currykid22-profile_image-9b3ed4553058715f-150x150.jpeg?imenable=1&impolicy=user-profile-picture&imwidth=100","82618","Currykid22","465","330","5","1","578","1","2","false","false","English","Currykid22"
"https://static-cdn.jtvnw.net/jtv_user_pictures/iggzz-profile_image-aa91ffb8a5b35bdf-150x150.jpeg?imenable=1&impolicy=user-profile-picture&imwidth=100","82619","Iggzz","660","300","7","1","578","0","13","false","true","English","Iggzz"
"https://static-cdn.jtvnw.net/jtv_user_pictures/e24d969a-9f4e-4b2e-b39e-87ef9aea647b-profile_image-150x150.png?imenable=1&impolicy=user-profile-picture&imwidth=100","82620","JustLoKi","1245","615","5","1","578","2","0","false","false","English","JustLoKi"
"https://static-cdn.jtvnw.net/jtv_user_pictures/c4cf1212-310b-482b-a17f-4b9cd0bf16ac-profile_image-150x150.png?imenable=1&impolicy=user-profile-picture&imwidth=100","82621","darkSectorHT","5490","1815","10","2","578","0","92","false","true","Hungarian","darkSectorHT"
"https://static-cdn.jtvnw.net/jtv_user_pictures/4dc4b387-3e41-4324-a85b-28ab5473d34e-profile_image-150x150.jpg?imenable=1&impolicy=user-profile-picture&imwidth=100","82622","ch0colatemilk","2010","225","15","8","578","6","21","false","true","English","ch0colatemilk"
"https://static-cdn.jtvnw.net/jtv_user_pictures/b6f3fc707bf858f8-profile_image-150x150.jpeg?imenable=1&impolicy=user-profile-picture&imwidth=100","82623","Definitely","2955","480","9","6","578","-2","5","false","false","English","Definitely"
"https://static-cdn.jtvnw.net/jtv_user_pictures/fb8b92ea-a165-44d9-9380-aa692305cfd3-profile_image-150x150.png?imenable=1&impolicy=user-profile-picture&imwidth=100","82624","RizzyReels","15195","5025","19","2","578","25","70","false","false","English","RizzyReels"
"https://static-cdn.jtvnw.net/jtv_user_pictures/56340a51-fed0-46be-83ee-d13fc27689d3-profile_image-150x150.png?imenable=1&impolicy=user-profile-picture&imwidth=100","82625","PaneraBread","5370","1215","9","4","578","-431","16","false","false","English","PaneraBread"
"https://static-cdn.jtvnw.net/jtv_user_pictures/e2035874-ba39-4fe5-be26-67d78fd3f772-profile_image-150x150.png?imenable=1&impolicy=user-profile-picture&imwidth=100","82626","TheWalt0","1575","345","9","4","578","0","10","false","true","English","TheWalt0"
"https://static-cdn.jtvnw.net/jtv_user_pictures/ac007d6d-bd45-46c0-a57a-ccc3574147c5-profile_image-150x150.png?imenable=1&impolicy=user-profile-picture&imwidth=100","82627","CrazyMezzOfficial","60","105","2","0","578","-1","1","false","true","Italian","CrazyMezzOfficial"
"https://static-cdn.jtvnw.net/jtv_user_pictures/215cb44e-b8ef-4b3a-aa01-83db97a91fdb-profile_image-150x150.png?imenable=1&impolicy=user-profile-picture&imwidth=100","82628","MegaCllag","3285","405","15","7","578","9","13","false","true","English","MegaCllag"
"https://static-cdn.jtvnw.net/jtv_user_pictures/thetakashi-profile_image-3eded7d68c490f7d-150x150.jpeg?imenable=1&impolicy=user-profile-picture&imwidth=100","82629","TheTakashi","5565","2325","6","2","578","-5","160","false","false","German","TheTakashi"
"https://static-cdn.jtvnw.net/jtv_user_pictures/hypeststream-profile_image-b16763294c25a268-150x150.png?imenable=1&impolicy=user-profile-picture&imwidth=100","82630","HypestStream","3270","465","11","6","578","1","47","false","false","English","HypestStream"
"https://static-cdn.jtvnw.net/jtv_user_pictures/husbandwifetv-profile_image-233083220426dd2a-150x150.png?imenable=1&impolicy=user-profile-picture&imwidth=100","82631","HusbandWifeTV","79140","5550","30","13","578","118","560","false","false","English","HusbandWifeTV"
"https://static-cdn.jtvnw.net/jtv_user_pictures/fearlessunderfire-profile_image-bb273a05331d1c48-150x150.png?imenable=1&impolicy=user-profile-picture&imwidth=100","82632","FearlessUnderFire","18540","3540","13","4","578","25","2072","false","false","English","FearlessUnderFire"
"https://static-cdn.jtvnw.net/jtv_user_pictures/e5f74548-4cb7-4647-9096-57920cf23ae4-profile_image-150x150.png?imenable=1&impolicy=user-profile-picture&imwidth=100","82633","MafiamasterTV","15","240","1","0","578","2","1","false","false","English","MafiamasterTV"
"https://static-cdn.jtvnw.net/jtv_user_pictures/imneosz-profile_image-2e1a1eadadf0d0bd-150x150.png?imenable=1&impolicy=user-profile-picture&imwidth=100","82634","ImNeosz","450","90","9","5","578","0","0","false","true","English","ImNeosz"
"https://static-cdn.jtvnw.net/jtv_user_pictures/kilroy9-profile_image-7644e4eabcdd0a7b-150x150.jpeg?imenable=1&impolicy=user-profile-picture&imwidth=100","82635","kilroy9","5055","1125","71","4","578","7","363","false","false","German","kilroy9"
"https://static-cdn.jtvnw.net/jtv_user_pictures/fdd55745-c36e-4022-9ab1-1be13432d92b-profile_image-150x150.png?imenable=1&impolicy=user-profile-picture&imwidth=100","82636","Samlad","120","60","3","2","578","0","2","false","false","English","Samlad"
"https://static-cdn.jtvnw.net/jtv_user_pictures/coregaming2066-profile_image-45a76b4926a9b2ca-150x150.png?imenable=1&impolicy=user-profile-picture&imwidth=100","82637","Coregaming2066","2490","630","9","3","578","30","42","false","false","English","Coregaming2066"
"https://static-cdn.jtvnw.net/jtv_user_pictures/ollyberry-profile_image-2b967bc65487ad4a-150x150.jpeg?imenable=1&impolicy=user-profile-picture&imwidth=100","82638","ollyberry","75","135","1","0","578","-1","1","false","true","English","ollyberry"
"https://static-cdn.jtvnw.net/jtv_user_pictures/malicrin-profile_image-27dc585f4ce5e586-150x150.jpeg?imenable=1&impolicy=user-profile-picture&imwidth=100","82639","malicrin","2145","465","11","4","578","-1","7","true","true","English","malicrin"
"https://static-cdn.jtvnw.net/jtv_user_pictures/cf61e681-c9d5-4f61-a785-fe6f00cf7d2f-profile_image-150x150.png?imenable=1&impolicy=user-profile-picture&imwidth=100","82640","JustRisu","855","165","10","5","578","1","0","false","true","English","JustRisu"
"https://static-cdn.jtvnw.net/jtv_user_pictures/s3dillusion-profile_image-79dcc14e1a4679e8-150x150.jpeg?imenable=1&impolicy=user-profile-picture&imwidth=100","82641","S3Dillusion","510","180","5","2","578","-2","14","false","true","Portuguese","S3Dillusion"
"https://static-cdn.jtvnw.net/jtv_user_pictures/556cd91a-4306-4fdf-9e1f-1b6d7de94c60-profile_image-150x150.png?imenable=1&impolicy=user-profile-picture&imwidth=100","82642","BoredWeazul","450","450","4","1","578","2","3","false","true","English","BoredWeazul"
"https://static-cdn.jtvnw.net/jtv_user_pictures/6dd290e3-ed9d-4665-b4af-682980506ef9-profile_image-150x150.png?imenable=1&impolicy=user-profile-picture&imwidth=100","82643","kendawgs","630","165","7","3","578","1","5","false","true","English","kendawgs"
"https://static-cdn.jtvnw.net/jtv_user_pictures/fsylophis-profile_image-7145dbfac001f46a-150x150.jpeg?imenable=1&impolicy=user-profile-picture&imwidth=100","82644","FSYLophis","28035","1170","60","23","578","57","269","false","false","English","FSYLophis"
"https://static-cdn.jtvnw.net/jtv_user_pictures/taurinensis-profile_image-db0349a24d66b761-150x150.png?imenable=1&impolicy=user-profile-picture&imwidth=100","82645","Taurinensis","6210","1245","14","4","578","2","58","false","false","English","Taurinensis"
"https://static-cdn.jtvnw.net/jtv_user_pictures/kripkesworld-profile_image-485620054d7d1c17-150x150.jpeg?imenable=1&impolicy=user-profile-picture&imwidth=100","82646","kripkesworld","7785","1155","23","6","578","79","719","false","false","German","kripkesworld"
"https://static-cdn.jtvnw.net/jtv_user_pictures/97955b00-27a1-428b-8468-facbc86462cd-profile_image-150x150.jpg?imenable=1&impolicy=user-profile-picture&imwidth=100","82647","Brutal_Raccoon","115920","8145","163","13","578","52","893","false","false","Russian","Brutal_Raccoon"
"https://static-cdn.jtvnw.net/jtv_user_pictures/57802874-f42f-4154-a931-2ff06f884a9d-profile_image-150x150.png?imenable=1&impolicy=user-profile-picture&imwidth=100","82648","LoserBtrippin","810","585","7","1","578","-3","9","false","true","English","LoserBtrippin"
"https://static-cdn.jtvnw.net/jtv_user_pictures/b97beff1-aaf7-4dca-b557-6d4ab4224cce-profile_image-150x150.png?imenable=1&impolicy=user-profile-picture&imwidth=100","82649","WoZGaming","8835","2490","35","3","578","12","73","false","true","English","WoZGaming"
"https://static-cdn.jtvnw.net/jtv_user_pictures/kslr-profile_image-902e43753c3f6c52-150x150.jpeg?imenable=1&impolicy=user-profile-picture&imwidth=100","82650","Kslr","120","105","2","1","578","0","0","false","true","English","Kslr"
"https://static-cdn.jtvnw.net/jtv_user_pictures/danyole-profile_image-31f5566c39d9c786-150x150.jpeg?imenable=1&impolicy=user-profile-picture&imwidth=100","82651","Danyole","7500","1920","18","3","578","-49","76","false","false","English","Danyole"
"https://static-cdn.jtvnw.net/jtv_user_pictures/a619ead555046862-profile_image-150x150.png?imenable=1&impolicy=user-profile-picture&imwidth=100","82652","xFlomo","11385","4365","11","2","578","29","346","false","true","German","xFlomo"
"https://static-cdn.jtvnw.net/jtv_user_pictures/34055180-dc0a-434d-a3c9-b11bae9af752-profile_image-150x150.png?imenable=1&impolicy=user-profile-picture&imwidth=100","82653","以茜 (ic750150)","1275","165","10","7","578","0","17","false","false","Chinese","以茜 (ic750150)"
"https://static-cdn.jtvnw.net/jtv_user_pictures/2e61c92b-0ca3-4aae-a524-542242819ffa-profile_image-150x150.png?imenable=1&impolicy=user-profile-picture&imwidth=100","82654","PGhosted","105","405","2","0","578","0","3","false","false","Spanish","PGhosted"
"https://static-cdn.jtvnw.net/jtv_user_pictures/ffa9a534-82f6-4e02-aa63-dbdb0b1848e6-profile_image-150x150.png?imenable=1&impolicy=user-profile-picture&imwidth=100","82655","Im_The_Apollo","105","75","2","1","578","0","0","false","false","English","Im_The_Apollo"
"https://static-cdn.jtvnw.net/jtv_user_pictures/e5be984d-efca-43d4-9b5d-280a797b7869-profile_image-150x150.jpg?imenable=1&impolicy=user-profile-picture&imwidth=100","82656","cartelmichael","75","90","2","0","578","0","0","false","true","English","cartelmichael"
"https://static-cdn.jtvnw.net/jtv_user_pictures/cuddlerfish-profile_image-4df332c001ed0fb6-150x150.png?imenable=1&impolicy=user-profile-picture&imwidth=100","82657","cuddlerfish","3930","345","21","10","578","7","23","false","false","English","cuddlerfish"
"https://static-cdn.jtvnw.net/jtv_user_pictures/jeepguy934-profile_image-634f8dc7de3caef1-150x150.png?imenable=1&impolicy=user-profile-picture&imwidth=100","82658","Jeepguy934","9360","4110","17","1","578","40","50","false","false","English","Jeepguy934"
"https://static-cdn.jtvnw.net/jtv_user_pictures/xdarknessfailx-profile_image-b259dfc913c93134-150x150.jpeg?imenable=1&impolicy=user-profile-picture&imwidth=100","82659","XDarknessFailX","3300","1155","9","2","578","2","69","false","true","French","XDarknessFailX"
"https://static-cdn.jtvnw.net/jtv_user_pictures/a19b1f06-a997-4483-8637-7bdd527e0baf-profile_image-150x150.png?imenable=1&impolicy=user-profile-picture&imwidth=100","82660","IM_JXMES","720","690","4","0","578","7","26","false","true","English","IM_JXMES"
"https://static-cdn.jtvnw.net/jtv_user_pictures/a1loko-profile_image-6aa16e0060159b34-150x150.jpeg?imenable=1&impolicy=user-profile-picture&imwidth=100","82661","A1LOKO","30","30","1","1","578","0","0","false","false","English","A1LOKO"
"https://static-cdn.jtvnw.net/jtv_user_pictures/isouthernsparx-profile_image-416afb1cc00fc087-150x150.png?imenable=1&impolicy=user-profile-picture&imwidth=100","82662","iSouthernSparx","4050","1080","10","3","578","1","21","false","false","English","iSouthernSparx"
"https://static-cdn.jtvnw.net/jtv_user_pictures/ohillgonow-profile_image-f8ee48875af0a903-150x150.png?imenable=1&impolicy=user-profile-picture&imwidth=100","82663","OHILLGONOW","3885","870","12","3","578","-1","33","false","true","English","OHILLGONOW"
"https://static-cdn.jtvnw.net/jtv_user_pictures/lil_alpha-profile_image-2337502a978a5690-150x150.jpeg?imenable=1&impolicy=user-profile-picture&imwidth=100","82664","Lil_Alpha","14760","2595","24","5","578","35","799","false","false","French","Lil_Alpha"
"https://static-cdn.jtvnw.net/jtv_user_pictures/shrunkenterra-profile_image-bd3aa1b8521e39ed-150x150.jpeg?imenable=1&impolicy=user-profile-picture&imwidth=100","82665","shrunkenTERRA","14250","795","116","17","578","6","358","false","false","English","shrunkenTERRA"
"https://static-cdn.jtvnw.net/jtv_user_pictures/readytoplaytc-profile_image-77c7138fc3cd71f0-150x150.png?imenable=1&impolicy=user-profile-picture&imwidth=100","82666","ReadytoPlayTC","51735","3270","56","15","578","35","1575","false","true","English","ReadytoPlayTC"
"https://static-cdn.jtvnw.net/jtv_user_pictures/frank3501-profile_image-5e0c1412f92bb350-150x150.jpeg?imenable=1&impolicy=user-profile-picture&imwidth=100","82667","Frank3501","2385","720","7","3","578","11","20","false","false","English","Frank3501"
"https://static-cdn.jtvnw.net/jtv_user_pictures/17a0a1e6-d3a3-4827-b848-4d365e772a68-profile_image-150x150.png?imenable=1&impolicy=user-profile-picture&imwidth=100","82668","DavidSzilagyiArt","4920","480","19","9","578","4","20","false","true","English","DavidSzilagyiArt"
"https://static-cdn.jtvnw.net/jtv_user_pictures/979c82f4-207e-4f7d-a25b-1a839a2d16c5-profile_image-150x150.png?imenable=1&impolicy=user-profile-picture&imwidth=100","82669","G0lub228","15","15","1","1","577","0","0","false","false","Russian","G0lub228"
"https://static-cdn.jtvnw.net/jtv_user_pictures/db344ca6-a54a-4c29-8524-eabbc09efdce-profile_image-150x150.png?imenable=1&impolicy=user-profile-picture&imwidth=100","82670","pedrosc94","45","60","2","0","577","0","0","false","true","English","pedrosc94"
"https://static-cdn.jtvnw.net/jtv_user_pictures/jaybirdftw-profile_image-1d0f8e27ecc21b53-150x150.png?imenable=1&impolicy=user-profile-picture&imwidth=100","82671","JayBirdFTW","810","600","2","1","577","4","7","false","true","English","JayBirdFTW"
"https://static-cdn.jtvnw.net/jtv_user_pictures/8760d390-cd75-4bf3-b207-214923e2122c-profile_image-150x150.png?imenable=1&impolicy=user-profile-picture&imwidth=100","82672","BehaUlas","15","30","1","0","577","0","3","false","false","Turkish","BehaUlas"
"https://static-cdn.jtvnw.net/jtv_user_pictures/99540547-dfdd-4d68-8aff-53d93185fc05-profile_image-150x150.png?imenable=1&impolicy=user-profile-picture&imwidth=100","82673","ByeGrim","0","15","0","0","577","0","0","false","false","English","ByeGrim"
"https://static-cdn.jtvnw.net/jtv_user_pictures/54e47c48-4724-493e-9f5f-1e74e0fbb478-profile_image-150x150.png?imenable=1&impolicy=user-profile-picture&imwidth=100","82674","bai_ivann","1680","630","9","2","577","12","59","false","false","Bulgarian","bai_ivann"
"https://static-cdn.jtvnw.net/jtv_user_pictures/868c2825-5a6b-4e1b-932b-e476f49ead30-profile_image-150x150.png?imenable=1&impolicy=user-profile-picture&imwidth=100","82675","ItsDuDD","315","195","7","1","577","2","0","false","false","English","ItsDuDD"
"https://static-cdn.jtvnw.net/jtv_user_pictures/6606d8f4-2ca6-4eb2-beae-1c35b2e8017e-profile_image-150x150.png?imenable=1&impolicy=user-profile-picture&imwidth=100","82676","gashinassi","2910","870","9","3","577","6","91","false","true","Chinese","gashinassi"
"https://static-cdn.jtvnw.net/jtv_user_pictures/3d3b885823eab564-profile_image-150x150.png?imenable=1&impolicy=user-profile-picture&imwidth=100","82677","Viperane_","5055","1575","9","2","577","53","82","false","false","German","Viperane_"
"https://static-cdn.jtvnw.net/jtv_user_pictures/oyuncutivi-profile_image-0802e518cf3b7a33-150x150.jpeg?imenable=1&impolicy=user-profile-picture&imwidth=100","82678","OyuncuTivi","45","15","3","3","577","0","0","false","false","Turkish","OyuncuTivi"
"https://static-cdn.jtvnw.net/jtv_user_pictures/6b810463-373b-4ff0-855d-8c5c43f56a5f-profile_image-150x150.png?imenable=1&impolicy=user-profile-picture&imwidth=100","82679","Monofobia","300","900","4","0","577","4","93","false","false","Turkish","Monofobia"
"https://static-cdn.jtvnw.net/jtv_user_pictures/oppahansi-profile_image-d186039bf6e809a3-150x150.jpeg?imenable=1&impolicy=user-profile-picture&imwidth=100","82680","oppahansi","150","30","6","5","577","0","0","false","false","German","oppahansi"
"https://static-cdn.jtvnw.net/jtv_user_pictures/1484833c-966f-44f8-a7b9-4090b200b2f4-profile_image-150x150.png?imenable=1&impolicy=user-profile-picture&imwidth=100","82681","Fixtry","36510","12225","10","2","577","44","712","false","false","Russian","Fixtry"
"https://static-cdn.jtvnw.net/jtv_user_pictures/a2b2ac76-5ea6-490f-88c0-2f4070a64831-profile_image-150x150.jpg?imenable=1&impolicy=user-profile-picture&imwidth=100","82682","LeviYG","45","135","3","0","577","0","1","false","false","English","LeviYG"
"https://static-cdn.jtvnw.net/jtv_user_pictures/94f09b9c-472a-4719-94e4-52c54635b70f-profile_image-150x150.png?imenable=1&impolicy=user-profile-picture&imwidth=100","82683","StephanoLIVE","3990","975","9","3","577","11","28","false","false","English","StephanoLIVE"
"https://static-cdn.jtvnw.net/jtv_user_pictures/521ac638-3289-4c44-9676-f6ebc428ceb2-profile_image-150x150.png?imenable=1&impolicy=user-profile-picture&imwidth=100","82684","dudeAmp","5250","765","20","6","577","24","116","false","false","English","dudeAmp"
"https://static-cdn.jtvnw.net/jtv_user_pictures/mennacetv-profile_image-229df8e1edf8e13d-150x150.png?imenable=1&impolicy=user-profile-picture&imwidth=100","82685","MennaceTV","4845","105","60","46","577","46","49","false","false","English","MennaceTV"
"https://static-cdn.jtvnw.net/jtv_user_pictures/9579f0c6-be4e-4765-a253-184e38cbd10a-profile_image-150x150.png?imenable=1&impolicy=user-profile-picture&imwidth=100","82686","MarioLespron","2040","1545","4","0","577","8","68","false","false","Spanish","MarioLespron"
"https://static-cdn.jtvnw.net/jtv_user_pictures/18501fec95d88220-profile_image-150x150.jpeg?imenable=1&impolicy=user-profile-picture&imwidth=100","82687","alennv","11460","540","51","20","577","99","698","false","false","Russian","alennv"
"https://static-cdn.jtvnw.net/jtv_user_pictures/pisan75-profile_image-ca0206e7b7850611-150x150.png?imenable=1&impolicy=user-profile-picture&imwidth=100","82688","pisan75","29715","4845","25","5","577","261","597","false","false","French","pisan75"
"https://static-cdn.jtvnw.net/jtv_user_pictures/ee3a978f-de28-45d2-bcde-f0a90281313d-profile_image-150x150.png?imenable=1&impolicy=user-profile-picture&imwidth=100","82689","iJvy","15","15","1","1","577","0","0","false","true","English","iJvy"
"https://static-cdn.jtvnw.net/jtv_user_pictures/iiskampii-profile_image-9acc6130a6c2fc0d-150x150.jpeg?imenable=1&impolicy=user-profile-picture&imwidth=100","82690","IIsKampII","1305","375","9","3","577","2","13","false","false","English","IIsKampII"
"https://static-cdn.jtvnw.net/jtv_user_pictures/haywiredk-profile_image-954c82d7800fe91a-150x150.png?imenable=1&impolicy=user-profile-picture&imwidth=100","82691","HaywireDK","25260","6585","33","3","577","104","265","false","false","English","HaywireDK"
"https://static-cdn.jtvnw.net/jtv_user_pictures/ab33dbc3-c825-47d3-9c8d-d4027c7b0176-profile_image-150x150.png?imenable=1&impolicy=user-profile-picture&imwidth=100","82692","femto7","1350","1695","5","0","577","-4","31","false","false","English","femto7"
"https://static-cdn.jtvnw.net/jtv_user_pictures/grayeyedwolf-profile_image-47d5dd2fccb13005-150x150.png?imenable=1&impolicy=user-profile-picture&imwidth=100","82693","Grayeyedwolf","31650","3585","27","8","577","154","343","false","true","English","Grayeyedwolf"
"https://static-cdn.jtvnw.net/jtv_user_pictures/rayagundam-profile_image-f05bc6798e5d8c41-150x150.jpeg?imenable=1&impolicy=user-profile-picture&imwidth=100","82694","rayagundam","26175","3105","21","7","577","14","275","false","false","Chinese","rayagundam"
"https://static-cdn.jtvnw.net/jtv_user_pictures/riot_de_janeiro-profile_image-405f5ec72fc7a071-150x150.jpeg?imenable=1&impolicy=user-profile-picture&imwidth=100","82695","Riot_de_Janeiro","40605","17085","10","1","577","19","267","false","true","German","Riot_de_Janeiro"
"https://static-cdn.jtvnw.net/jtv_user_pictures/d82e7514-26ba-4f54-b6c3-20ea22b20fc2-profile_image-150x150.png?imenable=1&impolicy=user-profile-picture&imwidth=100","82696","Sithnar","19620","4680","83","3","577","45","118","false","true","English","Sithnar"
"https://static-cdn.jtvnw.net/jtv_user_pictures/6fa4a743-28db-4e34-8f7f-c204b48da364-profile_image-150x150.png?imenable=1&impolicy=user-profile-picture&imwidth=100","82697","gexesports","7920","615","21","12","577","18","42","true","false","English","gexesports"
"https://static-cdn.jtvnw.net/jtv_user_pictures/a55ff468-d282-4f19-8658-cef1df4b37e5-profile_image-150x150.png?imenable=1&impolicy=user-profile-picture&imwidth=100","82698","YazzleDazzle_official","525","420","6","0","577","4","17","false","true","English","YazzleDazzle_official"
"https://static-cdn.jtvnw.net/jtv_user_pictures/the_static-profile_image-9000b7958683d1a6-150x150.png?imenable=1&impolicy=user-profile-picture&imwidth=100","82699","THE_static","49785","2490","54","19","577","98","717","false","false","English","THE_static"
"https://static-cdn.jtvnw.net/jtv_user_pictures/c3563e07-f525-4ff9-8ba3-23c591484280-profile_image-150x150.png?imenable=1&impolicy=user-profile-picture&imwidth=100","82700","Reiryu","29445","2055","79","13","577","31","556","false","false","Japanese","Reiryu"