"","","Channel","Watch time","Stream time","Peak viewers","Average viewers","Followers","Followers gained","Views gained","Partnered","Mature","Language",""
"https://static-cdn.jtvnw.net/jtv_user_pictures/71b8bcd3-40f2-4cb1-acc0-50e5373fbcd8-profile_image-150x150.jpeg?imenable=1&impolicy=user-profile-picture&imwidth=100","66301","karinalavina","32460","3570","44","8","841","40","162","false","false","English","karinalavina"
"https://static-cdn.jtvnw.net/jtv_user_pictures/omfgitsdoug-profile_image-8b5d75490515f103-150x150.png?imenable=1&impolicy=user-profile-picture&imwidth=100","66302","omfgitsdoug","14445","3375","21","3","841","30","197","false","true","English","omfgitsdoug"
"https://static-cdn.jtvnw.net/jtv_user_pictures/ramboradieschen-profile_image-a95c3dbedf18471d-150x150.jpeg?imenable=1&impolicy=user-profile-picture&imwidth=100","66303","Ramboradieschen","39015","7380","87","4","841","119","675","false","false","German","Ramboradieschen"
"https://static-cdn.jtvnw.net/jtv_user_pictures/c6708a92-9a0d-48ce-81df-e643adf81cea-profile_image-150x150.png?imenable=1&impolicy=user-profile-picture&imwidth=100","66304","GodmodePodcast","1410","330","9","3","841","2","77","false","true","Portuguese","GodmodePodcast"
"https://static-cdn.jtvnw.net/jtv_user_pictures/misterinsayne-profile_image-1b541af9fb2349ac-150x150.jpeg?imenable=1&impolicy=user-profile-picture&imwidth=100","66305","MisterInSayne","4635","1095","8","3","841","5","43","false","true","English","MisterInSayne"
"https://static-cdn.jtvnw.net/jtv_user_pictures/4funzeiros-profile_image-2c5059ef5bd25a0a-150x150.jpeg?imenable=1&impolicy=user-profile-picture&imwidth=100","66306","4Funzeiros","300","105","5","2","841","-5","32","false","false","Portuguese","4Funzeiros"
"https://static-cdn.jtvnw.net/jtv_user_pictures/itsmaytrix-profile_image-c90a99f336f96500-150x150.jpeg?imenable=1&impolicy=user-profile-picture&imwidth=100","66307","ItsMaytrix","750","690","3","1","841","4","11","false","true","English","ItsMaytrix"
"https://static-cdn.jtvnw.net/jtv_user_pictures/37609f90-899b-478f-a189-157ea0d181d1-profile_image-150x150.png?imenable=1&impolicy=user-profile-picture&imwidth=100","66308","A4Cheese","225","45","7","5","841","4","-2","false","true","English","A4Cheese"
"https://static-cdn.jtvnw.net/jtv_user_pictures/e461741c-620d-4d8b-bc6c-8482237680e9-profile_image-150x150.jpg?imenable=1&impolicy=user-profile-picture&imwidth=100","66309","j0hao","465","165","7","2","841","2","35","false","false","Portuguese","j0hao"
"https://static-cdn.jtvnw.net/jtv_user_pictures/d98da7d4-3d50-4cff-9911-9ef2fdac4d35-profile_image-150x150.png?imenable=1&impolicy=user-profile-picture&imwidth=100","66310","c1ayton1","134100","5955","111","22","841","69","2406","false","false","Russian","c1ayton1"
"https://static-cdn.jtvnw.net/jtv_user_pictures/22daa019-9aa4-42ad-8b13-567f263e4c7e-profile_image-150x150.png?imenable=1&impolicy=user-profile-picture&imwidth=100","66311","DrImpact","1455","510","9","2","841","2","21","false","true","French","DrImpact"
"https://static-cdn.jtvnw.net/jtv_user_pictures/72080e9e-bd3c-47ca-a6c7-a4aba12511eb-profile_image-150x150.jpg?imenable=1&impolicy=user-profile-picture&imwidth=100","66312","SerialComma","1545","495","7","2","841","2","47","false","false","English","SerialComma"
"https://static-cdn.jtvnw.net/jtv_user_pictures/v3lla-profile_image-bed6b52dc049812a-150x150.png?imenable=1&impolicy=user-profile-picture&imwidth=100","66313","v3lla","20565","2160","19","9","841","26","199","false","false","English","v3lla"
"https://static-cdn.jtvnw.net/jtv_user_pictures/liquiddlego-profile_image-d5d4f0af658fe248-150x150.jpeg?imenable=1&impolicy=user-profile-picture&imwidth=100","66314","LiquidDlego","9450","885","31","10","841","69","317","false","false","Spanish","LiquidDlego"
"https://static-cdn.jtvnw.net/jtv_user_pictures/voxsstm-profile_image-f46cb744b07618e4-150x150.png?imenable=1&impolicy=user-profile-picture&imwidth=100","66315","VOXssTM","15660","2505","55","5","841","908","5125","false","false","Slovak","VOXssTM"
"https://static-cdn.jtvnw.net/jtv_user_pictures/jasperboy-profile_image-7b79fc6633015a86-150x150.png?imenable=1&impolicy=user-profile-picture&imwidth=100","66316","jasperboy","3975","1935","7","1","841","-150","39","false","true","Norwegian","jasperboy"
"https://static-cdn.jtvnw.net/jtv_user_pictures/2676e9a5-d309-442f-acf4-ec1a6ec95914-profile_image-150x150.png?imenable=1&impolicy=user-profile-picture&imwidth=100","66317","MrSneakyGuyx","30","15","2","2","841","0","0","false","false","English","MrSneakyGuyx"
"https://static-cdn.jtvnw.net/jtv_user_pictures/van313-profile_image-e4e1c0dc694061ff-150x150.jpeg?imenable=1&impolicy=user-profile-picture&imwidth=100","66318","Van313","7650","3435","30","1","841","-7","154","false","true","English","Van313"
"https://static-cdn.jtvnw.net/jtv_user_pictures/fcab965e-70fa-4b4a-9cbc-cb6e2cf25f62-profile_image-150x150.png?imenable=1&impolicy=user-profile-picture&imwidth=100","66319","hotboxtheTARDIS","675","150","9","4","841","0","3","false","true","English","hotboxtheTARDIS"
"https://static-cdn.jtvnw.net/jtv_user_pictures/585a8f0f-0df3-46f2-98ec-96517073678d-profile_image-150x150.png?imenable=1&impolicy=user-profile-picture&imwidth=100","66320","Pezese","9360","3000","9","2","841","2","57","false","true","Swedish","Pezese"
"https://static-cdn.jtvnw.net/jtv_user_pictures/voodoo_gg-profile_image-d7d82d20465d9677-150x150.png?imenable=1&impolicy=user-profile-picture&imwidth=100","66321","Voodoo_gg","3555","510","20","6","841","30","262","false","false","Other","Voodoo_gg"
"https://static-cdn.jtvnw.net/jtv_user_pictures/c58c846c-6a12-480b-a7cc-143e1344ad31-profile_image-150x150.png?imenable=1&impolicy=user-profile-picture&imwidth=100","66322","Ramziss","22425","6855","19","2","841","77","458","false","true","English","Ramziss"
"https://static-cdn.jtvnw.net/jtv_user_pictures/feistydutch-profile_image-ecdc743e446b244d-150x150.png?imenable=1&impolicy=user-profile-picture&imwidth=100","66323","FeistyDutch","17295","6060","9","2","841","49","104","false","true","Dutch","FeistyDutch"
"https://static-cdn.jtvnw.net/jtv_user_pictures/ae5b1535d84b4ed0-profile_image-150x150.png?imenable=1&impolicy=user-profile-picture&imwidth=100","66324","Morindil","3000","405","18","6","841","2","105","false","false","English","Morindil"
"https://static-cdn.jtvnw.net/jtv_user_pictures/f5edbdfa-a4e2-433a-a99f-ce08d511c394-profile_image-150x150.png?imenable=1&impolicy=user-profile-picture&imwidth=100","66325","Digitaldunce","100740","11460","30","8","841","130","244","false","true","English","Digitaldunce"
"https://static-cdn.jtvnw.net/jtv_user_pictures/itsmepnd-profile_image-feb5775ea12bc6ef-150x150.png?imenable=1&impolicy=user-profile-picture&imwidth=100","66326","ItsMePND","6345","1635","11","3","841","-4","44","false","false","English","ItsMePND"
"https://static-cdn.jtvnw.net/jtv_user_pictures/chains4wtv-profile_image-ffb151b886e870dc-150x150.jpeg?imenable=1&impolicy=user-profile-picture&imwidth=100","66327","CHAINS4WTV","5730","1725","13","3","841","3","11","false","true","English","CHAINS4WTV"
"https://static-cdn.jtvnw.net/user-default-pictures-uv/215b7342-def9-11e9-9a66-784f43822e80-profile_image-150x150.png?imenable=1&impolicy=user-profile-picture&imwidth=100","66328","Hitmanlou5","15","15","1","1","841","0","0","false","true","English","Hitmanlou5"
"https://static-cdn.jtvnw.net/jtv_user_pictures/battareya28-profile_image-1f1377af62effc4f-150x150.jpeg?imenable=1&impolicy=user-profile-picture&imwidth=100","66329","Battareya28","27720","8220","25","2","841","89","1306","false","true","Russian","Battareya28"
"https://static-cdn.jtvnw.net/jtv_user_pictures/tesivonius-profile_image-0bb819e6b267e67d-150x150.png?imenable=1&impolicy=user-profile-picture&imwidth=100","66330","Tesivonius","35355","2250","92","15","841","20","428","false","false","English","Tesivonius"
"https://static-cdn.jtvnw.net/jtv_user_pictures/dfb88fe9-cce1-44a9-a9f2-df862522b2ef-profile_image-150x150.jpg?imenable=1&impolicy=user-profile-picture&imwidth=100","66331","Raletia","70755","5595","37","12","841","-51","346","false","false","English","Raletia"
"https://static-cdn.jtvnw.net/jtv_user_pictures/4a539eb7-1e85-4fc8-8f07-34890c6c67ec-profile_image-150x150.png?imenable=1&impolicy=user-profile-picture&imwidth=100","66332","SirVibes_","105","75","3","1","840","0","0","false","false","English","SirVibes_"
"https://static-cdn.jtvnw.net/jtv_user_pictures/1c2ba5cf-d015-4723-8d6e-411026732c06-profile_image-150x150.png?imenable=1&impolicy=user-profile-picture&imwidth=100","66333","FakeUnbound","30","15","2","2","840","0","0","false","false","Dutch","FakeUnbound"
"https://static-cdn.jtvnw.net/jtv_user_pictures/b2a52b19-0122-484d-a1f2-5fa1f414e7ad-profile_image-150x150.png?imenable=1&impolicy=user-profile-picture&imwidth=100","66334","grillrage","25695","1845","154","13","840","155","458","false","false","English","grillrage"
"https://static-cdn.jtvnw.net/jtv_user_pictures/7b5fcfed-6653-49a6-819c-556d8ec8f69f-profile_image-150x150.jpg?imenable=1&impolicy=user-profile-picture&imwidth=100","66335","ItKeegan","30","75","1","0","840","0","2","false","true","English","ItKeegan"
"https://static-cdn.jtvnw.net/jtv_user_pictures/3d0e4a98-69b6-4226-bf71-2a634b0f3a1c-profile_image-150x150.png?imenable=1&impolicy=user-profile-picture&imwidth=100","66336","dubaderp","1260","2700","4","0","840","9","8","false","true","English","dubaderp"
"https://static-cdn.jtvnw.net/jtv_user_pictures/waggsiex-profile_image-e43d550e0b338cd0-150x150.jpeg?imenable=1&impolicy=user-profile-picture&imwidth=100","66337","waggsiex","1395","915","4","1","840","5","100","false","false","English","waggsiex"
"https://static-cdn.jtvnw.net/jtv_user_pictures/5e80d234-dabd-4e3f-9c84-376e47c104ce-profile_image-150x150.png?imenable=1&impolicy=user-profile-picture&imwidth=100","66338","Lawfulbennett","2850","4275","3","0","840","8","1","false","false","English","Lawfulbennett"
"https://static-cdn.jtvnw.net/jtv_user_pictures/fd80c4c1-d6b1-4548-8700-8d19efabbdd5-profile_image-150x150.jpg?imenable=1&impolicy=user-profile-picture&imwidth=100","66339","imbach4","26130","3945","44","6","840","203","1145","false","false","Russian","imbach4"
"https://static-cdn.jtvnw.net/jtv_user_pictures/17451c26-b1da-4357-8561-44a410032408-profile_image-150x150.jpg?imenable=1&impolicy=user-profile-picture&imwidth=100","66340","Sammich_Live","3975","375","20","9","840","20","75","false","true","English","Sammich_Live"
"https://static-cdn.jtvnw.net/jtv_user_pictures/64674ddb-ec2a-4e8e-a6f2-eb8a8e994a10-profile_image-150x150.png?imenable=1&impolicy=user-profile-picture&imwidth=100","66341","Pillarist","975","615","4","1","840","8","23","false","true","English","Pillarist"
"https://static-cdn.jtvnw.net/jtv_user_pictures/12d8bfeb-ee00-40a5-b166-4c231b6a4b2d-profile_image-150x150.png?imenable=1&impolicy=user-profile-picture&imwidth=100","66342","shadowwolf_cs","1005","825","4","1","840","4","13","false","true","German","shadowwolf_cs"
"https://static-cdn.jtvnw.net/jtv_user_pictures/oxygenkarman-profile_image-2809ddc68ef1cf21-150x150.png?imenable=1&impolicy=user-profile-picture&imwidth=100","66343","Oxygenkarman","1605","1305","4","1","840","1","6","false","false","English","Oxygenkarman"
"https://static-cdn.jtvnw.net/jtv_user_pictures/philippnikolic-profile_image-ba95c4a435b27cf3-150x150.jpeg?imenable=1&impolicy=user-profile-picture&imwidth=100","66344","philippnikolic","72795","6495","53","10","840","153","1410","false","false","German","philippnikolic"
"https://static-cdn.jtvnw.net/jtv_user_pictures/thethrilltv-profile_image-47443c2c9d99a872-150x150.jpeg?imenable=1&impolicy=user-profile-picture&imwidth=100","66345","TheThrillTV","165","210","4","0","840","0","10","false","false","English","TheThrillTV"
"https://static-cdn.jtvnw.net/jtv_user_pictures/4c2acf41-3751-47cf-bba7-db1553787c33-profile_image-150x150.png?imenable=1&impolicy=user-profile-picture&imwidth=100","66346","Doughnutsu","1980","180","17","11","840","10","4","false","false","English","Doughnutsu"
"https://static-cdn.jtvnw.net/jtv_user_pictures/hennesii-profile_image-4f5ec841b804f71b-150x150.jpeg?imenable=1&impolicy=user-profile-picture&imwidth=100","66347","Hennesii","885","810","5","0","840","-1877","36","false","false","English","Hennesii"
"https://static-cdn.jtvnw.net/jtv_user_pictures/d7c14a6b-f36c-439b-8e3b-79a96c617c18-profile_image-150x150.png?imenable=1&impolicy=user-profile-picture&imwidth=100","66348","My_Alter_Ego","30","30","1","1","840","0","0","false","false","English","My_Alter_Ego"
"https://static-cdn.jtvnw.net/jtv_user_pictures/1c99451b-7369-47d1-9e79-de18ad176a09-profile_image-150x150.jpg?imenable=1&impolicy=user-profile-picture&imwidth=100","66349","A_Glips","0","75","0","0","840","0","0","false","true","English","A_Glips"
"https://static-cdn.jtvnw.net/jtv_user_pictures/mathigraph-profile_image-cf9be6b2e2199993-150x150.png?imenable=1&impolicy=user-profile-picture&imwidth=100","66350","MathiGraph","43035","5295","26","7","840","137","544","false","true","French","MathiGraph"
"https://static-cdn.jtvnw.net/jtv_user_pictures/d8b29f37e2d1856a-profile_image-150x150.jpeg?imenable=1&impolicy=user-profile-picture&imwidth=100","66351","WhatsUpButtercup21","8535","1530","12","5","840","8","63","false","false","English","WhatsUpButtercup21"
"https://static-cdn.jtvnw.net/jtv_user_pictures/9d1ef7c0-ccc1-4f2f-8331-071de1148826-profile_image-150x150.jpeg?imenable=1&impolicy=user-profile-picture&imwidth=100","66352","Metalrocker88","0","45","0","0","840","1","-7","false","true","English","Metalrocker88"
"https://static-cdn.jtvnw.net/jtv_user_pictures/dreamharvestgames-profile_image-dba374e355292210-150x150.png?imenable=1&impolicy=user-profile-picture&imwidth=100","66353","DreamHarvestGames","120","105","2","1","840","0","5","false","false","English","DreamHarvestGames"
"https://static-cdn.jtvnw.net/jtv_user_pictures/7707de33-3304-4a7e-9867-834315afc6ff-profile_image-150x150.png?imenable=1&impolicy=user-profile-picture&imwidth=100","66354","volkanbinici","600","165","9","3","840","11","99","false","false","Turkish","volkanbinici"
"https://static-cdn.jtvnw.net/jtv_user_pictures/05110b03-3cc6-477d-a5ce-114ef7a24fa2-profile_image-150x150.png?imenable=1&impolicy=user-profile-picture&imwidth=100","66355","UchihaScar","2610","5415","7","0","840","2","60","false","false","English","UchihaScar"
"https://static-cdn.jtvnw.net/jtv_user_pictures/1e96aa16-300d-4512-bd5c-fb5e82267889-profile_image-150x150.png?imenable=1&impolicy=user-profile-picture&imwidth=100","66356","BlestPlayz","525","1020","3","0","840","-7","16","false","true","English","BlestPlayz"
"https://static-cdn.jtvnw.net/jtv_user_pictures/519bf90032e83831-profile_image-150x150.jpeg?imenable=1&impolicy=user-profile-picture&imwidth=100","66357","chrisso_0","60","45","2","1","840","1","1","false","false","Norwegian","chrisso_0"
"https://static-cdn.jtvnw.net/jtv_user_pictures/fin007fin-profile_image-54f5fc398d003f7d-150x150.jpeg?imenable=1&impolicy=user-profile-picture&imwidth=100","66358","Fin007Fin","3945","315","31","12","840","100","94","false","false","English","Fin007Fin"
"https://static-cdn.jtvnw.net/jtv_user_pictures/632ab39d-421c-49b6-a474-679c5ce014cb-profile_image-150x150.png?imenable=1&impolicy=user-profile-picture&imwidth=100","66359","IQcrack","105","300","1","0","840","1","5","false","true","German","IQcrack"
"https://static-cdn.jtvnw.net/jtv_user_pictures/63149832-6b89-422d-ae85-3abcc90c5a3c-profile_image-150x150.png?imenable=1&impolicy=user-profile-picture&imwidth=100","66360","好好先生天天楊 (tintinnst)","525","120","9","4","840","2","73","false","false","Chinese (Hong Kong SAR)","好好先生天天楊 (tintinnst)"
"https://static-cdn.jtvnw.net/jtv_user_pictures/aimimeo-profile_image-a509966c609149a5-150x150.jpeg?imenable=1&impolicy=user-profile-picture&imwidth=100","66361","Aimimeo","3030","150","26","20","840","14","72","false","true","English","Aimimeo"
"https://static-cdn.jtvnw.net/jtv_user_pictures/drmckenzi-profile_image-1a820bb3d9116304-150x150.jpeg?imenable=1&impolicy=user-profile-picture&imwidth=100","66362","DrMcKenzi","31440","9465","19","2","840","34","1031","false","false","Russian","DrMcKenzi"
"https://static-cdn.jtvnw.net/jtv_user_pictures/bourbonstategaming-profile_image-121301de7140fc45-150x150.jpeg?imenable=1&impolicy=user-profile-picture&imwidth=100","66363","BourbonStateGaming","14850","765","46","18","840","28","164","false","true","English","BourbonStateGaming"
"https://static-cdn.jtvnw.net/jtv_user_pictures/1fe83af3-dce0-4d99-b7d9-24b585ebf5a6-profile_image-150x150.png?imenable=1&impolicy=user-profile-picture&imwidth=100","66364","MadamMortician","690","195","7","3","840","4","6","false","false","English","MadamMortician"
"https://static-cdn.jtvnw.net/jtv_user_pictures/f1516a34-9170-4d15-89a0-600e3c4283f0-profile_image-150x150.png?imenable=1&impolicy=user-profile-picture&imwidth=100","66365","hiddnen","90","225","4","0","840","1","1","false","true","English","hiddnen"
"https://static-cdn.jtvnw.net/jtv_user_pictures/nicoleee-profile_image-7240ceebcadf632b-150x150.jpeg?imenable=1&impolicy=user-profile-picture&imwidth=100","66366","Nicoleee","6210","1455","8","3","840","24","74","false","true","English","Nicoleee"
"https://static-cdn.jtvnw.net/jtv_user_pictures/f24e1e1b-be36-4dcc-95f1-a67627f9e3bd-profile_image-150x150.png?imenable=1&impolicy=user-profile-picture&imwidth=100","66367","lord_glittoris","4725","2160","7","1","840","22","12","false","false","English","lord_glittoris"
"https://static-cdn.jtvnw.net/jtv_user_pictures/892dff47-2cf7-4fb6-a2f3-8f32b27cd1f1-profile_image-150x150.png?imenable=1&impolicy=user-profile-picture&imwidth=100","66368","SupremeCK","1305","300","8","4","840","1","1","false","true","English","SupremeCK"
"https://static-cdn.jtvnw.net/jtv_user_pictures/ventulas-profile_image-d72c9df99cfd9a70-150x150.png?imenable=1&impolicy=user-profile-picture&imwidth=100","66369","Ventulas","19455","3135","23","5","840","22","354","false","true","German","Ventulas"
"https://static-cdn.jtvnw.net/jtv_user_pictures/c115c8cc-dbcb-4c74-b3e0-0be29adfc54d-profile_image-150x150.jpg?imenable=1&impolicy=user-profile-picture&imwidth=100","66370","Doozy_fr","30330","5760","27","4","840","191","388","false","false","French","Doozy_fr"
"https://static-cdn.jtvnw.net/jtv_user_pictures/a624ebef-5d3b-44f7-9066-8ece2e43c0d5-profile_image-150x150.png?imenable=1&impolicy=user-profile-picture&imwidth=100","66371","L00T4ble","23895","6795","18","3","840","73","702","false","false","Russian","L00T4ble"
"https://static-cdn.jtvnw.net/jtv_user_pictures/77252732-008d-47b7-8c63-5e2abf134961-profile_image-150x150.png?imenable=1&impolicy=user-profile-picture&imwidth=100","66372","TheDeWzY","4080","1050","9","3","840","25","20","false","true","English","TheDeWzY"
"https://static-cdn.jtvnw.net/jtv_user_pictures/c86fa9fb-eff9-45a5-9257-1534e238be1e-profile_image-150x150.png?imenable=1&impolicy=user-profile-picture&imwidth=100","66373","Livegamers_fi","2580","330","13","7","840","1","84","false","false","Finnish","Livegamers_fi"
"https://static-cdn.jtvnw.net/jtv_user_pictures/d770ea50-2995-4145-968a-8ccde6dd993e-profile_image-150x150.png?imenable=1&impolicy=user-profile-picture&imwidth=100","66374","adgelive","45","15","3","3","839","0","0","false","false","Dutch","adgelive"
"https://static-cdn.jtvnw.net/jtv_user_pictures/e0c2b0cf-e488-4290-8a6a-2c06d9e43b1a-profile_image-150x150.png?imenable=1&impolicy=user-profile-picture&imwidth=100","66375","SkinnyShinji","30","60","2","0","839","0","0","false","true","English","SkinnyShinji"
"https://static-cdn.jtvnw.net/jtv_user_pictures/2d8f55d9-43ac-4e01-b2bb-28586795282d-profile_image-150x150.png?imenable=1&impolicy=user-profile-picture&imwidth=100","66376","sktkawaiineko","180","240","4","0","839","1","8","false","true","English","sktkawaiineko"
"https://static-cdn.jtvnw.net/jtv_user_pictures/1dc0bc86-94ae-4c58-b678-777a4c4c57ae-profile_image-150x150.png?imenable=1&impolicy=user-profile-picture&imwidth=100","66377","OTDivine","4095","3540","5","0","839","12","39","false","true","English","OTDivine"
"https://static-cdn.jtvnw.net/jtv_user_pictures/3acd3577-eaba-4ce7-9b74-1dd99a2508d1-profile_image-150x150.jpg?imenable=1&impolicy=user-profile-picture&imwidth=100","66378","Samustars","60","60","1","1","839","0","0","false","true","Spanish","Samustars"
"https://static-cdn.jtvnw.net/jtv_user_pictures/gamersngeeks-profile_image-a52c1f67484d53cb-150x150.jpeg?imenable=1&impolicy=user-profile-picture&imwidth=100","66379","GamersNGeeks","44535","7110","29","5","839","144","211","false","false","English","GamersNGeeks"
"https://static-cdn.jtvnw.net/jtv_user_pictures/290dac7e-c367-48d8-ae0f-7696b12b5526-profile_image-150x150.png?imenable=1&impolicy=user-profile-picture&imwidth=100","66380","Yolowitts","60","30","3","2","839","0","-3","false","true","Spanish","Yolowitts"
"https://static-cdn.jtvnw.net/jtv_user_pictures/112d2934-1bcc-4f84-97cd-3472e2fdc15d-profile_image-150x150.png?imenable=1&impolicy=user-profile-picture&imwidth=100","66381","Akrilis","2580","1140","6","1","839","16","161","false","false","French","Akrilis"
"https://static-cdn.jtvnw.net/jtv_user_pictures/f2583762-bec8-4c3b-9b85-3bb54f5b1603-profile_image-150x150.png?imenable=1&impolicy=user-profile-picture&imwidth=100","66382","Datacroff","15","135","1","0","839","0","3","false","false","Spanish","Datacroff"
"https://static-cdn.jtvnw.net/jtv_user_pictures/25978293-a96b-4519-a5e2-9632c1f35463-profile_image-150x150.png?imenable=1&impolicy=user-profile-picture&imwidth=100","66383","jonkertv","3075","1185","7","1","839","21","24","false","false","French","jonkertv"
"https://static-cdn.jtvnw.net/jtv_user_pictures/498e2c80-f920-482a-8d1b-c179bc692320-profile_image-150x150.png?imenable=1&impolicy=user-profile-picture&imwidth=100","66384","LAtheDonTV","30","30","1","1","839","0","0","false","false","English","LAtheDonTV"
"https://static-cdn.jtvnw.net/jtv_user_pictures/krotex4-profile_image-3761efbe6bb15005-150x150.jpeg?imenable=1&impolicy=user-profile-picture&imwidth=100","66385","Krotex4","3000","225","21","12","839","36","109","false","false","Other","Krotex4"
"https://static-cdn.jtvnw.net/jtv_user_pictures/40d17435-e2d8-496f-a78e-761e8ec91ac5-profile_image-150x150.png?imenable=1&impolicy=user-profile-picture&imwidth=100","66386","Tadawan","0","15","0","0","839","0","0","false","true","English","Tadawan"
"https://static-cdn.jtvnw.net/jtv_user_pictures/samplayqc-profile_image-b655ab0cb1aa7a6a-150x150.png?imenable=1&impolicy=user-profile-picture&imwidth=100","66387","SamPlayQc","4035","1650","11","2","839","29","216","false","false","French","SamPlayQc"
"https://static-cdn.jtvnw.net/jtv_user_pictures/be981636-b7f8-4dfb-bb93-447ca10cd18a-profile_image-150x150.png?imenable=1&impolicy=user-profile-picture&imwidth=100","66388","PicassiPy","15","15","1","1","839","0","0","false","false","Spanish","PicassiPy"
"https://static-cdn.jtvnw.net/jtv_user_pictures/be3a8ed8-92ee-481f-b5c5-2491794a00a6-profile_image-150x150.png?imenable=1&impolicy=user-profile-picture&imwidth=100","66389","traxxasxmaxx8s","450","285","4","1","839","1","7","false","false","French","traxxasxmaxx8s"
"https://static-cdn.jtvnw.net/jtv_user_pictures/c1631f6b-40cb-45fd-9c16-ef63b5f33e51-profile_image-150x150.png?imenable=1&impolicy=user-profile-picture&imwidth=100","66390","DiMosHigh","2865","3585","6","0","839","2","8","false","true","English","DiMosHigh"
"https://static-cdn.jtvnw.net/jtv_user_pictures/d31c924f-61a9-4072-a65d-dcace200afc5-profile_image-150x150.png?imenable=1&impolicy=user-profile-picture&imwidth=100","66391","Tswan802","30","60","1","0","839","0","0","false","false","English","Tswan802"
"https://static-cdn.jtvnw.net/jtv_user_pictures/55f4fcbc-eace-4235-9696-574f761ecf30-profile_image-150x150.png?imenable=1&impolicy=user-profile-picture&imwidth=100","66392","Advent_Echoes","180","945","4","0","839","1","8","false","true","English","Advent_Echoes"
"https://static-cdn.jtvnw.net/jtv_user_pictures/kamoi-profile_image-bf92bda0783cde3e-150x150.png?imenable=1&impolicy=user-profile-picture&imwidth=100","66393","kamoi","6315","2670","10","1","839","75","8","false","false","English","kamoi"
"https://static-cdn.jtvnw.net/jtv_user_pictures/556430a8-4c93-47ff-b9ac-6492de98daea-profile_image-150x150.png?imenable=1&impolicy=user-profile-picture&imwidth=100","66394","Dronabinoly","120","405","2","0","839","0","1","false","true","English","Dronabinoly"
"https://static-cdn.jtvnw.net/jtv_user_pictures/iyodah-profile_image-ca9f1d6237426cd5-150x150.jpeg?imenable=1&impolicy=user-profile-picture&imwidth=100","66395","iYodah","117255","9165","53","12","839","142","591","false","true","English","iYodah"
"https://static-cdn.jtvnw.net/jtv_user_pictures/165a4bb5-5e40-437b-ae13-da4d1d829d83-profile_image-150x150.png?imenable=1&impolicy=user-profile-picture&imwidth=100","66396","jhontaeplayz","345","390","3","0","839","8","3","false","true","English","jhontaeplayz"
"https://static-cdn.jtvnw.net/jtv_user_pictures/escobair-profile_image-8f1770ba034a6991-150x150.jpeg?imenable=1&impolicy=user-profile-picture&imwidth=100","66397","EscoBair","4905","3135","6","1","839","-114","20","false","false","English","EscoBair"
"https://static-cdn.jtvnw.net/jtv_user_pictures/frankcaptainpuff-profile_image-aeb70fdd545581da-150x150.jpeg?imenable=1&impolicy=user-profile-picture&imwidth=100","66398","FrankCaptainPuff","31995","7965","28","3","839","28","384","false","true","French","FrankCaptainPuff"
"https://static-cdn.jtvnw.net/jtv_user_pictures/8aa48f57-81ca-45e1-a955-6352e090d397-profile_image-150x150.png?imenable=1&impolicy=user-profile-picture&imwidth=100","66399","Kynup","180","195","2","0","839","0","14","false","false","French","Kynup"
"https://static-cdn.jtvnw.net/jtv_user_pictures/tamichou_-profile_image-8bbdd0ff2ec9fe87-150x150.jpeg?imenable=1&impolicy=user-profile-picture&imwidth=100","66400","Tamichou_","435","615","2","0","839","0","0","false","true","French","Tamichou_"