"","","Channel","Watch time","Stream time","Peak viewers","Average viewers","Followers","Followers gained","Views gained","Partnered","Mature","Language",""
"https://static-cdn.jtvnw.net/jtv_user_pictures/12a7461d-1410-4e4e-bdc3-364c6ffa984b-profile_image-150x150.png?imenable=1&impolicy=user-profile-picture&imwidth=100","4351","Farfa","59205","1575","113","37","37434","298","1724","true","false","English","Farfa"
"https://static-cdn.jtvnw.net/jtv_user_pictures/d668d019-52a3-4517-93eb-2897851e2ee1-profile_image-150x150.png?imenable=1&impolicy=user-profile-picture&imwidth=100","4352","Turtle","5610","1590","12","2","37434","28","21","true","true","English","Turtle"
"https://static-cdn.jtvnw.net/jtv_user_pictures/358c78d7-2562-4286-b93f-2d46196fc9bb-profile_image-150x150.png?imenable=1&impolicy=user-profile-picture&imwidth=100","4353","DaniiKills","46020","2115","72","21","37415","179","1434","true","false","Spanish","DaniiKills"
"https://static-cdn.jtvnw.net/jtv_user_pictures/f5f53c48-c0f7-4f05-aeba-dc2169009bb8-profile_image-150x150.jpg?imenable=1&impolicy=user-profile-picture&imwidth=100","4354","Tosan","1117920","7005","1138","159","37391","588","9885","true","true","English","Tosan"
"https://static-cdn.jtvnw.net/jtv_user_pictures/47cedd2ca55877ae-profile_image-150x150.png?imenable=1&impolicy=user-profile-picture&imwidth=100","4355","Murdaro","154800","930","351","166","37374","606","541","true","true","English","Murdaro"
"https://static-cdn.jtvnw.net/jtv_user_pictures/b9125d44-bd4d-4744-80f5-b28abfa8113a-profile_image-150x150.png?imenable=1&impolicy=user-profile-picture&imwidth=100","4356","AzeCos","1277760","4800","504","265","37367","534","25202","true","true","Portuguese","AzeCos"
"https://static-cdn.jtvnw.net/jtv_user_pictures/095b4646-f2e0-4193-a658-f576ce066764-profile_image-150x150.png?imenable=1&impolicy=user-profile-picture&imwidth=100","4357","Nana","20415","660","51","30","37359","123","299","true","false","English","Nana"
"https://static-cdn.jtvnw.net/jtv_user_pictures/e5f33b49-aaed-4a43-9703-464a8825473b-profile_image-150x150.png?imenable=1&impolicy=user-profile-picture&imwidth=100","4358","Abyssal","12555","2580","23","4","37347","40","323","true","true","English","Abyssal"
"https://static-cdn.jtvnw.net/jtv_user_pictures/b60533a3-0fac-4c0c-9d9b-842ceaff767d-profile_image-150x150.png?imenable=1&impolicy=user-profile-picture&imwidth=100","4359","ScreamKiwi","27090","420","106","64","37345","209","692","true","true","English","ScreamKiwi"
"https://static-cdn.jtvnw.net/jtv_user_pictures/juanjogameplay-profile_image-a4493fd2a6daf700-150x150.jpeg?imenable=1&impolicy=user-profile-picture&imwidth=100","4360","Juanjogameplay","675","255","5","2","37341","1","7","false","false","Spanish","Juanjogameplay"
"https://static-cdn.jtvnw.net/jtv_user_pictures/10e7a726-4967-4515-8e34-2d9f2474c665-profile_image-150x150.png?imenable=1&impolicy=user-profile-picture&imwidth=100","4361","SirPink","600","570","3","1","37338","0","4","true","true","English","SirPink"
"https://static-cdn.jtvnw.net/jtv_user_pictures/482124a5fb19c200-profile_image-150x150.png?imenable=1&impolicy=user-profile-picture&imwidth=100","4362","stage","351600","9210","75","37","37319","181","2549","true","false","English","stage"
"https://static-cdn.jtvnw.net/jtv_user_pictures/honcast-profile_image-4dbdfa69c7204274-150x150.png?imenable=1&impolicy=user-profile-picture&imwidth=100","4363","HoNCast","3735645","4275","1997","873","37310","165","35227","true","false","English","HoNCast"
"https://static-cdn.jtvnw.net/jtv_user_pictures/basteltante-profile_image-ebd94b61ab5271ca-150x150.jpeg?imenable=1&impolicy=user-profile-picture&imwidth=100","4364","Basteltante","4475115","10740","1081","416","37300","1372","74039","true","true","German","Basteltante"
"https://static-cdn.jtvnw.net/jtv_user_pictures/natawhee-profile_image-284b139abd24287a-150x150.jpeg?imenable=1&impolicy=user-profile-picture&imwidth=100","4365","natawhee","227070","2460","226","92","37288","-104","2675","true","false","English","natawhee"
"https://static-cdn.jtvnw.net/jtv_user_pictures/itrolledu-profile_image-c875085434541401-150x150.png?imenable=1&impolicy=user-profile-picture&imwidth=100","4366","iTrolledU","4835040","8445","2302","571","37273","1330","32136","true","true","English","iTrolledU"
"https://static-cdn.jtvnw.net/jtv_user_pictures/bad1acfd-c62d-4b3b-b20a-ff477d86ff2e-profile_image-150x150.jpg?imenable=1&impolicy=user-profile-picture&imwidth=100","4367","WULFFDEN","4335","345","27","12","37260","47","22","true","false","English","WULFFDEN"
"https://static-cdn.jtvnw.net/jtv_user_pictures/4e54e002-14e6-425d-bf7d-5c2144d023b6-profile_image-150x150.png?imenable=1&impolicy=user-profile-picture&imwidth=100","4368","Bluejay","209040","4680","277","44","37232","766","1837","true","false","English","Bluejay"
"https://static-cdn.jtvnw.net/jtv_user_pictures/b53032cf-9f70-4c4a-97e6-59eeb64f052d-profile_image-150x150.png?imenable=1&impolicy=user-profile-picture&imwidth=100","4369","MuseMacallan","909915","7590","469","119","37222","1165","4971","true","false","English","MuseMacallan"
"https://static-cdn.jtvnw.net/jtv_user_pictures/f97d222c-77e8-4218-aad8-edb496d3dbb0-profile_image-150x150.png?imenable=1&impolicy=user-profile-picture&imwidth=100","4370","KingLuii718","4155930","10425","641","398","37208","-645","3797","false","false","English","KingLuii718"
"https://static-cdn.jtvnw.net/jtv_user_pictures/d272cab3-661a-4306-8dc8-b8b0f459990f-profile_image-150x150.png?imenable=1&impolicy=user-profile-picture&imwidth=100","4371","小溫 (ptken)","7599360","7815","2339","972","37207","2551","108619","true","true","Chinese","小溫 (ptken)"
"https://static-cdn.jtvnw.net/jtv_user_pictures/23d8e6bb-8a04-435e-937a-328910bdf5c0-profile_image-150x150.png?imenable=1&impolicy=user-profile-picture&imwidth=100","4372","TheSpeedGamers","5355","225","31","23","37187","-2","25","true","false","English","TheSpeedGamers"
"https://static-cdn.jtvnw.net/jtv_user_pictures/69a18968-70d6-4216-9281-1a64200fb623-profile_image-150x150.png?imenable=1&impolicy=user-profile-picture&imwidth=100","4373","GIRU","113190","6360","61","17","37177","97","1022","true","true","English","GIRU"
"https://static-cdn.jtvnw.net/jtv_user_pictures/c7f30ebe-1970-45a2-a0a7-2a06ee8552c3-profile_image-150x150.png?imenable=1&impolicy=user-profile-picture&imwidth=100","4374","Plag1atiwe","15150","3780","10","3","37172","56","497","false","false","Russian","Plag1atiwe"
"https://static-cdn.jtvnw.net/jtv_user_pictures/g4non_games-profile_image-69aed4e73e1fda73-150x150.jpeg?imenable=1&impolicy=user-profile-picture&imwidth=100","4375","G4non_Games","300","780","3","0","37147","-4","63","true","false","Portuguese","G4non_Games"
"https://static-cdn.jtvnw.net/jtv_user_pictures/29fa2a44311765ef-profile_image-150x150.jpeg?imenable=1&impolicy=user-profile-picture&imwidth=100","4376","zZan7","25365","1215","53","20","37143","60","2017","true","false","Portuguese","zZan7"
"https://static-cdn.jtvnw.net/jtv_user_pictures/indiegamerworld-profile_image-030e715f20f92ccd-150x150.png?imenable=1&impolicy=user-profile-picture&imwidth=100","4377","indiegamerworld","5410140","7665","1861","705","37138","-11306","9605","false","true","English","indiegamerworld"
"https://static-cdn.jtvnw.net/jtv_user_pictures/asmrcast-profile_image-521d94a70432ae8f-150x150.png?imenable=1&impolicy=user-profile-picture&imwidth=100","4378","ASMRCast","86775","3195","60","26","37130","448","1364","true","false","English","ASMRCast"
"https://static-cdn.jtvnw.net/jtv_user_pictures/34611d42-54d8-4ff3-8694-0ad3c70bba68-profile_image-150x150.png?imenable=1&impolicy=user-profile-picture&imwidth=100","4379","no_one","2310","915","9","2","37122","19","70","true","false","English","no_one"
"https://static-cdn.jtvnw.net/jtv_user_pictures/662d30d9-65aa-42ad-8522-ec5eb72f2d83-profile_image-150x150.png?imenable=1&impolicy=user-profile-picture&imwidth=100","4380","Galax","93555","585","657","159","37121","575","3076","true","false","French","Galax"
"https://static-cdn.jtvnw.net/jtv_user_pictures/15a51158-46d2-4e54-be45-dee37e403941-profile_image-150x150.png?imenable=1&impolicy=user-profile-picture&imwidth=100","4381","IntroSpecktive","73680","1695","106","43","37097","253","803","true","false","English","IntroSpecktive"
"https://static-cdn.jtvnw.net/jtv_user_pictures/23576273-1348-4605-85f8-ad17cdc2c843-profile_image-150x150.png?imenable=1&impolicy=user-profile-picture&imwidth=100","4382","NAKAT","303585","1740","760","174","37097","516","2479","true","false","English","NAKAT"
"https://static-cdn.jtvnw.net/jtv_user_pictures/brittany-profile_image-03e41c1b878ec29b-150x150.png?imenable=1&impolicy=user-profile-picture&imwidth=100","4383","Brittany","40500","1290","92","30","37084","3","964","true","false","English","Brittany"
"https://static-cdn.jtvnw.net/jtv_user_pictures/3a8c9ebb-db08-4464-975f-65bc9e06bbf2-profile_image-150x150.png?imenable=1&impolicy=user-profile-picture&imwidth=100","4384","logixow","465","195","6","2","37083","0","8","true","true","English","logixow"
"https://static-cdn.jtvnw.net/jtv_user_pictures/0de54df5-37eb-4a15-9b00-5a8e3cdf7847-profile_image-150x150.png?imenable=1&impolicy=user-profile-picture&imwidth=100","4385","ConflictNerd","2295","105","37","21","37075","11","48","true","true","English","ConflictNerd"
"https://static-cdn.jtvnw.net/jtv_user_pictures/b3f05b9e-b73c-4afd-b76f-a604a77287ee-profile_image-150x150.png?imenable=1&impolicy=user-profile-picture&imwidth=100","4386","wizkx","1530","75","23","20","37061","-2","0","true","false","English","wizkx"
"https://static-cdn.jtvnw.net/jtv_user_pictures/nerdist-profile_image-661332027f90f05c-150x150.png?imenable=1&impolicy=user-profile-picture&imwidth=100","4387","Nerdist","35895","465","229","76","37060","73","673","true","false","English","Nerdist"
"https://static-cdn.jtvnw.net/jtv_user_pictures/d41c675b-1a48-427c-b941-03a3356686a0-profile_image-150x150.png?imenable=1&impolicy=user-profile-picture&imwidth=100","4388","Babynikki","26340","1095","55","23","37059","100","139","true","true","English","Babynikki"
"https://static-cdn.jtvnw.net/jtv_user_pictures/60c02b47-3f23-46e4-bbfc-825fb0d2030e-profile_image-150x150.png?imenable=1&impolicy=user-profile-picture&imwidth=100","4389","enoz","1290","840","6","1","37042","4","110","true","true","Spanish","enoz"
"https://static-cdn.jtvnw.net/jtv_user_pictures/cc5c9a1c-4eb9-4d7a-8419-3244bcce9d73-profile_image-150x150.jpg?imenable=1&impolicy=user-profile-picture&imwidth=100","4390","Eveliinushka","65550","180","547","363","37041","110","1325","false","false","Russian","Eveliinushka"
"https://static-cdn.jtvnw.net/jtv_user_pictures/freya_chan-profile_image-d8cb808a75a45a7f-150x150.jpeg?imenable=1&impolicy=user-profile-picture&imwidth=100","4391","Freya_Chan","1049250","2490","634","420","37039","-1692","6324","true","true","English","Freya_Chan"
"https://static-cdn.jtvnw.net/jtv_user_pictures/a24d5768-16f3-4e61-9b49-d4f0acb2f2d2-profile_image-150x150.png?imenable=1&impolicy=user-profile-picture&imwidth=100","4392","TheGamingDefinitionTV","41865","2250","40","18","37033","174","611","true","true","English","TheGamingDefinitionTV"
"https://static-cdn.jtvnw.net/jtv_user_pictures/lodeclaw-profile_image-b494b544cee6e0f4-150x150.png?imenable=1&impolicy=user-profile-picture&imwidth=100","4393","Lodeclaw","79935","5655","33","13","37032","-34","1054","true","false","English","Lodeclaw"
"https://static-cdn.jtvnw.net/jtv_user_pictures/ce1dfdfd-ba0b-4227-8b5e-216dfba10b86-profile_image-150x150.jpg?imenable=1&impolicy=user-profile-picture&imwidth=100","4394","tk_anakin","427305","4575","164","92","37003","109","2137","true","false","English","tk_anakin"
"https://static-cdn.jtvnw.net/jtv_user_pictures/endercr4nk-profile_image-4329a65a8f9b262b-150x150.jpeg?imenable=1&impolicy=user-profile-picture&imwidth=100","4395","EnderCr4nk","505860","4155","448","121","36998","2974","4784","true","false","German","EnderCr4nk"
"https://static-cdn.jtvnw.net/jtv_user_pictures/d8330edd-4d07-48e8-8092-741f274be130-profile_image-150x150.png?imenable=1&impolicy=user-profile-picture&imwidth=100","4396","AGIS","25800","2085","34","11","36993","-1986","568","true","false","Polish","AGIS"
"https://static-cdn.jtvnw.net/jtv_user_pictures/219064a8-9cb3-4276-9b74-fa387d92b959-profile_image-150x150.png?imenable=1&impolicy=user-profile-picture&imwidth=100","4397","SHI_Gaming","205140","1440","405","142","36989","163","3926","true","false","Japanese","SHI_Gaming"
"https://static-cdn.jtvnw.net/jtv_user_pictures/alcatrazofficial-profile_image-95a7cb75ece2f476-150x150.png?imenable=1&impolicy=user-profile-picture&imwidth=100","4398","AlcatrazOfficial","5490","450","22","11","36983","102","410","false","false","Russian","AlcatrazOfficial"
"https://static-cdn.jtvnw.net/jtv_user_pictures/7cd7a056-6db2-4646-bc2a-104a3ad988f7-profile_image-150x150.png?imenable=1&impolicy=user-profile-picture&imwidth=100","4399","Lana_Lux","1245","345","9","3","36981","15","19","true","true","English","Lana_Lux"
"https://static-cdn.jtvnw.net/jtv_user_pictures/cc605092-bd1f-452b-a171-d719b5c3d5ee-profile_image-150x150.png?imenable=1&impolicy=user-profile-picture&imwidth=100","4400","nichtdiemama","25740","7785","26","2","36981","3","721","true","true","German","nichtdiemama"