"","","Channel","Watch time","Stream time","Peak viewers","Average viewers","Followers","Followers gained","Views gained","Partnered","Mature","Language",""
"https://static-cdn.jtvnw.net/jtv_user_pictures/f1619e85-e219-4ca7-8839-2dd2ec8ed9cc-profile_image-150x150.png?imenable=1&impolicy=user-profile-picture&imwidth=100","61801","ScorpionKingdom","1320","675","8","1","948","0","8","false","true","English","ScorpionKingdom"
"https://static-cdn.jtvnw.net/jtv_user_pictures/fcbe9e32-ccaf-4dbf-aa51-fd9ec2f9aab0-profile_image-150x150.png?imenable=1&impolicy=user-profile-picture&imwidth=100","61802","ClassicalKate","3285","420","15","7","948","8","30","false","false","English","ClassicalKate"
"https://static-cdn.jtvnw.net/jtv_user_pictures/e9e2ec7f-2592-447b-a0fb-581dd192d810-profile_image-150x150.png?imenable=1&impolicy=user-profile-picture&imwidth=100","61803","eurynomestolas","22320","2955","22","6","948","23","95","false","true","English","eurynomestolas"
"https://static-cdn.jtvnw.net/jtv_user_pictures/4f811fed-ef70-4fa3-b49f-5be4aaa5831b-profile_image-150x150.png?imenable=1&impolicy=user-profile-picture&imwidth=100","61804","FlyingSquirlez","1260","690","5","1","948","-9","23","false","false","English","FlyingSquirlez"
"https://static-cdn.jtvnw.net/jtv_user_pictures/osharpie-profile_image-f0f75d4faac91d35-150x150.png?imenable=1&impolicy=user-profile-picture&imwidth=100","61805","oSharpie","255","345","1","0","948","-909","0","false","true","English","oSharpie"
"https://static-cdn.jtvnw.net/jtv_user_pictures/drixxyz-profile_image-7f931a0c3bf339bd-150x150.jpeg?imenable=1&impolicy=user-profile-picture&imwidth=100","61806","Drixxyz","15795","3450","19","4","948","13","48","false","true","French","Drixxyz"
"https://static-cdn.jtvnw.net/jtv_user_pictures/noobs2ninjas-profile_image-34707f847a73d934-150x150.png?imenable=1&impolicy=user-profile-picture&imwidth=100","61807","noobs2ninjas","45390","4140","23","10","948","64","1092","false","false","English","noobs2ninjas"
"https://static-cdn.jtvnw.net/jtv_user_pictures/glitchuout-profile_image-ced172a451e023d0-150x150.png?imenable=1&impolicy=user-profile-picture&imwidth=100","61808","GlitchUOut","1650","360","7","4","948","4","16","false","false","English","GlitchUOut"
"https://static-cdn.jtvnw.net/jtv_user_pictures/32923657-99aa-41e7-a072-250e36f4826d-profile_image-150x150.png?imenable=1&impolicy=user-profile-picture&imwidth=100","61809","UoMEsports","5100","225","45","22","947","8","148","true","false","English","UoMEsports"
"https://static-cdn.jtvnw.net/jtv_user_pictures/7672ed72-b43f-44ee-ba42-2c492543b26b-profile_image-150x150.png?imenable=1&impolicy=user-profile-picture&imwidth=100","61810","kokyshko","150","255","3","0","947","2","-14","false","false","Russian","kokyshko"
"https://static-cdn.jtvnw.net/jtv_user_pictures/22f7a1b9-109c-4c78-b60c-c535c041fd03-profile_image-150x150.jpg?imenable=1&impolicy=user-profile-picture&imwidth=100","61811","jubass94","210","75","3","2","947","0","0","false","false","Polish","jubass94"
"https://static-cdn.jtvnw.net/jtv_user_pictures/ce2f73b768d147d6-profile_image-150x150.png?imenable=1&impolicy=user-profile-picture&imwidth=100","61812","kogohh","15","15","1","1","947","0","0","false","false","English","kogohh"
"https://static-cdn.jtvnw.net/jtv_user_pictures/b89eaf5c-e378-4113-b8c2-31fd3c4b397b-profile_image-150x150.png?imenable=1&impolicy=user-profile-picture&imwidth=100","61813","heartashley","2145","510","9","3","947","0","11","false","true","English","heartashley"
"https://static-cdn.jtvnw.net/jtv_user_pictures/opwisdom-profile_image-4af5fc835d1b4eed-150x150.jpeg?imenable=1&impolicy=user-profile-picture&imwidth=100","61814","OpWisdoM","3555","900","11","3","947","3","43","false","false","English","OpWisdoM"
"https://static-cdn.jtvnw.net/jtv_user_pictures/d3dbbd92-fae4-4696-8f40-5053e6c45213-profile_image-150x150.png?imenable=1&impolicy=user-profile-picture&imwidth=100","61815","BirdUnleashed","3705","1530","16","2","947","35","80","false","true","English","BirdUnleashed"
"https://static-cdn.jtvnw.net/jtv_user_pictures/87ddbea5-1c36-4423-8eec-f68d04de9389-profile_image-150x150.jpg?imenable=1&impolicy=user-profile-picture&imwidth=100","61816","xswiftyyx_","15","240","1","0","947","0","0","false","false","English","xswiftyyx_"
"https://static-cdn.jtvnw.net/jtv_user_pictures/55847c4f-e3f6-41a4-ad78-14c5b7b72611-profile_image-150x150.png?imenable=1&impolicy=user-profile-picture&imwidth=100","61817","KyleThatKyle","2385","285","20","8","947","16","19","false","false","English","KyleThatKyle"
"https://static-cdn.jtvnw.net/jtv_user_pictures/dertayz-profile_image-35169fca5295a9b4-150x150.png?imenable=1&impolicy=user-profile-picture&imwidth=100","61818","DerTayz","46635","3360","66","13","947","147","427","false","false","German","DerTayz"
"https://static-cdn.jtvnw.net/jtv_user_pictures/batatamilgrau-profile_image-fd6b6b8c352d391e-150x150.jpeg?imenable=1&impolicy=user-profile-picture&imwidth=100","61819","BatataMilGrau","29535","3930","45","7","947","175","1689","false","false","Portuguese","BatataMilGrau"
"https://static-cdn.jtvnw.net/jtv_user_pictures/colonelfats69-profile_image-cac8923024d889b0-150x150.png?imenable=1&impolicy=user-profile-picture&imwidth=100","61820","Colonelfats69","8490","5235","4","1","947","1","18","false","true","English","Colonelfats69"
"https://static-cdn.jtvnw.net/jtv_user_pictures/sushigirlnomnom-profile_image-16abda2ba98c6e09-150x150.jpeg?imenable=1&impolicy=user-profile-picture&imwidth=100","61821","SushiGirlnomnom","44865","3135","36","13","947","26","1340","false","false","English","SushiGirlnomnom"
"https://static-cdn.jtvnw.net/jtv_user_pictures/66c7c663-f27e-4bc4-92b2-64ea8e91e6f9-profile_image-150x150.png?imenable=1&impolicy=user-profile-picture&imwidth=100","61822","spekki_","57660","10125","15","5","947","106","479","false","false","Finnish","spekki_"
"https://static-cdn.jtvnw.net/jtv_user_pictures/taytay400mc-profile_image-2e13c233b62e4ed2-150x150.jpeg?imenable=1&impolicy=user-profile-picture&imwidth=100","61823","TayTay400Mc","22740","3825","62","5","947","82","69","false","false","English","TayTay400Mc"
"https://static-cdn.jtvnw.net/jtv_user_pictures/tailblocktv-profile_image-d781b5059be20dab-150x150.png?imenable=1&impolicy=user-profile-picture&imwidth=100","61824","TailblockTV","5280","2295","10","1","947","-716","73","false","false","English","TailblockTV"
"https://static-cdn.jtvnw.net/jtv_user_pictures/987de12a-b3d4-40b7-a587-d6bd2da15e3e-profile_image-150x150.png?imenable=1&impolicy=user-profile-picture&imwidth=100","61825","XenAndCL","8415","1485","15","5","947","28","9","false","true","English","XenAndCL"
"https://static-cdn.jtvnw.net/jtv_user_pictures/51ee4f4d-d04e-4359-b154-f5794395ffb2-profile_image-150x150.png?imenable=1&impolicy=user-profile-picture&imwidth=100","61826","Gaming_Godd","0","15","0","0","947","0","0","false","false","English","Gaming_Godd"
"https://static-cdn.jtvnw.net/jtv_user_pictures/sickaura-profile_image-96fac7eebdb340d4-150x150.jpeg?imenable=1&impolicy=user-profile-picture&imwidth=100","61827","SickAura","4980","1215","10","3","947","6","34","false","true","English","SickAura"
"https://static-cdn.jtvnw.net/jtv_user_pictures/lordchao-profile_image-ee0268388a9dbb1e-150x150.jpeg?imenable=1&impolicy=user-profile-picture&imwidth=100","61828","LordChao","5340","510","27","9","947","6","43","false","false","English","LordChao"
"https://static-cdn.jtvnw.net/jtv_user_pictures/459abf42-c133-49e8-a835-f71ced3727d5-profile_image-150x150.png?imenable=1&impolicy=user-profile-picture&imwidth=100","61829","Simpsons99","6120","975","24","5","947","7","53","false","false","English","Simpsons99"
"https://static-cdn.jtvnw.net/jtv_user_pictures/eeb10d40-882a-4195-aa61-253eabea6ef5-profile_image-150x150.png?imenable=1&impolicy=user-profile-picture&imwidth=100","61830","HipEddy","11385","2040","16","5","947","20","571","false","true","Italian","HipEddy"
"https://static-cdn.jtvnw.net/jtv_user_pictures/b1cf908e-8846-43ce-bf01-dd839ff874ac-profile_image-150x150.png?imenable=1&impolicy=user-profile-picture&imwidth=100","61831","teapotgg","195","135","3","1","947","2","6","false","false","Norwegian","teapotgg"
"https://static-cdn.jtvnw.net/jtv_user_pictures/38398bd8-e05d-4915-a8d6-bc3362e2db84-profile_image-150x150.png?imenable=1&impolicy=user-profile-picture&imwidth=100","61832","dogdaytona","0","60","0","0","947","0","0","false","true","English","dogdaytona"
"https://static-cdn.jtvnw.net/jtv_user_pictures/7b48fd0f-9ce6-41d7-b5cb-6b72975239cc-profile_image-150x150.jpg?imenable=1&impolicy=user-profile-picture&imwidth=100","61833","TinyNeenja","9285","2265","9","3","947","24","101","false","true","English","TinyNeenja"
"https://static-cdn.jtvnw.net/jtv_user_pictures/cuneth-profile_image-c5c6fd3af04f9551-150x150.jpeg?imenable=1&impolicy=user-profile-picture&imwidth=100","61834","Cuneth","735","105","8","7","947","3","7","false","false","Norwegian","Cuneth"
"https://static-cdn.jtvnw.net/jtv_user_pictures/f059641f-2955-4376-8207-c43d4149ea08-profile_image-150x150.png?imenable=1&impolicy=user-profile-picture&imwidth=100","61835","TakingBackHeaven","855","300","7","2","947","-1","8","false","true","English","TakingBackHeaven"
"https://static-cdn.jtvnw.net/jtv_user_pictures/638d355e-7967-4eed-8429-5800a62f9dbf-profile_image-150x150.png?imenable=1&impolicy=user-profile-picture&imwidth=100","61836","ShinsekaiNoHata","3675","630","11","5","947","10","147","false","false","English","ShinsekaiNoHata"
"https://static-cdn.jtvnw.net/jtv_user_pictures/d907eaf1eb778105-profile_image-150x150.jpeg?imenable=1&impolicy=user-profile-picture&imwidth=100","61837","Floppyflams","26835","8115","14","2","947","14","60","false","true","English","Floppyflams"
"https://static-cdn.jtvnw.net/jtv_user_pictures/834fe9c7-5e2a-4500-8e82-b77426446b31-profile_image-150x150.png?imenable=1&impolicy=user-profile-picture&imwidth=100","61838","Arkham_","15","150","1","0","946","0","0","false","true","English","Arkham_"
"https://static-cdn.jtvnw.net/jtv_user_pictures/taypexx-profile_image-8d6ecd314ce0e274-150x150.jpeg?imenable=1&impolicy=user-profile-picture&imwidth=100","61839","taypexx","0","15","0","0","946","0","0","false","false","German","taypexx"
"https://static-cdn.jtvnw.net/user-default-pictures-uv/13e5fa74-defa-11e9-809c-784f43822e80-profile_image-150x150.png?imenable=1&impolicy=user-profile-picture&imwidth=100","61840","辣雞 (hecarimhk)","2115","1260","5","1","946","2","73","false","true","Chinese","辣雞 (hecarimhk)"
"https://static-cdn.jtvnw.net/jtv_user_pictures/7632492a-8500-4a12-bbaa-55fadaafb735-profile_image-150x150.jpeg?imenable=1&impolicy=user-profile-picture&imwidth=100","61841","okami_dude","1770","765","9","1","946","7","20","false","true","English","okami_dude"
"https://static-cdn.jtvnw.net/jtv_user_pictures/karpasm-profile_image-591b92450fba0f94-150x150.jpeg?imenable=1&impolicy=user-profile-picture&imwidth=100","61842","kArPaSm","30","15","2","2","946","0","0","false","false","English","kArPaSm"
"https://static-cdn.jtvnw.net/jtv_user_pictures/e6b1e846-e3e0-495d-aa62-c0ab12c600c8-profile_image-150x150.png?imenable=1&impolicy=user-profile-picture&imwidth=100","61843","P4GAM3RLive","525","75","11","6","946","6","34","true","false","Arabic","P4GAM3RLive"
"https://static-cdn.jtvnw.net/user-default-pictures-uv/13e5fa74-defa-11e9-809c-784f43822e80-profile_image-150x150.png?imenable=1&impolicy=user-profile-picture&imwidth=100","61844","Hopie_","46215","7470","19","5","946","148","708","false","true","German","Hopie_"
"https://static-cdn.jtvnw.net/jtv_user_pictures/3a5ebaa2-108f-48dd-b62c-c084e34e192d-profile_image-150x150.png?imenable=1&impolicy=user-profile-picture&imwidth=100","61845","iAmAnnaMei","0","90","1","0","946","0","0","false","true","English","iAmAnnaMei"
"https://static-cdn.jtvnw.net/jtv_user_pictures/1ccb49cf-63cc-44b6-be37-ca95d55dc049-profile_image-150x150.png?imenable=1&impolicy=user-profile-picture&imwidth=100","61846","x_7studios","495","435","4","0","946","1","5","false","true","English","x_7studios"
"https://static-cdn.jtvnw.net/jtv_user_pictures/64e83438-5a38-48c5-ac42-836d6c2e3037-profile_image-150x150.png?imenable=1&impolicy=user-profile-picture&imwidth=100","61847","Lord_Bagdad","1065","960","6","0","946","8","475","false","true","English","Lord_Bagdad"
"https://static-cdn.jtvnw.net/jtv_user_pictures/slapslap813-profile_image-29ad728a0fb76488-150x150.png?imenable=1&impolicy=user-profile-picture&imwidth=100","61848","SlapSlap813","18000","1425","26","12","946","127","90","false","false","English","SlapSlap813"
"https://static-cdn.jtvnw.net/jtv_user_pictures/e6be6943-251a-4711-8265-cc9e0897941a-profile_image-150x150.png?imenable=1&impolicy=user-profile-picture&imwidth=100","61849","rahill","555","345","5","1","946","5","11","false","false","English","rahill"
"https://static-cdn.jtvnw.net/jtv_user_pictures/doctorgattino-profile_image-c305742aadff5398-150x150.png?imenable=1&impolicy=user-profile-picture&imwidth=100","61850","DoctorGattino","5775","1245","20","4","946","17","138","false","false","Russian","DoctorGattino"
"https://static-cdn.jtvnw.net/jtv_user_pictures/c05bf89c-c9c5-4157-87a0-39a65e2a9664-profile_image-150x150.png?imenable=1&impolicy=user-profile-picture&imwidth=100","61851","poxos","75","135","1","0","946","0","3","false","false","English","poxos"
"https://static-cdn.jtvnw.net/jtv_user_pictures/8d7fd45a-7c95-4ecb-b9fd-b5b26944126e-profile_image-150x150.jpg?imenable=1&impolicy=user-profile-picture&imwidth=100","61852","Junsington","0","75","0","0","946","0","0","false","true","English","Junsington"
"https://static-cdn.jtvnw.net/jtv_user_pictures/squatingyeti-profile_image-b219e0b7326aad73-150x150.png?imenable=1&impolicy=user-profile-picture&imwidth=100","61853","Squatingyeti","5625","1350","8","3","946","10","49","false","true","English","Squatingyeti"
"https://static-cdn.jtvnw.net/jtv_user_pictures/9747aab1-81ac-474f-a9a5-fc18689c0629-profile_image-150x150.png?imenable=1&impolicy=user-profile-picture&imwidth=100","61854","Kuirso","75","165","2","0","946","1","0","false","false","English","Kuirso"
"https://static-cdn.jtvnw.net/jtv_user_pictures/nick3lax-profile_image-558262be6266d773-150x150.jpeg?imenable=1&impolicy=user-profile-picture&imwidth=100","61855","nick3lax","30","15","2","2","946","0","0","false","false","English","nick3lax"
"https://static-cdn.jtvnw.net/jtv_user_pictures/zenoflares-profile_image-554a36d8178d23b9-150x150.jpeg?imenable=1&impolicy=user-profile-picture&imwidth=100","61856","Zenoflares","19245","6510","81","2","946","1018","158","false","false","English","Zenoflares"
"https://static-cdn.jtvnw.net/jtv_user_pictures/gunina_ok-profile_image-37e36729344d01d4-150x150.png?imenable=1&impolicy=user-profile-picture&imwidth=100","61857","gunina_ok","5460","360","26","14","946","23","156","false","false","Russian","gunina_ok"
"https://static-cdn.jtvnw.net/jtv_user_pictures/roock-profile_image-4bc46eae0e5d8258-150x150.jpeg?imenable=1&impolicy=user-profile-picture&imwidth=100","61858","Roock","0","15","0","0","946","0","0","false","false","Other","Roock"
"https://static-cdn.jtvnw.net/jtv_user_pictures/b7e20279-b9ba-4287-b86c-0695a94267ac-profile_image-150x150.png?imenable=1&impolicy=user-profile-picture&imwidth=100","61859","TexxLive","16155","4455","12","3","946","14","278","false","true","German","TexxLive"
"https://static-cdn.jtvnw.net/jtv_user_pictures/keronari-profile_image-36b86d5f84ec92d8-150x150.png?imenable=1&impolicy=user-profile-picture&imwidth=100","61860","Keronari","525","240","6","2","946","0","2","false","true","English","Keronari"
"https://static-cdn.jtvnw.net/jtv_user_pictures/23a19adf-52b1-483f-a243-1d72988154de-profile_image-150x150.jpg?imenable=1&impolicy=user-profile-picture&imwidth=100","61861","cyriiac_","540","270","5","1","946","2","9","false","false","French","cyriiac_"
"https://static-cdn.jtvnw.net/jtv_user_pictures/5cddaabe-1bb8-4c09-ba91-882c12528500-profile_image-150x150.png?imenable=1&impolicy=user-profile-picture&imwidth=100","61862","エネス (ennesdemennes)","12570","2970","13","3","946","-2331","238","true","true","Dutch","エネス (ennesdemennes)"
"https://static-cdn.jtvnw.net/jtv_user_pictures/killer_katwoman-profile_image-0aeab629279d39d6-150x150.jpeg?imenable=1&impolicy=user-profile-picture&imwidth=100","61863","Killer_Katwoman","15600","1350","179","11","946","207","45","false","true","English","Killer_Katwoman"
"https://static-cdn.jtvnw.net/jtv_user_pictures/corona_gaming-profile_image-694a8f32e1559534-150x150.jpeg?imenable=1&impolicy=user-profile-picture&imwidth=100","61864","Corona_Gaming","450","345","3","1","946","0","2","false","true","English","Corona_Gaming"
"https://static-cdn.jtvnw.net/jtv_user_pictures/4f3ab4d8-011f-4e09-aead-8a264999ac22-profile_image-150x150.jpg?imenable=1&impolicy=user-profile-picture&imwidth=100","61865","mt2flee_33","5475","2775","9","1","946","29","18","false","true","English","mt2flee_33"
"https://static-cdn.jtvnw.net/jtv_user_pictures/80bd936b-6698-4c1f-abe6-87cf8fb79b89-profile_image-150x150.png?imenable=1&impolicy=user-profile-picture&imwidth=100","61866","Nex808gen","8400","8160","94","0","946","111","70","false","true","English","Nex808gen"
"https://static-cdn.jtvnw.net/jtv_user_pictures/98135109-8439-4b6f-84c1-a30d1460bd95-profile_image-150x150.png?imenable=1&impolicy=user-profile-picture&imwidth=100","61867","TyHoward99","15600","465","65","33","946","70","19","false","false","English","TyHoward99"
"https://static-cdn.jtvnw.net/jtv_user_pictures/soron255054-profile_image-188d27aa71cc3dfc-150x150.jpeg?imenable=1&impolicy=user-profile-picture&imwidth=100","61868","Soron255054","1185","210","13","5","946","11","199","false","false","Chinese","Soron255054"
"https://static-cdn.jtvnw.net/jtv_user_pictures/mizuki77-profile_image-182803dd212a1273-150x150.jpeg?imenable=1&impolicy=user-profile-picture&imwidth=100","61869","Mizuki77","5940","585","16","9","946","-3","121","false","true","Chinese","Mizuki77"
"https://static-cdn.jtvnw.net/jtv_user_pictures/b497b9c6-4247-466f-a671-edf659223ef8-profile_image-150x150.png?imenable=1&impolicy=user-profile-picture&imwidth=100","61870","Vinewood_Motors","300","60","5","5","946","1","0","false","false","English","Vinewood_Motors"
"https://static-cdn.jtvnw.net/jtv_user_pictures/fortknite-profile_image-b8168963401e49b4-150x150.jpeg?imenable=1&impolicy=user-profile-picture&imwidth=100","61871","FortKnite","1320","555","5","1","946","-3","5","false","true","English","FortKnite"
"https://static-cdn.jtvnw.net/jtv_user_pictures/6f087f76-1792-4503-a55c-b970f94cfcf1-profile_image-150x150.png?imenable=1&impolicy=user-profile-picture&imwidth=100","61872","LadyKandice","10170","1440","23","6","946","20","161","false","true","English","LadyKandice"
"https://static-cdn.jtvnw.net/jtv_user_pictures/47473cf3-610b-4583-b286-2603bd503107-profile_image-150x150.png?imenable=1&impolicy=user-profile-picture&imwidth=100","61873","aperfecthero","90","315","2","0","946","-2","11","false","true","English","aperfecthero"
"https://static-cdn.jtvnw.net/jtv_user_pictures/d0e49302-0291-418c-ae3a-5d56ae6474db-profile_image-150x150.png?imenable=1&impolicy=user-profile-picture&imwidth=100","61874","JakeRyanYo","4995","2235","8","1","946","5","75","false","true","English","JakeRyanYo"
"https://static-cdn.jtvnw.net/jtv_user_pictures/beefwellington-profile_image-269e19085cba9c7a-150x150.jpeg?imenable=1&impolicy=user-profile-picture&imwidth=100","61875","beefwellington","42900","1905","710","22","946","101","402","false","false","English","beefwellington"
"https://static-cdn.jtvnw.net/jtv_user_pictures/d50652047fa1c2c5-profile_image-150x150.png?imenable=1&impolicy=user-profile-picture&imwidth=100","61876","StevenMayte","60255","3555","142","16","946","50","308","false","true","English","StevenMayte"
"https://static-cdn.jtvnw.net/jtv_user_pictures/5e63bd16-c74a-4ef4-b256-1c34982da0df-profile_image-150x150.png?imenable=1&impolicy=user-profile-picture&imwidth=100","61877","alwayssnatched","0","75","0","0","946","0","0","false","false","English","alwayssnatched"
"https://static-cdn.jtvnw.net/jtv_user_pictures/b8f30e7a-5b85-4660-8080-0e90168cd177-profile_image-150x150.png?imenable=1&impolicy=user-profile-picture&imwidth=100","61878","zx_hephaistos","3720","2220","9","1","946","4","100","false","false","German","zx_hephaistos"
"https://static-cdn.jtvnw.net/jtv_user_pictures/collossuss-profile_image-97dc00318a827c8f-150x150.png?imenable=1&impolicy=user-profile-picture&imwidth=100","61879","collossuss","61695","5055","29","11","946","33","314","false","true","English","collossuss"
"https://static-cdn.jtvnw.net/jtv_user_pictures/51f778957c3c0c7a-profile_image-150x150.png?imenable=1&impolicy=user-profile-picture&imwidth=100","61880","allurious","2445","285","13","8","946","4","19","false","true","English","allurious"
"https://static-cdn.jtvnw.net/jtv_user_pictures/7474a325-b586-4ecf-a903-e3d64d339e61-profile_image-150x150.png?imenable=1&impolicy=user-profile-picture&imwidth=100","61881","AnseOne","15465","2520","17","5","946","31","255","false","true","English","AnseOne"
"https://static-cdn.jtvnw.net/jtv_user_pictures/a07f5569-c065-4c84-a3d7-641a17fcddb6-profile_image-150x150.png?imenable=1&impolicy=user-profile-picture&imwidth=100","61882","tylerdamsma","24885","3225","20","7","946","92","238","false","false","English","tylerdamsma"
"https://static-cdn.jtvnw.net/jtv_user_pictures/2c52227a-81f9-4eb2-8ba6-01583c556dd5-profile_image-150x150.png?imenable=1&impolicy=user-profile-picture&imwidth=100","61883","rambopreto","14100","5610","10","2","946","9","252","false","true","Portuguese","rambopreto"
"https://static-cdn.jtvnw.net/jtv_user_pictures/blokewithsuperpowers-profile_image-facffc8aee165683-150x150.jpeg?imenable=1&impolicy=user-profile-picture&imwidth=100","61884","Blokewithsuperpowers","16410","4245","13","3","946","14","293","false","true","English","Blokewithsuperpowers"
"https://static-cdn.jtvnw.net/jtv_user_pictures/c2150920-e1ec-44d8-bd46-73dcb540f687-profile_image-150x150.png?imenable=1&impolicy=user-profile-picture&imwidth=100","61885","akituakitu","36135","750","142","47","945","681","684","false","false","English","akituakitu"
"https://static-cdn.jtvnw.net/jtv_user_pictures/39ae928bcae22c27-profile_image-150x150.jpeg?imenable=1&impolicy=user-profile-picture&imwidth=100","61886","SirDentist","15","15","1","1","945","0","0","false","true","Spanish","SirDentist"
"https://static-cdn.jtvnw.net/jtv_user_pictures/5482082c-f1d8-4616-8b7a-1989598afbfb-profile_image-150x150.png?imenable=1&impolicy=user-profile-picture&imwidth=100","61887","PKFrenchi","17865","8370","15","1","945","79","175","false","false","English","PKFrenchi"
"https://static-cdn.jtvnw.net/jtv_user_pictures/75f8e45dc67e5de4-profile_image-150x150.png?imenable=1&impolicy=user-profile-picture&imwidth=100","61888","Mezzah__","15","15","1","1","945","0","0","false","false","English","Mezzah__"
"https://static-cdn.jtvnw.net/jtv_user_pictures/c8862b80-c101-4938-8c6d-2dd7a11f7970-profile_image-150x150.png?imenable=1&impolicy=user-profile-picture&imwidth=100","61889","herohei","3555","1395","7","2","945","3","64","false","true","English","herohei"
"https://static-cdn.jtvnw.net/jtv_user_pictures/e8ba66ed-97fe-4629-b544-f8f257358514-profile_image-150x150.png?imenable=1&impolicy=user-profile-picture&imwidth=100","61890","KaktusGurka","0","45","0","0","945","0","0","false","false","English","KaktusGurka"
"https://static-cdn.jtvnw.net/jtv_user_pictures/77d97d4c-f860-4e13-9f37-03c95a6996a4-profile_image-150x150.png?imenable=1&impolicy=user-profile-picture&imwidth=100","61891","ThatCiceroGuy","870","510","8","1","945","5","42","false","true","English","ThatCiceroGuy"
"https://static-cdn.jtvnw.net/jtv_user_pictures/naughty_robot-profile_image-dfc99b8bfd0a0082-150x150.jpeg?imenable=1&impolicy=user-profile-picture&imwidth=100","61892","Naughty_Robot","43965","4320","48","9","945","177","584","false","true","English","Naughty_Robot"
"https://static-cdn.jtvnw.net/jtv_user_pictures/f9e72585292f42af-profile_image-150x150.jpeg?imenable=1&impolicy=user-profile-picture&imwidth=100","61893","moxi_high","255","60","8","3","945","0","4","false","false","English","moxi_high"
"https://static-cdn.jtvnw.net/jtv_user_pictures/334fe0fe-7ae2-4481-8f67-baea1c5b70fe-profile_image-150x150.png?imenable=1&impolicy=user-profile-picture&imwidth=100","61894","Sval","30300","6060","30","4","945","56","214","false","true","English","Sval"
"https://static-cdn.jtvnw.net/jtv_user_pictures/don_fubar-profile_image-c0958b5b9aaa13d3-150x150.jpeg?imenable=1&impolicy=user-profile-picture&imwidth=100","61895","Don_Fubar","2190","840","8","2","945","19","56","false","true","English","Don_Fubar"
"https://static-cdn.jtvnw.net/jtv_user_pictures/f56903a0-6dee-40db-8d6a-1b65201e6800-profile_image-150x150.png?imenable=1&impolicy=user-profile-picture&imwidth=100","61896","gmrz_1988","10215","1695","17","5","945","127","162","false","false","English","gmrz_1988"
"https://static-cdn.jtvnw.net/jtv_user_pictures/thaajjh-profile_image-5bfe7127a9b03bdb-150x150.png?imenable=1&impolicy=user-profile-picture&imwidth=100","61897","ThaaJJH","3930","2265","7","1","945","44","27","false","false","German","ThaaJJH"
"https://static-cdn.jtvnw.net/jtv_user_pictures/7c8a424b-d379-4e40-82dd-4666f7de61b3-profile_image-150x150.png?imenable=1&impolicy=user-profile-picture&imwidth=100","61898","Slaybix","840","1185","4","0","945","-2","11","false","true","English","Slaybix"
"https://static-cdn.jtvnw.net/jtv_user_pictures/fd147545-ee03-418e-9c9f-0928569041b4-profile_image-150x150.png?imenable=1&impolicy=user-profile-picture&imwidth=100","61899","ANYI","18285","1845","22","9","945","77","239","false","true","English","ANYI"
"https://static-cdn.jtvnw.net/jtv_user_pictures/xofocusthecarryxo-profile_image-27fffd0788e91284-150x150.jpeg?imenable=1&impolicy=user-profile-picture&imwidth=100","61900","xoFocusTheCarryxo","121875","6765","181","17","945","501","2023","false","true","English","xoFocusTheCarryxo"