"","","Channel","Watch time","Stream time","Peak viewers","Average viewers","Followers","Followers gained","Views gained","Partnered","Mature","Language",""
"https://static-cdn.jtvnw.net/jtv_user_pictures/darryn25-profile_image-c5403c00ed519293-150x150.jpeg?imenable=1&impolicy=user-profile-picture&imwidth=100","54801","Darryn25","600","60","12","10","1133","2","-12","false","false","","Darryn25"
"https://static-cdn.jtvnw.net/jtv_user_pictures/lninjaa-profile_image-96be4c8631a3380a-150x150.jpeg?imenable=1&impolicy=user-profile-picture&imwidth=100","54802","ZZZZZZZZ-ZZZZ-ZZZZ-ZZZZ-ZZZZZZZZZZZZ (lninjaa)","11460","2925","12","3","1133","52","79","false","false","English","ZZZZZZZZ-ZZZZ-ZZZZ-ZZZZ-ZZZZZZZZZZZZ (lninjaa)"
"https://static-cdn.jtvnw.net/jtv_user_pictures/6801dfce-ddfb-4e81-9d5a-6b8f544c268a-profile_image-150x150.png?imenable=1&impolicy=user-profile-picture&imwidth=100","54803","topsicktv","30","30","1","1","1133","0","8","false","true","English","topsicktv"
"https://static-cdn.jtvnw.net/jtv_user_pictures/90b531eb-4bef-4a95-b8b3-0099cf17fd9e-profile_image-150x150.jpg?imenable=1&impolicy=user-profile-picture&imwidth=100","54804","VALEISKY","5235","450","19","10","1133","1","161","false","true","English","VALEISKY"
"https://static-cdn.jtvnw.net/jtv_user_pictures/canerastv-profile_image-0cadda63d2ee7887-150x150.png?imenable=1&impolicy=user-profile-picture&imwidth=100","54805","CanerasTV","81855","6540","39","11","1133","44","247","false","false","English","CanerasTV"
"https://static-cdn.jtvnw.net/jtv_user_pictures/8a0b34f5-291e-4e18-aaf1-32ba1d3a2ccf-profile_image-150x150.png?imenable=1&impolicy=user-profile-picture&imwidth=100","54806","Viracoach","1455","975","6","1","1133","3","10","false","true","English","Viracoach"
"https://static-cdn.jtvnw.net/jtv_user_pictures/8679cef9-e534-4272-abc1-34ad85a05ef3-profile_image-150x150.png?imenable=1&impolicy=user-profile-picture&imwidth=100","54807","Alexa_TV","15525","2205","22","6","1133","32","676","false","true","German","Alexa_TV"
"https://static-cdn.jtvnw.net/jtv_user_pictures/g_heinz-profile_image-91c0b5d6ec7246f0-150x150.png?imenable=1&impolicy=user-profile-picture&imwidth=100","54808","G_Heinz","6270","915","46","6","1133","13","43","false","false","English","G_Heinz"
"https://static-cdn.jtvnw.net/jtv_user_pictures/2742eb07-1e00-4339-a955-4e64fd2fb59c-profile_image-150x150.png?imenable=1&impolicy=user-profile-picture&imwidth=100","54809","BlueFlameFlareon","840","675","5","0","1133","5","13","false","true","English","BlueFlameFlareon"
"https://static-cdn.jtvnw.net/jtv_user_pictures/judgethegreat-profile_image-58d817051f39c574-150x150.png?imenable=1&impolicy=user-profile-picture&imwidth=100","54810","JudgeTheGreat","14430","2310","24","5","1133","22","101","false","false","English","JudgeTheGreat"
"https://static-cdn.jtvnw.net/jtv_user_pictures/f104fb41-8123-4a8a-8023-d38ac6bf1de5-profile_image-150x150.png?imenable=1&impolicy=user-profile-picture&imwidth=100","54811","SazziEU","10725","1065","28","9","1133","13","460","false","false","German","SazziEU"
"https://static-cdn.jtvnw.net/jtv_user_pictures/06049f2e-bbe6-4282-af3e-713919fca450-profile_image-150x150.png?imenable=1&impolicy=user-profile-picture&imwidth=100","54812","MelleKilla19","7920","2790","11","2","1133","5","84","false","true","English","MelleKilla19"
"https://static-cdn.jtvnw.net/jtv_user_pictures/88cf1b43-80bb-4660-9140-a0a77b2c932c-profile_image-150x150.png?imenable=1&impolicy=user-profile-picture&imwidth=100","54813","halcoloh","0","120","0","0","1132","0","0","false","false","French","halcoloh"
"https://static-cdn.jtvnw.net/jtv_user_pictures/akigameszz-profile_image-941b1af8320e7c86-150x150.jpeg?imenable=1&impolicy=user-profile-picture&imwidth=100","54814","AkiGamesZZ","0","30","0","0","1132","0","0","false","false","French","AkiGamesZZ"
"https://static-cdn.jtvnw.net/jtv_user_pictures/5a12fd32-39c9-4a16-8314-e5c1ea4d230a-profile_image-150x150.png?imenable=1&impolicy=user-profile-picture&imwidth=100","54815","GaryGrav1ty","15","15","1","1","1132","0","0","false","true","English","GaryGrav1ty"
"https://static-cdn.jtvnw.net/jtv_user_pictures/536caeec-6ae9-4aaa-8656-500c3c53d4a2-profile_image-150x150.png?imenable=1&impolicy=user-profile-picture&imwidth=100","54816","annetplay","30","30","2","1","1132","0","0","false","false","Russian","annetplay"
"https://static-cdn.jtvnw.net/jtv_user_pictures/4a9a6b3b-6496-444e-a3b1-2daf6f47fe13-profile_image-150x150.png?imenable=1&impolicy=user-profile-picture&imwidth=100","54817","JacobWalter","75","75","1","1","1132","0","0","false","true","German","JacobWalter"
"https://static-cdn.jtvnw.net/jtv_user_pictures/5b61a78b-cda2-48d3-b715-7717277be468-profile_image-150x150.png?imenable=1&impolicy=user-profile-picture&imwidth=100","54818","YimiKid","1425","570","9","2","1132","4","28","false","false","Spanish","YimiKid"
"https://static-cdn.jtvnw.net/jtv_user_pictures/ayywhitey-profile_image-38b51b905423b3cd-150x150.jpeg?imenable=1&impolicy=user-profile-picture&imwidth=100","54819","AyyWhitey","165","180","4","0","1132","1","6","false","false","","AyyWhitey"
"https://static-cdn.jtvnw.net/jtv_user_pictures/takacow-profile_image-3d87938d6229ab96-150x150.png?imenable=1&impolicy=user-profile-picture&imwidth=100","54820","TakaCow","31110","3225","24","9","1132","43","300","false","true","Japanese","TakaCow"
"https://static-cdn.jtvnw.net/user-default-pictures-uv/215b7342-def9-11e9-9a66-784f43822e80-profile_image-150x150.png?imenable=1&impolicy=user-profile-picture&imwidth=100","54821","zexionnumber9","60","90","3","0","1132","0","0","false","false","English","zexionnumber9"
"https://static-cdn.jtvnw.net/jtv_user_pictures/87bbe470-1fc1-4b68-8ae6-cd7a938c22d3-profile_image-150x150.png?imenable=1&impolicy=user-profile-picture&imwidth=100","54822","ArchitectureStudent","18945","5385","11","3","1132","40","688","false","true","Turkish","ArchitectureStudent"
"https://static-cdn.jtvnw.net/jtv_user_pictures/cec6950b-e8e2-40de-954a-1baece42b42b-profile_image-150x150.png?imenable=1&impolicy=user-profile-picture&imwidth=100","54823","yakshina","4185","810","15","4","1132","45","407","false","false","Russian","yakshina"
"https://static-cdn.jtvnw.net/jtv_user_pictures/vetrova-profile_image-ef0f699271127714-150x150.jpeg?imenable=1&impolicy=user-profile-picture&imwidth=100","54824","Vetrova","8610","150","66","57","1132","15","417","false","false","Russian","Vetrova"
"https://static-cdn.jtvnw.net/jtv_user_pictures/moohaj-profile_image-e051c619a9134f45-150x150.jpeg?imenable=1&impolicy=user-profile-picture&imwidth=100","54825","moohaj","0","15","0","0","1132","0","0","false","true","Russian","moohaj"
"https://static-cdn.jtvnw.net/jtv_user_pictures/20a95efd-26c7-4ba3-9f25-1fd76ea54b07-profile_image-150x150.jpg?imenable=1&impolicy=user-profile-picture&imwidth=100","54826","xBOLTSTRYKE","1485","750","5","1","1132","7","34","false","true","English","xBOLTSTRYKE"
"https://static-cdn.jtvnw.net/jtv_user_pictures/31a826e0-3973-4fd6-b301-abba4615a295-profile_image-150x150.png?imenable=1&impolicy=user-profile-picture&imwidth=100","54827","chocobotiger","180","135","4","0","1132","2","9","false","false","French","chocobotiger"
"https://static-cdn.jtvnw.net/jtv_user_pictures/01c47d23-2ac6-4053-b99d-7db713a7b7d7-profile_image-150x150.png?imenable=1&impolicy=user-profile-picture&imwidth=100","54828","Blooblahguy","0","135","1","0","1132","0","0","false","false","English","Blooblahguy"
"https://static-cdn.jtvnw.net/jtv_user_pictures/pon57-profile_image-115161d38a091c3f-150x150.png?imenable=1&impolicy=user-profile-picture&imwidth=100","54829","ぽーん (pon57)","1320","300","8","4","1132","2","25","false","false","Japanese","ぽーん (pon57)"
"https://static-cdn.jtvnw.net/jtv_user_pictures/sfusionz-profile_image-75c786c62862cf56-150x150.jpeg?imenable=1&impolicy=user-profile-picture&imwidth=100","54830","sFusionz","31635","6420","19","4","1132","102","237","false","true","English","sFusionz"
"https://static-cdn.jtvnw.net/jtv_user_pictures/71982302-7454-4945-b4c0-8868bd4661e1-profile_image-150x150.png?imenable=1&impolicy=user-profile-picture&imwidth=100","54831","GalvaNate_","840","315","5","2","1132","9","14","false","false","English","GalvaNate_"
"https://static-cdn.jtvnw.net/jtv_user_pictures/dmoney1970-profile_image-8ef7d53f47892804-150x150.jpeg?imenable=1&impolicy=user-profile-picture&imwidth=100","54832","DMoney1970","19635","2490","85","7","1132","-6","66","false","true","","DMoney1970"
"https://static-cdn.jtvnw.net/jtv_user_pictures/leewinorafk-profile_image-267ce00cb46ba53e-150x150.jpeg?imenable=1&impolicy=user-profile-picture&imwidth=100","54833","leewinorafk","1215","540","6","1","1132","-11","39","false","false","","leewinorafk"
"https://static-cdn.jtvnw.net/ttv-boxart/404_boxart.png?imenable=1&impolicy=user-profile-picture&imwidth=100","54834","EsGudrS","60","60","1","1","1132","0","10","false","false","","EsGudrS"
"https://static-cdn.jtvnw.net/jtv_user_pictures/47dd1d9f-fcd1-49dc-b983-0ff347feef00-profile_image-150x150.png?imenable=1&impolicy=user-profile-picture&imwidth=100","54835","VBGamingdeTV","86805","7455","318","11","1132","224","2437","false","true","German","VBGamingdeTV"
"https://static-cdn.jtvnw.net/jtv_user_pictures/richcsofficial-profile_image-e0734d92a94d342c-150x150.jpeg?imenable=1&impolicy=user-profile-picture&imwidth=100","54836","richcsofficial","5595","3195","19","1","1132","78","325","false","false","Russian","richcsofficial"
"https://static-cdn.jtvnw.net/jtv_user_pictures/fa74519a-f6a9-4b35-a31a-873a939f3cfe-profile_image-150x150.png?imenable=1&impolicy=user-profile-picture&imwidth=100","54837","tggchaos","1245","900","6","1","1132","5","3","false","true","English","tggchaos"
"https://static-cdn.jtvnw.net/jtv_user_pictures/atomixgames-profile_image-ab39097f66894d13-150x150.png?imenable=1&impolicy=user-profile-picture&imwidth=100","54838","atomixgames","7020","525","26","13","1132","10","188","false","false","Spanish","atomixgames"
"https://static-cdn.jtvnw.net/jtv_user_pictures/716c4871-8158-4144-9ac4-f775a2050c8c-profile_image-150x150.png?imenable=1&impolicy=user-profile-picture&imwidth=100","54839","pro_studio","570","105","7","5","1132","1","0","false","false","English","pro_studio"
"https://static-cdn.jtvnw.net/jtv_user_pictures/d01e6f0403ee5654-profile_image-150x150.jpeg?imenable=1&impolicy=user-profile-picture&imwidth=100","54840","DrDreee","22950","1335","312","16","1132","26","331","false","true","German","DrDreee"
"https://static-cdn.jtvnw.net/jtv_user_pictures/897695a4-3e1a-4eb1-a36d-308eba3be14d-profile_image-150x150.png?imenable=1&impolicy=user-profile-picture&imwidth=100","54841","NickNotNich","43815","7395","14","5","1132","29","272","false","true","English","NickNotNich"
"https://static-cdn.jtvnw.net/jtv_user_pictures/heshlaxd-profile_image-8edb9d6cedeffe6e-150x150.jpeg?imenable=1&impolicy=user-profile-picture&imwidth=100","54842","HeshlaXd","1740","1305","4","1","1132","1","24","false","false","English","HeshlaXd"
"https://static-cdn.jtvnw.net/jtv_user_pictures/veeveechan-profile_image-1c1987c2527ccfbd-150x150.jpeg?imenable=1&impolicy=user-profile-picture&imwidth=100","54843","VeeVeeChan","59220","4725","38","12","1132","84","291","false","true","English","VeeVeeChan"
"https://static-cdn.jtvnw.net/jtv_user_pictures/38f131b7-d41f-4800-a7e9-982148046fff-profile_image-150x150.jpg?imenable=1&impolicy=user-profile-picture&imwidth=100","54844","Deppresso","31965","6000","11","4","1132","18","196","false","true","English","Deppresso"
"https://static-cdn.jtvnw.net/jtv_user_pictures/1cc3be3a-a1be-4d1e-870a-36a4cdaf429d-profile_image-150x150.png?imenable=1&impolicy=user-profile-picture&imwidth=100","54845","corvusxhopps","195","210","2","0","1131","1","13","false","false","Spanish","corvusxhopps"
"https://static-cdn.jtvnw.net/jtv_user_pictures/sukimos-profile_image-ac168e4f2f2ebbe6-150x150.png?imenable=1&impolicy=user-profile-picture&imwidth=100","54846","서키모스 (sukimos)","90","60","3","1","1131","0","0","false","false","Korean","서키모스 (sukimos)"
"https://static-cdn.jtvnw.net/jtv_user_pictures/justthatez-profile_image-d0925d7da1b1e848-150x150.png?imenable=1&impolicy=user-profile-picture&imwidth=100","54847","JustThatEz","0","30","0","0","1131","0","0","false","false","English","JustThatEz"
"https://static-cdn.jtvnw.net/jtv_user_pictures/33a086508845bab5-profile_image-150x150.jpeg?imenable=1&impolicy=user-profile-picture&imwidth=100","54848","StaticAus","15","210","1","0","1131","0","0","false","true","English","StaticAus"
"https://static-cdn.jtvnw.net/jtv_user_pictures/msel_-profile_image-29b3b40ee13312cb-150x150.png?imenable=1&impolicy=user-profile-picture&imwidth=100","54849","mseL_","8925","960","37","9","1131","82","484","false","false","","mseL_"
"https://static-cdn.jtvnw.net/jtv_user_pictures/22a98e75-c3bb-4dda-a132-e659e6031f5d-profile_image-150x150.png?imenable=1&impolicy=user-profile-picture&imwidth=100","54850","Canadubstep","30","30","2","1","1131","0","0","false","false","English","Canadubstep"
"https://static-cdn.jtvnw.net/jtv_user_pictures/7e4667e3-4841-41e7-ad8c-8123495c9c2f-profile_image-150x150.png?imenable=1&impolicy=user-profile-picture&imwidth=100","54851","itsLoofie","36690","7605","20","4","1131","54","178","false","true","English","itsLoofie"
"https://static-cdn.jtvnw.net/jtv_user_pictures/5ec9bff2-92c5-44b0-87ab-cb4cfdfeead2-profile_image-150x150.png?imenable=1&impolicy=user-profile-picture&imwidth=100","54852","ShiftyShaw","6570","2640","9","2","1131","30","80","false","true","English","ShiftyShaw"
"https://static-cdn.jtvnw.net/jtv_user_pictures/trueegroup-profile_image-5132aa0bff9f149e-150x150.png?imenable=1&impolicy=user-profile-picture&imwidth=100","54853","trueegroup","4155","255","29","15","1131","43","78","false","false","Swedish","trueegroup"
"https://static-cdn.jtvnw.net/jtv_user_pictures/3485e839-3c2c-4b15-9dc2-4ebef6cce92d-profile_image-150x150.png?imenable=1&impolicy=user-profile-picture&imwidth=100","54854","bahiaplayer","105","105","1","1","1131","0","0","false","true","Portuguese","bahiaplayer"
"https://static-cdn.jtvnw.net/jtv_user_pictures/0f3b00bf-9b76-445e-9f6a-83e1dec90469-profile_image-150x150.png?imenable=1&impolicy=user-profile-picture&imwidth=100","54855","GosuCyborg","7170","1695","10","3","1131","-550","185","false","false","German","GosuCyborg"
"https://static-cdn.jtvnw.net/jtv_user_pictures/di0d3-profile_image-eb36f6301428f74f-150x150.jpeg?imenable=1&impolicy=user-profile-picture&imwidth=100","54856","Di0d3","900","300","7","2","1131","-1","11","false","false","","Di0d3"
"https://static-cdn.jtvnw.net/jtv_user_pictures/8493d901-fa7b-41b0-a3bc-efb450b7422c-profile_image-150x150.png?imenable=1&impolicy=user-profile-picture&imwidth=100","54857","VVEB","30","15","2","2","1131","0","0","false","true","English","VVEB"
"https://static-cdn.jtvnw.net/ttv-boxart/404_boxart.png?imenable=1&impolicy=user-profile-picture&imwidth=100","54858","UnHeroicChannel","3645","1500","8","2","1131","240","44","false","true","","UnHeroicChannel"
"https://static-cdn.jtvnw.net/jtv_user_pictures/multixavier111-profile_image-373d42fb234072ab-150x150.png?imenable=1&impolicy=user-profile-picture&imwidth=100","54859","Multixavier111","0","105","0","0","1131","2","2","false","false","Czech","Multixavier111"
"https://static-cdn.jtvnw.net/jtv_user_pictures/0ad3bc29-1052-4178-9c5a-92e9e46722fe-profile_image-150x150.png?imenable=1&impolicy=user-profile-picture&imwidth=100","54860","EinfachMaxTV","1665","705","6","1","1131","8","16","false","false","German","EinfachMaxTV"
"https://static-cdn.jtvnw.net/jtv_user_pictures/f2f0de59-1c29-472a-921c-f98fe714b10d-profile_image-150x150.png?imenable=1&impolicy=user-profile-picture&imwidth=100","54861","Modus_Hoperandi","12150","2760","12","4","1131","13","84","false","true","Swedish","Modus_Hoperandi"
"https://static-cdn.jtvnw.net/jtv_user_pictures/sirbaconbulldog-profile_image-5aa547f4ad3bcbc2-150x150.jpeg?imenable=1&impolicy=user-profile-picture&imwidth=100","54862","SirBaconBulldog","2730","840","8","2","1131","1","35","false","true","English","SirBaconBulldog"
"https://static-cdn.jtvnw.net/jtv_user_pictures/1dc03760-ba06-4ba2-bee4-000cce568603-profile_image-150x150.png?imenable=1&impolicy=user-profile-picture&imwidth=100","54863","Kluffu","15165","1560","75","9","1131","2","112","false","false","English","Kluffu"
"https://static-cdn.jtvnw.net/jtv_user_pictures/278fa338-8143-42e6-b32d-9006db62d415-profile_image-150x150.png?imenable=1&impolicy=user-profile-picture&imwidth=100","54864","dietelefonzelle97","6990","1185","16","5","1131","18","200","false","false","German","dietelefonzelle97"
"https://static-cdn.jtvnw.net/jtv_user_pictures/whitecheftaylor-profile_image-f3c221e82d21ed39-150x150.jpeg?imenable=1&impolicy=user-profile-picture&imwidth=100","54865","WhiteChefTaylor","2100","210","21","9","1131","7","7","false","false","English","WhiteChefTaylor"
"https://static-cdn.jtvnw.net/jtv_user_pictures/6c67bb67371d4d5b-profile_image-150x150.jpeg?imenable=1&impolicy=user-profile-picture&imwidth=100","54866","Mefka91","495","6015","4","0","1131","3","67","true","true","Russian","Mefka91"
"https://static-cdn.jtvnw.net/jtv_user_pictures/1a938f40-91c9-4d80-b1f6-ea1c8ab13651-profile_image-150x150.jpg?imenable=1&impolicy=user-profile-picture&imwidth=100","54867","ShyverSnipes","3165","2085","6","1","1131","13","144","false","false","English","ShyverSnipes"
"https://static-cdn.jtvnw.net/jtv_user_pictures/5b703a64-8637-4983-a548-8fea7465ceac-profile_image-150x150.png?imenable=1&impolicy=user-profile-picture&imwidth=100","54868","ThatAmiko","150","60","4","2","1131","0","0","false","true","English","ThatAmiko"
"https://static-cdn.jtvnw.net/jtv_user_pictures/56e364bc-5dbf-4bc2-84ad-fbbb21c429ca-profile_image-150x150.png?imenable=1&impolicy=user-profile-picture&imwidth=100","54869","OnliacS","375","630","5","0","1131","-1","30","false","true","French","OnliacS"
"https://static-cdn.jtvnw.net/jtv_user_pictures/saucey_streams-profile_image-d3c97b4df856383e-150x150.jpeg?imenable=1&impolicy=user-profile-picture&imwidth=100","54870","saucey_streams","180","45","5","4","1131","0","0","false","false","","saucey_streams"
"https://static-cdn.jtvnw.net/jtv_user_pictures/7e52c540-0d50-4065-ac97-fcabd03b43a2-profile_image-150x150.png?imenable=1&impolicy=user-profile-picture&imwidth=100","54871","Reap","9600","4890","10","1","1131","31","29","false","true","English","Reap"
"https://static-cdn.jtvnw.net/jtv_user_pictures/14ef9d1a-6283-47d3-9209-8e9fe1de486c-profile_image-150x150.png?imenable=1&impolicy=user-profile-picture&imwidth=100","54872","Dudebroqt","2730","330","41","8","1131","-11","54","false","true","English","Dudebroqt"
"https://static-cdn.jtvnw.net/user-default-pictures-uv/cdd517fe-def4-11e9-948e-784f43822e80-profile_image-150x150.png?imenable=1&impolicy=user-profile-picture&imwidth=100","54873","justforest_","15","15","1","1","1130","0","0","false","false","English","justforest_"
"https://static-cdn.jtvnw.net/jtv_user_pictures/9b0e476b-83c9-43ba-8f06-8bcac2b7c624-profile_image-150x150.png?imenable=1&impolicy=user-profile-picture&imwidth=100","54874","GizmoShizmo","2160","1065","5","1","1130","8","49","false","false","English","GizmoShizmo"
"https://static-cdn.jtvnw.net/jtv_user_pictures/24ffc107-7b88-4e02-a243-a81a3ff82bbb-profile_image-150x150.png?imenable=1&impolicy=user-profile-picture&imwidth=100","54875","Extatique23","270","195","4","0","1130","3","7","false","true","English","Extatique23"
"https://static-cdn.jtvnw.net/jtv_user_pictures/551d58a9-a947-4072-9efe-d2c15323d450-profile_image-150x150.png?imenable=1&impolicy=user-profile-picture&imwidth=100","54876","IceColdWolf","60","60","1","1","1130","0","0","false","true","English","IceColdWolf"
"https://static-cdn.jtvnw.net/jtv_user_pictures/50af8f81-ebe3-408d-afbe-b968a7b7b94b-profile_image-150x150.png?imenable=1&impolicy=user-profile-picture&imwidth=100","54877","iA4tech","42270","1170","480","35","1130","11","177","false","false","Russian","iA4tech"
"https://static-cdn.jtvnw.net/jtv_user_pictures/turbogilman-profile_image-21bb0b210926c2e2-150x150.jpeg?imenable=1&impolicy=user-profile-picture&imwidth=100","54878","TurboGilman","8625","5490","10","1","1130","24","41","false","true","English","TurboGilman"
"https://static-cdn.jtvnw.net/jtv_user_pictures/b9b461a7-927b-40e4-b730-d4b2dd630fa5-profile_image-150x150.png?imenable=1&impolicy=user-profile-picture&imwidth=100","54879","ColonelTV","1260","780","4","1","1130","11","1","false","true","Dutch","ColonelTV"
"https://static-cdn.jtvnw.net/user-default-pictures-uv/ebe4cd89-b4f4-4cd9-adac-2f30151b4209-profile_image-150x150.png?imenable=1&impolicy=user-profile-picture&imwidth=100","54880","Sehyo","780","75","13","10","1130","0","0","false","false","English","Sehyo"
"https://static-cdn.jtvnw.net/jtv_user_pictures/1b580425-7b52-40e1-a510-7fa7bcaf2c1b-profile_image-150x150.png?imenable=1&impolicy=user-profile-picture&imwidth=100","54881","TheGothman","150","915","3","0","1130","0","10","false","true","English","TheGothman"
"https://static-cdn.jtvnw.net/jtv_user_pictures/hemmo3-profile_image-e9d0b268c8d66bf7-150x150.png?imenable=1&impolicy=user-profile-picture&imwidth=100","54882","hemmo3","525","150","6","3","1130","1","3","false","false","Finnish","hemmo3"
"https://static-cdn.jtvnw.net/jtv_user_pictures/jamjumba-profile_image-9259009f47e5964e-150x150.jpeg?imenable=1&impolicy=user-profile-picture&imwidth=100","54883","Jamjumba","13005","3240","28","3","1130","132","255","false","false","English","Jamjumba"
"https://static-cdn.jtvnw.net/jtv_user_pictures/57f11ef6-6d4a-47da-938e-8083cbcd28ea-profile_image-150x150.png?imenable=1&impolicy=user-profile-picture&imwidth=100","54884","Xfatzezo","150","150","7","1","1130","0","3","false","true","Arabic","Xfatzezo"
"https://static-cdn.jtvnw.net/jtv_user_pictures/killerjezza123-profile_image-ba41c5218ad3909b-150x150.png?imenable=1&impolicy=user-profile-picture&imwidth=100","54885","KillerJezza123","1560","2175","6","0","1130","-1256","34","false","true","English","KillerJezza123"
"https://static-cdn.jtvnw.net/jtv_user_pictures/jonitoto-profile_image-4090bac3ce0ad8a9-150x150.jpeg?imenable=1&impolicy=user-profile-picture&imwidth=100","54886","Jonitoto","6765","690","21","9","1130","-6","22","false","false","English","Jonitoto"
"https://static-cdn.jtvnw.net/jtv_user_pictures/gamingtrials-profile_image-608ce6be62f7b6a4-150x150.jpeg?imenable=1&impolicy=user-profile-picture&imwidth=100","54887","GamingTrials","720","315","5","1","1130","-6","31","false","false","English","GamingTrials"
"https://static-cdn.jtvnw.net/jtv_user_pictures/fba3217c-82c3-4cbf-8f34-98fa6f3a7eb5-profile_image-150x150.png?imenable=1&impolicy=user-profile-picture&imwidth=100","54888","J_Rod_Plays","825","270","8","2","1130","13","249","false","true","English","J_Rod_Plays"
"https://static-cdn.jtvnw.net/jtv_user_pictures/dany_the_dandy-profile_image-cd6a32d95800fa8b-150x150.png?imenable=1&impolicy=user-profile-picture&imwidth=100","54889","dany_the_dandy","990","210","9","4","1130","1","3","false","false","Japanese","dany_the_dandy"
"https://static-cdn.jtvnw.net/jtv_user_pictures/990c7ab3aa6278e5-profile_image-150x150.png?imenable=1&impolicy=user-profile-picture&imwidth=100","54890","Roredrae","10170","1440","13","6","1130","10","50","false","true","English","Roredrae"
"https://static-cdn.jtvnw.net/jtv_user_pictures/513f59ca-8acc-431f-b278-c8d976566dbc-profile_image-150x150.png?imenable=1&impolicy=user-profile-picture&imwidth=100","54891","Thiefzz","285","450","2","0","1130","-102","2","false","false","English","Thiefzz"
"https://static-cdn.jtvnw.net/jtv_user_pictures/fde18e6a-4a4d-4e09-a1f8-37c6343b3e90-profile_image-150x150.png?imenable=1&impolicy=user-profile-picture&imwidth=100","54892","wesgamesvx","15","15","1","1","1130","0","0","false","false","Dutch","wesgamesvx"
"https://static-cdn.jtvnw.net/jtv_user_pictures/beleskey-profile_image-2c85888218569135-150x150.jpeg?imenable=1&impolicy=user-profile-picture&imwidth=100","54893","Beleskey","0","15","0","0","1130","0","0","false","true","","Beleskey"
"https://static-cdn.jtvnw.net/jtv_user_pictures/mental_dan1995-profile_image-482fd8f4488e3577-150x150.jpeg?imenable=1&impolicy=user-profile-picture&imwidth=100","54894","Mental_dan1995","46440","2820","90","15","1130","1349","63","false","true","","Mental_dan1995"
"https://static-cdn.jtvnw.net/jtv_user_pictures/c9c77763-5064-497a-b1d6-e30d43752e3c-profile_image-150x150.jpg?imenable=1&impolicy=user-profile-picture&imwidth=100","54895","PaPaJ0Ke","32325","3840","21","7","1130","-77","68","false","true","English","PaPaJ0Ke"
"https://static-cdn.jtvnw.net/user-default-pictures-uv/13e5fa74-defa-11e9-809c-784f43822e80-profile_image-150x150.png?imenable=1&impolicy=user-profile-picture&imwidth=100","54896","ChasinReTrigs","26835","5820","112","4","1130","-76","177","false","true","English","ChasinReTrigs"
"https://static-cdn.jtvnw.net/jtv_user_pictures/tetsuo9999-profile_image-db4811dd2c4d1ced-150x150.jpeg?imenable=1&impolicy=user-profile-picture&imwidth=100","54897","Tetsuo9999","11715","3195","11","3","1130","7","157","false","false","English","Tetsuo9999"
"https://static-cdn.jtvnw.net/jtv_user_pictures/petitemermaid-profile_image-d5222f4c662ad8cd-150x150.jpeg?imenable=1&impolicy=user-profile-picture&imwidth=100","54898","Petitemermaid","21570","3255","20","6","1130","19","240","false","true","Spanish","Petitemermaid"
"https://static-cdn.jtvnw.net/jtv_user_pictures/codecow-profile_image-df7e36dd43d8fc27-150x150.jpeg?imenable=1&impolicy=user-profile-picture&imwidth=100","54899","codecow","780","255","8","2","1130","1","17","false","true","English","codecow"
"https://static-cdn.jtvnw.net/jtv_user_pictures/cecfdf1a-0890-4911-90aa-fcabb9fbd963-profile_image-150x150.png?imenable=1&impolicy=user-profile-picture&imwidth=100","54900","TakeNotes5o8","7230","4095","6","1","1130","-2","34","false","false","English","TakeNotes5o8"