"","","Channel","Watch time","Stream time","Peak viewers","Average viewers","Followers","Followers gained","Views gained","Partnered","Mature","Language",""
"https://static-cdn.jtvnw.net/jtv_user_pictures/willowsnow-profile_image-4ec819d1c4d39e0d-150x150.jpeg?imenable=1&impolicy=user-profile-picture&imwidth=100","66701","小小小小小小殺 (willowsnow)","4155","1620","8","1","833","3","63","false","false","Chinese","小小小小小小殺 (willowsnow)"
"https://static-cdn.jtvnw.net/jtv_user_pictures/f30dd8990ee19afb-profile_image-150x150.jpeg?imenable=1&impolicy=user-profile-picture&imwidth=100","66702","larrygtv","1005","420","10","2","833","7","3","false","false","English","larrygtv"
"https://static-cdn.jtvnw.net/jtv_user_pictures/759d8dd0-d02e-43a8-a50f-4c2370f110f7-profile_image-150x150.png?imenable=1&impolicy=user-profile-picture&imwidth=100","66703","LuckwurstJoe","255","315","2","0","833","0","1","false","true","German","LuckwurstJoe"
"https://static-cdn.jtvnw.net/jtv_user_pictures/72abf87a80306542-profile_image-150x150.png?imenable=1&impolicy=user-profile-picture&imwidth=100","66704","Cobra87HD","36120","13440","15","2","833","103","298","false","false","German","Cobra87HD"
"https://static-cdn.jtvnw.net/jtv_user_pictures/a6d10c85-332b-44d3-98c4-95eb1bcd02fa-profile_image-150x150.jpg?imenable=1&impolicy=user-profile-picture&imwidth=100","66705","elCHapux","240","180","4","0","833","2","15","false","true","Spanish","elCHapux"
"https://static-cdn.jtvnw.net/jtv_user_pictures/rostovchanin89-profile_image-0df9381bed6bef63-150x150.png?imenable=1&impolicy=user-profile-picture&imwidth=100","66706","Rostovchanin89","88680","8940","91","9","833","311","1190","false","false","Russian","Rostovchanin89"
"https://static-cdn.jtvnw.net/jtv_user_pictures/14c18b99-0e01-4cf6-af7f-6f7512169533-profile_image-150x150.png?imenable=1&impolicy=user-profile-picture&imwidth=100","66707","TFSGic","330","105","10","3","833","1","43","false","true","Turkish","TFSGic"
"https://static-cdn.jtvnw.net/jtv_user_pictures/d7e6b315-2bfa-40ef-8385-e55072514253-profile_image-150x150.jpg?imenable=1&impolicy=user-profile-picture&imwidth=100","66708","kyouikuteki","15600","555","43","27","833","4","288","false","false","Japanese","kyouikuteki"
"https://static-cdn.jtvnw.net/jtv_user_pictures/richmoney23-profile_image-04b7918f3ccc2c01-150x150.jpeg?imenable=1&impolicy=user-profile-picture&imwidth=100","66709","Richmoney23","615","195","8","3","833","3","19","false","false","English","Richmoney23"
"https://static-cdn.jtvnw.net/jtv_user_pictures/86f4ced3-9530-4f92-82f9-e99e7779c1a8-profile_image-150x150.png?imenable=1&impolicy=user-profile-picture&imwidth=100","66710","Parollax","51870","8670","22","5","833","67","289","false","false","English","Parollax"
"https://static-cdn.jtvnw.net/jtv_user_pictures/414b4702-dff9-4f6b-b132-9a2b6e242a57-profile_image-150x150.jpg?imenable=1&impolicy=user-profile-picture&imwidth=100","66711","HubbaBubbaTV","615","600","4","0","833","3","28","false","false","Russian","HubbaBubbaTV"
"https://static-cdn.jtvnw.net/jtv_user_pictures/8b2d8526-9a45-4dbf-bfd8-fabae0cfeefb-profile_image-150x150.png?imenable=1&impolicy=user-profile-picture&imwidth=100","66712","STEFRUDY","8040","1350","16","5","833","80","224","false","false","Russian","STEFRUDY"
"https://static-cdn.jtvnw.net/jtv_user_pictures/fc1a4caa-e8b0-435f-a064-bbbf1c6469f8-profile_image-150x150.png?imenable=1&impolicy=user-profile-picture&imwidth=100","66713","thegamergirl93","525","165","6","3","833","3","10","false","true","English","thegamergirl93"
"https://static-cdn.jtvnw.net/jtv_user_pictures/weedial-profile_image-dedba700d100784c-150x150.png?imenable=1&impolicy=user-profile-picture&imwidth=100","66714","Weedial","435","105","6","4","833","2","1","false","false","English","Weedial"
"https://static-cdn.jtvnw.net/jtv_user_pictures/2ce9883b-ce6a-4ab8-9dea-ad4b5cd29a85-profile_image-150x150.png?imenable=1&impolicy=user-profile-picture&imwidth=100","66715","ephnkarma","9630","2205","11","3","833","15","34","false","true","English","ephnkarma"
"https://static-cdn.jtvnw.net/jtv_user_pictures/0693d54a671ea2ca-profile_image-150x150.png?imenable=1&impolicy=user-profile-picture&imwidth=100","66716","LordFluffy","390","90","5","4","833","0","0","false","false","English","LordFluffy"
"https://static-cdn.jtvnw.net/jtv_user_pictures/e26c75bf-14c7-4238-9daf-bb6447716912-profile_image-150x150.png?imenable=1&impolicy=user-profile-picture&imwidth=100","66717","acid36","930","1035","5","0","833","-1","16","false","false","French","acid36"
"https://static-cdn.jtvnw.net/jtv_user_pictures/2bc18dd7a82e556f-profile_image-150x150.png?imenable=1&impolicy=user-profile-picture&imwidth=100","66718","deadIy_kitten","0","15","0","0","833","0","0","false","true","English","deadIy_kitten"
"https://static-cdn.jtvnw.net/jtv_user_pictures/ebe99638-d9a5-4386-82cd-6ef8d5c32b50-profile_image-150x150.png?imenable=1&impolicy=user-profile-picture&imwidth=100","66719","Raenrek","0","450","0","0","833","0","0","false","true","English","Raenrek"
"https://static-cdn.jtvnw.net/jtv_user_pictures/tomstoi-profile_image-131668bfe315386f-150x150.jpeg?imenable=1&impolicy=user-profile-picture&imwidth=100","66720","Tomstoi","13350","555","66","23","833","10","79","false","false","Finnish","Tomstoi"
"https://static-cdn.jtvnw.net/jtv_user_pictures/dab7ec7a-e372-41f3-ae23-95d3fcc706cd-profile_image-150x150.png?imenable=1&impolicy=user-profile-picture&imwidth=100","66721","UnsponsoredGamer","1770","300","10","5","833","23","31","false","false","English","UnsponsoredGamer"
"https://static-cdn.jtvnw.net/jtv_user_pictures/d2646a5e-148f-451a-97e6-2d8cc15655fe-profile_image-150x150.jpg?imenable=1&impolicy=user-profile-picture&imwidth=100","66722","FuelRampage","600","705","3","0","833","3","5","false","false","English","FuelRampage"
"https://static-cdn.jtvnw.net/jtv_user_pictures/teddyslayer916-profile_image-1f4f7bfd72175651-150x150.jpeg?imenable=1&impolicy=user-profile-picture&imwidth=100","66723","Teddyslayer916","30","15","2","2","833","0","0","false","false","English","Teddyslayer916"
"https://static-cdn.jtvnw.net/jtv_user_pictures/47a28747-305c-4a5e-b2d7-de9d058caec0-profile_image-150x150.png?imenable=1&impolicy=user-profile-picture&imwidth=100","66724","theflyingbrit","795","720","5","0","833","32","13","false","false","English","theflyingbrit"
"https://static-cdn.jtvnw.net/jtv_user_pictures/jessyx76-profile_image-b8237b3480f2f2a8-150x150.jpeg?imenable=1&impolicy=user-profile-picture&imwidth=100","66725","Jessyx76","165","120","2","1","833","0","2","false","false","French","Jessyx76"
"https://static-cdn.jtvnw.net/jtv_user_pictures/74bba098-3322-487f-891d-01da7d736100-profile_image-150x150.png?imenable=1&impolicy=user-profile-picture&imwidth=100","66726","SkillzLIVE","3375","480","12","6","833","6","5","false","false","English","SkillzLIVE"
"https://static-cdn.jtvnw.net/jtv_user_pictures/purpose2-profile_image-753aa5de4af2c152-150x150.jpeg?imenable=1&impolicy=user-profile-picture&imwidth=100","66727","Purpose2","60","30","2","2","833","0","0","true","true","English","Purpose2"
"https://static-cdn.jtvnw.net/jtv_user_pictures/knetterblits-profile_image-9caaf8d65544ffe2-150x150.jpeg?imenable=1&impolicy=user-profile-picture&imwidth=100","66728","knetterblits","4050","510","16","7","833","-209","25","false","false","Dutch","knetterblits"
"https://static-cdn.jtvnw.net/jtv_user_pictures/ategenos-profile_image-a4eedf5cdd5041cf-150x150.png?imenable=1&impolicy=user-profile-picture&imwidth=100","66729","Ategenos","5910","1635","15","3","833","14","30","false","false","English","Ategenos"
"https://static-cdn.jtvnw.net/jtv_user_pictures/cdc0690d-78d8-4f4a-9bbd-612fdc1e722e-profile_image-150x150.jpg?imenable=1&impolicy=user-profile-picture&imwidth=100","66730","DemSighs","2895","1635","6","1","833","-5271","27","false","true","English","DemSighs"
"https://static-cdn.jtvnw.net/jtv_user_pictures/firko_-profile_image-ccdbb1c882bdb367-150x150.jpeg?imenable=1&impolicy=user-profile-picture&imwidth=100","66731","Firko_","34260","5730","38","5","833","120","690","false","false","Russian","Firko_"
"https://static-cdn.jtvnw.net/jtv_user_pictures/9e651efb-1e06-4462-96a5-9e9d8399fc7a-profile_image-150x150.png?imenable=1&impolicy=user-profile-picture&imwidth=100","66732","shadyferoniatr","1680","135","17","12","832","8","159","false","false","Turkish","shadyferoniatr"
"https://static-cdn.jtvnw.net/user-default-pictures/27103734-3cda-44d6-a384-f2ab71e4bb85-profile_image-150x150.jpg?imenable=1&impolicy=user-profile-picture&imwidth=100","66733","AnimeSquadLive","15","15","1","1","832","0","0","false","false","English","AnimeSquadLive"
"https://static-cdn.jtvnw.net/jtv_user_pictures/756d48dc-b544-49d2-b82e-f78ffe24992a-profile_image-150x150.png?imenable=1&impolicy=user-profile-picture&imwidth=100","66734","n0skillTV","7365","1185","13","5","832","14","63","false","true","French","n0skillTV"
"https://static-cdn.jtvnw.net/jtv_user_pictures/cf9c9a54-dbcf-457b-8abc-30ce33a6fa26-profile_image-150x150.png?imenable=1&impolicy=user-profile-picture&imwidth=100","66735","TheSegovia","990","270","8","3","832","10","15","false","false","Italian","TheSegovia"
"https://static-cdn.jtvnw.net/jtv_user_pictures/8f167a96-27e5-4754-b359-9921931abdb9-profile_image-150x150.png?imenable=1&impolicy=user-profile-picture&imwidth=100","66736","masshistoriapodcast","0","90","0","0","832","0","16","false","true","English","masshistoriapodcast"
"https://static-cdn.jtvnw.net/jtv_user_pictures/05e3d46f-e7ec-4e34-8565-6e3f0f8f7496-profile_image-150x150.jpg?imenable=1&impolicy=user-profile-picture&imwidth=100","66737","ayeemikequestv","90","210","2","0","832","2","18","false","true","English","ayeemikequestv"
"https://static-cdn.jtvnw.net/jtv_user_pictures/559e12de-ac90-46dd-abbe-7787888238d0-profile_image-150x150.png?imenable=1&impolicy=user-profile-picture&imwidth=100","66738","EGV999","330","330","5","0","832","3","22","false","false","Spanish","EGV999"
"https://static-cdn.jtvnw.net/jtv_user_pictures/c4baf9c4-8c27-4afa-a81a-0370efdd583e-profile_image-150x150.png?imenable=1&impolicy=user-profile-picture&imwidth=100","66739","tabl3s","1440","1695","3","0","832","4","4","false","true","English","tabl3s"
"https://static-cdn.jtvnw.net/jtv_user_pictures/8751a52c-49e3-4ca5-9b55-ed0babcfc0fa-profile_image-150x150.png?imenable=1&impolicy=user-profile-picture&imwidth=100","66740","kirious","0","15","0","0","832","0","0","false","false","English","kirious"
"https://static-cdn.jtvnw.net/jtv_user_pictures/swedishbaver-profile_image-df4223678a3556c7-150x150.jpeg?imenable=1&impolicy=user-profile-picture&imwidth=100","66741","Swedishbaver","285","90","8","2","832","4","7","false","false","Swedish","Swedishbaver"
"https://static-cdn.jtvnw.net/jtv_user_pictures/858ca4c0-e065-42ad-aceb-27ea7a874420-profile_image-150x150.png?imenable=1&impolicy=user-profile-picture&imwidth=100","66742","Sm0karen","291600","20925","78","13","832","145","2696","false","true","English","Sm0karen"
"https://static-cdn.jtvnw.net/jtv_user_pictures/b436ba25f1ead1ba-profile_image-150x150.jpeg?imenable=1&impolicy=user-profile-picture&imwidth=100","66743","Ad0may","12675","765","69","16","832","74","680","false","false","Russian","Ad0may"
"https://static-cdn.jtvnw.net/jtv_user_pictures/806b750e-a4c7-44f7-b6a9-796b53f74630-profile_image-150x150.jpg?imenable=1&impolicy=user-profile-picture&imwidth=100","66744","BalkanDotaTV","20610","945","121","21","832","128","1149","true","false","English","BalkanDotaTV"
"https://static-cdn.jtvnw.net/jtv_user_pictures/doctorwigglez-profile_image-ade3cb61eed1760f-150x150.jpeg?imenable=1&impolicy=user-profile-picture&imwidth=100","66745","DoctorWigglez","885","180","9","4","832","5","6","false","false","English","DoctorWigglez"
"https://static-cdn.jtvnw.net/jtv_user_pictures/110d9fc8-3d10-4dbe-8bcf-129fbaf325e5-profile_image-150x150.png?imenable=1&impolicy=user-profile-picture&imwidth=100","66746","reybernd","1260","1005","7","0","832","8","64","false","true","German","reybernd"
"https://static-cdn.jtvnw.net/jtv_user_pictures/eb040b00-6d6a-4713-a76f-19e3bb6a211f-profile_image-150x150.png?imenable=1&impolicy=user-profile-picture&imwidth=100","66747","dankflip","765","945","4","0","832","-48","48","false","true","English","dankflip"
"https://static-cdn.jtvnw.net/jtv_user_pictures/347942fb-777f-45df-88cb-9b9578af01c9-profile_image-150x150.jpg?imenable=1&impolicy=user-profile-picture&imwidth=100","66748","PooPooNikki","63810","10245","25","5","832","197","141","false","true","English","PooPooNikki"
"https://static-cdn.jtvnw.net/jtv_user_pictures/eternal_ashes-profile_image-3570930bd04ed659-150x150.jpeg?imenable=1&impolicy=user-profile-picture&imwidth=100","66749","Eternal_Ashes","30915","2865","20","10","832","22","107","false","true","English","Eternal_Ashes"
"https://static-cdn.jtvnw.net/jtv_user_pictures/2f6200fd-361d-4a68-a360-f5931bee29f7-profile_image-150x150.png?imenable=1&impolicy=user-profile-picture&imwidth=100","66750","Blazzinaj","15","15","1","1","832","0","0","false","true","English","Blazzinaj"
"https://static-cdn.jtvnw.net/jtv_user_pictures/3922d8dd-a3e3-4abb-a4d1-bfb49debc664-profile_image-150x150.png?imenable=1&impolicy=user-profile-picture&imwidth=100","66751","SharpzTV_","2370","420","19","5","832","25","13","false","true","English","SharpzTV_"
"https://static-cdn.jtvnw.net/jtv_user_pictures/1a0a1df7-ac42-407f-9f78-1db20076c951-profile_image-150x150.png?imenable=1&impolicy=user-profile-picture&imwidth=100","66752","FelicityC","930","150","12","6","832","3","43","false","true","English","FelicityC"
"https://static-cdn.jtvnw.net/jtv_user_pictures/a1225c4a-9524-464c-8e11-40924e1f158a-profile_image-150x150.png?imenable=1&impolicy=user-profile-picture&imwidth=100","66753","N_guns","11250","1815","25","5","832","29","187","false","false","Portuguese","N_guns"
"https://static-cdn.jtvnw.net/jtv_user_pictures/bd409ec0-3706-4af0-99ff-d5e4dab99169-profile_image-150x150.png?imenable=1&impolicy=user-profile-picture&imwidth=100","66754","SMITTY2020","60","30","2","2","832","0","0","false","true","English","SMITTY2020"
"https://static-cdn.jtvnw.net/jtv_user_pictures/a4b0e7b2-1195-45b2-83cb-dae110ba5be8-profile_image-150x150.png?imenable=1&impolicy=user-profile-picture&imwidth=100","66755","EremesNG","10965","2010","11","5","832","11","238","false","true","Spanish","EremesNG"
"https://static-cdn.jtvnw.net/jtv_user_pictures/51594cd2-1735-4bdc-96f0-79c27187f970-profile_image-150x150.png?imenable=1&impolicy=user-profile-picture&imwidth=100","66756","chrnothesinner","480","405","4","0","832","3","114","false","false","English","chrnothesinner"
"https://static-cdn.jtvnw.net/jtv_user_pictures/us_iron_tanker-profile_image-fdd539e0f2f40abf-150x150.png?imenable=1&impolicy=user-profile-picture&imwidth=100","66757","US_Iron_Tanker","120","60","4","2","832","0","-1","false","false","English","US_Iron_Tanker"
"https://static-cdn.jtvnw.net/jtv_user_pictures/huckletsplay-profile_image-c01755e5783df8de-150x150.jpeg?imenable=1&impolicy=user-profile-picture&imwidth=100","66758","HuckLetsPlay","9105","1035","19","8","832","50","237","false","false","English","HuckLetsPlay"
"https://static-cdn.jtvnw.net/jtv_user_pictures/c52d8599-6a71-4a98-8fa8-d62f016f9d61-profile_image-150x150.png?imenable=1&impolicy=user-profile-picture&imwidth=100","66759","ゆうにい (yuunii0)","30240","6420","38","4","832","16","934","false","false","Japanese","ゆうにい (yuunii0)"
"https://static-cdn.jtvnw.net/jtv_user_pictures/7f2ce942-768e-4b9f-baf7-b615fca0d958-profile_image-150x150.jpg?imenable=1&impolicy=user-profile-picture&imwidth=100","66760","partys","210","270","4","0","832","6","3","false","true","English","partys"
"https://static-cdn.jtvnw.net/jtv_user_pictures/taigaur-profile_image-f80f6a7856732f32-150x150.jpeg?imenable=1&impolicy=user-profile-picture&imwidth=100","66761","TaigaUR","40245","1575","63","25","832","90","682","false","false","German","TaigaUR"
"https://static-cdn.jtvnw.net/jtv_user_pictures/35cfda61-90a9-4d68-ae32-ea9d2412eb71-profile_image-150x150.png?imenable=1&impolicy=user-profile-picture&imwidth=100","66762","OllieNK","68295","7995","25","7","832","56","522","false","false","English","OllieNK"
"https://static-cdn.jtvnw.net/jtv_user_pictures/honeymansweet-profile_image-1b59d1036cdd73a9-150x150.png?imenable=1&impolicy=user-profile-picture&imwidth=100","66763","honeymansweet","4935","600","17","8","832","12","16","false","true","English","honeymansweet"
"https://static-cdn.jtvnw.net/jtv_user_pictures/dencker123-profile_image-e4a9f314524cc200-150x150.jpeg?imenable=1&impolicy=user-profile-picture&imwidth=100","66764","Dencker123","120","105","4","1","832","0","0","false","false","Danish","Dencker123"
"https://static-cdn.jtvnw.net/jtv_user_pictures/6a62af0b-c727-4680-b096-ba94817a1dca-profile_image-150x150.png?imenable=1&impolicy=user-profile-picture&imwidth=100","66765","zzeQs","645","510","3","0","832","4","23","false","false","Finnish","zzeQs"
"https://static-cdn.jtvnw.net/jtv_user_pictures/4f2514a71eba1fbb-profile_image-150x150.jpeg?imenable=1&impolicy=user-profile-picture&imwidth=100","66766","t4nkyy","1560","120","18","12","832","4","15","false","false","Polish","t4nkyy"
"https://static-cdn.jtvnw.net/jtv_user_pictures/niveaxstreamt-profile_image-137f2b1047c4620c-150x150.jpeg?imenable=1&impolicy=user-profile-picture&imwidth=100","66767","NiveaxStreamt","3015","300","18","9","832","42","223","false","false","German","NiveaxStreamt"
"https://static-cdn.jtvnw.net/jtv_user_pictures/flameberger-profile_image-b4d8420cd18347ef-150x150.png?imenable=1&impolicy=user-profile-picture&imwidth=100","66768","Flameberger","6870","1140","19","5","832","4","71","false","false","English","Flameberger"
"https://static-cdn.jtvnw.net/jtv_user_pictures/ff7b6604-b729-4d5e-a655-82938cb54041-profile_image-150x150.png?imenable=1&impolicy=user-profile-picture&imwidth=100","66769","TastingKitty","6090","885","19","6","832","16","27","false","true","English","TastingKitty"
"https://static-cdn.jtvnw.net/jtv_user_pictures/f2af5704-7c6e-4cdc-9107-4da803bca97c-profile_image-150x150.png?imenable=1&impolicy=user-profile-picture&imwidth=100","66770","masterpadre","9285","2910","8","2","832","13","68","false","false","English","masterpadre"
"https://static-cdn.jtvnw.net/jtv_user_pictures/044d4819-8d98-4aca-b34d-32471e15a3b7-profile_image-150x150.png?imenable=1&impolicy=user-profile-picture&imwidth=100","66771","TheChambers","6510","915","14","6","832","12","67","false","false","English","TheChambers"
"https://static-cdn.jtvnw.net/jtv_user_pictures/windcat-profile_image-17bd2130d25f5073-150x150.png?imenable=1&impolicy=user-profile-picture&imwidth=100","66772","喵耳女僕 (windcat)","61095","7440","22","7","832","6","618","false","true","Chinese","喵耳女僕 (windcat)"
"https://static-cdn.jtvnw.net/jtv_user_pictures/xdopeboysx-profile_image-3f34be294375099f-150x150.jpeg?imenable=1&impolicy=user-profile-picture&imwidth=100","66773","xdopeboysx","60","90","1","0","832","0","3","false","true","English","xdopeboysx"
"https://static-cdn.jtvnw.net/jtv_user_pictures/cee9bb4d-83f1-42be-ac17-b3001179e53d-profile_image-150x150.png?imenable=1&impolicy=user-profile-picture&imwidth=100","66774","KnightDemons","18180","2865","38","5","832","27","98","false","true","English","KnightDemons"
"https://static-cdn.jtvnw.net/jtv_user_pictures/f614b624-455d-4beb-8872-16d428c6b32a-profile_image-150x150.jpg?imenable=1&impolicy=user-profile-picture&imwidth=100","66775","LaSweety","1755","405","9","3","832","4","14","false","false","English","LaSweety"
"https://static-cdn.jtvnw.net/jtv_user_pictures/dfad0b4405a38b20-profile_image-150x150.png?imenable=1&impolicy=user-profile-picture&imwidth=100","66776","Beefington_Maxwell","44070","5850","22","7","832","34","149","false","true","English","Beefington_Maxwell"
"https://static-cdn.jtvnw.net/jtv_user_pictures/dargok-profile_image-ca474efdf620c708-150x150.jpeg?imenable=1&impolicy=user-profile-picture&imwidth=100","66777","Dargok","29970","6300","11","4","832","11","153","false","true","English","Dargok"
"https://static-cdn.jtvnw.net/jtv_user_pictures/8a8bd4e4-240e-4a33-8fc1-e514f5a6a777-profile_image-150x150.png?imenable=1&impolicy=user-profile-picture&imwidth=100","66778","狂人阿姐 (bnm200335)","12645","5535","9","1","832","30","383","false","true","Chinese","狂人阿姐 (bnm200335)"
"https://static-cdn.jtvnw.net/jtv_user_pictures/mrperfect077-profile_image-7af48d832305b54c-150x150.jpeg?imenable=1&impolicy=user-profile-picture&imwidth=100","66779","Mrperfect077","165","375","1","0","831","0","3","false","false","Spanish","Mrperfect077"
"https://static-cdn.jtvnw.net/jtv_user_pictures/c1445ae3-4087-4d50-b52d-e566985cf457-profile_image-150x150.png?imenable=1&impolicy=user-profile-picture&imwidth=100","66780","Deepade","62670","3750","61","16","831","99","631","false","true","English","Deepade"
"https://static-cdn.jtvnw.net/jtv_user_pictures/eeeeeli-profile_image-ca56a58012d5e0d1-150x150.jpeg?imenable=1&impolicy=user-profile-picture&imwidth=100","66781","eeeeeli","105","30","4","3","831","0","0","false","false","English","eeeeeli"
"https://static-cdn.jtvnw.net/jtv_user_pictures/31a67c67-1841-49cd-8a9e-4db8fc7f1957-profile_image-150x150.png?imenable=1&impolicy=user-profile-picture&imwidth=100","66782","dybrtv","870","810","4","0","831","3","0","false","false","German","dybrtv"
"https://static-cdn.jtvnw.net/jtv_user_pictures/mrmellow12-profile_image-c93ad389f499b9cd-150x150.jpeg?imenable=1&impolicy=user-profile-picture&imwidth=100","66783","mrmellow12","43950","10425","67","3","831","90","81","false","true","English","mrmellow12"
"https://static-cdn.jtvnw.net/jtv_user_pictures/thewinterowl-profile_image-6073f1f88df35e8d-150x150.jpeg?imenable=1&impolicy=user-profile-picture&imwidth=100","66784","TheWinterOwl","74655","4560","48","15","831","102","479","false","false","English","TheWinterOwl"
"https://static-cdn.jtvnw.net/jtv_user_pictures/d90b891a-1f16-4a26-97d9-ae4ff6267523-profile_image-150x150.png?imenable=1&impolicy=user-profile-picture&imwidth=100","66785","MuzzGamingz","30","450","1","0","831","0","0","false","true","Danish","MuzzGamingz"
"https://static-cdn.jtvnw.net/jtv_user_pictures/f990f0a5-d3c3-45f6-a6e5-83d246b39ec9-profile_image-150x150.png?imenable=1&impolicy=user-profile-picture&imwidth=100","66786","riicetv","1005","315","9","2","831","6","30","false","false","German","riicetv"
"https://static-cdn.jtvnw.net/jtv_user_pictures/e4d383b3-0796-4ff2-a115-fe6698632985-profile_image-150x150.png?imenable=1&impolicy=user-profile-picture&imwidth=100","66787","IL_LABIRINTO","2940","315","23","8","831","16","353","false","false","Italian","IL_LABIRINTO"
"https://static-cdn.jtvnw.net/jtv_user_pictures/any2aces-profile_image-36df59783f1fee9c-150x150.png?imenable=1&impolicy=user-profile-picture&imwidth=100","66788","Any2Aces","60","30","2","2","831","0","-1","false","true","German","Any2Aces"
"https://static-cdn.jtvnw.net/jtv_user_pictures/07ff6dd7-2062-45a2-bff5-a45030cc2b29-profile_image-150x150.png?imenable=1&impolicy=user-profile-picture&imwidth=100","66789","DubLMGaming","15","60","1","0","831","1","0","false","false","English","DubLMGaming"
"https://static-cdn.jtvnw.net/jtv_user_pictures/fa996d46-a10c-4a78-ba8a-4788da3a9de7-profile_image-150x150.jpg?imenable=1&impolicy=user-profile-picture&imwidth=100","66790","Kaotik_Hell","915","405","5","2","831","-16","13","false","true","English","Kaotik_Hell"
"https://static-cdn.jtvnw.net/jtv_user_pictures/f84ada90-5333-47ed-8b19-4800ce6c64c4-profile_image-150x150.jpg?imenable=1&impolicy=user-profile-picture&imwidth=100","66791","Sethsquatch710","10815","6600","9","1","831","23","86","false","false","English","Sethsquatch710"
"https://static-cdn.jtvnw.net/jtv_user_pictures/35efc5f6-144f-4e4d-9244-f5ac93acca36-profile_image-150x150.png?imenable=1&impolicy=user-profile-picture&imwidth=100","66792","DrallumGCgd","6555","1005","14","6","831","70","62","false","false","English","DrallumGCgd"
"https://static-cdn.jtvnw.net/jtv_user_pictures/2e58b3c4-d126-441f-bc54-39f9745612d2-profile_image-150x150.png?imenable=1&impolicy=user-profile-picture&imwidth=100","66793","thisguylol","4350","885","11","4","831","11","18","false","false","Swedish","thisguylol"
"https://static-cdn.jtvnw.net/jtv_user_pictures/5361315e-608e-4397-ba0f-c22bd6090cb0-profile_image-150x150.png?imenable=1&impolicy=user-profile-picture&imwidth=100","66794","Masamaki","6165","3555","5","1","831","-2","26","false","true","English","Masamaki"
"https://static-cdn.jtvnw.net/jtv_user_pictures/0662edf4-6ff6-484c-a186-f97c02279d6c-profile_image-150x150.png?imenable=1&impolicy=user-profile-picture&imwidth=100","66795","silvaffb","3585","210","27","16","831","28","86","false","false","German","silvaffb"
"https://static-cdn.jtvnw.net/jtv_user_pictures/a9a5150c-57c8-4d8f-8118-7526e0bc262b-profile_image-150x150.png?imenable=1&impolicy=user-profile-picture&imwidth=100","66796","Coltonpro96","60","765","1","0","831","1","0","false","false","English","Coltonpro96"
"https://static-cdn.jtvnw.net/jtv_user_pictures/sikkwidit-profile_image-1029d83676c9da53-150x150.jpeg?imenable=1&impolicy=user-profile-picture&imwidth=100","66797","Sikkwidit","180","90","3","2","831","0","0","false","true","English","Sikkwidit"
"https://static-cdn.jtvnw.net/jtv_user_pictures/0ce0a02a-5c1f-4a9a-9222-173e9f2e2413-profile_image-150x150.png?imenable=1&impolicy=user-profile-picture&imwidth=100","66798","PapyRoulio","7275","2805","8","2","831","12","245","false","true","French","PapyRoulio"
"https://static-cdn.jtvnw.net/jtv_user_pictures/captainbalek-profile_image-b68d50be104b2eae-150x150.jpeg?imenable=1&impolicy=user-profile-picture&imwidth=100","66799","Captainbalek","60","30","3","2","831","0","0","false","false","French","Captainbalek"
"https://static-cdn.jtvnw.net/jtv_user_pictures/nrvxenon-profile_image-e3b7c9705c2cf1b0-150x150.jpeg?imenable=1&impolicy=user-profile-picture&imwidth=100","66800","NrVXeNoN","240","60","8","4","831","0","-3","false","false","French","NrVXeNoN"