"","","Channel","Watch time","Stream time","Peak viewers","Average viewers","Followers","Followers gained","Views gained","Partnered","Mature","Language",""
"https://static-cdn.jtvnw.net/jtv_user_pictures/mojmoj-profile_image-e182d9e592a3247f-150x150.jpeg?imenable=1&impolicy=user-profile-picture&imwidth=100","59901","MojMoj","240","195","3","1","1000","0","4","false","false","Swedish","MojMoj"
"https://static-cdn.jtvnw.net/jtv_user_pictures/4b21b8c6-0eb1-470d-a410-ed1bc783b063-profile_image-150x150.png?imenable=1&impolicy=user-profile-picture&imwidth=100","59902","SteveLeMoe","1785","1590","3","0","1000","1","7","false","false","English","SteveLeMoe"
"https://static-cdn.jtvnw.net/jtv_user_pictures/1235fb0b-8242-462a-abf9-80dd39f0e6ce-profile_image-150x150.png?imenable=1&impolicy=user-profile-picture&imwidth=100","59903","DevilMacQuin","2655","885","7","2","1000","20","36","false","true","Norwegian","DevilMacQuin"
"https://static-cdn.jtvnw.net/jtv_user_pictures/77806e8f-7e5d-43f5-97ba-4b762ef7c205-profile_image-150x150.png?imenable=1&impolicy=user-profile-picture&imwidth=100","59904","Saritacod","6345","3120","11","1","1000","48","107","false","false","Spanish","Saritacod"
"https://static-cdn.jtvnw.net/jtv_user_pictures/dc69b041-f059-4d0c-bf2d-f0db58671e26-profile_image-150x150.png?imenable=1&impolicy=user-profile-picture&imwidth=100","59905","TheSneakyTr0ll","30","15","2","2","1000","0","0","false","true","English","TheSneakyTr0ll"
"https://static-cdn.jtvnw.net/jtv_user_pictures/6e0c2aef-bfd7-4c79-aa91-44f6f4001a2e-profile_image-150x150.jpg?imenable=1&impolicy=user-profile-picture&imwidth=100","59906","Moshcrates","735","540","3","1","1000","0","9","false","true","English","Moshcrates"
"https://static-cdn.jtvnw.net/jtv_user_pictures/burningbow44-profile_image-d25ad55f6f8e3d4f-150x150.jpeg?imenable=1&impolicy=user-profile-picture&imwidth=100","59907","burningbow44","80355","10920","212","6","1000","208","520","false","true","English","burningbow44"
"https://static-cdn.jtvnw.net/jtv_user_pictures/51bbb3f2-8e37-4468-973d-7723590751fc-profile_image-150x150.png?imenable=1&impolicy=user-profile-picture&imwidth=100","59908","MrLoutre_osu","180","240","5","0","1000","3","1","false","false","French","MrLoutre_osu"
"https://static-cdn.jtvnw.net/jtv_user_pictures/9a247a39-cc7b-4c37-a2be-a75e07697a29-profile_image-150x150.png?imenable=1&impolicy=user-profile-picture&imwidth=100","59909","MartyyVengeance","4815","1200","13","3","1000","18","188","false","true","French","MartyyVengeance"
"https://static-cdn.jtvnw.net/jtv_user_pictures/40550139-877b-4a46-aa74-369fc33e8568-profile_image-150x150.png?imenable=1&impolicy=user-profile-picture&imwidth=100","59910","銀牙 (madnesssilver)","15","15","1","1","1000","0","0","false","true","Chinese (Hong Kong SAR)","銀牙 (madnesssilver)"
"https://static-cdn.jtvnw.net/jtv_user_pictures/v_shoots_mans-profile_image-acd8daedfeb26e34-150x150.jpeg?imenable=1&impolicy=user-profile-picture&imwidth=100","59911","V_shoots_mans","214260","4590","86","46","1000","81","2360","false","true","English","V_shoots_mans"
"https://static-cdn.jtvnw.net/jtv_user_pictures/658965db-136e-4039-be5c-916c600fccf8-profile_image-150x150.jpg?imenable=1&impolicy=user-profile-picture&imwidth=100","59912","Benteezy","165","180","2","0","1000","0","0","false","true","English","Benteezy"
"https://static-cdn.jtvnw.net/jtv_user_pictures/pc110039-profile_image-a0e19350c93e7b8c-150x150.jpeg?imenable=1&impolicy=user-profile-picture&imwidth=100","59913","pc110039","9075","1020","33","8","1000","6","211","false","false","","pc110039"
"https://static-cdn.jtvnw.net/ttv-boxart/404_boxart.png?imenable=1&impolicy=user-profile-picture&imwidth=100","59914","Mateurik","5010","1695","10","2","1000","27","365","false","false","","Mateurik"
"https://static-cdn.jtvnw.net/jtv_user_pictures/2e129997-a0b2-4bd5-84fa-9963f104e40b-profile_image-150x150.png?imenable=1&impolicy=user-profile-picture&imwidth=100","59915","Nagatacs","20895","6450","22","2","1000","79","610","false","true","Portuguese","Nagatacs"
"https://static-cdn.jtvnw.net/jtv_user_pictures/4a03195b-d323-4aba-a54d-ed054386aede-profile_image-150x150.png?imenable=1&impolicy=user-profile-picture&imwidth=100","59916","AlietteFaye","21900","7770","9","2","1000","-273","148","false","false","English","AlietteFaye"
"https://static-cdn.jtvnw.net/jtv_user_pictures/mr_rubin-profile_image-34db735708c477e7-150x150.jpeg?imenable=1&impolicy=user-profile-picture&imwidth=100","59917","Mr_Rubin","1350","255","9","4","1000","0","27","false","false","English","Mr_Rubin"
"https://static-cdn.jtvnw.net/jtv_user_pictures/a8932b73-7d7c-4f3d-97b4-89055f846f3b-profile_image-150x150.png?imenable=1&impolicy=user-profile-picture&imwidth=100","59918","Quiteness","23340","5670","35","3","1000","38","403","false","false","Russian","Quiteness"
"https://static-cdn.jtvnw.net/jtv_user_pictures/ikitnerf-profile_image-930bc396e66051a3-150x150.jpeg?imenable=1&impolicy=user-profile-picture&imwidth=100","59919","ikitnerf","11655","1455","62","7","1000","59","255","false","false","Spanish","ikitnerf"
"https://static-cdn.jtvnw.net/jtv_user_pictures/b68b44c9-d9e8-4411-b579-5b5b1969a9aa-profile_image-150x150.png?imenable=1&impolicy=user-profile-picture&imwidth=100","59920","xms_texas_713x","540","150","9","3","1000","-1","1","false","true","English","xms_texas_713x"
"https://static-cdn.jtvnw.net/jtv_user_pictures/e4d772b59869c512-profile_image-150x150.png?imenable=1&impolicy=user-profile-picture&imwidth=100","59921","AwfulLuz","51120","4065","87","12","1000","56","837","false","true","English","AwfulLuz"
"https://static-cdn.jtvnw.net/jtv_user_pictures/procool84-profile_image-efba6e061be611ad-150x150.jpeg?imenable=1&impolicy=user-profile-picture&imwidth=100","59922","ProCool84","0","75","1","0","1000","0","0","false","true","German","ProCool84"
"https://static-cdn.jtvnw.net/jtv_user_pictures/wlkns11-profile_image-b0006c723e5e302e-150x150.jpeg?imenable=1&impolicy=user-profile-picture&imwidth=100","59923","wlkns11","27615","2865","24","9","1000","74","232","false","true","English","wlkns11"
"https://static-cdn.jtvnw.net/jtv_user_pictures/7769a13c-a9e7-430e-a686-58521a4bae17-profile_image-150x150.jpg?imenable=1&impolicy=user-profile-picture&imwidth=100","59924","willystrikeqc","4995","1980","14","2","1000","30","133","false","true","French","willystrikeqc"
"https://static-cdn.jtvnw.net/jtv_user_pictures/586639e2d410e980-profile_image-150x150.jpeg?imenable=1&impolicy=user-profile-picture&imwidth=100","59925","crayshii","2775","240","19","11","1000","3","78","false","false","French","crayshii"
"https://static-cdn.jtvnw.net/jtv_user_pictures/nyc4andy-profile_image-b912f95f4e6b1547-150x150.jpeg?imenable=1&impolicy=user-profile-picture&imwidth=100","59926","Nyc4andy","3795","1875","9","1","1000","0","33","false","true","English","Nyc4andy"
"https://static-cdn.jtvnw.net/jtv_user_pictures/fc3f5d5b-3d1e-4c28-bf24-3ba25e031457-profile_image-150x150.png?imenable=1&impolicy=user-profile-picture&imwidth=100","59927","Trippenstein","20370","4065","15","4","1000","31","150","false","true","English","Trippenstein"
"https://static-cdn.jtvnw.net/jtv_user_pictures/465880e4-8d5f-4cf9-9a9c-0369167753da-profile_image-150x150.png?imenable=1&impolicy=user-profile-picture&imwidth=100","59928","Darkscorch2","0","180","1","0","1000","1","1","false","true","English","Darkscorch2"
"https://static-cdn.jtvnw.net/jtv_user_pictures/kadetyshka-profile_image-dc8629ddbff5e38f-150x150.jpeg?imenable=1&impolicy=user-profile-picture&imwidth=100","59929","kadetyshka","15","90","1","0","999","0","1","false","false","Russian","kadetyshka"
"https://static-cdn.jtvnw.net/jtv_user_pictures/6fe62b79-122f-4e1a-abb4-cd2605f1cee8-profile_image-150x150.png?imenable=1&impolicy=user-profile-picture&imwidth=100","59930","Maggyy","2745","2085","3","1","999","5","23","false","false","English","Maggyy"
"https://static-cdn.jtvnw.net/jtv_user_pictures/just_tigers-profile_image-ecbab61db89a0a51-150x150.jpeg?imenable=1&impolicy=user-profile-picture&imwidth=100","59931","just_tigers","315","735","2","0","999","0","0","false","false","Dutch","just_tigers"
"https://static-cdn.jtvnw.net/jtv_user_pictures/7bd89eab-4451-46bf-89ad-09f4b0b0ac58-profile_image-150x150.png?imenable=1&impolicy=user-profile-picture&imwidth=100","59932","jonathanian","0","90","0","0","999","0","0","false","false","English","jonathanian"
"https://static-cdn.jtvnw.net/jtv_user_pictures/copkilla91-profile_image-287f3cb5100d8081-150x150.jpeg?imenable=1&impolicy=user-profile-picture&imwidth=100","59933","copkilla91","12090","8325","15","1","999","35","37","false","false","German","copkilla91"
"https://static-cdn.jtvnw.net/jtv_user_pictures/sniper_skillz115-profile_image-c3ff1ad054cb9791-150x150.jpeg?imenable=1&impolicy=user-profile-picture&imwidth=100","59934","Sniper_Skillz115","1335","1515","5","0","999","9","15","false","false","","Sniper_Skillz115"
"https://static-cdn.jtvnw.net/jtv_user_pictures/litstreams-profile_image-48c94ebe6cdbe4bf-150x150.png?imenable=1&impolicy=user-profile-picture&imwidth=100","59935","LITstreams","2055","450","9","4","999","-224","1","false","false","English","LITstreams"
"https://static-cdn.jtvnw.net/jtv_user_pictures/5489234f-5779-4fe5-9036-57ada7a87f41-profile_image-150x150.png?imenable=1&impolicy=user-profile-picture&imwidth=100","59936","CeeMac","15","15","1","1","999","0","0","false","true","English","CeeMac"
"https://static-cdn.jtvnw.net/jtv_user_pictures/luishd2001-profile_image-f2e3b36e92fb77aa-150x150.png?imenable=1&impolicy=user-profile-picture&imwidth=100","59937","LuisHD2001","1095","150","11","7","999","-6","17","false","false","","LuisHD2001"
"https://static-cdn.jtvnw.net/ttv-boxart/404_boxart.png?imenable=1&impolicy=user-profile-picture&imwidth=100","59938","BallSackMeat","25440","300","164","84","999","190","177","false","false","","BallSackMeat"
"https://static-cdn.jtvnw.net/jtv_user_pictures/d34f137c4b81d4b1-profile_image-150x150.jpeg?imenable=1&impolicy=user-profile-picture&imwidth=100","59939","Beamsy_","10500","4110","8","2","999","11","79","false","true","English","Beamsy_"
"https://static-cdn.jtvnw.net/jtv_user_pictures/nalxxik-profile_image-ba21120f1a04dc77-150x150.jpeg?imenable=1&impolicy=user-profile-picture&imwidth=100","59940","Nalxxik","20670","1875","29","10","999","258","739","false","false","Polish","Nalxxik"
"https://static-cdn.jtvnw.net/jtv_user_pictures/9f234c52-b95d-427b-bc6d-4f9628295a17-profile_image-150x150.png?imenable=1&impolicy=user-profile-picture&imwidth=100","59941","Harruko","330","285","4","1","999","1","15","false","false","German","Harruko"
"https://static-cdn.jtvnw.net/jtv_user_pictures/4ed447c4-40ca-43c8-a37d-622076989f3d-profile_image-150x150.png?imenable=1&impolicy=user-profile-picture&imwidth=100","59942","starmaniabj","1410","285","10","4","999","2","42","false","false","English","starmaniabj"
"https://static-cdn.jtvnw.net/jtv_user_pictures/liverammse-profile_image-bd56faf81daeb7ac-150x150.png?imenable=1&impolicy=user-profile-picture&imwidth=100","59943","LiveRammse","61515","2490","155","24","999","812","1171","false","false","","LiveRammse"
"https://static-cdn.jtvnw.net/jtv_user_pictures/c4cfa31a-0f6b-4a33-91cb-4e15abed82db-profile_image-150x150.png?imenable=1&impolicy=user-profile-picture&imwidth=100","59944","DerAltePate","585","720","4","0","999","6","68","false","true","German","DerAltePate"
"https://static-cdn.jtvnw.net/jtv_user_pictures/cadokun-profile_image-1b1b2d5e6ccb5688-150x150.jpeg?imenable=1&impolicy=user-profile-picture&imwidth=100","59945","Cadokun","525","225","4","2","999","1","4","false","true","English","Cadokun"
"https://static-cdn.jtvnw.net/jtv_user_pictures/rubsidik-profile_image-b5aae1b77b3a02c8-150x150.jpeg?imenable=1&impolicy=user-profile-picture&imwidth=100","59946","RUBSIDIK","195090","1230","309","158","999","264","1276","false","false","","RUBSIDIK"
"https://static-cdn.jtvnw.net/jtv_user_pictures/galsanov-profile_image-1e260d56c887b4f8-150x150.png?imenable=1&impolicy=user-profile-picture&imwidth=100","59947","GALSANOV","38655","3615","30","10","999","67","542","false","false","Russian","GALSANOV"
"https://static-cdn.jtvnw.net/jtv_user_pictures/943b686c-f918-434e-8936-d466bdf43a45-profile_image-150x150.png?imenable=1&impolicy=user-profile-picture&imwidth=100","59948","kendiee","15","180","1","0","999","1","1","false","true","English","kendiee"
"https://static-cdn.jtvnw.net/jtv_user_pictures/9747b7da-1a4c-489c-9495-ed8c8cfc98ef-profile_image-150x150.png?imenable=1&impolicy=user-profile-picture&imwidth=100","59949","Montellczok","12285","2280","15","5","999","188","703","false","false","Polish","Montellczok"
"https://static-cdn.jtvnw.net/jtv_user_pictures/20e341b6-e44b-4c56-a928-13aa348530dc-profile_image-150x150.png?imenable=1&impolicy=user-profile-picture&imwidth=100","59950","campbags","19695","3000","15","6","999","15","65","false","false","English","campbags"
"https://static-cdn.jtvnw.net/jtv_user_pictures/mrkrohn-profile_image-092c2833b84575a1-150x150.jpeg?imenable=1&impolicy=user-profile-picture&imwidth=100","59951","MrKrohn","705","75","15","9","999","0","0","false","false","Danish","MrKrohn"
"https://static-cdn.jtvnw.net/jtv_user_pictures/zatath-profile_image-e34c71ec77ee097d-150x150.jpeg?imenable=1&impolicy=user-profile-picture&imwidth=100","59952","Zatath","14160","3810","10","3","999","8","72","false","false","English","Zatath"
"https://static-cdn.jtvnw.net/jtv_user_pictures/883ffa43-f18d-4039-97d2-31bc5ea7c48e-profile_image-150x150.png?imenable=1&impolicy=user-profile-picture&imwidth=100","59953","swepsssss","2610","885","7","2","999","0","11","false","false","Bulgarian","swepsssss"
"https://static-cdn.jtvnw.net/jtv_user_pictures/bxbrotha718-profile_image-1cc8b160fd4d5faf-150x150.png?imenable=1&impolicy=user-profile-picture&imwidth=100","59954","bxbrotha718","1020","1245","5","0","999","2","13","false","false","English","bxbrotha718"
"https://static-cdn.jtvnw.net/jtv_user_pictures/critterscommunity-profile_image-9df4cf968b5fdd43-150x150.jpeg?imenable=1&impolicy=user-profile-picture&imwidth=100","59955","CrittersCommunity","37890","2730","28","13","999","53","568","false","true","English","CrittersCommunity"
"https://static-cdn.jtvnw.net/jtv_user_pictures/899dab37-b34a-42ef-8ee1-791e19b8edfd-profile_image-150x150.png?imenable=1&impolicy=user-profile-picture&imwidth=100","59956","SilentSniperTTV","4590","7020","5","0","999","5","2","false","true","English","SilentSniperTTV"
"https://static-cdn.jtvnw.net/jtv_user_pictures/euzealothockey-profile_image-1381ca8dcf04d0b5-150x150.png?imenable=1&impolicy=user-profile-picture&imwidth=100","59957","EUZealotHockey","37800","1305","51","28","999","11","619","false","false","English","EUZealotHockey"
"https://static-cdn.jtvnw.net/jtv_user_pictures/be8c904e-6dca-44c8-8342-d22105443b1d-profile_image-150x150.png?imenable=1&impolicy=user-profile-picture&imwidth=100","59958","Maddensplayers","210","315","2","0","999","4","6","false","true","English","Maddensplayers"
"https://static-cdn.jtvnw.net/jtv_user_pictures/comradecast-profile_image-422c5440e37e9e0b-150x150.png?imenable=1&impolicy=user-profile-picture&imwidth=100","59959","ComradeCast","32220","4455","16","6","999","51","83","false","true","","ComradeCast"
"https://static-cdn.jtvnw.net/jtv_user_pictures/bongwhisperer420-profile_image-4052b5769cbb3497-150x150.jpeg?imenable=1&impolicy=user-profile-picture&imwidth=100","59960","BONGWHISPERER420","37725","7035","13","4","999","-188","103","false","true","English","BONGWHISPERER420"
"https://static-cdn.jtvnw.net/jtv_user_pictures/d140bdbd-51ba-42fb-9515-47788245eda0-profile_image-150x150.png?imenable=1&impolicy=user-profile-picture&imwidth=100","59961","TheZanzibarMan","3540","1770","15","1","999","4","21","false","false","English","TheZanzibarMan"
"https://static-cdn.jtvnw.net/jtv_user_pictures/2ec5342647e537c9-profile_image-150x150.png?imenable=1&impolicy=user-profile-picture&imwidth=100","59962","Igzicorus","151635","6210","105","24","999","28","1229","false","false","English","Igzicorus"
"https://static-cdn.jtvnw.net/jtv_user_pictures/25d30b59-2942-46bb-91fb-8c18ee7ad675-profile_image-150x150.jpg?imenable=1&impolicy=user-profile-picture&imwidth=100","59963","TUHYY","4425","1695","13","2","998","32","130","false","false","Czech","TUHYY"
"https://static-cdn.jtvnw.net/jtv_user_pictures/drogegaming-profile_image-3d90e94044d6c73d-150x150.jpeg?imenable=1&impolicy=user-profile-picture&imwidth=100","59964","drogegaming","104505","1485","183","69","998","164","541","false","false","English","drogegaming"
"https://static-cdn.jtvnw.net/jtv_user_pictures/fawkes90-profile_image-7c3074bfdabe882d-150x150.jpeg?imenable=1&impolicy=user-profile-picture&imwidth=100","59965","Fawkes90","555","495","4","0","998","4","2","false","true","English","Fawkes90"
"https://static-cdn.jtvnw.net/jtv_user_pictures/ce9be622-0024-425d-a057-4604082361fa-profile_image-150x150.png?imenable=1&impolicy=user-profile-picture&imwidth=100","59966","LosGatosDeWilson","90","540","2","0","998","3","19","false","true","Spanish","LosGatosDeWilson"
"https://static-cdn.jtvnw.net/jtv_user_pictures/charles_salvatore-profile_image-384962b3a52a1600-150x150.jpeg?imenable=1&impolicy=user-profile-picture&imwidth=100","59967","Charles_Salvatore","11010","705","107","14","998","18","63","false","false","Dutch","Charles_Salvatore"
"https://static-cdn.jtvnw.net/jtv_user_pictures/nightman_1980-profile_image-a19bbdefd8acf06b-150x150.jpeg?imenable=1&impolicy=user-profile-picture&imwidth=100","59968","NIGHTMAN_1980","90","75","2","0","998","1","4","false","false","Turkish","NIGHTMAN_1980"
"https://static-cdn.jtvnw.net/jtv_user_pictures/8b5488b5-919a-4407-aa27-9cc9dd6b340e-profile_image-150x150.jpg?imenable=1&impolicy=user-profile-picture&imwidth=100","59969","BonhamBarrett","1950","525","18","3","998","22","129","false","false","English","BonhamBarrett"
"https://static-cdn.jtvnw.net/jtv_user_pictures/de7a0b4d69f0c142-profile_image-150x150.jpeg?imenable=1&impolicy=user-profile-picture&imwidth=100","59970","saveme","60","105","2","0","998","1","16","false","false","Russian","saveme"
"https://static-cdn.jtvnw.net/jtv_user_pictures/29438184-3714-49e2-bcc5-ba85d8035360-profile_image-150x150.png?imenable=1&impolicy=user-profile-picture&imwidth=100","59971","fadetoblk","2490","705","7","3","998","0","26","false","true","English","fadetoblk"
"https://static-cdn.jtvnw.net/jtv_user_pictures/dc890d1b-2fe4-4c18-a920-1ee10dc7d6f9-profile_image-150x150.png?imenable=1&impolicy=user-profile-picture&imwidth=100","59972","anti_establishment","3585","855","10","3","998","6","56","false","true","English","anti_establishment"
"https://static-cdn.jtvnw.net/jtv_user_pictures/d3451d38-1f81-4f0f-94ab-6c5018065f5c-profile_image-150x150.png?imenable=1&impolicy=user-profile-picture&imwidth=100","59973","DeltaJFord","14130","555","190","25","998","92","735","false","true","English","DeltaJFord"
"https://static-cdn.jtvnw.net/jtv_user_pictures/klazzik-profile_image-af79301dfec20941-150x150.png?imenable=1&impolicy=user-profile-picture&imwidth=100","59974","Klazzik","60","90","1","0","998","0","1","false","false","German","Klazzik"
"https://static-cdn.jtvnw.net/jtv_user_pictures/7e2fcf9f-1f8e-495a-8238-b3db41b4761c-profile_image-150x150.png?imenable=1&impolicy=user-profile-picture&imwidth=100","59975","rustykr","30","30","2","1","998","0","0","false","false","English","rustykr"
"https://static-cdn.jtvnw.net/jtv_user_pictures/85359b55-1bbc-4824-b663-5b9ae9aaaf49-profile_image-150x150.png?imenable=1&impolicy=user-profile-picture&imwidth=100","59976","p0gey","0","45","1","0","998","0","0","false","false","English","p0gey"
"https://static-cdn.jtvnw.net/jtv_user_pictures/7381c91d6e871cf2-profile_image-150x150.png?imenable=1&impolicy=user-profile-picture&imwidth=100","59977","Cassian_SW","195","420","2","0","998","0","31","false","false","Spanish","Cassian_SW"
"https://static-cdn.jtvnw.net/jtv_user_pictures/5dd55019-9fb1-44b1-abca-cf766bb10480-profile_image-150x150.png?imenable=1&impolicy=user-profile-picture&imwidth=100","59978","duperzo","7950","2550","11","2","998","4","47","false","true","English","duperzo"
"https://static-cdn.jtvnw.net/jtv_user_pictures/genkorr-profile_image-c499f6775b5cfe0c-150x150.jpeg?imenable=1&impolicy=user-profile-picture&imwidth=100","59979","Genkorr","3930","375","41","10","998","105","206","false","false","Russian","Genkorr"
"https://static-cdn.jtvnw.net/jtv_user_pictures/ee8244d1-76bb-49e8-966e-3edd2191875b-profile_image-150x150.png?imenable=1&impolicy=user-profile-picture&imwidth=100","59980","Rowdywhale","5055","720","12","6","998","3","25","false","true","English","Rowdywhale"
"https://static-cdn.jtvnw.net/jtv_user_pictures/03cc3af6-b26e-45cf-bb0b-25da400dfe57-profile_image-150x150.jpg?imenable=1&impolicy=user-profile-picture&imwidth=100","59981","Sorum253","1815","945","7","1","998","3","28","false","false","English","Sorum253"
"https://static-cdn.jtvnw.net/jtv_user_pictures/80a6d452-ea2b-4db7-a15b-7b8534d87bb5-profile_image-150x150.jpg?imenable=1&impolicy=user-profile-picture&imwidth=100","59982","xGloom709","1395","390","7","3","998","-1","20","false","false","English","xGloom709"
"https://static-cdn.jtvnw.net/jtv_user_pictures/70bb1a78-2712-4747-af58-7ffb6cb2266a-profile_image-150x150.png?imenable=1&impolicy=user-profile-picture&imwidth=100","59983","TheSchwonzi","15375","11625","9","0","998","19","279","false","true","German","TheSchwonzi"
"https://static-cdn.jtvnw.net/jtv_user_pictures/funkygaming-profile_image-0d9ef1e79de332ad-150x150.jpeg?imenable=1&impolicy=user-profile-picture&imwidth=100","59984","FunkyGaming","45","60","1","0","998","-1","1","false","false","English","FunkyGaming"
"https://static-cdn.jtvnw.net/jtv_user_pictures/echo207-profile_image-b746b14de7043ee3-150x150.jpeg?imenable=1&impolicy=user-profile-picture&imwidth=100","59985","ECHO207","30675","5115","15","5","998","22","169","false","true","English","ECHO207"
"https://static-cdn.jtvnw.net/jtv_user_pictures/f1f252d3-d4ae-4965-9a23-eeed5fd6756a-profile_image-150x150.png?imenable=1&impolicy=user-profile-picture&imwidth=100","59986","honestlyshawn","31095","2190","76","13","998","142","137","false","false","English","honestlyshawn"
"https://static-cdn.jtvnw.net/jtv_user_pictures/midgardgaming-profile_image-4f077586034e2f1b-150x150.png?imenable=1&impolicy=user-profile-picture&imwidth=100","59987","MidgardGaming","4290","1020","11","4","998","10","43","false","false","English","MidgardGaming"
"https://static-cdn.jtvnw.net/jtv_user_pictures/gamerxgeek-profile_image-e28cc8c7b54cd790-150x150.png?imenable=1&impolicy=user-profile-picture&imwidth=100","59988","GamerxGeek","4980","1710","9","2","998","8","93","false","false","English","GamerxGeek"
"https://static-cdn.jtvnw.net/jtv_user_pictures/9ebfb992-7318-4798-af1c-4f21b73ef08a-profile_image-150x150.png?imenable=1&impolicy=user-profile-picture&imwidth=100","59989","kidjao1","60","75","2","0","997","3","40","false","true","Portuguese","kidjao1"
"https://static-cdn.jtvnw.net/user-default-pictures/27103734-3cda-44d6-a384-f2ab71e4bb85-profile_image-150x150.jpg?imenable=1&impolicy=user-profile-picture&imwidth=100","59990","tsgthemovement","0","30","0","0","997","0","0","false","false","English","tsgthemovement"
"https://static-cdn.jtvnw.net/jtv_user_pictures/b29311ce8d3192c8-profile_image-150x150.jpeg?imenable=1&impolicy=user-profile-picture&imwidth=100","59991","Stelaris_","315","105","7","2","997","5","21","false","false","German","Stelaris_"
"https://static-cdn.jtvnw.net/jtv_user_pictures/598cc892-ae0c-4dfc-bc8c-2e77482bb0a2-profile_image-150x150.png?imenable=1&impolicy=user-profile-picture&imwidth=100","59992","HorusTV","735","375","5","1","997","3","47","false","false","English","HorusTV"
"https://static-cdn.jtvnw.net/jtv_user_pictures/88e12ab0-7e85-491e-8181-6e1e170b08d7-profile_image-150x150.png?imenable=1&impolicy=user-profile-picture&imwidth=100","59993","jumbozane","135","195","1","0","997","1","15","false","true","English","jumbozane"
"https://static-cdn.jtvnw.net/jtv_user_pictures/a1488a94-45d3-4e6f-be5b-33a44a1d7ea8-profile_image-150x150.png?imenable=1&impolicy=user-profile-picture&imwidth=100","59994","no_serious_gaming","20325","7200","11","2","997","82","385","false","false","French","no_serious_gaming"
"https://static-cdn.jtvnw.net/jtv_user_pictures/d10d20d8-8cd1-41e4-8982-bef995512b83-profile_image-150x150.png?imenable=1&impolicy=user-profile-picture&imwidth=100","59995","Beazoid","0","60","0","0","997","0","0","false","true","English","Beazoid"
"https://static-cdn.jtvnw.net/jtv_user_pictures/18236753-86c4-4e9c-aaf8-9e075d3f4e54-profile_image-150x150.jpeg?imenable=1&impolicy=user-profile-picture&imwidth=100","59996","covercsgo","1965","735","9","2","997","13","181","false","false","German","covercsgo"
"https://static-cdn.jtvnw.net/jtv_user_pictures/9786977c-91e6-4170-a088-b8fc60bf277a-profile_image-150x150.png?imenable=1&impolicy=user-profile-picture&imwidth=100","59997","officialexiL","2940","2235","7","0","997","20","91","false","true","Swedish","officialexiL"
"https://static-cdn.jtvnw.net/jtv_user_pictures/4cbf10f1-bb9f-4f57-90e1-15bf06cfe6f5-profile_image-150x150.jpg?imenable=1&impolicy=user-profile-picture&imwidth=100","59998","JaCkPlay4","1035","540","5","1","997","12","4","false","false","English","JaCkPlay4"
"https://static-cdn.jtvnw.net/jtv_user_pictures/late_knight_gaming-profile_image-fcc61e179187a429-150x150.jpeg?imenable=1&impolicy=user-profile-picture&imwidth=100","59999","late_knight_gaming","62715","5400","30","11","997","147","530","false","false","English","late_knight_gaming"
"https://static-cdn.jtvnw.net/jtv_user_pictures/sayanelbadfox-profile_image-1281130827048bca-150x150.png?imenable=1&impolicy=user-profile-picture&imwidth=100","60000","SayanelBadFox","4125","3345","8","0","997","21","332","false","false","Russian","SayanelBadFox"