"","","Channel","Watch time","Stream time","Peak viewers","Average viewers","Followers","Followers gained","Views gained","Partnered","Mature","Language",""
"https://static-cdn.jtvnw.net/jtv_user_pictures/653074f6-8cfe-44af-b7a3-bd0820a1aaef-profile_image-150x150.png?imenable=1&impolicy=user-profile-picture&imwidth=100","60401","Witzz_","7575","495","43","14","985","117","92","false","true","English","Witzz_"
"https://static-cdn.jtvnw.net/jtv_user_pictures/6244baec-f1da-4317-9fb9-77d98abe2287-profile_image-150x150.jpg?imenable=1&impolicy=user-profile-picture&imwidth=100","60402","LDSGamers","2070","705","5","2","985","-4774","65","false","false","English","LDSGamers"
"https://static-cdn.jtvnw.net/jtv_user_pictures/eeb610b8-421c-433f-83ef-7929294fe95f-profile_image-150x150.jpg?imenable=1&impolicy=user-profile-picture&imwidth=100","60403","mekrax","345","210","4","1","985","8","23","false","false","Russian","mekrax"
"https://static-cdn.jtvnw.net/jtv_user_pictures/f265bf49-f119-4cb3-be16-742e0ca79b29-profile_image-150x150.png?imenable=1&impolicy=user-profile-picture&imwidth=100","60404","Kennuska","330","285","4","1","985","1","18","false","true","Bulgarian","Kennuska"
"https://static-cdn.jtvnw.net/jtv_user_pictures/bdcdccbb-af0e-4dc4-9270-4249fc1c1fab-profile_image-150x150.png?imenable=1&impolicy=user-profile-picture&imwidth=100","60405","dd7x","60","60","2","1","985","0","0","false","true","English","dd7x"
"https://static-cdn.jtvnw.net/jtv_user_pictures/6b8647f1-ce87-47d4-b3d2-659f4c7c1420-profile_image-150x150.png?imenable=1&impolicy=user-profile-picture&imwidth=100","60406","LegendsNeveerDiee","30","255","1","0","985","1","1","false","false","English","LegendsNeveerDiee"
"https://static-cdn.jtvnw.net/jtv_user_pictures/13f629e5-288b-4f16-b17d-b654286fdb33-profile_image-150x150.png?imenable=1&impolicy=user-profile-picture&imwidth=100","60407","Jvmie90","30645","4035","66","7","985","24","99","false","false","English","Jvmie90"
"https://static-cdn.jtvnw.net/jtv_user_pictures/oldgrey_wow-profile_image-d96b8f28a6cb9dd0-150x150.png?imenable=1&impolicy=user-profile-picture&imwidth=100","60408","Oldgrey_WoW","660","660","2","1","985","-41","52","false","false","English","Oldgrey_WoW"
"https://static-cdn.jtvnw.net/jtv_user_pictures/krischy-profile_image-d2f3568f61b9791f-150x150.jpeg?imenable=1&impolicy=user-profile-picture&imwidth=100","60409","Krischy","19905","2295","32","8","985","48","302","false","true","German","Krischy"
"https://static-cdn.jtvnw.net/jtv_user_pictures/e0b4b7c4-aa8f-42fc-ab4f-cec9b60fb447-profile_image-150x150.png?imenable=1&impolicy=user-profile-picture&imwidth=100","60410","LaurdMichaul","120","60","6","2","985","-1","2","false","false","French","LaurdMichaul"
"https://static-cdn.jtvnw.net/jtv_user_pictures/78fe129e0271d9f6-profile_image-150x150.png?imenable=1&impolicy=user-profile-picture&imwidth=100","60411","karlakesa1","30","30","1","1","985","0","2","false","false","Other","karlakesa1"
"https://static-cdn.jtvnw.net/jtv_user_pictures/0023ab2c-c305-4a48-9e1a-6844ddfb413e-profile_image-150x150.png?imenable=1&impolicy=user-profile-picture&imwidth=100","60412","KappaVedsted","15","15","1","1","985","0","0","false","true","Danish","KappaVedsted"
"https://static-cdn.jtvnw.net/jtv_user_pictures/08f047e1-77c9-4bfe-97ac-b605e618af2f-profile_image-150x150.png?imenable=1&impolicy=user-profile-picture&imwidth=100","60413","nzTWoW","195","795","4","0","985","0","75","false","false","Bulgarian","nzTWoW"
"https://static-cdn.jtvnw.net/jtv_user_pictures/39798352-c872-4f1d-bec1-65369f19121a-profile_image-150x150.png?imenable=1&impolicy=user-profile-picture&imwidth=100","60414","maniac1122","15","15","1","1","985","0","0","false","false","English","maniac1122"
"https://static-cdn.jtvnw.net/jtv_user_pictures/17cd3df7-8541-46bb-804e-f5c1484785e1-profile_image-150x150.png?imenable=1&impolicy=user-profile-picture&imwidth=100","60415","abruptrs","12855","1110","74","11","985","59","31","false","false","English","abruptrs"
"https://static-cdn.jtvnw.net/jtv_user_pictures/missmadhat-profile_image-59baec11de5ec88c-150x150.jpeg?imenable=1&impolicy=user-profile-picture&imwidth=100","60416","MissMadHat","15","15","1","1","985","0","0","false","false","German","MissMadHat"
"https://static-cdn.jtvnw.net/user-default-pictures/27103734-3cda-44d6-a384-f2ab71e4bb85-profile_image-150x150.jpg?imenable=1&impolicy=user-profile-picture&imwidth=100","60417","Yoshidadoto","28275","3630","37","7","985","7","1334","false","false","Portuguese","Yoshidadoto"
"https://static-cdn.jtvnw.net/jtv_user_pictures/asleepypanda-profile_image-83574994d46b717e-150x150.jpeg?imenable=1&impolicy=user-profile-picture&imwidth=100","60418","aSleepyPanda","10590","1320","26","7","985","30","81","false","false","English","aSleepyPanda"
"https://static-cdn.jtvnw.net/jtv_user_pictures/zupnick-profile_image-2b224f2174e01abf-150x150.jpeg?imenable=1&impolicy=user-profile-picture&imwidth=100","60419","Zupnick","88785","6945","85","12","985","107","1071","false","true","Russian","Zupnick"
"https://static-cdn.jtvnw.net/jtv_user_pictures/0858df75-155d-405d-94bf-3b75241b4ec4-profile_image-150x150.png?imenable=1&impolicy=user-profile-picture&imwidth=100","60420","WonderlandBiome","1005","180","8","5","985","2","0","false","true","English","WonderlandBiome"
"https://static-cdn.jtvnw.net/jtv_user_pictures/6ad967db-83ed-4490-aa87-d06f93e1a2ab-profile_image-150x150.png?imenable=1&impolicy=user-profile-picture&imwidth=100","60421","lexiegrayce","510","105","8","4","985","5","8","false","true","English","lexiegrayce"
"https://static-cdn.jtvnw.net/jtv_user_pictures/d08f7f3b-11b1-4128-90ef-8126c78f679d-profile_image-150x150.png?imenable=1&impolicy=user-profile-picture&imwidth=100","60422","黑白狼 (weaselchannel18)","105","30","7","3","985","0","0","false","false","Chinese","黑白狼 (weaselchannel18)"
"https://static-cdn.jtvnw.net/jtv_user_pictures/bosmopar-profile_image-2a3fd7534b668e71-150x150.jpeg?imenable=1&impolicy=user-profile-picture&imwidth=100","60423","Bosmopar","266250","6450","145","40","985","84","731","false","true","English","Bosmopar"
"https://static-cdn.jtvnw.net/jtv_user_pictures/cf942c4b-4e57-4676-bba5-3620482055b1-profile_image-150x150.png?imenable=1&impolicy=user-profile-picture&imwidth=100","60424","Th3_Nark","16935","2880","106","5","985","47","165","false","true","English","Th3_Nark"
"https://static-cdn.jtvnw.net/jtv_user_pictures/1931999e-12e2-4ba1-9164-42fe7c6fbe84-profile_image-150x150.png?imenable=1&impolicy=user-profile-picture&imwidth=100","60425","MuchLoveNicole","12675","2340","16","5","985","29","159","false","true","English","MuchLoveNicole"
"https://static-cdn.jtvnw.net/jtv_user_pictures/llumpyllama-profile_image-ec2b3c7e018f1653-150x150.jpeg?imenable=1&impolicy=user-profile-picture&imwidth=100","60426","llumpyllama","300","540","3","0","985","1","8","false","false","English","llumpyllama"
"https://static-cdn.jtvnw.net/jtv_user_pictures/ea871f01-6f99-49e8-a7c7-c67539ef83a3-profile_image-150x150.png?imenable=1&impolicy=user-profile-picture&imwidth=100","60427","TasteyTV","11175","5400","7","1","985","14","132","false","true","English","TasteyTV"
"https://static-cdn.jtvnw.net/jtv_user_pictures/jampershendi-profile_image-98067babd86d95e1-150x150.jpeg?imenable=1&impolicy=user-profile-picture&imwidth=100","60428","Jampershendi","450","480","2","0","984","1","21","false","true","Polish","Jampershendi"
"https://static-cdn.jtvnw.net/jtv_user_pictures/7052b84b-377a-4a35-a0a0-fb1db9278be0-profile_image-150x150.png?imenable=1&impolicy=user-profile-picture&imwidth=100","60429","EndChase","60","45","2","1","984","0","0","false","false","English","EndChase"
"https://static-cdn.jtvnw.net/jtv_user_pictures/95aabf59-69e3-4434-852f-4aa9658177c0-profile_image-150x150.png?imenable=1&impolicy=user-profile-picture&imwidth=100","60430","UWontRemindMe","78120","4050","79","18","984","1084","366","false","false","English","UWontRemindMe"
"https://static-cdn.jtvnw.net/jtv_user_pictures/d71140c5-d80f-4679-aaa8-df7b5f20032f-profile_image-150x150.png?imenable=1&impolicy=user-profile-picture&imwidth=100","60431","ziller_mc","0","45","0","0","984","0","0","false","false","Spanish","ziller_mc"
"https://static-cdn.jtvnw.net/jtv_user_pictures/4a69913b9a692ced-profile_image-150x150.jpeg?imenable=1&impolicy=user-profile-picture&imwidth=100","60432","Shiiintaro","1155","750","5","0","984","3","17","false","false","French","Shiiintaro"
"https://static-cdn.jtvnw.net/jtv_user_pictures/1be3b796-96e4-4ee5-9def-f3926d0ee533-profile_image-150x150.png?imenable=1&impolicy=user-profile-picture&imwidth=100","60433","Mikasa011","0","15","0","0","984","0","0","false","true","English","Mikasa011"
"https://static-cdn.jtvnw.net/jtv_user_pictures/b76d0266-9005-4009-a257-3c83c25a92f5-profile_image-150x150.jpeg?imenable=1&impolicy=user-profile-picture&imwidth=100","60434","TatitoTales","15","15","1","1","984","0","0","true","false","Spanish","TatitoTales"
"https://static-cdn.jtvnw.net/jtv_user_pictures/3c075a816fda1505-profile_image-150x150.png?imenable=1&impolicy=user-profile-picture&imwidth=100","60435","OhhSNAPaGinger","25950","3285","23","7","984","34","62","false","true","English","OhhSNAPaGinger"
"https://static-cdn.jtvnw.net/jtv_user_pictures/tinytalontv-profile_image-c2a871b0bd4f2893-150x150.png?imenable=1&impolicy=user-profile-picture&imwidth=100","60436","TinyTalonTV","21915","3735","18","5","984","98","92","false","true","English","TinyTalonTV"
"https://static-cdn.jtvnw.net/jtv_user_pictures/0e4e2105-f28d-4fbe-a803-623b1f655f96-profile_image-150x150.png?imenable=1&impolicy=user-profile-picture&imwidth=100","60437","matagin","765","45","20","17","984","4","-7","false","false","English","matagin"
"https://static-cdn.jtvnw.net/jtv_user_pictures/0481e7a8-a840-45ff-8b16-dbfe50db192a-profile_image-150x150.png?imenable=1&impolicy=user-profile-picture&imwidth=100","60438","haggisgaming666","630","360","3","1","984","1","11","false","true","English","haggisgaming666"
"https://static-cdn.jtvnw.net/jtv_user_pictures/deegaah-profile_image-3f3ed47887e16bcb-150x150.jpeg?imenable=1&impolicy=user-profile-picture&imwidth=100","60439","deegaah","0","15","0","0","984","0","0","false","false","German","deegaah"
"https://static-cdn.jtvnw.net/jtv_user_pictures/839ba0ca-7cc6-471d-887e-b7d2f2ea92db-profile_image-150x150.png?imenable=1&impolicy=user-profile-picture&imwidth=100","60440","Nfaxu","1995","915","12","1","984","5","180","false","true","German","Nfaxu"
"https://static-cdn.jtvnw.net/jtv_user_pictures/silverback1341-profile_image-adf1fde6a57bc52c-150x150.jpeg?imenable=1&impolicy=user-profile-picture&imwidth=100","60441","Silverback1341","420","420","3","0","984","1","14","false","false","English","Silverback1341"
"https://static-cdn.jtvnw.net/jtv_user_pictures/officialnocko-profile_image-bcc697b37046b1a4-150x150.jpeg?imenable=1&impolicy=user-profile-picture&imwidth=100","60442","officialnocko","1845","1365","6","0","984","-5","25","false","false","Danish","officialnocko"
"https://static-cdn.jtvnw.net/jtv_user_pictures/nuketv_-profile_image-ab92aac7a4d08fcd-150x150.jpeg?imenable=1&impolicy=user-profile-picture&imwidth=100","60443","nuketv_","2445","1320","5","1","984","8","14","false","true","English","nuketv_"
"https://static-cdn.jtvnw.net/jtv_user_pictures/f2ba28e5-d653-424b-a939-2d37f9a39467-profile_image-150x150.jpg?imenable=1&impolicy=user-profile-picture&imwidth=100","60444","djaxehead83","44550","2310","91","18","984","361","161","false","false","German","djaxehead83"
"https://static-cdn.jtvnw.net/jtv_user_pictures/siggepvp-profile_image-6ba32758576640ad-150x150.png?imenable=1&impolicy=user-profile-picture&imwidth=100","60445","SiggePvP","11055","255","490","43","984","-35","67","false","false","Swedish","SiggePvP"
"https://static-cdn.jtvnw.net/jtv_user_pictures/juri_is_my_dear-profile_image-d4f1ee4ae3a64f0c-150x150.png?imenable=1&impolicy=user-profile-picture&imwidth=100","60446","我是茱莉的小親親 (juri_is_my_dear)","41220","2520","64","15","984","56","753","false","true","Chinese","我是茱莉的小親親 (juri_is_my_dear)"
"https://static-cdn.jtvnw.net/jtv_user_pictures/xizel92-profile_image-cd05481bec29bf5a-150x150.jpeg?imenable=1&impolicy=user-profile-picture&imwidth=100","60447","Xizel92","2535","885","6","2","984","4","98","false","true","German","Xizel92"
"https://static-cdn.jtvnw.net/jtv_user_pictures/re2pectmb07-profile_image-00c04c0ee065aaec-150x150.jpeg?imenable=1&impolicy=user-profile-picture&imwidth=100","60448","Re2pectmB07","15585","7845","9","1","984","28","24","false","true","English","Re2pectmB07"
"https://static-cdn.jtvnw.net/jtv_user_pictures/11c30645-c501-43e4-aab8-93f5cfb71e54-profile_image-150x150.png?imenable=1&impolicy=user-profile-picture&imwidth=100","60449","Woofultimate","13995","5445","10","2","984","24","243","false","true","German","Woofultimate"
"https://static-cdn.jtvnw.net/jtv_user_pictures/lordodintv-profile_image-a1999d52a00cd7a5-150x150.png?imenable=1&impolicy=user-profile-picture&imwidth=100","60450","LordOdinTV","1875","840","11","1","984","8","121","false","false","Portuguese","LordOdinTV"
"https://static-cdn.jtvnw.net/jtv_user_pictures/seriouscacodemon-profile_image-dfdbd4ea10933e11-150x150.jpeg?imenable=1&impolicy=user-profile-picture&imwidth=100","60451","Seriouscacodemon","22965","2175","21","10","984","20","109","false","true","English","Seriouscacodemon"
"https://static-cdn.jtvnw.net/jtv_user_pictures/orangeitalian-profile_image-bde2ef0a5bf3dc9b-150x150.jpeg?imenable=1&impolicy=user-profile-picture&imwidth=100","60452","OrangeItalian","11070","1725","22","5","984","23","53","false","true","English","OrangeItalian"
"https://static-cdn.jtvnw.net/jtv_user_pictures/742be46b-0ae4-4e86-9b75-1dac9d8f07f8-profile_image-150x150.jpg?imenable=1&impolicy=user-profile-picture&imwidth=100","60453","Mawerson","1500","330","11","4","984","13","240","false","false","Spanish","Mawerson"
"https://static-cdn.jtvnw.net/jtv_user_pictures/froogoss-profile_image-543c5056374cd514-150x150.jpeg?imenable=1&impolicy=user-profile-picture&imwidth=100","60454","froogoss","2175","1245","7","1","984","3","37","false","false","English","froogoss"
"https://static-cdn.jtvnw.net/jtv_user_pictures/cleared_eu-profile_image-ec3fb6653a1699a4-150x150.png?imenable=1&impolicy=user-profile-picture&imwidth=100","60455","Cleared_EU","11310","1965","15","5","984","5","297","false","false","English","Cleared_EU"
"https://static-cdn.jtvnw.net/jtv_user_pictures/18500df7-36ba-416a-b11b-93b4002a5018-profile_image-150x150.png?imenable=1&impolicy=user-profile-picture&imwidth=100","60456","xX2TightDeluxeXx","33720","3720","36","8","984","69","140","false","true","German","xX2TightDeluxeXx"
"https://static-cdn.jtvnw.net/jtv_user_pictures/8f804db3e7bf30a2-profile_image-150x150.jpeg?imenable=1&impolicy=user-profile-picture&imwidth=100","60457","fxfps1","330","270","5","0","984","2","60","false","false","Portuguese","fxfps1"
"https://static-cdn.jtvnw.net/jtv_user_pictures/gigglingtim-profile_image-73965f940d211ab2-150x150.jpeg?imenable=1&impolicy=user-profile-picture&imwidth=100","60458","Gigglingtim","300","75","6","4","984","-181","5","false","false","English","Gigglingtim"
"https://static-cdn.jtvnw.net/jtv_user_pictures/hacheesp-profile_image-5de39a028a2e84f4-150x150.png?imenable=1&impolicy=user-profile-picture&imwidth=100","60459","HacheESP","75","150","3","0","983","2","36","false","true","Spanish","HacheESP"
"https://static-cdn.jtvnw.net/jtv_user_pictures/5a899998-4fb9-49a6-ab3e-03527b33cfe5-profile_image-150x150.jpg?imenable=1&impolicy=user-profile-picture&imwidth=100","60460","CapitaineKirkTV","885","405","7","1","983","9","18","false","false","French","CapitaineKirkTV"
"https://static-cdn.jtvnw.net/jtv_user_pictures/166b2589-7fce-440c-8c64-ca719805c138-profile_image-150x150.png?imenable=1&impolicy=user-profile-picture&imwidth=100","60461","ProFeeZy","15","15","1","1","983","0","0","false","true","English","ProFeeZy"
"https://static-cdn.jtvnw.net/jtv_user_pictures/simplysuzu-profile_image-6f3552acdcdd1111-150x150.png?imenable=1&impolicy=user-profile-picture&imwidth=100","60462","simplysuzu","11340","1215","28","8","983","61","76","false","true","English","simplysuzu"
"https://static-cdn.jtvnw.net/jtv_user_pictures/88f145f1-0c8f-41a2-ba56-f4a02e2af3d8-profile_image-150x150.png?imenable=1&impolicy=user-profile-picture&imwidth=100","60463","sorayafromthemeadows","2025","240","15","8","983","24","52","false","false","English","sorayafromthemeadows"
"https://static-cdn.jtvnw.net/jtv_user_pictures/the_dorel-profile_image-58a092e42fb3f147-150x150.png?imenable=1&impolicy=user-profile-picture&imwidth=100","60464","The_Dorel","159660","16515","83","9","983","154","1835","false","true","English","The_Dorel"
"https://static-cdn.jtvnw.net/jtv_user_pictures/c7fa2ee2-8395-455b-8051-256aea5cc901-profile_image-150x150.jpg?imenable=1&impolicy=user-profile-picture&imwidth=100","60465","aryanimeerya","0","15","0","0","983","0","0","false","false","Italian","aryanimeerya"
"https://static-cdn.jtvnw.net/jtv_user_pictures/09fd5727-faa2-46f1-bd6a-bbcab5b5eb24-profile_image-150x150.png?imenable=1&impolicy=user-profile-picture&imwidth=100","60466","usgmax","30","30","1","1","983","0","0","false","false","German","usgmax"
"https://static-cdn.jtvnw.net/jtv_user_pictures/e9079632-c975-4207-a94f-06b84df58ef0-profile_image-150x150.png?imenable=1&impolicy=user-profile-picture&imwidth=100","60467","ManOfCole","33240","7575","17","3","983","121","80","false","false","English","ManOfCole"
"https://static-cdn.jtvnw.net/jtv_user_pictures/40274892-d57a-4f4a-9d9a-26f0ed31409d-profile_image-150x150.png?imenable=1&impolicy=user-profile-picture&imwidth=100","60468","Kacknoob_xD","61815","4845","138","12","983","147","1232","false","true","German","Kacknoob_xD"
"https://static-cdn.jtvnw.net/jtv_user_pictures/3506663d-4454-4281-a69b-369d596a570f-profile_image-150x150.png?imenable=1&impolicy=user-profile-picture&imwidth=100","60469","Cluxar","1140","2145","3","0","983","8","13","false","true","Dutch","Cluxar"
"https://static-cdn.jtvnw.net/jtv_user_pictures/shanyafn-profile_image-e33ccd7410d74bac-150x150.jpeg?imenable=1&impolicy=user-profile-picture&imwidth=100","60470","ShanyaFN","4200","825","16","4","983","17","199","false","false","English","ShanyaFN"
"https://static-cdn.jtvnw.net/jtv_user_pictures/ec221fda-be32-4540-9178-8886b5199d3e-profile_image-150x150.png?imenable=1&impolicy=user-profile-picture&imwidth=100","60471","JRlD","0","30","0","0","983","0","0","false","false","English","JRlD"
"https://static-cdn.jtvnw.net/jtv_user_pictures/627ff698-bd03-433a-a3f9-fb2402c4c968-profile_image-150x150.png?imenable=1&impolicy=user-profile-picture&imwidth=100","60472","Meszaros","60","135","1","0","983","0","1","false","true","English","Meszaros"
"https://static-cdn.jtvnw.net/jtv_user_pictures/tennnno-profile_image-c6d6460c08c30976-150x150.jpeg?imenable=1&impolicy=user-profile-picture&imwidth=100","60473","tennnno","2490","600","9","3","983","-2","42","false","false","German","tennnno"
"https://static-cdn.jtvnw.net/jtv_user_pictures/25ba849c-3e56-4c79-bf54-66520ed06d02-profile_image-150x150.png?imenable=1&impolicy=user-profile-picture&imwidth=100","60474","ShampyTV","435","285","3","1","983","0","0","true","false","English","ShampyTV"
"https://static-cdn.jtvnw.net/jtv_user_pictures/f799add9-d2a7-42e2-83f3-a010d0764aab-profile_image-150x150.png?imenable=1&impolicy=user-profile-picture&imwidth=100","60475","ManLikePavv","1005","240","9","3","983","3","19","false","false","English","ManLikePavv"
"https://static-cdn.jtvnw.net/jtv_user_pictures/sketchygrandmas-profile_image-afda7de6d35390bc-150x150.jpeg?imenable=1&impolicy=user-profile-picture&imwidth=100","60476","Sketchygrandmas","45","60","1","0","983","0","0","false","true","English","Sketchygrandmas"
"https://static-cdn.jtvnw.net/jtv_user_pictures/29a46cf9-42c9-4e55-a802-879636fb2cd7-profile_image-150x150.png?imenable=1&impolicy=user-profile-picture&imwidth=100","60477","Doc_Hyde","5055","1185","9","3","983","8","11","false","true","English","Doc_Hyde"
"https://static-cdn.jtvnw.net/jtv_user_pictures/gray_hound-profile_image-9fc7698aad243841-150x150.jpeg?imenable=1&impolicy=user-profile-picture&imwidth=100","60478","gray_hound","1740","1215","5","0","983","0","79","false","false","English","gray_hound"
"https://static-cdn.jtvnw.net/jtv_user_pictures/riflare-profile_image-c4ec829fb11c798d-150x150.png?imenable=1&impolicy=user-profile-picture&imwidth=100","60479","Riflare","825","225","7","3","983","1","28","false","true","English","Riflare"
"https://static-cdn.jtvnw.net/jtv_user_pictures/redbuttontie-profile_image-0ac8e68aa5d20808-150x150.png?imenable=1&impolicy=user-profile-picture&imwidth=100","60480","RedButtonTie","11415","900","34","12","983","4","100","false","false","English","RedButtonTie"
"https://static-cdn.jtvnw.net/jtv_user_pictures/ae136af4-0ec8-4a31-8a4e-61c1dc22b20f-profile_image-150x150.jpg?imenable=1&impolicy=user-profile-picture&imwidth=100","60481","yunokar9","330","90","8","3","983","0","7","false","false","English","yunokar9"
"https://static-cdn.jtvnw.net/jtv_user_pictures/3f275fe4-a69a-430e-b520-4e214818dcb2-profile_image-150x150.png?imenable=1&impolicy=user-profile-picture&imwidth=100","60482","DieFromHeadshot","1380","1080","4","0","983","1","34","false","true","Russian","DieFromHeadshot"
"https://static-cdn.jtvnw.net/jtv_user_pictures/f6ba13ea-dd56-4f56-af20-633b8482ac23-profile_image-150x150.png?imenable=1&impolicy=user-profile-picture&imwidth=100","60483","MikeyMaybach","1095","960","5","0","983","2","0","false","true","English","MikeyMaybach"
"https://static-cdn.jtvnw.net/jtv_user_pictures/zefferss-profile_image-9e901c6b9825a5b8-150x150.jpeg?imenable=1&impolicy=user-profile-picture&imwidth=100","60484","zefferss","19485","2190","28","8","983","17","66","false","false","English","zefferss"
"https://static-cdn.jtvnw.net/jtv_user_pictures/9cacaa18-460d-4727-b548-afb6020444ef-profile_image-150x150.png?imenable=1&impolicy=user-profile-picture&imwidth=100","60485","TeamLCDS","2535","765","19","3","983","1","129","false","true","French","TeamLCDS"
"https://static-cdn.jtvnw.net/jtv_user_pictures/mpoxde-profile_image-c550cd411e3012f8-150x150.jpeg?imenable=1&impolicy=user-profile-picture&imwidth=100","60486","mpoxDE","63180","1155","102","54","983","80","1219","false","false","German","mpoxDE"
"https://static-cdn.jtvnw.net/jtv_user_pictures/c848777e-0697-4699-8933-fd1f5e00c6bf-profile_image-150x150.png?imenable=1&impolicy=user-profile-picture&imwidth=100","60487","MightbeLumi","1200","165","11","7","983","12","12","false","true","English","MightbeLumi"
"https://static-cdn.jtvnw.net/jtv_user_pictures/1399d6ef-2f0e-451d-8ee5-094e45afc937-profile_image-150x150.png?imenable=1&impolicy=user-profile-picture&imwidth=100","60488","xandzr","12000","1425","37","8","983","14","301","false","false","English","xandzr"
"https://static-cdn.jtvnw.net/jtv_user_pictures/lootbndt-profile_image-918d5d7c7eedd530-150x150.png?imenable=1&impolicy=user-profile-picture&imwidth=100","60489","LootBndt","82725","5280","62","15","983","159","769","false","false","English","LootBndt"
"https://static-cdn.jtvnw.net/jtv_user_pictures/4ea7436b-bc2d-4b22-9046-629c886a46f7-profile_image-150x150.jpg?imenable=1&impolicy=user-profile-picture&imwidth=100","60490","Marokjg","1485","630","6","2","983","6","74","false","false","Spanish","Marokjg"
"https://static-cdn.jtvnw.net/jtv_user_pictures/2d50d64e-fef0-44ae-82cc-293878d05fbe-profile_image-150x150.png?imenable=1&impolicy=user-profile-picture&imwidth=100","60491","Philderbeast","0","75","1","0","983","0","0","false","true","English","Philderbeast"
"https://static-cdn.jtvnw.net/jtv_user_pictures/23e73fd8-a9a4-42b7-9d88-939659fbb8a5-profile_image-150x150.png?imenable=1&impolicy=user-profile-picture&imwidth=100","60492","kuddab","8280","2535","8","2","983","3","45","false","false","English","kuddab"
"https://static-cdn.jtvnw.net/jtv_user_pictures/9ffc8ac6-2225-4069-89a2-f2342ce8e0f0-profile_image-150x150.png?imenable=1&impolicy=user-profile-picture&imwidth=100","60493","Libriis","19620","570","135","34","983","118","502","false","false","Slovak","Libriis"
"https://static-cdn.jtvnw.net/jtv_user_pictures/5f0b2c7c-ad8d-4093-b0b1-75cbe2d2416f-profile_image-150x150.png?imenable=1&impolicy=user-profile-picture&imwidth=100","60494","Molotovsoda","14250","5295","9","2","983","11","75","false","true","English","Molotovsoda"
"https://static-cdn.jtvnw.net/jtv_user_pictures/2fd6af9d2b5bbba5-profile_image-150x150.png?imenable=1&impolicy=user-profile-picture&imwidth=100","60495","Valpal","10275","4530","9","1","983","11","24","false","true","English","Valpal"
"https://static-cdn.jtvnw.net/jtv_user_pictures/f26ec09f-a1b1-43c9-b73b-ded8229a6be5-profile_image-150x150.png?imenable=1&impolicy=user-profile-picture&imwidth=100","60496","italy5","60","150","2","0","983","-3","9","false","true","English","italy5"
"https://static-cdn.jtvnw.net/jtv_user_pictures/bacon_infinity-profile_image-4d24f99c87cf5d66-150x150.png?imenable=1&impolicy=user-profile-picture&imwidth=100","60497","Bacon_Infinity","85140","6420","84","12","983","-153","1317","false","false","English","Bacon_Infinity"
"https://static-cdn.jtvnw.net/jtv_user_pictures/41979632-9b15-417e-80ff-f2eb06012b28-profile_image-150x150.jpeg?imenable=1&impolicy=user-profile-picture&imwidth=100","60498","Narkoman3000","270540","7395","138","36","983","76","2977","false","false","Russian","Narkoman3000"
"https://static-cdn.jtvnw.net/jtv_user_pictures/9238c466-8154-43e5-ab12-f7f89f33f1a0-profile_image-150x150.png?imenable=1&impolicy=user-profile-picture&imwidth=100","60499","No300nokill2","12600","825","48","15","983","23","228","false","true","Chinese","No300nokill2"
"https://static-cdn.jtvnw.net/user-default-pictures-uv/ce57700a-def9-11e9-842d-784f43822e80-profile_image-150x150.png?imenable=1&impolicy=user-profile-picture&imwidth=100","60500","Ybshow","15990","900","63","17","983","153","20","false","false","English","Ybshow"