"","","Channel","Watch time","Stream time","Peak viewers","Average viewers","Followers","Followers gained","Views gained","Partnered","Mature","Language",""
"https://static-cdn.jtvnw.net/jtv_user_pictures/d0521732-dcc3-4286-b169-18fb06a6badd-profile_image-150x150.png?imenable=1&impolicy=user-profile-picture&imwidth=100","62801","Rob1nFused","10845","1665","15","6","921","96","244","false","false","Dutch","Rob1nFused"
"https://static-cdn.jtvnw.net/jtv_user_pictures/mulsqi-profile_image-761c8587536406fd-150x150.png?imenable=1&impolicy=user-profile-picture&imwidth=100","62802","mulsqi","10815","3225","10","2","921","13","74","false","true","English","mulsqi"
"https://static-cdn.jtvnw.net/jtv_user_pictures/e7fc0307-5cdc-4a9f-9cad-b15494402015-profile_image-150x150.png?imenable=1&impolicy=user-profile-picture&imwidth=100","62803","asteragos","6930","1305","11","5","921","64","223","false","false","German","asteragos"
"https://static-cdn.jtvnw.net/jtv_user_pictures/d1fef6de-be22-46a6-9e9e-51440f8b3649-profile_image-150x150.png?imenable=1&impolicy=user-profile-picture&imwidth=100","62804","WizardTower","36840","5445","29","6","921","36","661","false","false","English","WizardTower"
"https://static-cdn.jtvnw.net/jtv_user_pictures/a3d268ad-300f-4b60-bed2-d7421f832f5d-profile_image-150x150.png?imenable=1&impolicy=user-profile-picture&imwidth=100","62805","Shwas","75","45","4","1","921","0","0","false","true","English","Shwas"
"https://static-cdn.jtvnw.net/jtv_user_pictures/971529c6-5e21-4419-8ada-951a421d577a-profile_image-150x150.png?imenable=1&impolicy=user-profile-picture&imwidth=100","62806","willywonky","0","75","0","0","921","0","0","false","true","English","willywonky"
"https://static-cdn.jtvnw.net/jtv_user_pictures/4249b897-9729-4161-9a55-4a3d620bbbe3-profile_image-150x150.png?imenable=1&impolicy=user-profile-picture&imwidth=100","62807","Phraust","1260","720","4","1","921","1","6","false","false","English","Phraust"
"https://static-cdn.jtvnw.net/jtv_user_pictures/dc3c599d-ca30-4aa8-98ff-c2c7b0197bfa-profile_image-150x150.png?imenable=1&impolicy=user-profile-picture&imwidth=100","62808","searedjaguar","7515","2445","21","2","921","-107","60","false","true","English","searedjaguar"
"https://static-cdn.jtvnw.net/jtv_user_pictures/73139fa3-4eab-4041-b17f-3189f5d91175-profile_image-150x150.png?imenable=1&impolicy=user-profile-picture&imwidth=100","62809","DeathXByXCriter","60","60","1","1","921","0","0","false","false","English","DeathXByXCriter"
"https://static-cdn.jtvnw.net/jtv_user_pictures/32f16773-0aa8-4531-829b-303d9c8d3445-profile_image-150x150.png?imenable=1&impolicy=user-profile-picture&imwidth=100","62810","TRiiCKZ","14355","6675","8","1","921","-159","42","false","true","English","TRiiCKZ"
"https://static-cdn.jtvnw.net/jtv_user_pictures/d3aab219689c996b-profile_image-150x150.png?imenable=1&impolicy=user-profile-picture&imwidth=100","62811","CheeseCast","180","45","5","4","921","0","0","false","true","English","CheeseCast"
"https://static-cdn.jtvnw.net/jtv_user_pictures/42d7a98c-3829-4c57-b304-ba260bca95fb-profile_image-150x150.png?imenable=1&impolicy=user-profile-picture&imwidth=100","62812","TwixHazie","1170","285","8","3","921","2","42","false","true","English","TwixHazie"
"https://static-cdn.jtvnw.net/jtv_user_pictures/carpixtv-profile_image-d3e7e7b198b05431-150x150.jpeg?imenable=1&impolicy=user-profile-picture&imwidth=100","62813","CarPixTV","10110","2175","14","4","921","91","126","false","false","French","CarPixTV"
"https://static-cdn.jtvnw.net/jtv_user_pictures/mizterconfuzing-profile_image-33ddb6b9e4de3f25-150x150.jpeg?imenable=1&impolicy=user-profile-picture&imwidth=100","62814","MizterConfuzing","40110","1920","42","20","921","-2204","225","false","true","English","MizterConfuzing"
"https://static-cdn.jtvnw.net/jtv_user_pictures/68555727-ffd8-4e32-b1d4-26f7d241ac8f-profile_image-150x150.jpg?imenable=1&impolicy=user-profile-picture&imwidth=100","62815","Dsylxeypanda","0","15","0","0","921","0","0","false","false","Norwegian","Dsylxeypanda"
"https://static-cdn.jtvnw.net/jtv_user_pictures/93697fd3-7778-4ef4-9a6e-7161e4595f2d-profile_image-150x150.png?imenable=1&impolicy=user-profile-picture&imwidth=100","62816","KyonEXE","690","435","3","1","921","-54","1","false","false","English","KyonEXE"
"https://static-cdn.jtvnw.net/jtv_user_pictures/e8198974-881a-4f12-9673-5c526ac48072-profile_image-150x150.jpg?imenable=1&impolicy=user-profile-picture&imwidth=100","62817","YettiSweaty","7110","8430","8","0","921","33","113","false","false","English","YettiSweaty"
"https://static-cdn.jtvnw.net/jtv_user_pictures/6b9200b7-e371-49c2-affd-986d66a96fa8-profile_image-150x150.jpg?imenable=1&impolicy=user-profile-picture&imwidth=100","62818","suspectsushi","555","900","3","0","921","-2","14","false","true","English","suspectsushi"
"https://static-cdn.jtvnw.net/jtv_user_pictures/ecoe15-profile_image-2f0c48522cc023b9-150x150.jpeg?imenable=1&impolicy=user-profile-picture&imwidth=100","62819","Ecoe15","29985","4875","16","5","921","61","194","false","true","English","Ecoe15"
"https://static-cdn.jtvnw.net/jtv_user_pictures/27e66a3a-782e-449b-8483-6958a5ceecb4-profile_image-150x150.png?imenable=1&impolicy=user-profile-picture&imwidth=100","62820","Happypaard","3780","1185","9","2","921","10","55","false","true","Dutch","Happypaard"
"https://static-cdn.jtvnw.net/jtv_user_pictures/bf44f94e-c123-44e2-8562-510b71756115-profile_image-150x150.png?imenable=1&impolicy=user-profile-picture&imwidth=100","62821","hudt_chief_ttv","2580","2115","7","0","921","6","8","false","true","English","hudt_chief_ttv"
"https://static-cdn.jtvnw.net/jtv_user_pictures/de93dff0-d092-4c60-ab7e-bb291384402e-profile_image-150x150.jpeg?imenable=1&impolicy=user-profile-picture&imwidth=100","62822","klevebranden","1605","885","6","1","921","-1","68","false","false","Swedish","klevebranden"
"https://static-cdn.jtvnw.net/jtv_user_pictures/83fa889e-518d-4ae3-9170-4d7f561bf64c-profile_image-150x150.png?imenable=1&impolicy=user-profile-picture&imwidth=100","62823","DJFLuFFKiNS","0","195","0","0","920","0","1","false","false","English","DJFLuFFKiNS"
"https://static-cdn.jtvnw.net/jtv_user_pictures/2e2881f0-9123-42c5-818c-dccb5e4f586f-profile_image-150x150.png?imenable=1&impolicy=user-profile-picture&imwidth=100","62824","dabx_2","300","195","7","0","920","2","4","false","false","English","dabx_2"
"https://static-cdn.jtvnw.net/jtv_user_pictures/masktchi-profile_image-06a6d9b72e95a322-150x150.png?imenable=1&impolicy=user-profile-picture&imwidth=100","62825","Masktchi","90","90","3","1","920","2","6","false","true","English","Masktchi"
"https://static-cdn.jtvnw.net/jtv_user_pictures/0177fe97aeff4070-profile_image-150x150.jpeg?imenable=1&impolicy=user-profile-picture&imwidth=100","62826","HSMamut","1680","345","9","4","920","8","6","false","false","English","HSMamut"
"https://static-cdn.jtvnw.net/jtv_user_pictures/31e8fe31-5727-4ded-a811-1df977e4180b-profile_image-150x150.png?imenable=1&impolicy=user-profile-picture&imwidth=100","62827","Raptorkiller2k3","930","1245","4","0","920","2","61","false","true","English","Raptorkiller2k3"
"https://static-cdn.jtvnw.net/jtv_user_pictures/wattledorc-profile_image-c424f2af02f75d9b-150x150.jpeg?imenable=1&impolicy=user-profile-picture&imwidth=100","62828","wattledorc","60","195","1","0","920","0","1","false","true","English","wattledorc"
"https://static-cdn.jtvnw.net/jtv_user_pictures/eraaimee-profile_image-bd2a1fce6c99eeb2-150x150.png?imenable=1&impolicy=user-profile-picture&imwidth=100","62829","EraAimee","465","285","4","1","920","0","6","false","false","English","EraAimee"
"https://static-cdn.jtvnw.net/jtv_user_pictures/emigrantes1983-profile_image-a2bfe0815c57cca3-150x150.png?imenable=1&impolicy=user-profile-picture&imwidth=100","62830","Emigrantes1983","17025","2880","16","5","920","19","393","false","true","Polish","Emigrantes1983"
"https://static-cdn.jtvnw.net/jtv_user_pictures/d3594477-6349-4dee-b60d-c9629d9533ad-profile_image-150x150.png?imenable=1&impolicy=user-profile-picture&imwidth=100","62831","kardashevband","570","150","8","3","920","6","52","false","false","English","kardashevband"
"https://static-cdn.jtvnw.net/jtv_user_pictures/7ea88075-f7c0-4147-a8a4-5f67776b7266-profile_image-150x150.png?imenable=1&impolicy=user-profile-picture&imwidth=100","62832","ErkomeNN","825","300","7","2","920","5","100","false","false","Turkish","ErkomeNN"
"https://static-cdn.jtvnw.net/jtv_user_pictures/f0505302-c90e-4c63-8613-0673cf936498-profile_image-150x150.jpg?imenable=1&impolicy=user-profile-picture&imwidth=100","62833","xKrope","255","135","2","1","920","0","10","false","true","German","xKrope"
"https://static-cdn.jtvnw.net/jtv_user_pictures/vassili16600-profile_image-a5d7801cdf96cca9-150x150.png?imenable=1&impolicy=user-profile-picture&imwidth=100","62834","Vassili16600","7935","1875","41","3","920","32","283","false","false","French","Vassili16600"
"https://static-cdn.jtvnw.net/jtv_user_pictures/1e379d3d-a3de-48a0-b136-81049710f2be-profile_image-150x150.png?imenable=1&impolicy=user-profile-picture&imwidth=100","62835","gunz_x_","7125","1155","26","5","920","29","9","false","false","English","gunz_x_"
"https://static-cdn.jtvnw.net/jtv_user_pictures/7db654e7-7865-465a-863e-ba18307f60fa-profile_image-150x150.png?imenable=1&impolicy=user-profile-picture&imwidth=100","62836","AdoSV","0","15","0","0","920","0","0","false","true","Spanish","AdoSV"
"https://static-cdn.jtvnw.net/jtv_user_pictures/b5a614b5-610a-48ac-b51d-6d7313bfc826-profile_image-150x150.png?imenable=1&impolicy=user-profile-picture&imwidth=100","62837","B4NTO","3345","840","8","3","920","13","19","false","false","English","B4NTO"
"https://static-cdn.jtvnw.net/jtv_user_pictures/prismatique-profile_image-9dc40a64f2e19151-150x150.png?imenable=1&impolicy=user-profile-picture&imwidth=100","62838","Prismatique","12000","1335","49","8","920","-256","271","false","false","English","Prismatique"
"https://static-cdn.jtvnw.net/user-default-pictures-uv/13e5fa74-defa-11e9-809c-784f43822e80-profile_image-150x150.png?imenable=1&impolicy=user-profile-picture&imwidth=100","62839","hunnnnuh","1065","195","9","5","920","-3","7","false","false","English","hunnnnuh"
"https://static-cdn.jtvnw.net/jtv_user_pictures/5974f5cdd6c6d1ec-profile_image-150x150.png?imenable=1&impolicy=user-profile-picture&imwidth=100","62840","LesEmpafes","1245","975","4","0","920","1","774","false","true","French","LesEmpafes"
"https://static-cdn.jtvnw.net/jtv_user_pictures/a1e4ea9a-cbc6-4b35-b44e-39659c7f099f-profile_image-150x150.jpeg?imenable=1&impolicy=user-profile-picture&imwidth=100","62841","LudaLuke","1005","690","4","1","920","0","49","false","true","English","LudaLuke"
"https://static-cdn.jtvnw.net/jtv_user_pictures/729a0c53-d22c-42a1-bbdb-de8455c847d3-profile_image-150x150.png?imenable=1&impolicy=user-profile-picture&imwidth=100","62842","lunariwnl","8460","795","22","10","920","99","80","false","false","English","lunariwnl"
"https://static-cdn.jtvnw.net/jtv_user_pictures/b77e436e-45e0-4462-bacf-cb7bf623c181-profile_image-150x150.png?imenable=1&impolicy=user-profile-picture&imwidth=100","62843","Thaisen","330","255","4","1","920","3","8","false","false","English","Thaisen"
"https://static-cdn.jtvnw.net/jtv_user_pictures/c785deee-4428-477b-8c88-0d33b401ee6d-profile_image-150x150.png?imenable=1&impolicy=user-profile-picture&imwidth=100","62844","sai_plays","2040","315","12","6","920","1","31","false","false","English","sai_plays"
"https://static-cdn.jtvnw.net/jtv_user_pictures/c9caebf4022aa5f8-profile_image-150x150.png?imenable=1&impolicy=user-profile-picture&imwidth=100","62845","KarlEmbo","0","105","0","0","920","0","0","false","true","English","KarlEmbo"
"https://static-cdn.jtvnw.net/jtv_user_pictures/709633d151ce6d41-profile_image-150x150.png?imenable=1&impolicy=user-profile-picture&imwidth=100","62846","Cyclo_Hexanol","165","165","2","1","920","0","1","false","true","English","Cyclo_Hexanol"
"https://static-cdn.jtvnw.net/jtv_user_pictures/strawberry_panda-profile_image-1556b0a2c0ffcd6f-150x150.jpeg?imenable=1&impolicy=user-profile-picture&imwidth=100","62847","strawberry_panda","58560","1950","338","29","920","162","345","false","false","English","strawberry_panda"
"https://static-cdn.jtvnw.net/jtv_user_pictures/08233972-1a40-47c5-bbc8-f9f8f54db183-profile_image-150x150.png?imenable=1&impolicy=user-profile-picture&imwidth=100","62848","BoDYRoTX","12645","540","49","22","920","-773","6","false","false","English","BoDYRoTX"
"https://static-cdn.jtvnw.net/jtv_user_pictures/izzy57000-profile_image-a436cd5e0c998c67-150x150.jpeg?imenable=1&impolicy=user-profile-picture&imwidth=100","62849","Izzy57000","5025","1755","9","2","920","1","246","false","false","French","Izzy57000"
"https://static-cdn.jtvnw.net/user-default-pictures-uv/41780b5a-def8-11e9-94d9-784f43822e80-profile_image-150x150.png?imenable=1&impolicy=user-profile-picture&imwidth=100","62850","IkeTakeda","5670","3180","6","1","920","0","10","false","true","English","IkeTakeda"
"https://static-cdn.jtvnw.net/jtv_user_pictures/fd89d64f-1190-4bea-85ba-e9c4e5bd9a36-profile_image-150x150.png?imenable=1&impolicy=user-profile-picture&imwidth=100","62851","Phyra25","8580","2220","27","3","920","6","334","false","true","German","Phyra25"
"https://static-cdn.jtvnw.net/jtv_user_pictures/9eeddfd7-508b-4e79-bf0c-d7088afdd718-profile_image-150x150.png?imenable=1&impolicy=user-profile-picture&imwidth=100","62852","Murry","105","270","3","0","920","2","1","false","true","English","Murry"
"https://static-cdn.jtvnw.net/jtv_user_pictures/c05d5b51-782f-4e21-a873-b52e8600b647-profile_image-150x150.png?imenable=1&impolicy=user-profile-picture&imwidth=100","62853","Oxide3D","20160","3960","22","4","920","-793","114","false","true","English","Oxide3D"
"https://static-cdn.jtvnw.net/jtv_user_pictures/jring-profile_image-9d337a77b2001aee-150x150.jpeg?imenable=1&impolicy=user-profile-picture&imwidth=100","62854","JRING","54450","5730","65","9","920","81","302","false","true","English","JRING"
"https://static-cdn.jtvnw.net/jtv_user_pictures/6a5a4ad8-2bb5-47a3-856d-e03e831e1eee-profile_image-150x150.jpg?imenable=1&impolicy=user-profile-picture&imwidth=100","62855","Chrismagnum","75","165","1","0","920","0","4","false","false","English","Chrismagnum"
"https://static-cdn.jtvnw.net/jtv_user_pictures/2d2d9e03-39ab-468b-815e-73cb491001f5-profile_image-150x150.png?imenable=1&impolicy=user-profile-picture&imwidth=100","62856","Armydude","18195","2655","95","6","920","73","229","false","false","English","Armydude"
"https://static-cdn.jtvnw.net/jtv_user_pictures/hero_aisaka-profile_image-7a0b7e27a3f0f90d-150x150.jpeg?imenable=1&impolicy=user-profile-picture&imwidth=100","62857","HerO_Aisaka","101310","6615","42","14","920","29","1346","false","true","German","HerO_Aisaka"
"https://static-cdn.jtvnw.net/jtv_user_pictures/atomicnicky-profile_image-1492a8e5020d4565-150x150.png?imenable=1&impolicy=user-profile-picture&imwidth=100","62858","AtomicNicky","120","225","1","0","919","1","41","false","true","English","AtomicNicky"
"https://static-cdn.jtvnw.net/jtv_user_pictures/d1236242-6d66-41a0-b1c0-c7dacabbceca-profile_image-150x150.jpg?imenable=1&impolicy=user-profile-picture&imwidth=100","62859","TyrannosaurusMoose","66270","4890","38","13","919","162","405","false","false","English","TyrannosaurusMoose"
"https://static-cdn.jtvnw.net/jtv_user_pictures/09eaa0d0-e584-46d5-9996-398565f9e67a-profile_image-150x150.png?imenable=1&impolicy=user-profile-picture&imwidth=100","62860","Bigb1acktictac","7755","2055","9","3","919","8","39","false","true","English","Bigb1acktictac"
"https://static-cdn.jtvnw.net/jtv_user_pictures/friendlybobby-profile_image-00e6d99eccc945af-150x150.jpeg?imenable=1&impolicy=user-profile-picture&imwidth=100","62861","friendlybobby","26760","3645","85","6","919","141","749","false","true","German","friendlybobby"
"https://static-cdn.jtvnw.net/jtv_user_pictures/d63c65f1-e391-47e2-86ff-99485640b2bb-profile_image-150x150.png?imenable=1&impolicy=user-profile-picture&imwidth=100","62862","Rev0nk","840","735","4","1","919","1","45","false","true","Russian","Rev0nk"
"https://static-cdn.jtvnw.net/jtv_user_pictures/illdamage-profile_image-1bbeec7daa13f550-150x150.jpeg?imenable=1&impolicy=user-profile-picture&imwidth=100","62863","illDamage","3705","1245","25","2","919","7","69","false","true","English","illDamage"
"https://static-cdn.jtvnw.net/jtv_user_pictures/3ca146d8d1d5be08-profile_image-150x150.png?imenable=1&impolicy=user-profile-picture&imwidth=100","62864","ElahBMS","1755","390","10","4","919","12","18","false","false","English","ElahBMS"
"https://static-cdn.jtvnw.net/jtv_user_pictures/d37cfe37-43a7-4cdd-a0e7-582df68d8aa5-profile_image-150x150.png?imenable=1&impolicy=user-profile-picture&imwidth=100","62865","nukedzombae","4530","1305","9","3","919","14","69","false","true","English","nukedzombae"
"https://static-cdn.jtvnw.net/jtv_user_pictures/serjkerrr-profile_image-776bc2d099285195-150x150.jpeg?imenable=1&impolicy=user-profile-picture&imwidth=100","62866","Serjkerrr","60","285","1","0","919","-19","0","false","false","Russian","Serjkerrr"
"https://static-cdn.jtvnw.net/jtv_user_pictures/a53e238237e5eb99-profile_image-150x150.png?imenable=1&impolicy=user-profile-picture&imwidth=100","62867","proteinkolle","555","300","6","1","919","1","62","false","false","German","proteinkolle"
"https://static-cdn.jtvnw.net/jtv_user_pictures/fce8a523-881e-4c87-a828-d84f7e6e8f95-profile_image-150x150.png?imenable=1&impolicy=user-profile-picture&imwidth=100","62868","vicesohpz","0","30","0","0","919","0","0","false","true","English","vicesohpz"
"https://static-cdn.jtvnw.net/jtv_user_pictures/0b32897c-a144-4207-b985-fa6b679cbc30-profile_image-150x150.png?imenable=1&impolicy=user-profile-picture&imwidth=100","62869","bembo_10","4695","2700","11","1","919","46","31","false","false","Czech","bembo_10"
"https://static-cdn.jtvnw.net/jtv_user_pictures/slayzer92-profile_image-cdfcc4bd0eeef85e-150x150.jpeg?imenable=1&impolicy=user-profile-picture&imwidth=100","62870","Slayzer92","22050","3330","18","6","919","19","375","false","true","English","Slayzer92"
"https://static-cdn.jtvnw.net/jtv_user_pictures/b9c5c257-329c-4b1a-a645-92e552aae5a7-profile_image-150x150.png?imenable=1&impolicy=user-profile-picture&imwidth=100","62871","Nocturnal__x","900","750","3","1","919","0","10","false","true","English","Nocturnal__x"
"https://static-cdn.jtvnw.net/jtv_user_pictures/chipssou-profile_image-b20234e613e9cea4-150x150.jpeg?imenable=1&impolicy=user-profile-picture&imwidth=100","62872","chipssou","60","75","3","0","919","0","0","false","true","French","chipssou"
"https://static-cdn.jtvnw.net/jtv_user_pictures/b2p972-profile_image-c26e2051a1ad9a3b-150x150.png?imenable=1&impolicy=user-profile-picture&imwidth=100","62873","B2P972","18195","2160","30","8","919","59","196","false","false","French","B2P972"
"https://static-cdn.jtvnw.net/jtv_user_pictures/5a853e76-99d5-40e6-bd19-97ee88de1a30-profile_image-150x150.png?imenable=1&impolicy=user-profile-picture&imwidth=100","62874","Mr_JD77","1110","870","3","1","919","4","5","false","true","French","Mr_JD77"
"https://static-cdn.jtvnw.net/jtv_user_pictures/20d230a98dcc789f-profile_image-150x150.png?imenable=1&impolicy=user-profile-picture&imwidth=100","62875","koshiweld","1065","180","9","5","919","3","16","false","false","English","koshiweld"
"https://static-cdn.jtvnw.net/jtv_user_pictures/c5985c38-6d6a-4d81-b4a4-9bb9366e55c6-profile_image-150x150.png?imenable=1&impolicy=user-profile-picture&imwidth=100","62876","dwagun","10080","1710","14","5","919","15","72","false","true","English","dwagun"
"https://static-cdn.jtvnw.net/jtv_user_pictures/12e64f0bd478cf1d-profile_image-150x150.jpeg?imenable=1&impolicy=user-profile-picture&imwidth=100","62877","hollywoodryann","30","30","2","1","919","0","0","false","true","German","hollywoodryann"
"https://static-cdn.jtvnw.net/jtv_user_pictures/611ce307-d7ba-4881-ba35-bc6feb418ea1-profile_image-150x150.png?imenable=1&impolicy=user-profile-picture&imwidth=100","62878","ZIRNZ","390","120","9","3","919","0","4","false","false","English","ZIRNZ"
"https://static-cdn.jtvnw.net/jtv_user_pictures/7286fe10-dfb2-4f2c-abf7-c3f3c1322d57-profile_image-150x150.png?imenable=1&impolicy=user-profile-picture&imwidth=100","62879","IbanezXli","23535","2160","26","10","919","13","314","false","true","German","IbanezXli"
"https://static-cdn.jtvnw.net/jtv_user_pictures/d1248f0b-5a7e-4a01-bd3c-97bc1bc459d9-profile_image-150x150.png?imenable=1&impolicy=user-profile-picture&imwidth=100","62880","Timexicasian","105","165","2","0","919","0","2","false","true","English","Timexicasian"
"https://static-cdn.jtvnw.net/jtv_user_pictures/b711a1f12494f86e-profile_image-150x150.png?imenable=1&impolicy=user-profile-picture&imwidth=100","62881","傑昂 (zaonsheol1)","4470","510","20","8","919","1","80","false","true","Chinese","傑昂 (zaonsheol1)"
"https://static-cdn.jtvnw.net/jtv_user_pictures/jollecash_-profile_image-f5c6e2e83d63a77d-150x150.png?imenable=1&impolicy=user-profile-picture&imwidth=100","62882","jollecash_","720","90","9","8","919","-1","0","false","false","Swedish","jollecash_"
"https://static-cdn.jtvnw.net/jtv_user_pictures/6c91f3ff-3c4b-43c7-9e31-3c1fbf4f3395-profile_image-150x150.png?imenable=1&impolicy=user-profile-picture&imwidth=100","62883","pai_e_filho_oficial","15585","4020","18","3","919","48","548","false","false","Portuguese","pai_e_filho_oficial"
"https://static-cdn.jtvnw.net/jtv_user_pictures/celciusgamingtv-profile_image-9b15b0a0c422291c-150x150.png?imenable=1&impolicy=user-profile-picture&imwidth=100","62884","Celciusgamingtv","6585","1920","12","2","919","34","81","false","false","French","Celciusgamingtv"
"https://static-cdn.jtvnw.net/jtv_user_pictures/838c1666-ffbb-4336-af2d-c2f4e203d33a-profile_image-150x150.png?imenable=1&impolicy=user-profile-picture&imwidth=100","62885","Optipersona","4170","2940","7","1","919","1","78","false","true","English","Optipersona"
"https://static-cdn.jtvnw.net/jtv_user_pictures/ba9ffac000badef6-profile_image-150x150.jpeg?imenable=1&impolicy=user-profile-picture&imwidth=100","62886","QueenAlyyCat","165","45","6","3","919","2","0","false","true","English","QueenAlyyCat"
"https://static-cdn.jtvnw.net/jtv_user_pictures/0a4d76f7-fa22-460a-b7ef-6b91df949a18-profile_image-150x150.png?imenable=1&impolicy=user-profile-picture&imwidth=100","62887","DVNTLR","225","255","3","0","919","-179","2","false","true","English","DVNTLR"
"https://static-cdn.jtvnw.net/jtv_user_pictures/xmk97-profile_image-4156ef9d73a98652-150x150.jpeg?imenable=1&impolicy=user-profile-picture&imwidth=100","62888","xmk97","0","45","0","0","918","0","0","false","false","English","xmk97"
"https://static-cdn.jtvnw.net/jtv_user_pictures/jysdsod_tv-profile_image-dc712454829471fa-150x150.png?imenable=1&impolicy=user-profile-picture&imwidth=100","62889","jysdsod_tv","0","15","0","0","918","0","0","false","false","Russian","jysdsod_tv"
"https://static-cdn.jtvnw.net/jtv_user_pictures/1d70919bc8c5e5e5-profile_image-150x150.png?imenable=1&impolicy=user-profile-picture&imwidth=100","62890","core330","75","105","1","0","918","0","4","false","false","English","core330"
"https://static-cdn.jtvnw.net/jtv_user_pictures/723d2d8a-fff0-433f-8c90-275ac4515dc8-profile_image-150x150.png?imenable=1&impolicy=user-profile-picture&imwidth=100","62891","Caltempa","0","15","0","0","918","0","0","false","false","Spanish","Caltempa"
"https://static-cdn.jtvnw.net/jtv_user_pictures/tasura1-profile_image-997423b88c5944e9-150x150.jpeg?imenable=1&impolicy=user-profile-picture&imwidth=100","62892","Tasura1","165","135","2","1","918","0","4","false","true","German","Tasura1"
"https://static-cdn.jtvnw.net/jtv_user_pictures/b5f40f34-e5ea-49e4-bc90-763b2c616c2b-profile_image-150x150.png?imenable=1&impolicy=user-profile-picture&imwidth=100","62893","MisaoDraw","570","135","11","4","918","1","13","false","true","Spanish","MisaoDraw"
"https://static-cdn.jtvnw.net/jtv_user_pictures/c856a656-36cd-4cda-9ab3-dba11ddaeb92-profile_image-150x150.png?imenable=1&impolicy=user-profile-picture&imwidth=100","62894","noizy","120","180","2","0","918","3","5","false","false","German","noizy"
"https://static-cdn.jtvnw.net/jtv_user_pictures/9f0fec47-274d-47d4-96db-6e41195bfce3-profile_image-150x150.png?imenable=1&impolicy=user-profile-picture&imwidth=100","62895","지클레프_ (gclef)","3945","1500","10","2","918","37","61","false","false","English","지클레프_ (gclef)"
"https://static-cdn.jtvnw.net/ttv-boxart/404_boxart.png?imenable=1&impolicy=user-profile-picture&imwidth=100","62896","SimplyFootball721","19875","1215","42","16","918","145","77","false","true","English","SimplyFootball721"
"https://static-cdn.jtvnw.net/jtv_user_pictures/dmgxd-profile_image-e120bee50881d5fb-150x150.jpeg?imenable=1&impolicy=user-profile-picture&imwidth=100","62897","DmGxD","53085","2685","58","19","918","82","1743","false","true","Russian","DmGxD"
"https://static-cdn.jtvnw.net/jtv_user_pictures/776e191e-db31-4b39-89e0-153cbf2f7adc-profile_image-150x150.png?imenable=1&impolicy=user-profile-picture&imwidth=100","62898","SaveTyme","0","195","1","0","918","0","0","false","false","English","SaveTyme"
"https://static-cdn.jtvnw.net/jtv_user_pictures/4da6cf2a-50c8-49e7-a07a-97464396ddfc-profile_image-150x150.png?imenable=1&impolicy=user-profile-picture&imwidth=100","62899","Miceyytv","18465","4530","15","3","918","126","256","false","false","English","Miceyytv"
"https://static-cdn.jtvnw.net/jtv_user_pictures/4f19d759-a12e-415a-9985-e2a33cee383d-profile_image-150x150.png?imenable=1&impolicy=user-profile-picture&imwidth=100","62900","hekkuz","30","45","2","0","918","0","1","false","false","Spanish","hekkuz"