"","","Channel","Watch time","Stream time","Peak viewers","Average viewers","Followers","Followers gained","Views gained","Partnered","Mature","Language",""
"https://static-cdn.jtvnw.net/jtv_user_pictures/dehhspark-profile_image-aa3ee96dcf956523-150x150.jpeg?imenable=1&impolicy=user-profile-picture&imwidth=100","54901","DehhSpark","840","105","14","8","1130","-22","36","false","false","English","DehhSpark"
"https://static-cdn.jtvnw.net/jtv_user_pictures/f786afeb-4214-472c-8e46-e8408b7cc69e-profile_image-150x150.png?imenable=1&impolicy=user-profile-picture&imwidth=100","54902","SoulyGaming","9405","3045","137","2","1130","177","190","false","true","English","SoulyGaming"
"https://static-cdn.jtvnw.net/jtv_user_pictures/4793e963-6451-4f7a-949c-fabee8c028c2-profile_image-150x150.png?imenable=1&impolicy=user-profile-picture&imwidth=100","54903","Purps","8400","3090","9","2","1130","6","33","false","false","English","Purps"
"https://static-cdn.jtvnw.net/jtv_user_pictures/a5f9a919-2e41-47b5-9f9f-c530399e7157-profile_image-150x150.png?imenable=1&impolicy=user-profile-picture&imwidth=100","54904","Fruzza","26295","6855","45","3","1130","1109","240","false","true","English","Fruzza"
"https://static-cdn.jtvnw.net/ttv-boxart/404_boxart.png?imenable=1&impolicy=user-profile-picture&imwidth=100","54905","followfleur","64800","2025","101","31","1129","1214","578","false","false","","followfleur"
"https://static-cdn.jtvnw.net/jtv_user_pictures/20760d8d-70e1-4a43-b889-5cf50f141250-profile_image-150x150.png?imenable=1&impolicy=user-profile-picture&imwidth=100","54906","Skaman1978","13395","5025","13","2","1129","75","217","false","false","English","Skaman1978"
"https://static-cdn.jtvnw.net/jtv_user_pictures/deac3a3c-bd8e-4f55-bf87-2c255c660237-profile_image-150x150.png?imenable=1&impolicy=user-profile-picture&imwidth=100","54907","Timmulah","0","30","0","0","1129","3","5","false","true","English","Timmulah"
"https://static-cdn.jtvnw.net/jtv_user_pictures/2b9e47cd-5faf-4ce2-ad83-7c438e21e2be-profile_image-150x150.png?imenable=1&impolicy=user-profile-picture&imwidth=100","54908","EdoBoii","74625","2460","121","30","1129","81","918","false","false","English","EdoBoii"
"https://static-cdn.jtvnw.net/jtv_user_pictures/fkknxbrilliant-profile_image-94acd416a3205e2a-150x150.jpeg?imenable=1&impolicy=user-profile-picture&imwidth=100","54909","fkknxbrilliant","40380","6585","22","5","1129","128","253","false","false","English","fkknxbrilliant"
"https://static-cdn.jtvnw.net/jtv_user_pictures/paradisecrew-profile_image-0625a452676c64d9-150x150.jpeg?imenable=1&impolicy=user-profile-picture&imwidth=100","54910","ParadiseCrew","58545","5805","63","9","1129","149","1256","false","true","German","ParadiseCrew"
"https://static-cdn.jtvnw.net/jtv_user_pictures/d2bd393c-da0b-4415-80f6-9481cc52aeaa-profile_image-150x150.png?imenable=1&impolicy=user-profile-picture&imwidth=100","54911","EliteReactionsTD","6000","3120","8","1","1129","53","28","false","true","English","EliteReactionsTD"
"https://static-cdn.jtvnw.net/jtv_user_pictures/elevens-profile_image-a5d5e5412a9e2d4c-150x150.png?imenable=1&impolicy=user-profile-picture&imwidth=100","54912","elevens","81345","6930","258","11","1129","77","378","false","true","English","elevens"
"https://static-cdn.jtvnw.net/jtv_user_pictures/epicping-profile_image-888536c1d909fba8-150x150.jpeg?imenable=1&impolicy=user-profile-picture&imwidth=100","54913","Epicping","11940","1470","18","7","1129","11","74","false","false","English","Epicping"
"https://static-cdn.jtvnw.net/jtv_user_pictures/231a3e05-99fb-4b49-a7f7-0746d85438da-profile_image-150x150.jpeg?imenable=1&impolicy=user-profile-picture&imwidth=100","54914","eifelexpress","5025","1170","10","3","1129","14","63","false","true","German","eifelexpress"
"https://static-cdn.jtvnw.net/jtv_user_pictures/pandorii-profile_image-89320b78dfd7aec7-150x150.jpeg?imenable=1&impolicy=user-profile-picture&imwidth=100","54915","Pandorii","11805","630","56","18","1129","50","133","false","true","English","Pandorii"
"https://static-cdn.jtvnw.net/jtv_user_pictures/3d6f91a9-994e-438c-8762-c490b16c620d-profile_image-150x150.jpg?imenable=1&impolicy=user-profile-picture&imwidth=100","54916","nwhun","450","180","4","2","1129","-2","2","false","false","Russian","nwhun"
"https://static-cdn.jtvnw.net/jtv_user_pictures/f577dc0f-9932-4d5e-8b91-9034a9a5d9e8-profile_image-150x150.png?imenable=1&impolicy=user-profile-picture&imwidth=100","54917","MemODelivery","105","30","4","3","1129","0","0","false","false","English","MemODelivery"
"https://static-cdn.jtvnw.net/jtv_user_pictures/zcedrick-profile_image-8e50b0dc9ab92a4e-150x150.jpeg?imenable=1&impolicy=user-profile-picture&imwidth=100","54918","zcedrick","750","45","30","16","1129","0","0","false","false","Spanish","zcedrick"
"https://static-cdn.jtvnw.net/jtv_user_pictures/bum_bum_broiler-profile_image-c4707a6141fcd257-150x150.jpeg?imenable=1&impolicy=user-profile-picture&imwidth=100","54919","Bum_Bum_Broiler","195","195","1","1","1129","0","6","false","true","German","Bum_Bum_Broiler"
"https://static-cdn.jtvnw.net/jtv_user_pictures/d98e52b7-d9d0-44c8-a04e-b42ac0f4aa3a-profile_image-150x150.png?imenable=1&impolicy=user-profile-picture&imwidth=100","54920","LumboJacko","285","210","3","1","1129","2","33","false","false","English","LumboJacko"
"https://static-cdn.jtvnw.net/jtv_user_pictures/manosnaruto-profile_image-cde3b23039e9558f-150x150.jpeg?imenable=1&impolicy=user-profile-picture&imwidth=100","54921","manosnaruto","17565","5160","13","2","1129","31","395","false","true","English","manosnaruto"
"https://static-cdn.jtvnw.net/jtv_user_pictures/f719b205-f085-4595-a9b0-37bb541fcb56-profile_image-150x150.png?imenable=1&impolicy=user-profile-picture&imwidth=100","54922","StarmerLive","126930","8550","40","14","1129","-181","166","false","true","English","StarmerLive"
"https://static-cdn.jtvnw.net/jtv_user_pictures/84a991bd-bbdf-48fb-a7ad-db049f5fd0a0-profile_image-150x150.png?imenable=1&impolicy=user-profile-picture&imwidth=100","54923","爆擊 (hsb_02)","13620","6960","9","1","1129","4","227","false","true","Chinese","爆擊 (hsb_02)"
"https://static-cdn.jtvnw.net/jtv_user_pictures/ca934013-4dc2-4eee-95b8-2d6a59a08ca9-profile_image-150x150.png?imenable=1&impolicy=user-profile-picture&imwidth=100","54924","CaptianAir","135","105","2","0","1129","0","2","false","true","English","CaptianAir"
"https://static-cdn.jtvnw.net/jtv_user_pictures/bimbomcgamer-profile_image-272886fddceb4ab8-150x150.jpeg?imenable=1&impolicy=user-profile-picture&imwidth=100","54925","Bimbomcgamer","21090","2460","21","8","1129","220","637","false","true","Spanish","Bimbomcgamer"
"https://static-cdn.jtvnw.net/jtv_user_pictures/maetsonlive-profile_image-134caa6b5973de09-150x150.png?imenable=1&impolicy=user-profile-picture&imwidth=100","54926","MaetsonLive","8445","750","22","10","1129","84","275","false","false","","MaetsonLive"
"https://static-cdn.jtvnw.net/jtv_user_pictures/zarine-profile_image-610cccb774ef379d-150x150.png?imenable=1&impolicy=user-profile-picture&imwidth=100","54927","Zarine","1740","945","5","1","1129","3","75","false","false","French","Zarine"
"https://static-cdn.jtvnw.net/jtv_user_pictures/69242999-3f3f-46b5-a8ed-db65ca28b5c0-profile_image-150x150.jpg?imenable=1&impolicy=user-profile-picture&imwidth=100","54928","BeastInfernoStudios","1590","285","10","5","1129","6","17","false","true","English","BeastInfernoStudios"
"https://static-cdn.jtvnw.net/jtv_user_pictures/e892b278-dd7a-447c-8935-d7855df5edb8-profile_image-150x150.jpg?imenable=1&impolicy=user-profile-picture&imwidth=100","54929","FerKenobi","34110","6150","17","5","1129","121","1396","false","false","Portuguese","FerKenobi"
"https://static-cdn.jtvnw.net/jtv_user_pictures/a75910ff-0708-46f7-904a-1556fea796fa-profile_image-150x150.png?imenable=1&impolicy=user-profile-picture&imwidth=100","54930","KiriKatt","13725","4995","11","2","1129","15","120","false","true","English","KiriKatt"
"https://static-cdn.jtvnw.net/jtv_user_pictures/sanescurr-profile_image-0ca75e9cd53bb43a-150x150.png?imenable=1&impolicy=user-profile-picture&imwidth=100","54931","SaneScurr","810","465","5","1","1129","0","51","false","false","German","SaneScurr"
"https://static-cdn.jtvnw.net/jtv_user_pictures/petertheeviltediz-profile_image-c6c6b1fb124ce34d-150x150.png?imenable=1&impolicy=user-profile-picture&imwidth=100","54932","PeterTheEvilTediz","390","525","3","0","1129","-1","24","false","false","English","PeterTheEvilTediz"
"https://static-cdn.jtvnw.net/jtv_user_pictures/kloj00-profile_image-dde7b92ccf9cdcd7-150x150.png?imenable=1&impolicy=user-profile-picture&imwidth=100","54933","kloj00","810","465","5","1","1129","0","63","false","false","Spanish","kloj00"
"https://static-cdn.jtvnw.net/jtv_user_pictures/ezzybtv-profile_image-9676822969cbbd68-150x150.jpeg?imenable=1&impolicy=user-profile-picture&imwidth=100","54934","EzzyBTV","2745","900","13","2","1129","3","73","false","false","Swedish","EzzyBTV"
"https://static-cdn.jtvnw.net/jtv_user_pictures/da25821a-6f02-4891-9bfe-df98e642830d-profile_image-150x150.png?imenable=1&impolicy=user-profile-picture&imwidth=100","54935","SirWizAlot","345","465","3","0","1129","6","11","false","false","English","SirWizAlot"
"https://static-cdn.jtvnw.net/jtv_user_pictures/a960007c-3e2c-46a5-862d-2d01702ceeae-profile_image-150x150.png?imenable=1&impolicy=user-profile-picture&imwidth=100","54936","below_average_brad","90","90","1","1","1129","0","0","false","false","English","below_average_brad"
"https://static-cdn.jtvnw.net/jtv_user_pictures/65849773-8fce-4a15-b36f-4b4e9a581e6c-profile_image-150x150.jpg?imenable=1&impolicy=user-profile-picture&imwidth=100","54937","KraZii_PunK","45225","8880","14","4","1129","62","108","false","true","English","KraZii_PunK"
"https://static-cdn.jtvnw.net/jtv_user_pictures/team_mikiankatv-profile_image-4d67354f42d95ec3-150x150.jpeg?imenable=1&impolicy=user-profile-picture&imwidth=100","54938","Team_MikiAnkaTV","18540","2040","36","8","1129","90","676","false","true","French","Team_MikiAnkaTV"
"https://static-cdn.jtvnw.net/jtv_user_pictures/afd24c6c-e0cf-49a7-a0c3-aea3758c635c-profile_image-150x150.png?imenable=1&impolicy=user-profile-picture&imwidth=100","54939","TaitFox","18285","1890","93","9","1129","7","111","false","true","English","TaitFox"
"https://static-cdn.jtvnw.net/jtv_user_pictures/isaintseer-profile_image-4ec33fe124bdce6d-150x150.png?imenable=1&impolicy=user-profile-picture&imwidth=100","54940","ISaintSeer","37335","3030","61","11","1129","34","1281","false","false","English","ISaintSeer"
"https://static-cdn.jtvnw.net/jtv_user_pictures/bd1f4fe6-aa9c-4b08-a582-1f01de41a86d-profile_image-150x150.png?imenable=1&impolicy=user-profile-picture&imwidth=100","54941","Hollywood_lowkey","8055","2190","12","3","1129","-97","55","false","true","English","Hollywood_lowkey"
"https://static-cdn.jtvnw.net/jtv_user_pictures/maestrogames-profile_image-95fac9387b162294-150x150.png?imenable=1&impolicy=user-profile-picture&imwidth=100","54942","MaestroGames","10695","2100","13","4","1129","-17","120","false","false","English","MaestroGames"
"https://static-cdn.jtvnw.net/jtv_user_pictures/97654e6392e2b61f-profile_image-150x150.png?imenable=1&impolicy=user-profile-picture&imwidth=100","54943","Goud","13395","3240","10","3","1129","17","81","false","true","English","Goud"
"https://static-cdn.jtvnw.net/jtv_user_pictures/e27e3bb3-ef19-4acd-bb89-9877898ee9e9-profile_image-150x150.png?imenable=1&impolicy=user-profile-picture&imwidth=100","54944","AlinaOverpowered","0","15","0","0","1128","0","0","false","true","Spanish","AlinaOverpowered"
"https://static-cdn.jtvnw.net/jtv_user_pictures/2828fa29-d625-4176-95ee-ac2524deae8b-profile_image-150x150.png?imenable=1&impolicy=user-profile-picture&imwidth=100","54945","DoBetterTim","45","60","2","0","1128","1","1","false","true","English","DoBetterTim"
"https://static-cdn.jtvnw.net/jtv_user_pictures/33dc68e7-cef5-4093-be13-ec0b42a9c8e2-profile_image-150x150.png?imenable=1&impolicy=user-profile-picture&imwidth=100","54946","youngflex1017","11280","2415","17","4","1128","337","3773","false","false","Russian","youngflex1017"
"https://static-cdn.jtvnw.net/jtv_user_pictures/069c7e6d-df4a-4755-b71a-73256adffaef-profile_image-150x150.png?imenable=1&impolicy=user-profile-picture&imwidth=100","54947","IzzyTheLame","1035","375","7","2","1128","10","11","false","false","English","IzzyTheLame"
"https://static-cdn.jtvnw.net/jtv_user_pictures/adurien-profile_image-cb1983354e37b12c-150x150.jpeg?imenable=1&impolicy=user-profile-picture&imwidth=100","54948","Adurien","5445","315","77","17","1128","982","34595","false","false","","Adurien"
"https://static-cdn.jtvnw.net/jtv_user_pictures/alego22-profile_image-67445a01125c42fe-150x150.png?imenable=1&impolicy=user-profile-picture&imwidth=100","54949","Alego22","35850","3450","34","9","1128","182","628","false","true","Russian","Alego22"
"https://static-cdn.jtvnw.net/jtv_user_pictures/03216b5b-e52e-431d-af11-043ebefe3f52-profile_image-150x150.png?imenable=1&impolicy=user-profile-picture&imwidth=100","54950","milch1997","750","315","5","2","1128","6","157","false","false","Russian","milch1997"
"https://static-cdn.jtvnw.net/jtv_user_pictures/1322e7e4-cfc0-466b-9f04-cb032ed87c07-profile_image-150x150.png?imenable=1&impolicy=user-profile-picture&imwidth=100","54951","deekay64","5115","5130","6","0","1128","22","40","false","true","English","deekay64"
"https://static-cdn.jtvnw.net/jtv_user_pictures/almighty_timo2x-profile_image-d07c132bbd20d83f-150x150.jpeg?imenable=1&impolicy=user-profile-picture&imwidth=100","54952","almighty_timo2x","115425","2670","171","42","1128","205","53","false","false","English","almighty_timo2x"
"https://static-cdn.jtvnw.net/jtv_user_pictures/salvoshow-profile_image-4d81635075fdaa2f-150x150.jpeg?imenable=1&impolicy=user-profile-picture&imwidth=100","54953","SalvoShow","1830","720","7","2","1128","6","151","false","false","Italian","SalvoShow"
"https://static-cdn.jtvnw.net/jtv_user_pictures/lancho-profile_image-cc2a729bf628e5ed-150x150.png?imenable=1&impolicy=user-profile-picture&imwidth=100","54954","Lancho","448215","6060","195","73","1128","559","5074","false","false","","Lancho"
"https://static-cdn.jtvnw.net/jtv_user_pictures/thegodcesar-profile_image-e1c28bbbb1cf596d-150x150.png?imenable=1&impolicy=user-profile-picture&imwidth=100","54955","TheGodCesar","51555","6600","39","7","1128","156","195","false","false","English","TheGodCesar"
"https://static-cdn.jtvnw.net/jtv_user_pictures/e4e2e7343-profile_image-0fc8e044c1507b6e-150x150.png?imenable=1&impolicy=user-profile-picture&imwidth=100","54956","唐納川普 (e4e2e7343)","750","330","6","2","1128","0","17","false","true","Chinese","唐納川普 (e4e2e7343)"
"https://static-cdn.jtvnw.net/jtv_user_pictures/26c6dd09-275a-413f-8ea6-bd78bba612fd-profile_image-150x150.png?imenable=1&impolicy=user-profile-picture&imwidth=100","54957","WuTolas","51855","5730","39","8","1128","-56","958","false","true","English","WuTolas"
"https://static-cdn.jtvnw.net/jtv_user_pictures/831df91f-ba0f-407b-a5a0-ba69ba7a2db9-profile_image-150x150.png?imenable=1&impolicy=user-profile-picture&imwidth=100","54958","Zanderion","8445","3825","8","1","1128","15","147","false","true","English","Zanderion"
"https://static-cdn.jtvnw.net/ttv-boxart/404_boxart.png?imenable=1&impolicy=user-profile-picture&imwidth=100","54959","MasterGberry","140430","285","1268","492","1128","653","1269","false","false","English","MasterGberry"
"https://static-cdn.jtvnw.net/jtv_user_pictures/584a63ef-63fc-43e2-b7d6-e2c7f06cec41-profile_image-150x150.png?imenable=1&impolicy=user-profile-picture&imwidth=100","54960","Jnick","405","405","2","1","1128","0","1","false","false","English","Jnick"
"https://static-cdn.jtvnw.net/jtv_user_pictures/yukavv-profile_image-0afea41402dd6489-150x150.jpeg?imenable=1&impolicy=user-profile-picture&imwidth=100","54961","yukavv","8850","330","41","26","1128","15","416","false","false","","yukavv"
"https://static-cdn.jtvnw.net/jtv_user_pictures/b366dc36-1cdc-4128-9c40-52a3c291ae3d-profile_image-150x150.png?imenable=1&impolicy=user-profile-picture&imwidth=100","54962","DerBergbaron","2955","1095","7","2","1128","9","172","false","true","German","DerBergbaron"
"https://static-cdn.jtvnw.net/jtv_user_pictures/8be80093-e794-4cc9-bb28-d797d90558fc-profile_image-150x150.jpg?imenable=1&impolicy=user-profile-picture&imwidth=100","54963","XSV_Shark","195","225","13","0","1128","5","17","false","true","English","XSV_Shark"
"https://static-cdn.jtvnw.net/jtv_user_pictures/80874df448122cad-profile_image-150x150.png?imenable=1&impolicy=user-profile-picture&imwidth=100","54964","FCUTREG31","2640","1470","6","1","1128","15","37","false","false","Dutch","FCUTREG31"
"https://static-cdn.jtvnw.net/jtv_user_pictures/dabreen-profile_image-35d445738c9b05f7-150x150.png?imenable=1&impolicy=user-profile-picture&imwidth=100","54965","dabrEEn","27195","7230","15","3","1128","100","312","false","true","English","dabrEEn"
"https://static-cdn.jtvnw.net/jtv_user_pictures/bboytonil-profile_image-9bf2e8869af34b38-150x150.png?imenable=1&impolicy=user-profile-picture&imwidth=100","54966","BBoyTonil","915","105","14","8","1128","7","25","false","false","Polish","BBoyTonil"
"https://static-cdn.jtvnw.net/jtv_user_pictures/934e4bc1-92c1-4ec2-ab4b-787c1d1c25bf-profile_image-150x150.png?imenable=1&impolicy=user-profile-picture&imwidth=100","54967","N1casinobonus","40950","5550","83","6","1128","163","166","false","true","English","N1casinobonus"
"https://static-cdn.jtvnw.net/jtv_user_pictures/mikedabeast215-profile_image-010d069b6c7a34df-150x150.jpeg?imenable=1&impolicy=user-profile-picture&imwidth=100","54968","Mikedabeast215","54795","6030","32","8","1128","50","213","false","true","English","Mikedabeast215"
"https://static-cdn.jtvnw.net/user-default-pictures-uv/dbdc9198-def8-11e9-8681-784f43822e80-profile_image-150x150.png?imenable=1&impolicy=user-profile-picture&imwidth=100","54969","GixG17","9270","480","31","18","1128","1","57","false","false","English","GixG17"
"https://static-cdn.jtvnw.net/jtv_user_pictures/f50ec825-460b-448b-8aad-cfe022e86226-profile_image-150x150.png?imenable=1&impolicy=user-profile-picture&imwidth=100","54970","Aideen","270","120","5","2","1128","1","14","false","true","German","Aideen"
"https://static-cdn.jtvnw.net/jtv_user_pictures/047f3d54-5cae-4783-839c-65471d4ec92a-profile_image-150x150.jpg?imenable=1&impolicy=user-profile-picture&imwidth=100","54971","Luffy_JV","3165","2475","9","0","1128","33","55","false","true","Spanish","Luffy_JV"
"https://static-cdn.jtvnw.net/jtv_user_pictures/icedhulk-profile_image-39aefe512449135b-150x150.jpeg?imenable=1&impolicy=user-profile-picture&imwidth=100","54972","IcedHulk","260250","8130","188","31","1128","140","2508","false","true","English","IcedHulk"
"https://static-cdn.jtvnw.net/jtv_user_pictures/f16aa54b-2729-4784-86e3-753a97661ff9-profile_image-150x150.png?imenable=1&impolicy=user-profile-picture&imwidth=100","54973","SirJamesParker","45","60","2","0","1128","0","0","true","false","English","SirJamesParker"
"https://static-cdn.jtvnw.net/jtv_user_pictures/6b66b06deaa9c1b0-profile_image-150x150.png?imenable=1&impolicy=user-profile-picture&imwidth=100","54974","Danien_Dac","75885","9015","22","7","1128","41","214","false","false","English","Danien_Dac"
"https://static-cdn.jtvnw.net/jtv_user_pictures/3951be75-c632-466f-9401-183c54000e80-profile_image-150x150.png?imenable=1&impolicy=user-profile-picture&imwidth=100","54975","Boopskittle","15135","4050","10","3","1128","27","107","false","true","English","Boopskittle"
"https://static-cdn.jtvnw.net/jtv_user_pictures/05f4db87-4ae0-4250-b26c-ea48fdb86359-profile_image-150x150.png?imenable=1&impolicy=user-profile-picture&imwidth=100","54976","Chroste","11580","3435","13","2","1128","53","316","false","false","French","Chroste"
"https://static-cdn.jtvnw.net/jtv_user_pictures/0aa08857-e33b-4701-82a2-0b64cd53ef07-profile_image-150x150.png?imenable=1&impolicy=user-profile-picture&imwidth=100","54977","藍色風暴 (pcnetworld)","58455","4860","82","11","1128","18","1772","false","true","Chinese","藍色風暴 (pcnetworld)"
"http://static-cdn.jtvnw.net/jtv_user_pictures/tacostream-profile_image-0e2b4f288187ad80-150x150.png?imenable=1&impolicy=user-profile-picture&imwidth=100","54978","TacoStream","1380","165","12","8","1128","0","4","false","true","","TacoStream"
"https://static-cdn.jtvnw.net/jtv_user_pictures/533c5809-e12a-460a-b468-f6e86b1bd369-profile_image-150x150.png?imenable=1&impolicy=user-profile-picture&imwidth=100","54979","snackayy","28260","6450","11","3","1128","17","133","false","false","English","snackayy"
"https://static-cdn.jtvnw.net/jtv_user_pictures/peterthomas6-profile_image-a5ebe827d5f1884d-150x150.png?imenable=1&impolicy=user-profile-picture&imwidth=100","54980","PeterThomas6","38700","4815","61","7","1128","38","233","false","true","English","PeterThomas6"
"https://static-cdn.jtvnw.net/jtv_user_pictures/unstablelive-profile_image-c88f7baa0d6a97b3-150x150.png?imenable=1&impolicy=user-profile-picture&imwidth=100","54981","UnstableLive","330","135","4","2","1128","0","3","false","false","English","UnstableLive"
"https://static-cdn.jtvnw.net/jtv_user_pictures/fda4dace-9975-4cce-aa7f-008a5038ffab-profile_image-150x150.jpeg?imenable=1&impolicy=user-profile-picture&imwidth=100","54982","arianaskripnik","30","15","2","2","1127","0","0","false","false","Russian","arianaskripnik"
"https://static-cdn.jtvnw.net/jtv_user_pictures/a22_tv-profile_image-537ac8ac34022fd2-150x150.png?imenable=1&impolicy=user-profile-picture&imwidth=100","54983","A22_TV","360","300","4","0","1127","3","8","false","false","English","A22_TV"
"https://static-cdn.jtvnw.net/jtv_user_pictures/xjwill-profile_image-166d6345850c6b19-150x150.png?imenable=1&impolicy=user-profile-picture&imwidth=100","54984","xJWiLL","42765","5100","21","7","1127","123","374","false","false","English","xJWiLL"
"https://static-cdn.jtvnw.net/jtv_user_pictures/b834958a-c4ed-41d9-8990-3796cf304cd6-profile_image-150x150.png?imenable=1&impolicy=user-profile-picture&imwidth=100","54985","Primtalet","495","135","6","3","1127","-9","13","false","false","English","Primtalet"
"https://static-cdn.jtvnw.net/jtv_user_pictures/a4740cc12ef5b76b-profile_image-150x150.jpeg?imenable=1&impolicy=user-profile-picture&imwidth=100","54986","tonyapredko","2895","210","48","13","1127","17","44","false","false","Russian","tonyapredko"
"https://static-cdn.jtvnw.net/jtv_user_pictures/j0hnnygame-profile_image-fb1d4f936f614d0b-150x150.jpeg?imenable=1&impolicy=user-profile-picture&imwidth=100","54987","j0hnnygame","12450","705","53","17","1127","277","307","false","false","","j0hnnygame"
"https://static-cdn.jtvnw.net/jtv_user_pictures/675a272d-87c5-4b2c-9825-9c9b01c82e2f-profile_image-150x150.png?imenable=1&impolicy=user-profile-picture&imwidth=100","54988","RandomReign","14550","4755","7","2","1127","46","49","false","false","English","RandomReign"
"https://static-cdn.jtvnw.net/jtv_user_pictures/38bf692f-467a-4d15-aed7-63e2cd4bce4e-profile_image-150x150.png?imenable=1&impolicy=user-profile-picture&imwidth=100","54989","Mello_penguin","60","90","1","0","1127","0","0","false","false","English","Mello_penguin"
"https://static-cdn.jtvnw.net/jtv_user_pictures/ringo711-profile_image-4670fec538e9bdb8-150x150.png?imenable=1&impolicy=user-profile-picture&imwidth=100","54990","Ringo711","69975","6915","80","9","1127","986","292","false","false","English","Ringo711"
"https://static-cdn.jtvnw.net/jtv_user_pictures/soapy777-profile_image-24d5ccd7ad02ea6c-150x150.jpeg?imenable=1&impolicy=user-profile-picture&imwidth=100","54991","Soapy777","210","135","3","1","1127","0","16","false","true","English","Soapy777"
"https://static-cdn.jtvnw.net/jtv_user_pictures/gamerbrux-profile_image-12972e9e3f1f8a37-150x150.jpeg?imenable=1&impolicy=user-profile-picture&imwidth=100","54992","GamerBrux","42870","2265","72","18","1127","170","1870","false","false","Turkish","GamerBrux"
"https://static-cdn.jtvnw.net/jtv_user_pictures/kumar___-profile_image-604498d43dc0e749-150x150.jpeg?imenable=1&impolicy=user-profile-picture&imwidth=100","54993","KuMaR___","2835","2100","4","0","1127","964","39","false","false","","KuMaR___"
"https://static-cdn.jtvnw.net/jtv_user_pictures/prodigyxfifa14-profile_image-ce209d1a41a0dac4-150x150.png?imenable=1&impolicy=user-profile-picture&imwidth=100","54994","Prodigyxfifa14","390","165","9","2","1127","6","9","false","false","","Prodigyxfifa14"
"https://static-cdn.jtvnw.net/jtv_user_pictures/r1segago-profile_image-352566dbfdac76e6-150x150.png?imenable=1&impolicy=user-profile-picture&imwidth=100","54995","r1segago","3285","240","40","13","1127","38","294","false","false","","r1segago"
"https://static-cdn.jtvnw.net/jtv_user_pictures/47b39c12-ff96-4ba7-95bf-2899406e3000-profile_image-150x150.jpeg?imenable=1&impolicy=user-profile-picture&imwidth=100","54996","Kodzo","75","45","4","1","1127","0","0","false","true","English","Kodzo"
"https://static-cdn.jtvnw.net/jtv_user_pictures/killjeden_92-profile_image-8bb126b67465395d-150x150.jpeg?imenable=1&impolicy=user-profile-picture&imwidth=100","54997","Killjeden_92","1095","975","8","0","1127","1","50","false","false","Russian","Killjeden_92"
"https://static-cdn.jtvnw.net/jtv_user_pictures/d500a3ad-9641-4c30-84d3-e8877c09f72a-profile_image-150x150.jpg?imenable=1&impolicy=user-profile-picture&imwidth=100","54998","swift_qq","45075","1845","148","23","1127","3","2408","false","true","Russian","swift_qq"
"https://static-cdn.jtvnw.net/jtv_user_pictures/65246863-f3db-4f30-827e-921882ce2a78-profile_image-150x150.png?imenable=1&impolicy=user-profile-picture&imwidth=100","54999","AsDeFrance","8460","1305","16","6","1127","66","58","false","false","French","AsDeFrance"
"https://static-cdn.jtvnw.net/jtv_user_pictures/egga49gooner-profile_image-186811762ebf431d-150x150.jpeg?imenable=1&impolicy=user-profile-picture&imwidth=100","55000","Egga49gooner","54510","4890","105","10","1127","83","314","false","true","English","Egga49gooner"