"","","Channel","Watch time","Stream time","Peak viewers","Average viewers","Followers","Followers gained","Views gained","Partnered","Mature","Language",""
"https://static-cdn.jtvnw.net/jtv_user_pictures/2163d7b1-ab0d-4ff9-8588-181beb8f6855-profile_image-150x150.png?imenable=1&impolicy=user-profile-picture&imwidth=100","61201","ProloBoss","60","90","2","0","963","0","1","false","true","German","ProloBoss"
"https://static-cdn.jtvnw.net/jtv_user_pictures/6fab9190-8b92-42e8-a029-4be2b54a51e5-profile_image-150x150.jpg?imenable=1&impolicy=user-profile-picture&imwidth=100","61202","tontonpanda33","0","45","0","0","963","0","0","false","false","French","tontonpanda33"
"https://static-cdn.jtvnw.net/jtv_user_pictures/8322c355-105e-4fe1-a2c5-8ae9507649a2-profile_image-150x150.png?imenable=1&impolicy=user-profile-picture&imwidth=100","61203","KingCharlesOG","65430","14130","22","4","963","101","137","false","true","English","KingCharlesOG"
"https://static-cdn.jtvnw.net/jtv_user_pictures/redatech-profile_image-ec355fde4baf41bb-150x150.png?imenable=1&impolicy=user-profile-picture&imwidth=100","61204","RedaTech","42435","6735","36","5","963","175","414","false","false","French","RedaTech"
"https://static-cdn.jtvnw.net/jtv_user_pictures/b841fc15-1841-4bb9-9aeb-a9e6734046d3-profile_image-150x150.png?imenable=1&impolicy=user-profile-picture&imwidth=100","61205","XFUMATE","15","45","1","0","963","0","2","false","false","Russian","XFUMATE"
"https://static-cdn.jtvnw.net/user-default-pictures-uv/cdd517fe-def4-11e9-948e-784f43822e80-profile_image-150x150.png?imenable=1&impolicy=user-profile-picture&imwidth=100","61206","anunnakiflow","15","60","1","0","963","0","0","false","false","Russian","anunnakiflow"
"https://static-cdn.jtvnw.net/jtv_user_pictures/b965ab25-5325-4df5-9f67-acb9c0016c08-profile_image-150x150.png?imenable=1&impolicy=user-profile-picture&imwidth=100","61207","CallMeAlsa","15","30","1","0","963","0","0","false","true","English","CallMeAlsa"
"https://static-cdn.jtvnw.net/jtv_user_pictures/b671895c-0cf5-47cf-a433-b6c6ff303012-profile_image-150x150.png?imenable=1&impolicy=user-profile-picture&imwidth=100","61208","Kapily","18270","2025","22","8","963","90","200","false","true","English","Kapily"
"https://static-cdn.jtvnw.net/jtv_user_pictures/d4f93225-f7fa-430b-9a94-4383901feb06-profile_image-150x150.png?imenable=1&impolicy=user-profile-picture&imwidth=100","61209","1337F33T","43950","5640","38","7","963","171","907","false","false","English","1337F33T"
"https://static-cdn.jtvnw.net/jtv_user_pictures/cd539793-180d-4835-81f8-15ade46ed845-profile_image-150x150.png?imenable=1&impolicy=user-profile-picture&imwidth=100","61210","jryoko","15","105","1","0","963","0","1","false","true","English","jryoko"
"https://static-cdn.jtvnw.net/jtv_user_pictures/0137a82d-f549-4b2d-bd16-b0da44163f27-profile_image-150x150.jpg?imenable=1&impolicy=user-profile-picture&imwidth=100","61211","Trollchy","4620","930","23","4","963","12","215","false","false","English","Trollchy"
"https://static-cdn.jtvnw.net/jtv_user_pictures/b156db39-b539-453d-986f-0ff8cd5b2e17-profile_image-150x150.jpg?imenable=1&impolicy=user-profile-picture&imwidth=100","61212","machine424","14055","375","85","37","963","997","4999","false","true","English","machine424"
"https://static-cdn.jtvnw.net/jtv_user_pictures/87f7f16c-6810-4e9a-b614-1df892f912bb-profile_image-150x150.png?imenable=1&impolicy=user-profile-picture&imwidth=100","61213","OmegabladeX","119895","8790","30","13","963","109","367","false","true","English","OmegabladeX"
"https://static-cdn.jtvnw.net/jtv_user_pictures/tafikay-profile_image-e5a4010de4465b1e-150x150.jpeg?imenable=1&impolicy=user-profile-picture&imwidth=100","61214","Tafikay","12165","1425","31","8","963","12","87","false","false","Dutch","Tafikay"
"https://static-cdn.jtvnw.net/jtv_user_pictures/tiditidi-profile_image-386ce0e481ad2e43-150x150.png?imenable=1&impolicy=user-profile-picture&imwidth=100","61215","tiditidi","18315","3240","19","5","963","6","77","false","false","English","tiditidi"
"https://static-cdn.jtvnw.net/jtv_user_pictures/0e285c0f6864e635-profile_image-150x150.png?imenable=1&impolicy=user-profile-picture&imwidth=100","61216","Mr_Red_Dragon","2565","135","25","18","963","3","31","false","false","English","Mr_Red_Dragon"
"https://static-cdn.jtvnw.net/jtv_user_pictures/justjonnoo-profile_image-f336e6f9a1bf1b4c-150x150.jpeg?imenable=1&impolicy=user-profile-picture&imwidth=100","61217","JustJonnoo","25350","720","114","34","963","102","2151","true","false","English","JustJonnoo"
"https://static-cdn.jtvnw.net/jtv_user_pictures/insils-profile_image-095ac7743f4c3573-150x150.jpeg?imenable=1&impolicy=user-profile-picture&imwidth=100","61218","Insils","1500","120","16","12","963","0","0","false","false","English","Insils"
"https://static-cdn.jtvnw.net/jtv_user_pictures/1a0cc2c7-a837-46ef-b574-318523369027-profile_image-150x150.png?imenable=1&impolicy=user-profile-picture&imwidth=100","61219","DrAssenov","1035","405","6","2","963","4","64","false","true","English","DrAssenov"
"https://static-cdn.jtvnw.net/jtv_user_pictures/mychomizertv-profile_image-857a8e9cfe31280a-150x150.jpeg?imenable=1&impolicy=user-profile-picture&imwidth=100","61220","MychomizerTV","510","285","4","1","963","-3","7","false","true","Swedish","MychomizerTV"
"https://static-cdn.jtvnw.net/jtv_user_pictures/letnek-profile_image-9ef3dd51557678fe-150x150.png?imenable=1&impolicy=user-profile-picture&imwidth=100","61221","Letnek","3555","600","11","5","963","11","21","false","false","English","Letnek"
"https://static-cdn.jtvnw.net/jtv_user_pictures/warrfie-profile_image-ead249505a8c5b36-150x150.png?imenable=1&impolicy=user-profile-picture&imwidth=100","61222","Warrfie","53505","3435","159","15","963","248","768","false","true","Russian","Warrfie"
"https://static-cdn.jtvnw.net/jtv_user_pictures/zomdee3-profile_image-72422f68ab734a13-150x150.jpeg?imenable=1&impolicy=user-profile-picture&imwidth=100","61223","ZomDee3","4260","555","17","7","963","32","32","false","true","English","ZomDee3"
"https://static-cdn.jtvnw.net/jtv_user_pictures/cd8f439c-5d24-4fe7-bd30-85d1b74e9361-profile_image-150x150.png?imenable=1&impolicy=user-profile-picture&imwidth=100","61224","spookyots","1620","570","9","2","963","-4","24","false","false","English","spookyots"
"https://static-cdn.jtvnw.net/jtv_user_pictures/musicking2000-profile_image-d4ee4d85ae1c9fc6-150x150.png?imenable=1&impolicy=user-profile-picture&imwidth=100","61225","MusicKing2000","750","375","4","1","963","0","13","false","true","English","MusicKing2000"
"https://static-cdn.jtvnw.net/jtv_user_pictures/219a05b9-dfca-4524-9236-541762427489-profile_image-150x150.png?imenable=1&impolicy=user-profile-picture&imwidth=100","61226","sibarena_ru","0","150","0","0","963","0","6","false","false","Russian","sibarena_ru"
"https://static-cdn.jtvnw.net/jtv_user_pictures/9a6a662f-813f-4f41-b6fe-17d7b82e5fc8-profile_image-150x150.png?imenable=1&impolicy=user-profile-picture&imwidth=100","61227","melis","4800","210","31","22","963","4","79","false","false","English","melis"
"https://static-cdn.jtvnw.net/jtv_user_pictures/p3nnypie-profile_image-2051767fa95792f6-150x150.jpeg?imenable=1&impolicy=user-profile-picture&imwidth=100","61228","p3nnypie","4230","225","27","18","963","14","79","false","false","Swedish","p3nnypie"
"https://static-cdn.jtvnw.net/jtv_user_pictures/the_un1que-profile_image-d5d65d2727c38a44-150x150.jpeg?imenable=1&impolicy=user-profile-picture&imwidth=100","61229","The_Un1que","5430","420","26","12","963","19","194","false","false","English","The_Un1que"
"https://static-cdn.jtvnw.net/jtv_user_pictures/94fec065-a6ae-4f8f-a8e8-db7d360af16f-profile_image-150x150.jpeg?imenable=1&impolicy=user-profile-picture&imwidth=100","61230","SetoKousuke_","360","90","7","4","963","1","9","false","false","English","SetoKousuke_"
"https://static-cdn.jtvnw.net/jtv_user_pictures/17cc6fb3-9fae-463b-b356-842f8e8503e1-profile_image-150x150.png?imenable=1&impolicy=user-profile-picture&imwidth=100","61231","THE_Enimal","1275","405","8","2","963","1","23","false","true","Italian","THE_Enimal"
"https://static-cdn.jtvnw.net/jtv_user_pictures/itsneohd-profile_image-67b59b603f26f92e-150x150.jpeg?imenable=1&impolicy=user-profile-picture&imwidth=100","61232","ItsNeoHD","30","45","2","0","963","0","0","false","false","English","ItsNeoHD"
"https://static-cdn.jtvnw.net/jtv_user_pictures/biglaw-profile_image-67639d5c4f402dbe-150x150.jpeg?imenable=1&impolicy=user-profile-picture&imwidth=100","61233","Biglaw","15","15","1","1","962","0","0","false","true","English","Biglaw"
"https://static-cdn.jtvnw.net/jtv_user_pictures/mikeytlive-profile_image-97c66dabc716eef8-150x150.png?imenable=1&impolicy=user-profile-picture&imwidth=100","61234","MikeyTLive","1020","480","5","1","962","7","33","false","false","English","MikeyTLive"
"https://static-cdn.jtvnw.net/jtv_user_pictures/pestynka-profile_image-4575fa47d3c03cd3-150x150.jpeg?imenable=1&impolicy=user-profile-picture&imwidth=100","61235","Pestynka","0","15","0","0","962","0","0","false","true","Polish","Pestynka"
"https://static-cdn.jtvnw.net/jtv_user_pictures/150a4bbf-bee6-4c3d-a9a0-3a850fa7aea8-profile_image-150x150.png?imenable=1&impolicy=user-profile-picture&imwidth=100","61236","yokatiee","165","135","4","1","962","0","0","false","true","English","yokatiee"
"https://static-cdn.jtvnw.net/jtv_user_pictures/ccanmcmper-profile_image-5bcc41d1094ff2ff-150x150.jpeg?imenable=1&impolicy=user-profile-picture&imwidth=100","61237","ccanmcmper","103830","3795","91","26","962","125","1997","false","false","Chinese","ccanmcmper"
"https://static-cdn.jtvnw.net/jtv_user_pictures/8fe4c71e-e864-44c5-a061-62148bc8a5a6-profile_image-150x150.png?imenable=1&impolicy=user-profile-picture&imwidth=100","61238","Spyr0_CS","8775","1575","16","5","962","31","268","false","true","German","Spyr0_CS"
"https://static-cdn.jtvnw.net/jtv_user_pictures/69dd4de1-4b83-41ff-b96f-8e12cfa8d43e-profile_image-150x150.png?imenable=1&impolicy=user-profile-picture&imwidth=100","61239","Exhibits","105","30","4","3","962","0","0","false","true","English","Exhibits"
"https://static-cdn.jtvnw.net/jtv_user_pictures/4ba45b5b-2efe-4361-8e89-bfdc61824705-profile_image-150x150.png?imenable=1&impolicy=user-profile-picture&imwidth=100","61240","Blursz","570","540","6","0","962","1","1","false","false","English","Blursz"
"https://static-cdn.jtvnw.net/jtv_user_pictures/e3c5b13104279f16-profile_image-150x150.png?imenable=1&impolicy=user-profile-picture&imwidth=100","61241","LightzOut_TV","12255","3240","9","3","962","12","145","false","true","German","LightzOut_TV"
"https://static-cdn.jtvnw.net/jtv_user_pictures/gambit_tides-profile_image-1a6539e9bd83a80a-150x150.png?imenable=1&impolicy=user-profile-picture&imwidth=100","61242","Gambit_Tides","17850","2085","26","7","962","33","108","false","true","English","Gambit_Tides"
"https://static-cdn.jtvnw.net/jtv_user_pictures/d79be428-ec53-4d92-b80c-d0bb59b3d7ed-profile_image-150x150.png?imenable=1&impolicy=user-profile-picture&imwidth=100","61243","ElChef_","9060","2385","10","3","962","13","239","false","true","Spanish","ElChef_"
"https://static-cdn.jtvnw.net/jtv_user_pictures/cramm1-profile_image-79e34e779ab86ee3-150x150.png?imenable=1&impolicy=user-profile-picture&imwidth=100","61244","cramm1","420","120","6","3","962","0","2","false","false","English","cramm1"
"https://static-cdn.jtvnw.net/jtv_user_pictures/4e9d5ade-9279-4d16-9052-110cd5911915-profile_image-150x150.jpg?imenable=1&impolicy=user-profile-picture&imwidth=100","61245","JVGreeN_","1155","270","7","4","962","3","1","false","true","English","JVGreeN_"
"https://static-cdn.jtvnw.net/jtv_user_pictures/nakinak-profile_image-aaac116df272414a-150x150.png?imenable=1&impolicy=user-profile-picture&imwidth=100","61246","Nakinak","420","135","5","2","962","-298","5","false","false","Spanish","Nakinak"
"https://static-cdn.jtvnw.net/jtv_user_pictures/roast_beef-profile_image-fd8f4a0eb149789b-150x150.png?imenable=1&impolicy=user-profile-picture&imwidth=100","61247","Roast_Beef","675","660","2","0","962","0","4","false","true","English","Roast_Beef"
"https://static-cdn.jtvnw.net/jtv_user_pictures/gamerchick89-profile_image-35c62508714d3d93-150x150.jpeg?imenable=1&impolicy=user-profile-picture&imwidth=100","61248","GamerChick89","19545","6615","12","2","962","98","85","false","true","English","GamerChick89"
"https://static-cdn.jtvnw.net/jtv_user_pictures/3266ecc5-4a75-4bcc-a0ed-a93df9129a22-profile_image-150x150.png?imenable=1&impolicy=user-profile-picture&imwidth=100","61249","ASDdoesgames","1050","465","9","2","962","3","2","false","true","English","ASDdoesgames"
"https://static-cdn.jtvnw.net/jtv_user_pictures/mtgcm_live-profile_image-846a80a5dcfb25ea-150x150.jpeg?imenable=1&impolicy=user-profile-picture&imwidth=100","61250","MTGCM_Live","127320","1905","241","66","962","129","3004","false","false","English","MTGCM_Live"
"https://static-cdn.jtvnw.net/jtv_user_pictures/f64c285d-fc82-4785-9ec4-1117936815cc-profile_image-150x150.jpg?imenable=1&impolicy=user-profile-picture&imwidth=100","61251","Valteria","30","60","2","0","962","0","0","false","false","English","Valteria"
"https://static-cdn.jtvnw.net/jtv_user_pictures/4liver-profile_image-df8946aadbd6b2e6-150x150.jpeg?imenable=1&impolicy=user-profile-picture&imwidth=100","61252","4liver","30","15","2","2","962","0","0","false","false","Russian","4liver"
"https://static-cdn.jtvnw.net/jtv_user_pictures/b2bac803-a19d-4fd9-9dfd-20f146700a07-profile_image-150x150.png?imenable=1&impolicy=user-profile-picture&imwidth=100","61253","ReyNando","480","150","6","2","962","0","1","false","false","English","ReyNando"
"https://static-cdn.jtvnw.net/jtv_user_pictures/f14dce70-4fbd-4d8d-9874-7fd2da26959a-profile_image-150x150.png?imenable=1&impolicy=user-profile-picture&imwidth=100","61254","TheLuKiNo4","17415","3090","17","5","962","253","326","false","false","French","TheLuKiNo4"
"https://static-cdn.jtvnw.net/jtv_user_pictures/kulfoneek-profile_image-c87c9366734c421a-150x150.png?imenable=1&impolicy=user-profile-picture&imwidth=100","61255","Kulfoneek","3180","1080","48","2","962","53","167","false","false","Polish","Kulfoneek"
"https://static-cdn.jtvnw.net/jtv_user_pictures/32ec7833-381a-4b1f-8ecb-b217416726e9-profile_image-150x150.png?imenable=1&impolicy=user-profile-picture&imwidth=100","61256","HoxMartin","30","15","2","2","962","0","0","false","true","Other","HoxMartin"
"https://static-cdn.jtvnw.net/user-default-pictures-uv/ead5c8b2-a4c9-4724-b1dd-9f00b46cbd3d-profile_image-150x150.png?imenable=1&impolicy=user-profile-picture&imwidth=100","61257","Magik_rasta","12270","5205","9","1","962","25","111","false","false","French","Magik_rasta"
"https://static-cdn.jtvnw.net/jtv_user_pictures/zehmox-profile_image-642ad126b2ae94e6-150x150.jpeg?imenable=1&impolicy=user-profile-picture&imwidth=100","61258","Zehmox","8205","1620","14","4","962","-14","42","false","true","Dutch","Zehmox"
"https://static-cdn.jtvnw.net/jtv_user_pictures/45927e84-f9e5-4f9b-beea-f0d6cc0b7425-profile_image-150x150.png?imenable=1&impolicy=user-profile-picture&imwidth=100","61259","Excelarion","330","210","9","1","962","-1","26","false","true","English","Excelarion"
"https://static-cdn.jtvnw.net/jtv_user_pictures/5b2ded23e32ad77e-profile_image-150x150.jpeg?imenable=1&impolicy=user-profile-picture&imwidth=100","61260","kinggaming2017","4140","1500","5","2","962","3","5","false","true","Dutch","kinggaming2017"
"https://static-cdn.jtvnw.net/jtv_user_pictures/39f2c962-76f5-41b8-8afc-8425cffe3b9c-profile_image-150x150.png?imenable=1&impolicy=user-profile-picture&imwidth=100","61261","Gerofied","3315","2370","15","0","962","13","77","false","true","English","Gerofied"
"https://static-cdn.jtvnw.net/jtv_user_pictures/rumaruka-profile_image-4221d927bc12c203-150x150.jpeg?imenable=1&impolicy=user-profile-picture&imwidth=100","61262","Rumaruka","495","240","8","2","962","7","41","false","false","Russian","Rumaruka"
"https://static-cdn.jtvnw.net/jtv_user_pictures/fe1d06eb-941d-4659-baab-8d2459f39e0c-profile_image-150x150.png?imenable=1&impolicy=user-profile-picture&imwidth=100","61263","Yuh_iCon","0","15","0","0","962","0","0","false","true","English","Yuh_iCon"
"https://static-cdn.jtvnw.net/jtv_user_pictures/lyleandtoby-profile_image-a917e653e370f5d3-150x150.png?imenable=1&impolicy=user-profile-picture&imwidth=100","61264","LyleAndToby","11325","1545","14","6","962","-29","46","false","false","English","LyleAndToby"
"https://static-cdn.jtvnw.net/jtv_user_pictures/d8bf39ff-1834-4992-9929-92e444e8b880-profile_image-150x150.png?imenable=1&impolicy=user-profile-picture&imwidth=100","61265","inkxwestside_","12465","1395","56","8","962","35","84","false","false","English","inkxwestside_"
"https://static-cdn.jtvnw.net/jtv_user_pictures/e1f91bb6-5be2-4aa5-84d6-8268a76ce002-profile_image-150x150.png?imenable=1&impolicy=user-profile-picture&imwidth=100","61266","djsavagekutz","150","150","2","1","962","0","0","false","false","English","djsavagekutz"
"https://static-cdn.jtvnw.net/jtv_user_pictures/d3fc683b-55bb-459c-a8ed-d2ce4789e0e3-profile_image-150x150.png?imenable=1&impolicy=user-profile-picture&imwidth=100","61267","mhientaye","510","495","2","1","962","0","4","false","true","English","mhientaye"
"https://static-cdn.jtvnw.net/jtv_user_pictures/deathiance-profile_image-ccf0971c7a8752d1-150x150.png?imenable=1&impolicy=user-profile-picture&imwidth=100","61268","Deathiance","14250","2505","17","5","962","31","193","true","true","German","Deathiance"
"https://static-cdn.jtvnw.net/jtv_user_pictures/djpkjack-profile_image-130618b6e2bbee4e-150x150.png?imenable=1&impolicy=user-profile-picture&imwidth=100","61269","邪惡的神父 (djpkjack)","116445","3885","94","29","962","90","4318","false","true","Chinese","邪惡的神父 (djpkjack)"
"https://static-cdn.jtvnw.net/jtv_user_pictures/f8145563-fe48-4fa9-870e-a7e3b2ea7b0e-profile_image-150x150.jpg?imenable=1&impolicy=user-profile-picture&imwidth=100","61270","EileenFPS","240","75","4","3","962","1","0","false","true","English","EileenFPS"
"https://static-cdn.jtvnw.net/jtv_user_pictures/sebbansebban-profile_image-00c30f8bb3ee9944-150x150.png?imenable=1&impolicy=user-profile-picture&imwidth=100","61271","sebbansebban","216075","5820","182","36","962","146","3225","false","false","Swedish","sebbansebban"
"https://static-cdn.jtvnw.net/jtv_user_pictures/graciebearsia-profile_image-57f023e814e26459-150x150.jpeg?imenable=1&impolicy=user-profile-picture&imwidth=100","61272","Graciebearsia","1410","135","22","10","962","1","50","false","false","English","Graciebearsia"
"https://static-cdn.jtvnw.net/jtv_user_pictures/72d413f7-b477-4226-8d0e-ea3fca6e0357-profile_image-150x150.png?imenable=1&impolicy=user-profile-picture&imwidth=100","61273","Syrexx92","30375","6090","24","4","962","-400","276","false","true","German","Syrexx92"
"https://static-cdn.jtvnw.net/jtv_user_pictures/bdbee246-cc83-4746-b85c-46314ec50151-profile_image-150x150.png?imenable=1&impolicy=user-profile-picture&imwidth=100","61274","zJev","1545","585","7","2","962","1","25","false","true","Czech","zJev"
"https://static-cdn.jtvnw.net/jtv_user_pictures/90b98a27-12f0-47ac-b31b-cbadf7399cab-profile_image-150x150.png?imenable=1&impolicy=user-profile-picture&imwidth=100","61275","TooMutchClutch","0","75","0","0","961","0","0","false","false","English","TooMutchClutch"
"https://static-cdn.jtvnw.net/jtv_user_pictures/7a05542e2e6a0ab9-profile_image-150x150.jpeg?imenable=1&impolicy=user-profile-picture&imwidth=100","61276","Shoesmurf","90","60","3","1","961","1","0","false","false","English","Shoesmurf"
"https://static-cdn.jtvnw.net/jtv_user_pictures/4cedb523-c1c0-44af-8b52-f081af312a2e-profile_image-150x150.png?imenable=1&impolicy=user-profile-picture&imwidth=100","61277","kiz0h","30","45","2","0","961","1","3","false","false","English","kiz0h"
"https://static-cdn.jtvnw.net/jtv_user_pictures/lioncrewww-profile_image-9b1058c72a862d4b-150x150.png?imenable=1&impolicy=user-profile-picture&imwidth=100","61278","LionCrewww","1140","720","5","0","961","7","43","false","false","French","LionCrewww"
"https://static-cdn.jtvnw.net/jtv_user_pictures/7b24a6ef8b238fb8-profile_image-150x150.jpeg?imenable=1&impolicy=user-profile-picture&imwidth=100","61279","Chronicfunsyndrome","1395","780","23","1","961","5","21","false","false","English","Chronicfunsyndrome"
"https://static-cdn.jtvnw.net/jtv_user_pictures/71659238-8c2d-4a9b-98d5-4aaaff3721f9-profile_image-150x150.png?imenable=1&impolicy=user-profile-picture&imwidth=100","61280","KupoNugs","8145","6645","6","0","961","7","28","false","true","English","KupoNugs"
"https://static-cdn.jtvnw.net/jtv_user_pictures/realkheldor-profile_image-d91a3936b60ef0e3-150x150.png?imenable=1&impolicy=user-profile-picture&imwidth=100","61281","realkheldor","9180","1020","23","8","961","43","223","false","false","German","realkheldor"
"https://static-cdn.jtvnw.net/jtv_user_pictures/3770f491-0f94-46d8-8703-be5fcd85a37b-profile_image-150x150.png?imenable=1&impolicy=user-profile-picture&imwidth=100","61282","sulivangg","450","270","4","1","961","0","20","false","true","Spanish","sulivangg"
"https://static-cdn.jtvnw.net/jtv_user_pictures/avisionkk-profile_image-220bde6770e9117a-150x150.png?imenable=1&impolicy=user-profile-picture&imwidth=100","61283","avisionkk","30","435","1","0","961","2","13","false","false","Russian","avisionkk"
"https://static-cdn.jtvnw.net/jtv_user_pictures/a9934244-8e02-4fd8-950b-6a0bd055fc76-profile_image-150x150.jpg?imenable=1&impolicy=user-profile-picture&imwidth=100","61284","MrGraffio","0","45","1","0","961","0","0","false","false","Italian","MrGraffio"
"https://static-cdn.jtvnw.net/jtv_user_pictures/c50a3181-a379-418c-b488-58e41eaf96ce-profile_image-150x150.png?imenable=1&impolicy=user-profile-picture&imwidth=100","61285","MerkYouLeez","45","30","3","1","961","0","0","false","true","English","MerkYouLeez"
"https://static-cdn.jtvnw.net/jtv_user_pictures/a5bab2a1-e492-4b04-bb5b-93bc3e7be2de-profile_image-150x150.png?imenable=1&impolicy=user-profile-picture&imwidth=100","61286","Tangrenc","735","255","6","2","961","6","17","false","false","French","Tangrenc"
"https://static-cdn.jtvnw.net/jtv_user_pictures/naileone-profile_image-b9225b3265b3456b-150x150.jpeg?imenable=1&impolicy=user-profile-picture&imwidth=100","61287","NaileOne","43470","12135","31","3","961","128","298","false","false","English","NaileOne"
"https://static-cdn.jtvnw.net/jtv_user_pictures/2f657c27-c5c3-42c7-be2c-6b5fbbd08708-profile_image-150x150.png?imenable=1&impolicy=user-profile-picture&imwidth=100","61288","Coolschmo","750","900","7","0","961","2","4","false","false","English","Coolschmo"
"https://static-cdn.jtvnw.net/jtv_user_pictures/eminemgreenday-profile_image-697a7c7e20dbc251-150x150.png?imenable=1&impolicy=user-profile-picture&imwidth=100","61289","Eminemgreenday","210","60","6","3","961","-1","15","false","false","English","Eminemgreenday"
"https://static-cdn.jtvnw.net/jtv_user_pictures/c0bc56d6-d532-4ebf-a159-621b0223d19a-profile_image-150x150.png?imenable=1&impolicy=user-profile-picture&imwidth=100","61290","TheHooperWC","30","30","1","1","961","0","0","false","false","Czech","TheHooperWC"
"https://static-cdn.jtvnw.net/jtv_user_pictures/4989ce3e-8f5d-4e0b-86a1-6a020bbf6b76-profile_image-150x150.png?imenable=1&impolicy=user-profile-picture&imwidth=100","61291","shibakee_9","12330","1560","25","7","961","19","126","false","false","Japanese","shibakee_9"
"https://static-cdn.jtvnw.net/jtv_user_pictures/thatmacpotguy-profile_image-8a38810b22cbead6-150x150.png?imenable=1&impolicy=user-profile-picture&imwidth=100","61292","ThatMacpotGuy","240","240","2","0","961","1","5","false","true","English","ThatMacpotGuy"
"https://static-cdn.jtvnw.net/jtv_user_pictures/biggestbear-profile_image-19fc46d31d5b19a3-150x150.png?imenable=1&impolicy=user-profile-picture&imwidth=100","61293","Biggestbear","2085","2295","10","0","961","10","6","false","true","English","Biggestbear"
"https://static-cdn.jtvnw.net/jtv_user_pictures/smk_machine-profile_image-fd8bb88b586a92ba-150x150.jpeg?imenable=1&impolicy=user-profile-picture&imwidth=100","61294","SMK_Machine","10065","690","23","14","961","12","113","false","false","English","SMK_Machine"
"https://static-cdn.jtvnw.net/jtv_user_pictures/drmilkjug-profile_image-318519bda62d4a6e-150x150.jpeg?imenable=1&impolicy=user-profile-picture&imwidth=100","61295","Drmilkjug","41670","4125","27","9","961","124","139","false","false","English","Drmilkjug"
"https://static-cdn.jtvnw.net/jtv_user_pictures/3e24b40f8e5ecc33-profile_image-150x150.jpeg?imenable=1&impolicy=user-profile-picture&imwidth=100","61296","thenimbleninja","330","240","5","1","961","1","0","false","true","English","thenimbleninja"
"https://static-cdn.jtvnw.net/jtv_user_pictures/3c3cb6e6-adcf-4dc6-8fe0-ad53ae71ef08-profile_image-150x150.png?imenable=1&impolicy=user-profile-picture&imwidth=100","61297","SOGMonkey","0","45","0","0","961","0","0","false","false","English","SOGMonkey"
"https://static-cdn.jtvnw.net/jtv_user_pictures/ef5001cf1e9def69-profile_image-150x150.png?imenable=1&impolicy=user-profile-picture&imwidth=100","61298","月光之淚 (moonlight520)","720","285","7","2","961","-3","100","false","false","Chinese","月光之淚 (moonlight520)"
"https://static-cdn.jtvnw.net/jtv_user_pictures/ac918075-57d4-4927-9324-58bc253647a7-profile_image-150x150.png?imenable=1&impolicy=user-profile-picture&imwidth=100","61299","YA_BOY_CHUR","10680","1020","22","10","961","81","66","false","false","English","YA_BOY_CHUR"
"https://static-cdn.jtvnw.net/jtv_user_pictures/947c2b71-3fe6-4fb8-b52c-3fcab58d35d8-profile_image-150x150.png?imenable=1&impolicy=user-profile-picture&imwidth=100","61300","ulty","57105","2835","49","19","961","144","308","false","false","English","ulty"