"","","Channel","Watch time","Stream time","Peak viewers","Average viewers","Followers","Followers gained","Views gained","Partnered","Mature","Language",""
"https://static-cdn.jtvnw.net/jtv_user_pictures/c59d101c-6a66-479e-b823-fb3f6498213c-profile_image-150x150.png?imenable=1&impolicy=user-profile-picture&imwidth=100","76001","Electradx_0b","1125","375","8","2","666","-2","24","false","false","Spanish","Electradx_0b"
"https://static-cdn.jtvnw.net/jtv_user_pictures/8096a16f-3717-4921-8c7d-d060721afd01-profile_image-150x150.png?imenable=1&impolicy=user-profile-picture&imwidth=100","76002","JustMattyman","30","15","2","2","666","0","0","false","true","English","JustMattyman"
"https://static-cdn.jtvnw.net/jtv_user_pictures/naukratis-profile_image-55c6e8f271232650-150x150.png?imenable=1&impolicy=user-profile-picture&imwidth=100","76003","Naukratis","25170","1740","71","14","666","17","828","false","false","French","Naukratis"
"https://static-cdn.jtvnw.net/jtv_user_pictures/27252d49-efdb-49c0-a45c-9bef94f51569-profile_image-150x150.png?imenable=1&impolicy=user-profile-picture&imwidth=100","76004","MrZeraTheMant","9480","2625","15","3","666","24","32","false","false","English","MrZeraTheMant"
"https://static-cdn.jtvnw.net/jtv_user_pictures/portuguesegirl2-profile_image-35c173003afb0d79-150x150.jpeg?imenable=1&impolicy=user-profile-picture&imwidth=100","76005","portuguesegirl2","225","45","7","5","666","0","-1","false","false","English","portuguesegirl2"
"https://static-cdn.jtvnw.net/jtv_user_pictures/bce373ed-538b-4ba3-846c-06f9a795fce3-profile_image-150x150.png?imenable=1&impolicy=user-profile-picture&imwidth=100","76006","TbaggingSince1990","29460","9435","11","2","666","20","33","false","true","English","TbaggingSince1990"
"https://static-cdn.jtvnw.net/jtv_user_pictures/thejokko-profile_image-ce78524f7e80495c-150x150.jpeg?imenable=1&impolicy=user-profile-picture&imwidth=100","76007","TheJokko","8640","3510","9","2","666","16","136","false","true","English","TheJokko"
"https://static-cdn.jtvnw.net/jtv_user_pictures/6f3d346c-5773-4877-8b40-4543ea28f591-profile_image-150x150.jpg?imenable=1&impolicy=user-profile-picture&imwidth=100","76008","solenoidx","5040","1980","6","2","666","0","14","false","true","English","solenoidx"
"https://static-cdn.jtvnw.net/jtv_user_pictures/2nahme-profile_image-97cd64e3d7dddc5b-150x150.jpeg?imenable=1&impolicy=user-profile-picture&imwidth=100","76009","2Nahme","165","105","4","1","666","-2","5","false","true","English","2Nahme"
"https://static-cdn.jtvnw.net/jtv_user_pictures/45d3d896-245b-4429-9196-0e5da0eaf73c-profile_image-150x150.png?imenable=1&impolicy=user-profile-picture&imwidth=100","76010","thederrickww","165","120","7","1","666","0","8","false","true","English","thederrickww"
"https://static-cdn.jtvnw.net/jtv_user_pictures/5591ea02-d16b-4bc2-9a75-04debb612af5-profile_image-150x150.png?imenable=1&impolicy=user-profile-picture&imwidth=100","76011","SoScared","21315","1500","26","13","666","16","379","false","true","English","SoScared"
"https://static-cdn.jtvnw.net/user-default-pictures-uv/ebe4cd89-b4f4-4cd9-adac-2f30151b4209-profile_image-150x150.png?imenable=1&impolicy=user-profile-picture&imwidth=100","76012","Twinsvenvon","1725","555","11","2","666","13","10","false","false","English","Twinsvenvon"
"https://static-cdn.jtvnw.net/jtv_user_pictures/23dd86b0-d012-4c07-b5ac-b829840fbee1-profile_image-150x150.png?imenable=1&impolicy=user-profile-picture&imwidth=100","76013","speee","1845","210","17","8","666","-2","23","false","false","English","speee"
"https://static-cdn.jtvnw.net/jtv_user_pictures/decisivepro-profile_image-52e3eb26ef4a094b-150x150.png?imenable=1&impolicy=user-profile-picture&imwidth=100","76014","DecisivePro","7305","2610","8","2","666","11","59","false","false","English","DecisivePro"
"https://static-cdn.jtvnw.net/jtv_user_pictures/flofloo2217-profile_image-bbb9f5d173d6667d-150x150.jpeg?imenable=1&impolicy=user-profile-picture&imwidth=100","76015","FloFloo2217","36510","3870","29","8","666","37","467","false","false","French","FloFloo2217"
"https://static-cdn.jtvnw.net/jtv_user_pictures/luksorr-profile_image-b1b63fd8e5b3b5f6-150x150.png?imenable=1&impolicy=user-profile-picture&imwidth=100","76016","Luksorr","15","15","1","1","666","0","0","false","false","Polish","Luksorr"
"https://static-cdn.jtvnw.net/jtv_user_pictures/ce870398922f47c3-profile_image-150x150.png?imenable=1&impolicy=user-profile-picture&imwidth=100","76017","MagicMan591","4425","3090","6","0","666","4","18","false","true","English","MagicMan591"
"https://static-cdn.jtvnw.net/jtv_user_pictures/5db3a835-8c81-489a-a350-003224c42419-profile_image-150x150.png?imenable=1&impolicy=user-profile-picture&imwidth=100","76018","nexottv","31770","9840","25","2","666","57","1481","false","true","Hungarian","nexottv"
"https://static-cdn.jtvnw.net/jtv_user_pictures/fb359c3b-1752-417f-ab7f-095b0fa5f1b5-profile_image-150x150.png?imenable=1&impolicy=user-profile-picture&imwidth=100","76019","bj0rN","270","135","3","2","666","0","1","false","false","English","bj0rN"
"https://static-cdn.jtvnw.net/jtv_user_pictures/teabizzle1980-profile_image-d6ff85202abf5c5c-150x150.png?imenable=1&impolicy=user-profile-picture&imwidth=100","76020","Teabizzle1980","2115","1140","9","1","666","-70","9","false","true","English","Teabizzle1980"
"https://static-cdn.jtvnw.net/jtv_user_pictures/3745f809-bbc4-47ec-bdd9-b48e9fc80d96-profile_image-150x150.png?imenable=1&impolicy=user-profile-picture&imwidth=100","76021","DaisyFannn","2325","2670","6","0","666","6","22","false","true","English","DaisyFannn"
"https://static-cdn.jtvnw.net/jtv_user_pictures/7029ecf1-744a-4126-a6b8-7a5a7845c3c0-profile_image-150x150.png?imenable=1&impolicy=user-profile-picture&imwidth=100","76022","Shade_Yoshi","6090","1200","12","4","666","-1","48","false","true","English","Shade_Yoshi"
"https://static-cdn.jtvnw.net/jtv_user_pictures/39012335-66b3-445c-b8f8-88b345e0bcf1-profile_image-150x150.png?imenable=1&impolicy=user-profile-picture&imwidth=100","76023","小雪兒 (dc050180)","2505","1410","6","1","666","3","121","false","true","Chinese","小雪兒 (dc050180)"
"https://static-cdn.jtvnw.net/jtv_user_pictures/92fa981c-485c-41c5-bcc4-660906498f9c-profile_image-150x150.png?imenable=1&impolicy=user-profile-picture&imwidth=100","76024","larocca","900","255","8","2","666","0","11","false","false","English","larocca"
"https://static-cdn.jtvnw.net/jtv_user_pictures/1a80b8feea1f2dd9-profile_image-150x150.png?imenable=1&impolicy=user-profile-picture&imwidth=100","76025","Benchez360","13740","2460","13","5","666","25","52","false","false","English","Benchez360"
"https://static-cdn.jtvnw.net/jtv_user_pictures/stijl-profile_image-d4ede250e55095da-150x150.jpeg?imenable=1&impolicy=user-profile-picture&imwidth=100","76026","stijl","5820","330","39","17","666","-1","45","false","false","English","stijl"
"https://static-cdn.jtvnw.net/user-default-pictures-uv/13e5fa74-defa-11e9-809c-784f43822e80-profile_image-150x150.png?imenable=1&impolicy=user-profile-picture&imwidth=100","76027","yvi89","5340","2445","8","1","666","18","51","false","false","German","yvi89"
"https://static-cdn.jtvnw.net/jtv_user_pictures/e2deea0b-8d68-4704-806e-8549b1349535-profile_image-150x150.png?imenable=1&impolicy=user-profile-picture&imwidth=100","76028","FootedPanda","1995","1230","4","1","666","-1","4","false","true","English","FootedPanda"
"https://static-cdn.jtvnw.net/jtv_user_pictures/a9870770-cda9-443b-98a8-4d16fd1044bf-profile_image-150x150.png?imenable=1&impolicy=user-profile-picture&imwidth=100","76029","DeltaNA","1665","435","8","3","666","8","13","false","false","English","DeltaNA"
"https://static-cdn.jtvnw.net/jtv_user_pictures/snorlaxttv-profile_image-a5d377294d619d39-150x150.jpeg?imenable=1&impolicy=user-profile-picture&imwidth=100","76030","SnorlaxTTV","17265","3390","14","4","666","53","76","false","true","English","SnorlaxTTV"
"https://static-cdn.jtvnw.net/jtv_user_pictures/c678f7fc-e477-4801-9639-531141abf850-profile_image-150x150.png?imenable=1&impolicy=user-profile-picture&imwidth=100","76031","yiata","2010","195","13","10","666","2","8","false","true","French","yiata"
"https://static-cdn.jtvnw.net/jtv_user_pictures/toph_dk-profile_image-8e48f66afee35a84-150x150.jpeg?imenable=1&impolicy=user-profile-picture&imwidth=100","76032","Toph_DK","47265","6255","25","7","666","30","213","false","true","Danish","Toph_DK"
"https://static-cdn.jtvnw.net/jtv_user_pictures/619fa4d1-c537-4f87-b9ea-eb62c5979524-profile_image-150x150.png?imenable=1&impolicy=user-profile-picture&imwidth=100","76033","SteedTV","135","135","2","1","665","0","23","false","false","English","SteedTV"
"https://static-cdn.jtvnw.net/jtv_user_pictures/bce767cd-0003-4b70-bd29-1251363c2f93-profile_image-150x150.png?imenable=1&impolicy=user-profile-picture&imwidth=100","76034","Lewisville_","255","60","7","4","665","1","1","false","true","English","Lewisville_"
"https://static-cdn.jtvnw.net/jtv_user_pictures/ea57b832-99f4-4aad-9363-d7bffba90759-profile_image-150x150.png?imenable=1&impolicy=user-profile-picture&imwidth=100","76035","jccb","13785","2490","13","4","665","82","132","false","false","English","jccb"
"https://static-cdn.jtvnw.net/user-default-pictures-uv/dbdc9198-def8-11e9-8681-784f43822e80-profile_image-150x150.png?imenable=1&impolicy=user-profile-picture&imwidth=100","76036","MrJaMeZz","0","15","0","0","665","0","0","false","true","English","MrJaMeZz"
"https://static-cdn.jtvnw.net/jtv_user_pictures/highhealthpoint-profile_image-20fbd35a87e0d9a2-150x150.jpeg?imenable=1&impolicy=user-profile-picture&imwidth=100","76037","highhealthpoint","2910","1755","5","1","665","13","52","false","true","Slovak","highhealthpoint"
"https://static-cdn.jtvnw.net/jtv_user_pictures/89580d53-d587-4633-99ca-f14019642743-profile_image-150x150.jpg?imenable=1&impolicy=user-profile-picture&imwidth=100","76038","Audoxity","105","90","3","0","665","1","2","false","false","English","Audoxity"
"https://static-cdn.jtvnw.net/jtv_user_pictures/88dac185-1b05-4f66-8b01-9af14acd4ba6-profile_image-150x150.png?imenable=1&impolicy=user-profile-picture&imwidth=100","76039","XGamingDevilsX","1110","600","9","1","665","5","25","false","true","English","XGamingDevilsX"
"https://static-cdn.jtvnw.net/jtv_user_pictures/atomiix98-profile_image-088e37d17a9bc55f-150x150.jpeg?imenable=1&impolicy=user-profile-picture&imwidth=100","76040","AtoMiiX98","3660","1185","9","2","665","31","133","false","false","German","AtoMiiX98"
"https://static-cdn.jtvnw.net/jtv_user_pictures/d3a0dd55-ce10-49c8-8a6e-05242667aed0-profile_image-150x150.png?imenable=1&impolicy=user-profile-picture&imwidth=100","76041","ByLyNeG","30","15","2","2","665","0","0","false","true","French","ByLyNeG"
"https://static-cdn.jtvnw.net/jtv_user_pictures/fastlayer-profile_image-5161fd5caa5ee0aa-150x150.jpeg?imenable=1&impolicy=user-profile-picture&imwidth=100","76042","FastLayer","7500","135","69","55","665","18","3","false","false","German","FastLayer"
"https://static-cdn.jtvnw.net/jtv_user_pictures/iacek25-profile_image-d0b4178a956035c5-150x150.jpeg?imenable=1&impolicy=user-profile-picture&imwidth=100","76043","Iacek25","1575","300","10","4","665","8","10","false","false","Czech","Iacek25"
"https://static-cdn.jtvnw.net/jtv_user_pictures/a9a15ede-0b39-4138-81c3-8bff85915c0a-profile_image-150x150.png?imenable=1&impolicy=user-profile-picture&imwidth=100","76044","GunflyFR","15090","3540","38","3","665","40","225","false","true","French","GunflyFR"
"https://static-cdn.jtvnw.net/jtv_user_pictures/4885f815-8edf-405d-b808-8fcbd685a8c4-profile_image-150x150.png?imenable=1&impolicy=user-profile-picture&imwidth=100","76045","bulgaro964","960","390","6","2","665","1","53","false","false","Spanish","bulgaro964"
"https://static-cdn.jtvnw.net/jtv_user_pictures/wicked_lc-profile_image-8aaa6c8fddd466b0-150x150.jpeg?imenable=1&impolicy=user-profile-picture&imwidth=100","76046","Wicked_LC","9975","300","54","32","665","-421","33","false","false","English","Wicked_LC"
"https://static-cdn.jtvnw.net/jtv_user_pictures/752d821a-206a-4bfa-be60-9cf9b8b7fa1c-profile_image-150x150.png?imenable=1&impolicy=user-profile-picture&imwidth=100","76047","euekol","6345","1875","13","3","665","30","436","false","true","Turkish","euekol"
"https://static-cdn.jtvnw.net/jtv_user_pictures/fifth_ace-profile_image-986b6b9dd9c427b1-150x150.jpeg?imenable=1&impolicy=user-profile-picture&imwidth=100","76048","Fifth_Ace","178875","9600","54","18","665","122","1893","false","false","Russian","Fifth_Ace"
"https://static-cdn.jtvnw.net/jtv_user_pictures/e1cae7f1-1661-4fd6-810b-b5351ff7253b-profile_image-150x150.png?imenable=1&impolicy=user-profile-picture&imwidth=100","76049","SizZzeR","46155","6345","46","6","665","85","501","false","true","Russian","SizZzeR"
"https://static-cdn.jtvnw.net/jtv_user_pictures/004bd019-20ca-49f5-9fe7-b798c1548e87-profile_image-150x150.png?imenable=1&impolicy=user-profile-picture&imwidth=100","76050","RoyalWarHouse","1275","2205","4","0","665","0","0","false","true","English","RoyalWarHouse"
"https://static-cdn.jtvnw.net/jtv_user_pictures/alien_gamingtv-profile_image-6d319f7cc0a9a428-150x150.jpeg?imenable=1&impolicy=user-profile-picture&imwidth=100","76051","alien_GamingTV","120","120","2","1","665","0","4","false","true","German","alien_GamingTV"
"https://static-cdn.jtvnw.net/jtv_user_pictures/746b3f7d-fd35-4552-b143-8a9e28c8796f-profile_image-150x150.png?imenable=1&impolicy=user-profile-picture&imwidth=100","76052","BlazedIVXX","25335","540","89","46","665","205","334","false","true","English","BlazedIVXX"
"https://static-cdn.jtvnw.net/jtv_user_pictures/shark3ozero-profile_image-228d2b490a38cba2-150x150.png?imenable=1&impolicy=user-profile-picture&imwidth=100","76053","Shark3ozero","0","1395","0","0","665","-1","1","false","true","English","Shark3ozero"
"https://static-cdn.jtvnw.net/jtv_user_pictures/mecal88-profile_image-b19597c8229f6d5f-150x150.jpeg?imenable=1&impolicy=user-profile-picture&imwidth=100","76054","MeCal88","15","75","1","0","665","0","1","false","false","English","MeCal88"
"https://static-cdn.jtvnw.net/jtv_user_pictures/papamaanbeer-profile_image-ca794e97dfb26f78-150x150.png?imenable=1&impolicy=user-profile-picture&imwidth=100","76055","papamaanbeer","5295","765","17","6","665","20","47","false","true","English","papamaanbeer"
"https://static-cdn.jtvnw.net/jtv_user_pictures/indysmash-profile_image-a8f32150effeb1e9-150x150.png?imenable=1&impolicy=user-profile-picture&imwidth=100","76056","IndySmash","2700","1260","8","1","665","9","89","false","false","English","IndySmash"
"https://static-cdn.jtvnw.net/jtv_user_pictures/bfc6baca41af3824-profile_image-150x150.png?imenable=1&impolicy=user-profile-picture&imwidth=100","76057","aztexsc","60","60","2","1","665","0","-1","false","false","Hungarian","aztexsc"
"https://static-cdn.jtvnw.net/jtv_user_pictures/akhilleusslays-profile_image-27498dd7c2892b37-150x150.jpeg?imenable=1&impolicy=user-profile-picture&imwidth=100","76058","AkhilleusSlays","885","645","5","0","665","2","1","false","true","English","AkhilleusSlays"
"https://static-cdn.jtvnw.net/jtv_user_pictures/d7b7a1fd-eb95-4e7d-9356-de12d98d3889-profile_image-150x150.jpg?imenable=1&impolicy=user-profile-picture&imwidth=100","76059","OshanBennett","4935","780","15","6","665","75","162","false","false","English","OshanBennett"
"https://static-cdn.jtvnw.net/jtv_user_pictures/5b58fc42-6aa5-4a0c-91ed-b2243d189b39-profile_image-150x150.png?imenable=1&impolicy=user-profile-picture&imwidth=100","76060","QueueUp","0","15","0","0","665","0","0","false","false","English","QueueUp"
"https://static-cdn.jtvnw.net/jtv_user_pictures/leouniteus-profile_image-4bea74937eafb2d6-150x150.jpeg?imenable=1&impolicy=user-profile-picture&imwidth=100","76061","LeoUniteUs","1920","1290","4","1","665","2","10","false","true","English","LeoUniteUs"
"https://static-cdn.jtvnw.net/jtv_user_pictures/8dfacac8-6d9d-44db-b6d7-e79ee5d49f69-profile_image-150x150.png?imenable=1&impolicy=user-profile-picture&imwidth=100","76062","KingBlades","90","180","1","0","665","0","4","false","true","English","KingBlades"
"https://static-cdn.jtvnw.net/jtv_user_pictures/redhacstudios-profile_image-4e4caf9215c2425b-150x150.png?imenable=1&impolicy=user-profile-picture&imwidth=100","76063","RedhacStudios","360","90","7","4","665","0","0","false","true","English","RedhacStudios"
"https://static-cdn.jtvnw.net/jtv_user_pictures/dd5494dd-0a5a-43bf-8760-6392eb30ea9c-profile_image-150x150.png?imenable=1&impolicy=user-profile-picture&imwidth=100","76064","AGuyNamedJoy","11520","645","32","17","665","9","21","false","true","English","AGuyNamedJoy"
"https://static-cdn.jtvnw.net/jtv_user_pictures/499eb066-75e0-4968-ad37-c3d57cec76e3-profile_image-150x150.png?imenable=1&impolicy=user-profile-picture&imwidth=100","76065","RushIsDead","4335","825","14","5","665","-1","36","false","false","English","RushIsDead"
"https://static-cdn.jtvnw.net/jtv_user_pictures/nidalee0nly-profile_image-d538d96a74a12705-150x150.png?imenable=1&impolicy=user-profile-picture&imwidth=100","76066","Nidalee0nly","9060","735","29","11","665","52","385","false","false","Portuguese","Nidalee0nly"
"https://static-cdn.jtvnw.net/jtv_user_pictures/ded55c52-fdf8-47a0-b74a-e323aec0be1f-profile_image-150x150.jpg?imenable=1&impolicy=user-profile-picture&imwidth=100","76067","Heetz23","3015","1230","10","2","665","8","272","false","false","Spanish","Heetz23"
"https://static-cdn.jtvnw.net/jtv_user_pictures/7bb03ec7-9e76-4dd6-a48a-cdf005558ce4-profile_image-150x150.png?imenable=1&impolicy=user-profile-picture&imwidth=100","76068","RerTV","2535","375","13","6","665","4","37","false","true","English","RerTV"
"https://static-cdn.jtvnw.net/jtv_user_pictures/75b69437-5f03-4d1c-80c7-626d26e11885-profile_image-150x150.png?imenable=1&impolicy=user-profile-picture&imwidth=100","76069","gregtheyahoo","9990","3330","13","2","665","57","52","false","false","English","gregtheyahoo"
"https://static-cdn.jtvnw.net/jtv_user_pictures/e88c2cb7-3972-466a-8d2e-5b90f75f0ae1-profile_image-150x150.jpeg?imenable=1&impolicy=user-profile-picture&imwidth=100","76070","kbe_official","43155","4500","277","9","665","334","675","false","false","English","kbe_official"
"https://static-cdn.jtvnw.net/user-default-pictures-uv/ebe4cd89-b4f4-4cd9-adac-2f30151b4209-profile_image-150x150.png?imenable=1&impolicy=user-profile-picture&imwidth=100","76071","R_Web","52620","3210","57","16","665","20","164","false","true","English","R_Web"
"https://static-cdn.jtvnw.net/jtv_user_pictures/7fb0ddb8-63c3-46fe-9d77-f8a4f527e25d-profile_image-150x150.png?imenable=1&impolicy=user-profile-picture&imwidth=100","76072","xXSiesmoXx","45","45","2","1","665","0","0","false","true","English","xXSiesmoXx"
"https://static-cdn.jtvnw.net/jtv_user_pictures/mishrak109-profile_image-9ad4f881683c439b-150x150.png?imenable=1&impolicy=user-profile-picture&imwidth=100","76073","Mishrak109","22140","1980","107","10","665","21","130","false","false","English","Mishrak109"
"https://static-cdn.jtvnw.net/jtv_user_pictures/5eb140e6-b31a-4a9c-8f32-1373d5ea2d3b-profile_image-150x150.png?imenable=1&impolicy=user-profile-picture&imwidth=100","76074","rgca","2610","375","15","6","665","16","87","false","true","French","rgca"
"https://static-cdn.jtvnw.net/jtv_user_pictures/adb2470e-f9e7-45a6-8f53-1bff1cb66d8c-profile_image-150x150.png?imenable=1&impolicy=user-profile-picture&imwidth=100","76075","bookmarktv","525","225","4","2","665","3","3","false","true","English","bookmarktv"
"https://static-cdn.jtvnw.net/jtv_user_pictures/6f00ac28-ea87-42f0-8ea8-e5e31f44e6d1-profile_image-150x150.png?imenable=1&impolicy=user-profile-picture&imwidth=100","76076","ZePawn13","1035","405","7","2","665","-4","4","false","false","English","ZePawn13"
"https://static-cdn.jtvnw.net/jtv_user_pictures/dreampunch-profile_image-cb6f2caf18c878c7-150x150.png?imenable=1&impolicy=user-profile-picture&imwidth=100","76077","DreamPunch","34215","2535","58","13","665","-792","466","false","true","English","DreamPunch"
"https://static-cdn.jtvnw.net/jtv_user_pictures/victoryoftheppl-profile_image-c39771c5074d01fc-150x150.jpeg?imenable=1&impolicy=user-profile-picture&imwidth=100","76078","Victoryoftheppl","5460","1515","9","3","665","3","20","false","true","English","Victoryoftheppl"
"https://static-cdn.jtvnw.net/jtv_user_pictures/7bcb92da-f6af-4c58-8f65-97930c05eb49-profile_image-150x150.png?imenable=1&impolicy=user-profile-picture&imwidth=100","76079","gearsRebirth","1440","915","4","1","665","6","20","false","false","English","gearsRebirth"
"https://static-cdn.jtvnw.net/jtv_user_pictures/c55932ea-7af0-409e-a06d-04ea2cbd1803-profile_image-150x150.png?imenable=1&impolicy=user-profile-picture&imwidth=100","76080","thaoutrageousjosh","40215","2085","55","18","665","264","372","false","false","English","thaoutrageousjosh"
"https://static-cdn.jtvnw.net/jtv_user_pictures/fdcf8b28-144a-42e8-b1b1-8172c40dfeac-profile_image-150x150.png?imenable=1&impolicy=user-profile-picture&imwidth=100","76081","Densejemini3","45","30","2","1","665","0","0","false","false","Danish","Densejemini3"
"https://static-cdn.jtvnw.net/jtv_user_pictures/suprem__olivier-profile_image-976ac6c00ba5fa02-150x150.jpeg?imenable=1&impolicy=user-profile-picture&imwidth=100","76082","suprem__olivier","15","15","1","1","665","0","0","false","false","French","suprem__olivier"
"https://static-cdn.jtvnw.net/jtv_user_pictures/9d85d09e-bd85-4c94-a6bb-6d216211f9b4-profile_image-150x150.jpg?imenable=1&impolicy=user-profile-picture&imwidth=100","76083","Mottely","255","105","5","2","665","-1","2","false","true","English","Mottely"
"https://static-cdn.jtvnw.net/jtv_user_pictures/laet99-profile_image-a5d0b242037b55f3-150x150.jpeg?imenable=1&impolicy=user-profile-picture&imwidth=100","76084","Laet99","900","300","10","2","665","3","23","false","false","English","Laet99"
"https://static-cdn.jtvnw.net/jtv_user_pictures/apmyp0-profile_image-85e6d8e32c36720f-150x150.png?imenable=1&impolicy=user-profile-picture&imwidth=100","76085","Apmyp0","13710","3975","16","3","665","25","210","false","false","Russian","Apmyp0"
"https://static-cdn.jtvnw.net/jtv_user_pictures/letterz-profile_image-f987db75946637cf-150x150.png?imenable=1&impolicy=user-profile-picture&imwidth=100","76086","LetterZ","465","270","3","1","665","0","8","false","false","English","LetterZ"
"https://static-cdn.jtvnw.net/jtv_user_pictures/sh3r_yl-profile_image-7982fdc6d795d11d-150x150.jpeg?imenable=1&impolicy=user-profile-picture&imwidth=100","76087","sh3r_yl","7350","855","17","8","665","3","76","false","true","English","sh3r_yl"
"https://static-cdn.jtvnw.net/jtv_user_pictures/atj_-profile_image-406ad33bbd2cf970-150x150.jpeg?imenable=1&impolicy=user-profile-picture&imwidth=100","76088","ATJ_","9645","3075","11","2","665","18","143","false","false","English","ATJ_"
"https://static-cdn.jtvnw.net/jtv_user_pictures/340021fa-5bf0-4da7-801b-f2aae01031ea-profile_image-150x150.png?imenable=1&impolicy=user-profile-picture&imwidth=100","76089","Spyceemomma","675","315","5","1","665","2","1","false","true","English","Spyceemomma"
"https://static-cdn.jtvnw.net/jtv_user_pictures/mudjoe2-profile_image-1a71dbeecc478c9c-150x150.jpeg?imenable=1&impolicy=user-profile-picture&imwidth=100","76090","mudjoe2","10380","2025","15","4","665","17","76","false","true","English","mudjoe2"
"https://static-cdn.jtvnw.net/jtv_user_pictures/e0742d1c-547c-49ae-9ed5-6623a8fa3832-profile_image-150x150.png?imenable=1&impolicy=user-profile-picture&imwidth=100","76091","xsupergirlyx","0","30","0","0","665","0","0","false","true","English","xsupergirlyx"
"https://static-cdn.jtvnw.net/jtv_user_pictures/8234c59c-d346-48a9-a675-bb4923cbf071-profile_image-150x150.png?imenable=1&impolicy=user-profile-picture&imwidth=100","76092","Mandini","30","1575","1","0","665","3","1","false","true","English","Mandini"
"https://static-cdn.jtvnw.net/jtv_user_pictures/b321eea8-68f7-4d6d-98a3-6b07942da724-profile_image-150x150.png?imenable=1&impolicy=user-profile-picture&imwidth=100","76093","Shamanism2","4410","660","21","6","665","22","3","false","true","English","Shamanism2"
"https://static-cdn.jtvnw.net/jtv_user_pictures/848142e3-9643-441a-b39f-c857f0ef72ba-profile_image-150x150.png?imenable=1&impolicy=user-profile-picture&imwidth=100","76094","Rehfi","1695","900","9","1","665","1","88","false","true","German","Rehfi"
"https://static-cdn.jtvnw.net/jtv_user_pictures/10ce7f07-5030-4fd5-ad05-d3759114c1a8-profile_image-150x150.png?imenable=1&impolicy=user-profile-picture&imwidth=100","76095","멜로디아_ (nymuuuuuuu)","255","45","7","5","665","0","0","false","false","French","멜로디아_ (nymuuuuuuu)"
"https://static-cdn.jtvnw.net/jtv_user_pictures/89acdb32-bc6f-4485-aac3-a18123f5cb65-profile_image-150x150.png?imenable=1&impolicy=user-profile-picture&imwidth=100","76096","AllanGg99","75","15","5","5","664","0","0","false","true","English","AllanGg99"
"https://static-cdn.jtvnw.net/jtv_user_pictures/a7d03f60-a5e7-4789-b495-230d3984d5ba-profile_image-150x150.png?imenable=1&impolicy=user-profile-picture&imwidth=100","76097","xI_Babel_Ix","0","60","1","0","664","0","1","false","false","German","xI_Babel_Ix"
"https://static-cdn.jtvnw.net/jtv_user_pictures/juuuliiiie-profile_image-465950875015b965-150x150.jpeg?imenable=1&impolicy=user-profile-picture&imwidth=100","76098","juuuliiiie","2130","540","7","3","664","24","85","false","false","French","juuuliiiie"
"https://static-cdn.jtvnw.net/jtv_user_pictures/sbone_-profile_image-59520bef7bdf2c7f-150x150.jpeg?imenable=1&impolicy=user-profile-picture&imwidth=100","76099","sbone_","8940","1530","40","5","664","186","142","false","false","English","sbone_"
"https://static-cdn.jtvnw.net/jtv_user_pictures/e6aa1fec-3ec7-45ea-9815-ad040f0c04c6-profile_image-150x150.jpg?imenable=1&impolicy=user-profile-picture&imwidth=100","76100","FonziMGM","0","15","0","0","664","0","0","false","false","English","FonziMGM"