"","","Channel","Watch time","Stream time","Peak viewers","Average viewers","Followers","Followers gained","Views gained","Partnered","Mature","Language",""
"https://static-cdn.jtvnw.net/jtv_user_pictures/ab212e8b-8523-4c52-b0c2-1896d43a1d35-profile_image-150x150.jpg?imenable=1&impolicy=user-profile-picture&imwidth=100","60001","mackefri","40455","2760","44","14","997","291","668","false","false","Russian","mackefri"
"https://static-cdn.jtvnw.net/jtv_user_pictures/kappawick-profile_image-a9a345f9c013dd3b-150x150.png?imenable=1&impolicy=user-profile-picture&imwidth=100","60002","kappaWick","4665","1755","8","2","997","5","123","false","true","Spanish","kappaWick"
"https://static-cdn.jtvnw.net/jtv_user_pictures/b6df1be9-f143-475d-b2c0-c92710dbc364-profile_image-150x150.png?imenable=1&impolicy=user-profile-picture&imwidth=100","60003","Motosuwa_","19245","2415","29","7","997","44","115","false","false","English","Motosuwa_"
"https://static-cdn.jtvnw.net/user-default-pictures-uv/294c98b5-e34d-42cd-a8f0-140b72fba9b0-profile_image-150x150.png?imenable=1&impolicy=user-profile-picture&imwidth=100","60004","xOGSMASHAx","83640","8220","56","9","997","221","323","false","false","English","xOGSMASHAx"
"https://static-cdn.jtvnw.net/jtv_user_pictures/aef0d4d1-86d1-4be2-bfa7-a5f8ced2514c-profile_image-150x150.png?imenable=1&impolicy=user-profile-picture&imwidth=100","60005","Kralex__","75","75","2","1","997","0","0","false","false","German","Kralex__"
"https://static-cdn.jtvnw.net/jtv_user_pictures/10ba66d1-f3ee-4ef3-b864-1ed8100464d2-profile_image-150x150.png?imenable=1&impolicy=user-profile-picture&imwidth=100","60006","Chiato","13470","1575","25","8","997","177","148","false","false","English","Chiato"
"https://static-cdn.jtvnw.net/jtv_user_pictures/67a30b94-c7f3-4769-9f2f-e10bf918175b-profile_image-150x150.png?imenable=1&impolicy=user-profile-picture&imwidth=100","60007","EarlGray","1335","75","20","17","997","6","0","false","true","English","EarlGray"
"https://static-cdn.jtvnw.net/jtv_user_pictures/bb730190-088a-487a-a00c-5bf8de257fd8-profile_image-150x150.png?imenable=1&impolicy=user-profile-picture&imwidth=100","60008","UnderDogs_Esports","1575","570","8","2","997","4","47","false","false","Greek","UnderDogs_Esports"
"https://static-cdn.jtvnw.net/jtv_user_pictures/5f232c9f-11f1-4036-9a35-da7ca2b54fb0-profile_image-150x150.png?imenable=1&impolicy=user-profile-picture&imwidth=100","60009","Bwsword","5595","2220","6","2","997","1","15","false","true","English","Bwsword"
"https://static-cdn.jtvnw.net/jtv_user_pictures/f0c9eef2-4fb3-418f-86fd-b5bb92bf47c5-profile_image-150x150.jpeg?imenable=1&impolicy=user-profile-picture&imwidth=100","60010","myfreecamel","18465","1155","60","15","997","34","102","false","true","English","myfreecamel"
"https://static-cdn.jtvnw.net/jtv_user_pictures/0a6bcc47-cb84-4388-be77-aabffeae3929-profile_image-150x150.png?imenable=1&impolicy=user-profile-picture&imwidth=100","60011","zyx___tv","26760","5895","13","4","997","95","231","false","true","French","zyx___tv"
"https://static-cdn.jtvnw.net/jtv_user_pictures/31d87de3-e3d4-46c8-9349-48f7328682a4-profile_image-150x150.png?imenable=1&impolicy=user-profile-picture&imwidth=100","60012","Artickus","6930","1470","9","4","997","9","138","false","true","English","Artickus"
"https://static-cdn.jtvnw.net/jtv_user_pictures/divinejustiniav-profile_image-f06da0b7a8574594-150x150.jpeg?imenable=1&impolicy=user-profile-picture&imwidth=100","60013","DivineJustiniaV","1560","360","9","4","997","0","12","false","false","English","DivineJustiniaV"
"https://static-cdn.jtvnw.net/jtv_user_pictures/f6250bd3-d763-4cc0-860c-9c05e6b5671c-profile_image-150x150.jpeg?imenable=1&impolicy=user-profile-picture&imwidth=100","60014","Wesker_Power","15315","6720","19","1","997","36","570","false","false","Spanish","Wesker_Power"
"https://static-cdn.jtvnw.net/jtv_user_pictures/5cc51b7b-2cda-4d09-a13a-fd1c67c67b14-profile_image-150x150.jpg?imenable=1&impolicy=user-profile-picture&imwidth=100","60015","VidoxLive","13815","1335","20","9","997","22","82","false","false","Dutch","VidoxLive"
"https://static-cdn.jtvnw.net/jtv_user_pictures/77e73ea9-3ce1-4c7c-aec3-4e0c8f8e0671-profile_image-150x150.jpg?imenable=1&impolicy=user-profile-picture&imwidth=100","60016","quarkitv","195","150","5","1","997","1","7","false","false","German","quarkitv"
"https://static-cdn.jtvnw.net/jtv_user_pictures/910d797b-a02e-42f8-8e5b-292fd69e1551-profile_image-150x150.png?imenable=1&impolicy=user-profile-picture&imwidth=100","60017","TheWolfArokh","4470","720","13","5","997","2","19","false","true","English","TheWolfArokh"
"https://static-cdn.jtvnw.net/jtv_user_pictures/426b331a7c49b94a-profile_image-150x150.jpeg?imenable=1&impolicy=user-profile-picture&imwidth=100","60018","hitstick_gani","51045","4170","89","11","997","108","93","false","true","English","hitstick_gani"
"https://static-cdn.jtvnw.net/jtv_user_pictures/jakilz-profile_image-d2a15cd64a6be97c-150x150.png?imenable=1&impolicy=user-profile-picture&imwidth=100","60019","Jakilz","31545","1845","53","16","997","85","169","false","true","English","Jakilz"
"https://static-cdn.jtvnw.net/jtv_user_pictures/imillzi-profile_image-00cc80b0d3c12e48-150x150.png?imenable=1&impolicy=user-profile-picture&imwidth=100","60020","IMILLZI","5910","1110","11","5","997","9","38","false","true","English","IMILLZI"
"https://static-cdn.jtvnw.net/jtv_user_pictures/52da018b-33e5-4c97-ac5a-888a4a71b840-profile_image-150x150.png?imenable=1&impolicy=user-profile-picture&imwidth=100","60021","SilverSword95","6420","1410","16","4","997","4","285","false","false","Russian","SilverSword95"
"https://static-cdn.jtvnw.net/jtv_user_pictures/82c72b32-8ffc-4f32-b42c-c0d91d53d9c5-profile_image-150x150.png?imenable=1&impolicy=user-profile-picture&imwidth=100","60022","VelosteR06","0","15","0","0","996","0","0","false","false","Turkish","VelosteR06"
"https://static-cdn.jtvnw.net/jtv_user_pictures/9165424f-80a3-4e0e-af80-3a65d4065d6b-profile_image-150x150.png?imenable=1&impolicy=user-profile-picture&imwidth=100","60023","Crispyb0i","5100","1845","13","2","996","23","43","false","false","English","Crispyb0i"
"https://static-cdn.jtvnw.net/jtv_user_pictures/a7829e15-96ec-4c41-a9c6-7609f46237cb-profile_image-150x150.png?imenable=1&impolicy=user-profile-picture&imwidth=100","60024","WVKush","1890","855","9","2","996","8","16","false","true","English","WVKush"
"https://static-cdn.jtvnw.net/jtv_user_pictures/33262138-7e1b-4a09-9793-215243a72272-profile_image-150x150.png?imenable=1&impolicy=user-profile-picture&imwidth=100","60025","GameInsideXXL","1005","630","4","1","996","9","36","false","false","German","GameInsideXXL"
"https://static-cdn.jtvnw.net/jtv_user_pictures/8d8d3d26-ef5a-4c98-973d-5bbc5c903dd6-profile_image-150x150.png?imenable=1&impolicy=user-profile-picture&imwidth=100","60026","Natunito","24600","2445","323","9","996","245","91","false","false","English","Natunito"
"https://static-cdn.jtvnw.net/jtv_user_pictures/angeli_tenebrae_video-profile_image-a081d216ee1ccd44-150x150.jpeg?imenable=1&impolicy=user-profile-picture&imwidth=100","60027","Angeli_Tenebrae_Video","90","135","2","0","996","1","12","false","false","French","Angeli_Tenebrae_Video"
"https://static-cdn.jtvnw.net/jtv_user_pictures/052f68d0-2567-488e-8c25-54ef7e2e22fb-profile_image-150x150.png?imenable=1&impolicy=user-profile-picture&imwidth=100","60028","RelendLes","600","915","2","0","996","0","28","false","false","German","RelendLes"
"https://static-cdn.jtvnw.net/jtv_user_pictures/a48fbbbf-9229-48b9-8e54-e54c6bc91f68-profile_image-150x150.png?imenable=1&impolicy=user-profile-picture&imwidth=100","60029","Tillerrism","165","120","5","1","996","-2","5","false","false","English","Tillerrism"
"https://static-cdn.jtvnw.net/jtv_user_pictures/fdd9d748485cae58-profile_image-150x150.png?imenable=1&impolicy=user-profile-picture&imwidth=100","60030","MamanJoue","1380","615","6","2","996","5","19","false","true","French","MamanJoue"
"https://static-cdn.jtvnw.net/jtv_user_pictures/1459e810-2d3f-4187-9e92-5acf7c159beb-profile_image-150x150.png?imenable=1&impolicy=user-profile-picture&imwidth=100","60031","HNPsquared","300","270","3","0","996","0","4","false","false","English","HNPsquared"
"https://static-cdn.jtvnw.net/jtv_user_pictures/a8b6e7a7-518e-4a8e-a086-47efc63dc968-profile_image-150x150.jpeg?imenable=1&impolicy=user-profile-picture&imwidth=100","60032","kalittles","5655","495","20","10","996","-59","68","false","false","English","kalittles"
"https://static-cdn.jtvnw.net/jtv_user_pictures/2993f0a2-06ae-46ed-840d-a67d1d8dc401-profile_image-150x150.png?imenable=1&impolicy=user-profile-picture&imwidth=100","60033","Ozy__","13560","1110","46","11","996","57","96","false","false","English","Ozy__"
"https://static-cdn.jtvnw.net/jtv_user_pictures/5041f342-db1d-4364-9749-5137cefc9f0f-profile_image-150x150.jpeg?imenable=1&impolicy=user-profile-picture&imwidth=100","60034","tonykordatos","4665","2100","17","1","996","37","257","false","true","English","tonykordatos"
"https://static-cdn.jtvnw.net/jtv_user_pictures/jasonvelocity-profile_image-e5e8a82a01ff35aa-150x150.jpeg?imenable=1&impolicy=user-profile-picture&imwidth=100","60035","Jasonvelocity","8520","1410","12","5","996","7","33","false","true","English","Jasonvelocity"
"https://static-cdn.jtvnw.net/jtv_user_pictures/0259f6ca-b741-4b36-997a-467de361603c-profile_image-150x150.png?imenable=1&impolicy=user-profile-picture&imwidth=100","60036","dirtyducky","6480","4335","5","1","996","4","28","false","false","English","dirtyducky"
"https://static-cdn.jtvnw.net/jtv_user_pictures/57d219d5-7cb4-4a1d-8628-bbbbeef5563d-profile_image-150x150.png?imenable=1&impolicy=user-profile-picture&imwidth=100","60037","mertt19","16785","3510","16","4","996","80","134","false","false","German","mertt19"
"https://static-cdn.jtvnw.net/jtv_user_pictures/hellokittyfunn-profile_image-f5ccc6413ea55b3e-150x150.png?imenable=1&impolicy=user-profile-picture&imwidth=100","60038","HelloKittyFunn","25260","3345","26","7","996","45","67","false","true","English","HelloKittyFunn"
"https://static-cdn.jtvnw.net/jtv_user_pictures/3f67fd1b-b697-4c00-9db1-27b1a30d651f-profile_image-150x150.png?imenable=1&impolicy=user-profile-picture&imwidth=100","60039","Thompxson","9180","390","45","23","996","23","33","false","false","English","Thompxson"
"https://static-cdn.jtvnw.net/user-default-pictures-uv/41780b5a-def8-11e9-94d9-784f43822e80-profile_image-150x150.png?imenable=1&impolicy=user-profile-picture&imwidth=100","60040","syndashello","51135","1830","296","27","996","175","542","true","false","English","syndashello"
"https://static-cdn.jtvnw.net/jtv_user_pictures/be3f0dd9-8fc7-4f7c-8d68-bffc07229ce6-profile_image-150x150.png?imenable=1&impolicy=user-profile-picture&imwidth=100","60041","Filandosyrios","1065","285","18","3","996","7","93","false","false","Greek","Filandosyrios"
"https://static-cdn.jtvnw.net/jtv_user_pictures/182cc638-716f-42e8-8df1-690a2e95ac1e-profile_image-150x150.png?imenable=1&impolicy=user-profile-picture&imwidth=100","60042","michellebrianna","30795","2430","75","12","996","173","394","false","false","English","michellebrianna"
"https://static-cdn.jtvnw.net/jtv_user_pictures/a3fef435-a41c-49d0-91c9-74ca98a2cea2-profile_image-150x150.png?imenable=1&impolicy=user-profile-picture&imwidth=100","60043","Dirt_Pile","495","270","6","1","996","4","20","false","false","English","Dirt_Pile"
"https://static-cdn.jtvnw.net/jtv_user_pictures/zacktribetv-profile_image-c22659a8a7c284fb-150x150.png?imenable=1&impolicy=user-profile-picture&imwidth=100","60044","ZacktribeTV","3375","1065","9","2","996","11","142","false","false","French","ZacktribeTV"
"https://static-cdn.jtvnw.net/jtv_user_pictures/supertoken-profile_image-92655c82995c32b7-150x150.jpeg?imenable=1&impolicy=user-profile-picture&imwidth=100","60045","Supertoken","2130","1095","6","1","996","0","38","false","false","English","Supertoken"
"https://static-cdn.jtvnw.net/jtv_user_pictures/6e292ef9-2be7-4ea4-ad74-06348aa2cecc-profile_image-150x150.png?imenable=1&impolicy=user-profile-picture&imwidth=100","60046","Autophil_lol","990","420","5","2","996","1","25","false","false","German","Autophil_lol"
"https://static-cdn.jtvnw.net/jtv_user_pictures/alphasametz-profile_image-d5b8c1a5b9b3771a-150x150.jpeg?imenable=1&impolicy=user-profile-picture&imwidth=100","60047","AlphaSametz","102045","6465","55","15","996","183","1824","false","false","Russian","AlphaSametz"
"https://static-cdn.jtvnw.net/jtv_user_pictures/meekraptor-profile_image-4c1d019c5573a3c0-150x150.jpeg?imenable=1&impolicy=user-profile-picture&imwidth=100","60048","MeekRaptor","900","225","6","4","996","0","7","false","true","English","MeekRaptor"
"https://static-cdn.jtvnw.net/jtv_user_pictures/zerbag-profile_image-5f64d6e6b6806a9f-150x150.jpeg?imenable=1&impolicy=user-profile-picture&imwidth=100","60049","Zerbag","32580","6945","25","4","996","62","329","false","true","German","Zerbag"
"https://static-cdn.jtvnw.net/jtv_user_pictures/d868b2f0-ffd2-475b-a607-a7148f0a4c2c-profile_image-150x150.png?imenable=1&impolicy=user-profile-picture&imwidth=100","60050","GabbFace","21630","2535","21","8","996","44","134","false","false","Swedish","GabbFace"
"https://static-cdn.jtvnw.net/jtv_user_pictures/theharryklein-profile_image-a8050c229169e350-150x150.jpeg?imenable=1&impolicy=user-profile-picture&imwidth=100","60051","TheHarryKlein","240","45","6","5","996","0","0","false","true","German","TheHarryKlein"
"https://static-cdn.jtvnw.net/jtv_user_pictures/43916e4f-5410-4989-be86-81d92ad9aa49-profile_image-150x150.png?imenable=1&impolicy=user-profile-picture&imwidth=100","60052","ElhayM","5070","2970","10","1","996","-268","99","true","true","English","ElhayM"
"https://static-cdn.jtvnw.net/jtv_user_pictures/4242ccebebeb63b4-profile_image-150x150.jpeg?imenable=1&impolicy=user-profile-picture&imwidth=100","60053","heinzen","10710","1710","21","5","996","10","543","false","true","English","heinzen"
"https://static-cdn.jtvnw.net/jtv_user_pictures/26bd82e3-5629-4e32-ad57-94a33b1785e3-profile_image-150x150.png?imenable=1&impolicy=user-profile-picture&imwidth=100","60054","RaYDaR","50400","3675","40","13","996","103","246","false","true","English","RaYDaR"
"https://static-cdn.jtvnw.net/jtv_user_pictures/15dd03b96b940926-profile_image-150x150.png?imenable=1&impolicy=user-profile-picture&imwidth=100","60055","Jamesmor2","51210","5820","18","8","996","55","166","false","false","English","Jamesmor2"
"https://static-cdn.jtvnw.net/jtv_user_pictures/9e3a66a9-6d0b-4453-88a8-1f4e37118878-profile_image-150x150.png?imenable=1&impolicy=user-profile-picture&imwidth=100","60056","Gilgimli","27195","3765","33","6","996","-60","361","false","true","English","Gilgimli"
"https://static-cdn.jtvnw.net/jtv_user_pictures/snorper-profile_image-d964474e094518b8-150x150.jpeg?imenable=1&impolicy=user-profile-picture&imwidth=100","60057","Snorper","2355","795","9","2","996","-1","40","false","true","English","Snorper"
"https://static-cdn.jtvnw.net/jtv_user_pictures/72456f0b-2cbd-4053-bcab-822fd2de89f2-profile_image-150x150.png?imenable=1&impolicy=user-profile-picture&imwidth=100","60058","savagesznmedia1","45","15","3","3","996","0","0","false","false","English","savagesznmedia1"
"https://static-cdn.jtvnw.net/jtv_user_pictures/fipe97-profile_image-390fdede7831ba7b-150x150.jpeg?imenable=1&impolicy=user-profile-picture&imwidth=100","60059","FIPE97","45","150","2","0","995","0","6","false","false","Russian","FIPE97"
"https://static-cdn.jtvnw.net/jtv_user_pictures/7283d2b9-8bd3-4600-8201-6f23570b22a1-profile_image-150x150.png?imenable=1&impolicy=user-profile-picture&imwidth=100","60060","minico07","0","15","0","0","995","0","0","false","false","Spanish","minico07"
"https://static-cdn.jtvnw.net/jtv_user_pictures/050d3426-0a9c-47c5-b7e1-b165f00a83ea-profile_image-150x150.jpg?imenable=1&impolicy=user-profile-picture&imwidth=100","60061","CakeArmyMaxie","11610","735","55","15","995","4","7","false","false","English","CakeArmyMaxie"
"https://static-cdn.jtvnw.net/jtv_user_pictures/80e7337b41da70a5-profile_image-150x150.png?imenable=1&impolicy=user-profile-picture&imwidth=100","60062","mr_ari","115230","12900","35","8","995","205","1832","false","false","English","mr_ari"
"https://static-cdn.jtvnw.net/jtv_user_pictures/94f2fe05e1e38d01-profile_image-150x150.jpeg?imenable=1&impolicy=user-profile-picture&imwidth=100","60063","HuskyLore","630","570","4","0","995","2","57","false","true","Spanish","HuskyLore"
"https://static-cdn.jtvnw.net/jtv_user_pictures/51d866c6-d221-47b7-86d7-a36751593608-profile_image-150x150.png?imenable=1&impolicy=user-profile-picture&imwidth=100","60064","Lusiano_","15","180","1","0","995","0","5","false","false","Greek","Lusiano_"
"https://static-cdn.jtvnw.net/jtv_user_pictures/3a5bc649-49da-48bd-bf02-e8b04c96a5db-profile_image-150x150.png?imenable=1&impolicy=user-profile-picture&imwidth=100","60065","JustCloudTV","3195","795","9","3","995","-4","23","false","true","English","JustCloudTV"
"https://static-cdn.jtvnw.net/user-default-pictures/4cbf10f1-bb9f-4f57-90e1-15bf06cfe6f5-profile_image-150x150.jpg?imenable=1&impolicy=user-profile-picture&imwidth=100","60066","DieDudens","12330","5010","17","1","995","24","10","false","false","German","DieDudens"
"https://static-cdn.jtvnw.net/jtv_user_pictures/5d1646f853dc9fef-profile_image-150x150.jpeg?imenable=1&impolicy=user-profile-picture&imwidth=100","60067","SpoilerWarningShow","36255","285","158","127","995","3","862","false","false","English","SpoilerWarningShow"
"https://static-cdn.jtvnw.net/user-default-pictures/27103734-3cda-44d6-a384-f2ab71e4bb85-profile_image-150x150.jpg?imenable=1&impolicy=user-profile-picture&imwidth=100","60068","Ratterzz","1320","105","19","12","995","0","12","false","false","English","Ratterzz"
"https://static-cdn.jtvnw.net/jtv_user_pictures/43495ac3-d1cb-47f3-8db9-de3bd31868e7-profile_image-150x150.png?imenable=1&impolicy=user-profile-picture&imwidth=100","60069","EtoZheSavior","0","15","0","0","995","0","0","false","false","Russian","EtoZheSavior"
"https://static-cdn.jtvnw.net/jtv_user_pictures/4b5d91ee-fc5d-455a-9004-76c103b74b1f-profile_image-150x150.png?imenable=1&impolicy=user-profile-picture&imwidth=100","60070","w1sej_","180","90","3","2","995","0","0","false","false","Turkish","w1sej_"
"https://static-cdn.jtvnw.net/jtv_user_pictures/shotersnipetv-profile_image-e4255fd40849af1a-150x150.png?imenable=1&impolicy=user-profile-picture&imwidth=100","60071","ShoterSnipeTV","16980","5925","8","2","995","62","78","false","false","French","ShoterSnipeTV"
"https://static-cdn.jtvnw.net/jtv_user_pictures/14c03458-a71b-4f0f-9c84-26aa869e9a4b-profile_image-150x150.png?imenable=1&impolicy=user-profile-picture&imwidth=100","60072","TeamProPainIRL","45","105","3","0","995","-1","18","false","false","Swedish","TeamProPainIRL"
"https://static-cdn.jtvnw.net/jtv_user_pictures/4bf8748b-be0f-4b58-af10-0aca01f15bbb-profile_image-150x150.jpg?imenable=1&impolicy=user-profile-picture&imwidth=100","60073","Larsen360p","4485","1035","15","3","995","-78","41","false","false","Danish","Larsen360p"
"https://static-cdn.jtvnw.net/jtv_user_pictures/5a209822-1a6b-484b-a634-0c0582c283a6-profile_image-150x150.png?imenable=1&impolicy=user-profile-picture&imwidth=100","60074","Swordblue","210","75","3","2","995","2","1","false","false","English","Swordblue"
"https://static-cdn.jtvnw.net/jtv_user_pictures/47466024-819e-4051-9988-24fbc5203e6b-profile_image-150x150.png?imenable=1&impolicy=user-profile-picture&imwidth=100","60075","GenieWH","1710","900","9","1","995","-7","29","false","false","English","GenieWH"
"https://static-cdn.jtvnw.net/jtv_user_pictures/44fec3f1-4c99-4487-a18a-7299996c930e-profile_image-150x150.png?imenable=1&impolicy=user-profile-picture&imwidth=100","60076","ipanty","7770","1425","12","4","995","9","164","false","true","English","ipanty"
"https://static-cdn.jtvnw.net/jtv_user_pictures/2c8f97c3-e9c6-4363-b08f-ba060874fe02-profile_image-150x150.png?imenable=1&impolicy=user-profile-picture&imwidth=100","60077","whyrandom","10635","3270","12","2","995","-62","80","false","true","English","whyrandom"
"https://static-cdn.jtvnw.net/jtv_user_pictures/newjoker6-profile_image-76544b204b0bc0d2-150x150.png?imenable=1&impolicy=user-profile-picture&imwidth=100","60078","NewJoker6","6405","2940","9","1","995","16","51","false","true","English","NewJoker6"
"https://static-cdn.jtvnw.net/jtv_user_pictures/16c4eac6-7bfb-4611-813c-09a12a310d15-profile_image-150x150.png?imenable=1&impolicy=user-profile-picture&imwidth=100","60079","Flashen1","7935","2985","9","2","995","24","349","false","false","Turkish","Flashen1"
"https://static-cdn.jtvnw.net/jtv_user_pictures/nextt3ch_-profile_image-40c4e0c1daf3ddfb-150x150.jpeg?imenable=1&impolicy=user-profile-picture&imwidth=100","60080","Nextt3ch_","29895","17700","9","1","995","66","103","false","true","English","Nextt3ch_"
"https://static-cdn.jtvnw.net/jtv_user_pictures/d3c299f7-23fe-4deb-8de6-a841720f9182-profile_image-150x150.png?imenable=1&impolicy=user-profile-picture&imwidth=100","60081","SikerTTV","1140","195","10","5","994","9","58","false","true","Spanish","SikerTTV"
"https://static-cdn.jtvnw.net/jtv_user_pictures/29de51cd976fde20-profile_image-150x150.jpeg?imenable=1&impolicy=user-profile-picture&imwidth=100","60082","TheFlyerTV","0","90","0","0","994","0","0","false","false","Spanish","TheFlyerTV"
"https://static-cdn.jtvnw.net/jtv_user_pictures/gingium-profile_image-0982296631984d58-150x150.png?imenable=1&impolicy=user-profile-picture&imwidth=100","60083","Gingium","6765","360","39","18","994","127","161","false","false","English","Gingium"
"https://static-cdn.jtvnw.net/jtv_user_pictures/5da2c229-0306-421f-915e-29da8785dbc7-profile_image-150x150.png?imenable=1&impolicy=user-profile-picture&imwidth=100","60084","itSteveen","210","90","4","1","994","-1","12","false","false","English","itSteveen"
"https://static-cdn.jtvnw.net/jtv_user_pictures/fetiito-profile_image-5a8f70054559b0ff-150x150.jpeg?imenable=1&impolicy=user-profile-picture&imwidth=100","60085","FeTiiTo","30","15","2","2","994","0","0","false","false","Turkish","FeTiiTo"
"https://static-cdn.jtvnw.net/jtv_user_pictures/viperxk-profile_image-e69846db906e79c9-150x150.png?imenable=1&impolicy=user-profile-picture&imwidth=100","60086","Viperxk","169575","6195","112","26","994","260","1274","false","true","English","Viperxk"
"https://static-cdn.jtvnw.net/jtv_user_pictures/hokyrecords-profile_image-9d0102db07534818-150x150.png?imenable=1&impolicy=user-profile-picture&imwidth=100","60087","HokyRecords","465","1125","4","0","994","4","84","false","false","Spanish","HokyRecords"
"https://static-cdn.jtvnw.net/jtv_user_pictures/theheartofstone-profile_image-9eb021b2bed4609e-150x150.jpeg?imenable=1&impolicy=user-profile-picture&imwidth=100","60088","Theheartofstone","11790","7095","7","1","994","30","35","false","false","English","Theheartofstone"
"https://static-cdn.jtvnw.net/jtv_user_pictures/faithbem-profile_image-7e6a9c1641ad22ec-150x150.png?imenable=1&impolicy=user-profile-picture&imwidth=100","60089","Faithbem","30","180","1","0","994","0","0","false","true","German","Faithbem"
"https://static-cdn.jtvnw.net/jtv_user_pictures/lbnz2-profile_image-0fb92bf57be7d7e0-150x150.jpeg?imenable=1&impolicy=user-profile-picture&imwidth=100","60090","Lbnz2","66525","6735","25","9","994","133","288","false","true","English","Lbnz2"
"https://static-cdn.jtvnw.net/jtv_user_pictures/eaf73d25-1a83-431d-8b7a-b0b26c7ea850-profile_image-150x150.png?imenable=1&impolicy=user-profile-picture&imwidth=100","60091","OniiMeow","135","45","6","3","994","0","0","false","true","English","OniiMeow"
"https://static-cdn.jtvnw.net/jtv_user_pictures/793d3ca6-0a5e-4d1d-822a-d2b1a6d7422a-profile_image-150x150.png?imenable=1&impolicy=user-profile-picture&imwidth=100","60092","wtfmig","35775","1860","56","18","994","102","688","false","false","English","wtfmig"
"https://static-cdn.jtvnw.net/jtv_user_pictures/9bd2cd9d-754e-4a98-9896-f7fa30f941bd-profile_image-150x150.png?imenable=1&impolicy=user-profile-picture&imwidth=100","60093","bezzuboff","240","195","3","1","994","2","3","false","false","Russian","bezzuboff"
"https://static-cdn.jtvnw.net/jtv_user_pictures/crimsnnn-profile_image-48860577d8146a06-150x150.jpeg?imenable=1&impolicy=user-profile-picture&imwidth=100","60094","crimsNNN","1410","990","6","0","994","2","39","false","true","German","crimsNNN"
"https://static-cdn.jtvnw.net/jtv_user_pictures/60285c75-bce7-43d1-80fe-ef7c65ed06ba-profile_image-150x150.png?imenable=1&impolicy=user-profile-picture&imwidth=100","60095","PokemonVortexRPG","570","150","12","3","994","0","13","false","true","English","PokemonVortexRPG"
"https://static-cdn.jtvnw.net/jtv_user_pictures/cf0bc067-4566-497e-9b17-ebdb5d854a71-profile_image-150x150.png?imenable=1&impolicy=user-profile-picture&imwidth=100","60096","FredWithTheBread","7830","6510","6","0","994","19","110","false","true","English","FredWithTheBread"
"https://static-cdn.jtvnw.net/jtv_user_pictures/9e9cc621-ea2d-4401-8487-1b0614d464fd-profile_image-150x150.png?imenable=1&impolicy=user-profile-picture&imwidth=100","60097","Ryan_Jarman","210","90","4","1","994","1","0","true","false","English","Ryan_Jarman"
"https://static-cdn.jtvnw.net/jtv_user_pictures/puppet4hire-profile_image-c166197c29eff7a2-150x150.png?imenable=1&impolicy=user-profile-picture&imwidth=100","60098","puppet4hire","375","195","6","1","994","0","0","false","true","English","puppet4hire"
"https://static-cdn.jtvnw.net/jtv_user_pictures/1a04ea2c-97a3-4cd3-af78-34c2b51f03f5-profile_image-150x150.png?imenable=1&impolicy=user-profile-picture&imwidth=100","60099","hoho2k","6390","5175","10","0","994","23","118","false","false","English","hoho2k"
"https://static-cdn.jtvnw.net/jtv_user_pictures/dreydan_t-profile_image-af9dc3cc6d8a1598-150x150.png?imenable=1&impolicy=user-profile-picture&imwidth=100","60100","Dreydan_T","150","105","2","1","994","0","0","false","true","English","Dreydan_T"