"","","Channel","Watch time","Stream time","Peak viewers","Average viewers","Followers","Followers gained","Views gained","Partnered","Mature","Language",""
"https://static-cdn.jtvnw.net/jtv_user_pictures/f745c176-8d2e-4bfb-bbc3-196e522836a6-profile_image-150x150.png?imenable=1&impolicy=user-profile-picture&imwidth=100","55801","eerie009","1560","255","13","5","1106","-1","10","false","true","English","eerie009"
"https://static-cdn.jtvnw.net/jtv_user_pictures/faade0d2-f34b-4a04-8059-a9d669b8680d-profile_image-150x150.png?imenable=1&impolicy=user-profile-picture&imwidth=100","55802","AelitaSummers","14235","2070","14","6","1106","64","76","false","false","English","AelitaSummers"
"https://static-cdn.jtvnw.net/jtv_user_pictures/44c5321cbf64ea0f-profile_image-150x150.jpeg?imenable=1&impolicy=user-profile-picture&imwidth=100","55803","Forstherr","150","150","2","1","1106","0","4","false","false","German","Forstherr"
"https://static-cdn.jtvnw.net/jtv_user_pictures/9a150613-2492-4e0d-8558-40891d231773-profile_image-150x150.jpeg?imenable=1&impolicy=user-profile-picture&imwidth=100","55804","thejasfamily","90","330","2","0","1106","2","0","false","false","English","thejasfamily"
"https://static-cdn.jtvnw.net/jtv_user_pictures/apuru_apuru-profile_image-cdf7d08a6b2a77fd-150x150.jpeg?imenable=1&impolicy=user-profile-picture&imwidth=100","55805","みもりん (apuru_apuru)","49065","3210","47","14","1106","179","943","true","false","","みもりん (apuru_apuru)"
"https://static-cdn.jtvnw.net/jtv_user_pictures/4ae7c35d-7bea-45a0-893e-82e26a5ad7eb-profile_image-150x150.png?imenable=1&impolicy=user-profile-picture&imwidth=100","55806","LightLucisCaelum","3375","2220","11","1","1106","8","43","false","true","English","LightLucisCaelum"
"https://static-cdn.jtvnw.net/jtv_user_pictures/dark_shots-profile_image-5e0c243e7a6adbdd-150x150.jpeg?imenable=1&impolicy=user-profile-picture&imwidth=100","55807","Dark_Shots","1755","285","17","5","1106","11","33","false","false","English","Dark_Shots"
"https://static-cdn.jtvnw.net/jtv_user_pictures/cubball-profile_image-b99b193b066f53b0-150x150.jpeg?imenable=1&impolicy=user-profile-picture&imwidth=100","55808","CubBall","780","105","10","7","1106","1","0","false","false","Finnish","CubBall"
"https://static-cdn.jtvnw.net/jtv_user_pictures/mrpopsdu46-profile_image-c642051a9f0161c2-150x150.png?imenable=1&impolicy=user-profile-picture&imwidth=100","55809","MrPopsdu46","24825","5100","24","4","1106","262","308","false","false","French","MrPopsdu46"
"https://static-cdn.jtvnw.net/jtv_user_pictures/0f433248-8ce2-4be9-a18a-421426c45c1c-profile_image-150x150.png?imenable=1&impolicy=user-profile-picture&imwidth=100","55810","KingGorx  (kinggorx)","5700","5040","4","0","1106","4","59","false","true","English","KingGorx  (kinggorx)"
"https://static-cdn.jtvnw.net/jtv_user_pictures/ec89fbe2-f6cf-4e6b-9658-565dd8bda870-profile_image-150x150.png?imenable=1&impolicy=user-profile-picture&imwidth=100","55811","DZiino","30","45","3","0","1105","0","0","false","false","French","DZiino"
"https://static-cdn.jtvnw.net/jtv_user_pictures/deusaeterna-profile_image-c94a07366cebd720-150x150.png?imenable=1&impolicy=user-profile-picture&imwidth=100","55812","DeusAeterna","162375","5115","73","31","1105","469","794","false","false","","DeusAeterna"
"https://static-cdn.jtvnw.net/jtv_user_pictures/0895e1f0-36e3-458b-ba70-fc9adb7cde69-profile_image-150x150.jpg?imenable=1&impolicy=user-profile-picture&imwidth=100","55813","BNKERSEN","3945","675","45","5","1105","128","180","false","false","Norwegian","BNKERSEN"
"https://static-cdn.jtvnw.net/jtv_user_pictures/bibagtv-profile_image-c70ab47b6e4731e8-150x150.jpeg?imenable=1&impolicy=user-profile-picture&imwidth=100","55814","BibaGTV","1230","1005","4","0","1105","13","114","false","true","English","BibaGTV"
"https://static-cdn.jtvnw.net/jtv_user_pictures/8bd01cbc-3c17-465d-ac6c-00ec14482743-profile_image-150x150.png?imenable=1&impolicy=user-profile-picture&imwidth=100","55815","tFatal","180","300","2","0","1105","2","6","false","true","English","tFatal"
"https://static-cdn.jtvnw.net/jtv_user_pictures/9ec58936-ccd6-4968-a9f2-8bc6250c5982-profile_image-150x150.jpg?imenable=1&impolicy=user-profile-picture&imwidth=100","55816","BobMurx","15930","4695","13","2","1105","39","83","false","true","English","BobMurx"
"https://static-cdn.jtvnw.net/jtv_user_pictures/f5ecefc57dfb8b11-profile_image-150x150.png?imenable=1&impolicy=user-profile-picture&imwidth=100","55817","MrLegacy13","3870","3120","5","0","1105","25","14","false","true","English","MrLegacy13"
"https://static-cdn.jtvnw.net/jtv_user_pictures/edd6a8a1-9bf4-4782-9727-302d264d2783-profile_image-150x150.png?imenable=1&impolicy=user-profile-picture&imwidth=100","55818","cmmeeks18","210","150","3","1","1105","0","0","false","true","English","cmmeeks18"
"https://static-cdn.jtvnw.net/jtv_user_pictures/660cf2e8-efde-4938-82d9-484cbbc85e7f-profile_image-150x150.png?imenable=1&impolicy=user-profile-picture&imwidth=100","55819","ryyuu","30","75","2","0","1105","3","0","false","false","German","ryyuu"
"https://static-cdn.jtvnw.net/jtv_user_pictures/officialzonace-profile_image-207ebf7b654a066b-150x150.jpeg?imenable=1&impolicy=user-profile-picture&imwidth=100","55820","officialzonace","2520","495","14","4","1105","1","19","false","false","","officialzonace"
"https://static-cdn.jtvnw.net/jtv_user_pictures/dae4c31d-26c0-4ebf-a6da-14f0f0cc0149-profile_image-150x150.png?imenable=1&impolicy=user-profile-picture&imwidth=100","55821","kirbitrash","9975","960","62","9","1105","109","582","false","false","Polish","kirbitrash"
"https://static-cdn.jtvnw.net/jtv_user_pictures/tirack-profile_image-caed3e5c2ab53752-150x150.png?imenable=1&impolicy=user-profile-picture&imwidth=100","55822","Tirack","6900","330","42","20","1105","3","493","false","true","Russian","Tirack"
"https://static-cdn.jtvnw.net/jtv_user_pictures/thegodofconquestt-profile_image-29eb0e8831ea2e6c-150x150.jpeg?imenable=1&impolicy=user-profile-picture&imwidth=100","55823","征服の神 (thegodofconquestt)","17190","4065","25","3","1105","47","230","false","false","English","征服の神 (thegodofconquestt)"
"https://static-cdn.jtvnw.net/jtv_user_pictures/ec7a700f-ccd3-4c47-aedf-0e66dea342db-profile_image-150x150.png?imenable=1&impolicy=user-profile-picture&imwidth=100","55824","Blatnak","0","30","1","0","1105","0","0","false","true","Spanish","Blatnak"
"https://static-cdn.jtvnw.net/jtv_user_pictures/95e447e5-289a-4013-abad-c2f86ec37e12-profile_image-150x150.png?imenable=1&impolicy=user-profile-picture&imwidth=100","55825","ChinchillaSterben","13215","5220","14","1","1105","42","104","false","true","English","ChinchillaSterben"
"https://static-cdn.jtvnw.net/jtv_user_pictures/6d79351a-1024-4029-8f34-78d988ca781a-profile_image-150x150.png?imenable=1&impolicy=user-profile-picture&imwidth=100","55826","bramdeswaggerd","1065","375","8","2","1105","1","6","false","false","Dutch","bramdeswaggerd"
"https://static-cdn.jtvnw.net/jtv_user_pictures/jayqtr-profile_image-2924e6a52cba330c-150x150.jpeg?imenable=1&impolicy=user-profile-picture&imwidth=100","55827","Jayqtr","248175","2595","575","95","1105","125","2459","false","false","","Jayqtr"
"https://static-cdn.jtvnw.net/jtv_user_pictures/trollstana-profile_image-71423e80774e2caa-150x150.jpeg?imenable=1&impolicy=user-profile-picture&imwidth=100","55828","TROLLstana","10050","3840","9","2","1105","11","130","false","false","Bulgarian","TROLLstana"
"https://static-cdn.jtvnw.net/jtv_user_pictures/9fe90bec-6794-44bc-bc55-ae9ea59e09ee-profile_image-150x150.png?imenable=1&impolicy=user-profile-picture&imwidth=100","55829","ItsOakTree","615","435","4","1","1105","2","5","false","true","English","ItsOakTree"
"https://static-cdn.jtvnw.net/jtv_user_pictures/88b574e2-14f7-49b0-af29-f684261d57db-profile_image-150x150.png?imenable=1&impolicy=user-profile-picture&imwidth=100","55830","mazakeentv","120","120","2","1","1105","0","2","false","true","Norwegian","mazakeentv"
"https://static-cdn.jtvnw.net/jtv_user_pictures/94d2b02b-0eed-4e1a-ab89-5eb7ced6ee34-profile_image-150x150.jpeg?imenable=1&impolicy=user-profile-picture&imwidth=100","55831","Nathan_KP","5730","1710","11","2","1105","53","121","false","false","English","Nathan_KP"
"https://static-cdn.jtvnw.net/jtv_user_pictures/sagexcyclope144-profile_image-0c12b9edb485049a-150x150.jpeg?imenable=1&impolicy=user-profile-picture&imwidth=100","55832","sagexcyclope144","0","45","1","0","1105","0","1","false","false","English","sagexcyclope144"
"https://static-cdn.jtvnw.net/jtv_user_pictures/tirent_tv-profile_image-883c3b328960a100-150x150.png?imenable=1&impolicy=user-profile-picture&imwidth=100","55833","TIRENT_TV","40275","4665","693","8","1105","27","1526","false","true","English","TIRENT_TV"
"https://static-cdn.jtvnw.net/jtv_user_pictures/volitaco-profile_image-e6af1730e32363ea-150x150.png?imenable=1&impolicy=user-profile-picture&imwidth=100","55834","VoliTaco","21150","2040","19","10","1105","13","69","false","false","English","VoliTaco"
"https://static-cdn.jtvnw.net/jtv_user_pictures/9aca3080-5c3f-41f6-86c8-045d251c5f7a-profile_image-150x150.png?imenable=1&impolicy=user-profile-picture&imwidth=100","55835","caly_56","420","90","8","4","1105","5","0","false","true","French","caly_56"
"https://static-cdn.jtvnw.net/jtv_user_pictures/fritfrat-profile_image-ee4eb397e94798d8-150x150.png?imenable=1&impolicy=user-profile-picture&imwidth=100","55836","fritfrat","81810","3195","67","25","1105","41","571","false","false","English","fritfrat"
"https://static-cdn.jtvnw.net/jtv_user_pictures/452f782e-dd63-4490-aec2-de0df018d434-profile_image-150x150.png?imenable=1&impolicy=user-profile-picture&imwidth=100","55837","Jezzmankeys","19395","1305","61","14","1105","156","272","false","false","Polish","Jezzmankeys"
"https://static-cdn.jtvnw.net/jtv_user_pictures/283c2078-cd4a-4760-925c-87802f418223-profile_image-150x150.png?imenable=1&impolicy=user-profile-picture&imwidth=100","55838","MrDeano434","990","270","6","3","1105","3","17","false","true","English","MrDeano434"
"https://static-cdn.jtvnw.net/jtv_user_pictures/c0f09465-cd60-4205-92bb-23e2fd9ae5ba-profile_image-150x150.png?imenable=1&impolicy=user-profile-picture&imwidth=100","55839","iHasCube","27855","5940","13","4","1105","17","109","false","false","English","iHasCube"
"https://static-cdn.jtvnw.net/jtv_user_pictures/6ebf2f53-609e-4fe0-8835-fd7784a96852-profile_image-150x150.png?imenable=1&impolicy=user-profile-picture&imwidth=100","55840","OrbieHD","15","30","1","0","1104","0","0","false","false","English","OrbieHD"
"https://static-cdn.jtvnw.net/jtv_user_pictures/44ebb695-520e-47fe-91d8-355b5d178fcf-profile_image-150x150.jpeg?imenable=1&impolicy=user-profile-picture&imwidth=100","55841","RisingDL","150","75","3","2","1104","0","0","false","false","English","RisingDL"
"https://static-cdn.jtvnw.net/jtv_user_pictures/99b0620d-816d-4cf5-b091-0542fee86559-profile_image-150x150.png?imenable=1&impolicy=user-profile-picture&imwidth=100","55842","SassyBunnii","2415","780","9","2","1104","5","10","false","false","English","SassyBunnii"
"https://static-cdn.jtvnw.net/jtv_user_pictures/29ee3dbb-468e-4387-8eac-516116beffe2-profile_image-150x150.png?imenable=1&impolicy=user-profile-picture&imwidth=100","55843","NotSnav","30","90","1","0","1104","0","0","false","false","English","NotSnav"
"https://static-cdn.jtvnw.net/jtv_user_pictures/6e60e3a7-ebad-432a-91bf-f56fad31c590-profile_image-150x150.png?imenable=1&impolicy=user-profile-picture&imwidth=100","55844","NeilSan","4950","2250","8","1","1104","19","97","false","true","German","NeilSan"
"https://static-cdn.jtvnw.net/jtv_user_pictures/usesmiles-profile_image-a23979bdec833c7a-150x150.jpeg?imenable=1&impolicy=user-profile-picture&imwidth=100","55845","UsesMiles","3195","3360","11","0","1104","34","186","false","false","Russian","UsesMiles"
"https://static-cdn.jtvnw.net/jtv_user_pictures/b84404c6-2fe9-49af-8c67-05480a035fbb-profile_image-150x150.png?imenable=1&impolicy=user-profile-picture&imwidth=100","55846","MylesLive","2310","720","7","2","1104","20","38","false","true","English","MylesLive"
"https://static-cdn.jtvnw.net/jtv_user_pictures/eb61c272-f3d4-438f-9d91-cc13e9fe04b5-profile_image-150x150.png?imenable=1&impolicy=user-profile-picture&imwidth=100","55847","TheXenoGamingHD","0","30","0","0","1104","0","0","false","false","English","TheXenoGamingHD"
"https://static-cdn.jtvnw.net/jtv_user_pictures/c8b21dd9-4aa3-4cd7-aae5-f93a0521a2b8-profile_image-150x150.jpg?imenable=1&impolicy=user-profile-picture&imwidth=100","55848","lukicha14","105","60","4","1","1104","0","0","false","true","English","lukicha14"
"https://static-cdn.jtvnw.net/jtv_user_pictures/1a2fed2c-a3eb-404a-9e14-2fe6977d9b74-profile_image-150x150.jpg?imenable=1&impolicy=user-profile-picture&imwidth=100","55849","seekerTV","30","90","2","0","1104","0","0","false","false","English","seekerTV"
"https://static-cdn.jtvnw.net/jtv_user_pictures/2d5ea2fb-bdc9-4e6a-a075-25c4bfb89378-profile_image-150x150.png?imenable=1&impolicy=user-profile-picture&imwidth=100","55850","TheRealHorror","0","45","0","0","1104","0","0","false","true","English","TheRealHorror"
"https://static-cdn.jtvnw.net/jtv_user_pictures/old_man_blue-profile_image-f6e5ad6172e2acdb-150x150.png?imenable=1&impolicy=user-profile-picture&imwidth=100","55851","Old_Man_Blue","10020","930","34","10","1104","11","85","false","true","English","Old_Man_Blue"
"https://static-cdn.jtvnw.net/jtv_user_pictures/grimmig-profile_image-7a3b694b7481d44b-150x150.jpeg?imenable=1&impolicy=user-profile-picture&imwidth=100","55852","Grimmig","6120","1905","9","2","1104","9","161","false","false","German","Grimmig"
"https://static-cdn.jtvnw.net/jtv_user_pictures/notjustepic-profile_image-47fb1d57a850166f-150x150.png?imenable=1&impolicy=user-profile-picture&imwidth=100","55853","NotJustEpic","15690","1320","30","11","1104","191","395","false","false","English","NotJustEpic"
"https://static-cdn.jtvnw.net/jtv_user_pictures/ebfd01f86bbffb62-profile_image-150x150.png?imenable=1&impolicy=user-profile-picture&imwidth=100","55854","Rampenaattori","10500","255","50","40","1104","14","93","false","false","Finnish","Rampenaattori"
"https://static-cdn.jtvnw.net/jtv_user_pictures/1905996f-68de-4084-b34a-c9ca62849e50-profile_image-150x150.png?imenable=1&impolicy=user-profile-picture&imwidth=100","55855","Francky27370","4995","3735","8","1","1104","44","43","false","false","French","Francky27370"
"https://static-cdn.jtvnw.net/jtv_user_pictures/karvinen-profile_image-9a242fb11b782ec3-150x150.jpeg?imenable=1&impolicy=user-profile-picture&imwidth=100","55856","Karvinen","345","75","6","4","1104","0","0","false","true","English","Karvinen"
"https://static-cdn.jtvnw.net/jtv_user_pictures/fc9133f2-d6d6-4855-9214-a709e07fd075-profile_image-150x150.png?imenable=1&impolicy=user-profile-picture&imwidth=100","55857","JayzuTV","4290","750","12","5","1104","22","109","false","false","English","JayzuTV"
"https://static-cdn.jtvnw.net/jtv_user_pictures/160rcsgo-profile_image-bcd7105b871f9702-150x150.jpeg?imenable=1&impolicy=user-profile-picture&imwidth=100","55858","160Rcsgo","270","180","3","1","1104","0","21","false","true","","160Rcsgo"
"https://static-cdn.jtvnw.net/jtv_user_pictures/cablexxx-profile_image-287885772ac6b12e-150x150.png?imenable=1&impolicy=user-profile-picture&imwidth=100","55859","CablexXx","6585","780","18","8","1104","14","197","false","false","Portuguese","CablexXx"
"https://static-cdn.jtvnw.net/jtv_user_pictures/wolfman113091-profile_image-1354c74940387a1e-150x150.jpeg?imenable=1&impolicy=user-profile-picture&imwidth=100","55860","Wolfman113091","7155","1935","9","3","1104","-7","32","false","true","","Wolfman113091"
"https://static-cdn.jtvnw.net/jtv_user_pictures/nicolapolito1990-profile_image-96dbb94fab07206e-150x150.jpeg?imenable=1&impolicy=user-profile-picture&imwidth=100","55861","Nicolapolito1990","240","255","3","0","1104","2","2","false","true","English","Nicolapolito1990"
"https://static-cdn.jtvnw.net/jtv_user_pictures/6cd9ae0a-7962-4cff-ae4f-df8982b7feb7-profile_image-150x150.png?imenable=1&impolicy=user-profile-picture&imwidth=100","55862","RunningWildVidya","8565","2415","13","3","1104","14","132","false","true","English","RunningWildVidya"
"https://static-cdn.jtvnw.net/jtv_user_pictures/doveypwns-profile_image-2955fb887a8be935-150x150.jpeg?imenable=1&impolicy=user-profile-picture&imwidth=100","55863","doveypwns","330","1755","4","0","1104","1","10","false","false","English","doveypwns"
"https://static-cdn.jtvnw.net/jtv_user_pictures/righteousnicky-profile_image-6975c5025589e495-150x150.jpeg?imenable=1&impolicy=user-profile-picture&imwidth=100","55864","RighteousNicky","1590","510","8","2","1104","1","69","false","false","English","RighteousNicky"
"https://static-cdn.jtvnw.net/jtv_user_pictures/5ca2d57c-6af1-4f6c-b90a-843260cc912b-profile_image-150x150.png?imenable=1&impolicy=user-profile-picture&imwidth=100","55865","VanTjorgen","49560","5640","27","8","1104","33","730","false","true","German","VanTjorgen"
"https://static-cdn.jtvnw.net/jtv_user_pictures/bc2d75d1-0ad9-4d68-a9f7-b83078f2c4d4-profile_image-150x150.png?imenable=1&impolicy=user-profile-picture&imwidth=100","55866","nemesis13","150","30","6","5","1104","0","-10","false","false","English","nemesis13"
"https://static-cdn.jtvnw.net/jtv_user_pictures/the_lolbster-profile_image-ac46899f52e17bc5-150x150.jpeg?imenable=1&impolicy=user-profile-picture&imwidth=100","55867","The_Lolbster","16485","5595","13","2","1104","5","144","false","true","English","The_Lolbster"
"https://static-cdn.jtvnw.net/jtv_user_pictures/drager4fifty-profile_image-dffff6a86f588bac-150x150.jpeg?imenable=1&impolicy=user-profile-picture&imwidth=100","55868","drager4fifty","8280","4020","14","1","1104","-45","110","false","false","French","drager4fifty"
"https://static-cdn.jtvnw.net/jtv_user_pictures/mogtomes-profile_image-22895e9b56b86946-150x150.png?imenable=1&impolicy=user-profile-picture&imwidth=100","55869","mogtomes","13515","5505","10","1","1104","-48","84","false","true","English","mogtomes"
"https://static-cdn.jtvnw.net/jtv_user_pictures/e94df29ada51385b-profile_image-150x150.jpeg?imenable=1&impolicy=user-profile-picture&imwidth=100","55870","SmokeysGaming","11865","4365","9","2","1104","19","51","false","true","English","SmokeysGaming"
"https://static-cdn.jtvnw.net/jtv_user_pictures/thesmf1210-profile_image-95b70aa8dd2643a0-150x150.jpeg?imenable=1&impolicy=user-profile-picture&imwidth=100","55871","THESMF1210","39630","10845","14","3","1104","27","205","false","true","English","THESMF1210"
"https://static-cdn.jtvnw.net/jtv_user_pictures/jackcain-profile_image-468d9e4dcc651d91-150x150.jpeg?imenable=1&impolicy=user-profile-picture&imwidth=100","55872","JackCain","203205","21660","77","8","1104","36","979","false","true","English","JackCain"
"https://static-cdn.jtvnw.net/jtv_user_pictures/7182843832a8772e-profile_image-150x150.jpeg?imenable=1&impolicy=user-profile-picture&imwidth=100","55873","CrossfitChris","10380","2010","44","4","1104","39","85","false","true","English","CrossfitChris"
"https://static-cdn.jtvnw.net/jtv_user_pictures/05d3b688-8b19-4ab3-8fed-5b8f7b7f79f6-profile_image-150x150.png?imenable=1&impolicy=user-profile-picture&imwidth=100","55874","retecer","570","285","4","1","1103","1","5","false","true","English","retecer"
"https://static-cdn.jtvnw.net/jtv_user_pictures/e8afdbef-e749-4fac-8158-867408831b6e-profile_image-150x150.png?imenable=1&impolicy=user-profile-picture&imwidth=100","55875","ChisdealHDYT","0","45","0","0","1103","0","2","false","true","English","ChisdealHDYT"
"https://static-cdn.jtvnw.net/jtv_user_pictures/4526524c-7f63-4bb8-bb38-6081d49b3b00-profile_image-150x150.png?imenable=1&impolicy=user-profile-picture&imwidth=100","55876","Oggyerino","90","60","3","1","1103","0","0","false","false","English","Oggyerino"
"https://static-cdn.jtvnw.net/jtv_user_pictures/ruzam1337-profile_image-d848939e0a9f3736-150x150.jpeg?imenable=1&impolicy=user-profile-picture&imwidth=100","55877","ruzam1337","300","225","5","1","1103","4","51","false","false","Polish","ruzam1337"
"https://static-cdn.jtvnw.net/jtv_user_pictures/1620d082-9b68-4e78-bdea-f468f8b1ef60-profile_image-150x150.png?imenable=1&impolicy=user-profile-picture&imwidth=100","55878","drydaIe","0","30","0","0","1103","0","0","false","false","English","drydaIe"
"https://static-cdn.jtvnw.net/jtv_user_pictures/75b84c26-cce5-4f32-b1b2-156688f51888-profile_image-150x150.png?imenable=1&impolicy=user-profile-picture&imwidth=100","55879","AKDLP","0","15","0","0","1103","0","0","false","false","French","AKDLP"
"https://static-cdn.jtvnw.net/jtv_user_pictures/imbabrony-profile_image-0064ecc6ae275116-150x150.jpeg?imenable=1&impolicy=user-profile-picture&imwidth=100","55880","imbaBrony","7860","165","75","47","1103","19","143","false","true","Russian","imbaBrony"
"https://static-cdn.jtvnw.net/jtv_user_pictures/614824cf-aa59-4e74-81c1-302fc5d989c0-profile_image-150x150.png?imenable=1&impolicy=user-profile-picture&imwidth=100","55881","haus_kupa","22125","3585","13","5","1103","29","100","false","true","English","haus_kupa"
"https://static-cdn.jtvnw.net/jtv_user_pictures/4ba3126e-ff75-42a5-b76d-025dc4a541bc-profile_image-150x150.png?imenable=1&impolicy=user-profile-picture&imwidth=100","55882","raginhillbilly69","15","15","1","1","1103","0","0","false","true","English","raginhillbilly69"
"https://static-cdn.jtvnw.net/jtv_user_pictures/perkyknight-profile_image-5f4ba991edb59cd9-150x150.png?imenable=1&impolicy=user-profile-picture&imwidth=100","55883","PerkyKnight","45315","4890","48","8","1103","240","406","false","false","English","PerkyKnight"
"https://static-cdn.jtvnw.net/jtv_user_pictures/36317202eae4573d-profile_image-150x150.png?imenable=1&impolicy=user-profile-picture&imwidth=100","55884","BorysTheRuss","735","765","2","0","1103","1","8","false","true","Russian","BorysTheRuss"
"https://static-cdn.jtvnw.net/jtv_user_pictures/fkarrotop-profile_image-5852d3e518ea868c-150x150.jpeg?imenable=1&impolicy=user-profile-picture&imwidth=100","55885","fkarrotop","13185","5445","13","2","1103","43","162","false","false","English","fkarrotop"
"https://static-cdn.jtvnw.net/jtv_user_pictures/4563d59e-2f79-449d-929b-2018ac2054c1-profile_image-150x150.png?imenable=1&impolicy=user-profile-picture&imwidth=100","55886","PsychoMurks","3300","5085","4","0","1103","3","10","false","true","English","PsychoMurks"
"https://static-cdn.jtvnw.net/jtv_user_pictures/c77d427d-d4cf-44e5-a75c-400eb8ad00ca-profile_image-150x150.png?imenable=1&impolicy=user-profile-picture&imwidth=100","55887","Kanaris","15","15","1","1","1103","0","0","false","true","English","Kanaris"
"https://static-cdn.jtvnw.net/jtv_user_pictures/033e2071-aa78-46cd-8aa2-8dc65c0f7f9b-profile_image-150x150.png?imenable=1&impolicy=user-profile-picture&imwidth=100","55888","XanielTV","15","60","1","0","1103","1","0","false","false","English","XanielTV"
"https://static-cdn.jtvnw.net/jtv_user_pictures/8c061e3c-9530-4f27-ba69-7ee2fa27b62c-profile_image-150x150.png?imenable=1&impolicy=user-profile-picture&imwidth=100","55889","LordPintoz","40155","3300","28","11","1103","501","494","false","false","French","LordPintoz"
"https://static-cdn.jtvnw.net/jtv_user_pictures/b96f7fd5-48ff-4c32-9408-6fcfe455827f-profile_image-150x150.png?imenable=1&impolicy=user-profile-picture&imwidth=100","55890","たここ (takoz5334)","105","45","3","2","1103","1","11","false","true","English","たここ (takoz5334)"
"https://static-cdn.jtvnw.net/jtv_user_pictures/50aaa400-9f9e-499f-b337-25c6d56e5eb1-profile_image-150x150.jpg?imenable=1&impolicy=user-profile-picture&imwidth=100","55891","shootthejayy_","0","45","0","0","1103","0","0","false","true","English","shootthejayy_"
"https://static-cdn.jtvnw.net/jtv_user_pictures/iifirenii-profile_image-38a9100823535767-150x150.jpeg?imenable=1&impolicy=user-profile-picture&imwidth=100","55892","IIFirenII","1995","690","9","2","1103","11","62","false","false","French","IIFirenII"
"https://static-cdn.jtvnw.net/jtv_user_pictures/skyswizzy-profile_image-5b69053f7efba35a-150x150.png?imenable=1&impolicy=user-profile-picture&imwidth=100","55893","skyswizzy","5250","135","112","38","1103","37","46","false","false","English","skyswizzy"
"https://static-cdn.jtvnw.net/jtv_user_pictures/b933985c-e131-47b1-91f6-1059a5c15837-profile_image-150x150.jpeg?imenable=1&impolicy=user-profile-picture&imwidth=100","55894","ikiuvix","99975","16650","58","5","1103","64","944","false","true","German","ikiuvix"
"https://static-cdn.jtvnw.net/jtv_user_pictures/thesmashingillini-profile_image-71eb58ee0ef4db1b-150x150.png?imenable=1&impolicy=user-profile-picture&imwidth=100","55895","TheSmashingIllini","720","225","9","3","1103","4","52","false","false","English","TheSmashingIllini"
"https://static-cdn.jtvnw.net/jtv_user_pictures/cd9a090a-92f0-41c8-90ca-c2d91e1c3b20-profile_image-150x150.png?imenable=1&impolicy=user-profile-picture&imwidth=100","55896","fecktwit","840","600","3","1","1103","0","9","false","true","English","fecktwit"
"https://static-cdn.jtvnw.net/jtv_user_pictures/kay_zee-profile_image-bd56185c74c1289f-150x150.jpeg?imenable=1&impolicy=user-profile-picture&imwidth=100","55897","Kay_Zee","900","270","8","3","1103","0","18","false","true","","Kay_Zee"
"https://static-cdn.jtvnw.net/jtv_user_pictures/c43ec196-5725-490c-8e15-293a27b428fa-profile_image-150x150.png?imenable=1&impolicy=user-profile-picture&imwidth=100","55898","Lynzing","795","180","9","4","1103","1","4","false","true","English","Lynzing"
"https://static-cdn.jtvnw.net/jtv_user_pictures/purzelajp-profile_image-7ab94d6dae362829-150x150.png?imenable=1&impolicy=user-profile-picture&imwidth=100","55899","PurzelaJp","15900","2160","52","7","1103","252","430","false","false","Polish","PurzelaJp"
"https://static-cdn.jtvnw.net/jtv_user_pictures/5bf27e22-38ec-4a3a-9f7e-35e1768ed744-profile_image-150x150.png?imenable=1&impolicy=user-profile-picture&imwidth=100","55900","flexedwin","300","60","8","5","1103","0","0","false","false","Spanish","flexedwin"