"","","Channel","Watch time","Stream time","Peak viewers","Average viewers","Followers","Followers gained","Views gained","Partnered","Mature","Language",""
"https://static-cdn.jtvnw.net/jtv_user_pictures/ebf07bf3-fc2d-4113-919c-6fa729a8dc25-profile_image-150x150.png?imenable=1&impolicy=user-profile-picture&imwidth=100","5501","ThelnsomniacGamer","2169375","38535","105","55","28102","143","11734","true","false","English","ThelnsomniacGamer"
"https://static-cdn.jtvnw.net/jtv_user_pictures/4c146450-4b1a-452c-923a-2837dcecc5e9-profile_image-150x150.png?imenable=1&impolicy=user-profile-picture&imwidth=100","5502","rentallionn","1620","45","58","36","28101","-16","41","false","false","Turkish","rentallionn"
"https://static-cdn.jtvnw.net/jtv_user_pictures/2rgames-profile_image-bc7bf1738ce0a7b3-150x150.jpeg?imenable=1&impolicy=user-profile-picture&imwidth=100","5503","2rgames","76980","540","254","142","28099","442","2152","true","false","English","2rgames"
"https://static-cdn.jtvnw.net/jtv_user_pictures/6c9c3ea9-c492-454e-b457-b6aa870561e7-profile_image-150x150.png?imenable=1&impolicy=user-profile-picture&imwidth=100","5504","ayoBrittany","892635","3585","1366","248","28091","1972","5645","false","true","English","ayoBrittany"
"https://static-cdn.jtvnw.net/jtv_user_pictures/f77898d7-223d-4600-a218-ed8267991538-profile_image-150x150.png?imenable=1&impolicy=user-profile-picture&imwidth=100","5505","ChillhopMusic","3015","390","16","7","28079","160","217","true","false","English","ChillhopMusic"
"https://static-cdn.jtvnw.net/jtv_user_pictures/cooocx-profile_image-8e39363d23a0fb80-150x150.jpeg?imenable=1&impolicy=user-profile-picture&imwidth=100","5506","CooocX","146355","3660","147","39","28077","181","2983","false","false","English","CooocX"
"https://static-cdn.jtvnw.net/jtv_user_pictures/f89d832b-d1b3-4611-8ae7-97fed20f8fae-profile_image-150x150.png?imenable=1&impolicy=user-profile-picture&imwidth=100","5507","RoryPlays","900","75","15","12","28075","7","0","true","false","English","RoryPlays"
"https://static-cdn.jtvnw.net/jtv_user_pictures/florian54tv-profile_image-bd9fa82608e6927d-150x150.jpeg?imenable=1&impolicy=user-profile-picture&imwidth=100","5508","Florian54tv","181185","15975","45","10","28070","511","2367","true","true","French","Florian54tv"
"https://static-cdn.jtvnw.net/jtv_user_pictures/aa3d46aa363de645-profile_image-150x150.png?imenable=1&impolicy=user-profile-picture&imwidth=100","5509","DirtyDan79","78270","975","232","79","28048","130","976","false","false","English","DirtyDan79"
"https://static-cdn.jtvnw.net/jtv_user_pictures/werhli-profile_image-5bad4fa20e27be12-150x150.png?imenable=1&impolicy=user-profile-picture&imwidth=100","5510","Werhli","4515","375","19","11","28044","16","184","true","false","Portuguese","Werhli"
"https://static-cdn.jtvnw.net/jtv_user_pictures/d1fbf561-749a-4db1-86d7-10a7d799e27b-profile_image-150x150.png?imenable=1&impolicy=user-profile-picture&imwidth=100","5511","BetaCode79","465","15","31","31","28044","0","0","true","false","Spanish","BetaCode79"
"https://static-cdn.jtvnw.net/jtv_user_pictures/aethos-profile_image-dfb4b45aa8ef7250-150x150.jpeg?imenable=1&impolicy=user-profile-picture&imwidth=100","5512","Aethos","1361010","10875","237","124","28042","706","5753","true","true","English","Aethos"
"https://static-cdn.jtvnw.net/jtv_user_pictures/885ad062-50c0-4754-b6a5-24ef5ed8d611-profile_image-150x150.jpeg?imenable=1&impolicy=user-profile-picture&imwidth=100","5513","Pyrorca","161505","2610","146","61","28034","335","3780","true","true","French","Pyrorca"
"https://static-cdn.jtvnw.net/jtv_user_pictures/cinder-profile_image-a7754ad4762bc6fa-150x150.jpeg?imenable=1&impolicy=user-profile-picture&imwidth=100","5514","Cinder","339330","2820","895","120","28033","116","3795","true","true","English","Cinder"
"https://static-cdn.jtvnw.net/jtv_user_pictures/d0ab43a4e36c0a8d-profile_image-150x150.png?imenable=1&impolicy=user-profile-picture&imwidth=100","5515","claire","43200","3075","237","13","28017","185","599","true","true","English","claire"
"https://static-cdn.jtvnw.net/jtv_user_pictures/nayaa__-profile_image-01f2660a63796f82-150x150.jpeg?imenable=1&impolicy=user-profile-picture&imwidth=100","5516","nayaa__","137505","2010","221","67","28012","776","2351","true","true","Czech","nayaa__"
"https://static-cdn.jtvnw.net/jtv_user_pictures/f2e59ec5-b7e5-4a50-82df-13333b7e747c-profile_image-150x150.png?imenable=1&impolicy=user-profile-picture&imwidth=100","5517","Helior","612780","2505","857","244","28009","1032","17005","true","false","Spanish","Helior"
"https://static-cdn.jtvnw.net/jtv_user_pictures/likkrit-profile_image-39e9e2e482d59c63-150x150.jpeg?imenable=1&impolicy=user-profile-picture&imwidth=100","5518","likkrit","1379355","2835","1304","486","28004","980","18100","true","false","Russian","likkrit"
"https://static-cdn.jtvnw.net/jtv_user_pictures/8fbf3e72-1c0f-4483-a0a7-29f1cf16712a-profile_image-150x150.png?imenable=1&impolicy=user-profile-picture&imwidth=100","5519","MushmouthTv","107685","9420","646","11","28001","791","1893","true","true","English","MushmouthTv"
"https://static-cdn.jtvnw.net/jtv_user_pictures/f2dfb9e6-cb8c-48a9-aecd-626c91f94afa-profile_image-150x150.png?imenable=1&impolicy=user-profile-picture&imwidth=100","5520","Wizz","203205","8235","669","24","28001","349","14301","true","true","English","Wizz"
"https://static-cdn.jtvnw.net/jtv_user_pictures/b4acf845-e285-4ec3-a289-a89ebf072e1d-profile_image-150x150.png?imenable=1&impolicy=user-profile-picture&imwidth=100","5521","mattywtf1","66330","330","373","200","27990","280","1676","true","false","English","mattywtf1"
"https://static-cdn.jtvnw.net/jtv_user_pictures/smaczny-profile_image-c81fa49c0695e36d-150x150.png?imenable=1&impolicy=user-profile-picture&imwidth=100","5522","Smaczny","110565","11670","27","9","27984","-129","1467","true","true","English","Smaczny"
"https://static-cdn.jtvnw.net/jtv_user_pictures/48ff7d0e-23f1-4acf-a9e7-81cac43660d6-profile_image-150x150.png?imenable=1&impolicy=user-profile-picture&imwidth=100","5523","Praetorian117","90","840","1","0","27979","0","7","true","true","English","Praetorian117"
"https://static-cdn.jtvnw.net/jtv_user_pictures/ekwahlive-profile_image-aeacb7270e52cb08-150x150.png?imenable=1&impolicy=user-profile-picture&imwidth=100","5524","EkwahLIVE","223530","2385","238","93","27979","526","4350","true","false","German","EkwahLIVE"
"https://static-cdn.jtvnw.net/jtv_user_pictures/deagen-profile_image-355250c54a6583ca-150x150.png?imenable=1&impolicy=user-profile-picture&imwidth=100","5525","Deagen","230070","5100","126","44","27977","-109","1605","true","false","English","Deagen"
"https://static-cdn.jtvnw.net/jtv_user_pictures/df2b0ddf-cbc8-4dab-813c-1b22a8c76433-profile_image-150x150.png?imenable=1&impolicy=user-profile-picture&imwidth=100","5526","BigfryTV","32115","2415","49","12","27976","45","239","true","false","English","BigfryTV"
"https://static-cdn.jtvnw.net/jtv_user_pictures/opanaopa-profile_image-725c9813b1847bc8-150x150.jpeg?imenable=1&impolicy=user-profile-picture&imwidth=100","5527","OpanaOpa","1123725","2340","665","479","27956","88","2785","false","false","","OpanaOpa"
"https://static-cdn.jtvnw.net/jtv_user_pictures/b9f6f2d3-93e9-4833-a0f4-67be1572b2bf-profile_image-150x150.png?imenable=1&impolicy=user-profile-picture&imwidth=100","5528","Heinz","492810","3705","538","132","27956","317","2370","true","false","English","Heinz"
"https://static-cdn.jtvnw.net/jtv_user_pictures/molly-profile_image-955db8db6de2f145-150x150.jpeg?imenable=1&impolicy=user-profile-picture&imwidth=100","5529","Molly","236625","2040","497","115","27950","-1610","2130","true","false","","Molly"
"https://static-cdn.jtvnw.net/jtv_user_pictures/c38318c1-8dda-4550-961c-5b20bb3389a8-profile_image-150x150.png?imenable=1&impolicy=user-profile-picture&imwidth=100","5530","TioSpeedy","180","90","2","2","27945","0","0","true","true","Portuguese","TioSpeedy"
"https://static-cdn.jtvnw.net/jtv_user_pictures/2838924e-badd-4bf9-ad3f-89587314f5e5-profile_image-150x150.png?imenable=1&impolicy=user-profile-picture&imwidth=100","5531","Aero","4425","390","25","10","27934","11","275","true","true","German","Aero"
"https://static-cdn.jtvnw.net/jtv_user_pictures/6c36c23b-a2c2-4340-95e3-cd3eac799a03-profile_image-150x150.png?imenable=1&impolicy=user-profile-picture&imwidth=100","5532","Devildogg1983","217485","12390","48","17","27918","488","860","false","true","English","Devildogg1983"
"https://static-cdn.jtvnw.net/jtv_user_pictures/ef8656f9-543f-4e55-9dc8-0fb959039252-profile_image-150x150.png?imenable=1&impolicy=user-profile-picture&imwidth=100","5533","Priaa","1075680","13440","357","79","27916","637","20916","true","true","Russian","Priaa"
"https://static-cdn.jtvnw.net/jtv_user_pictures/rushlock-profile_image-3dd03c4a0d3b195d-150x150.png?imenable=1&impolicy=user-profile-picture&imwidth=100","5534","Rushlock","460725","8175","127","55","27916","186","2109","true","true","English","Rushlock"
"https://static-cdn.jtvnw.net/jtv_user_pictures/e9edab92-3491-4421-bc32-7b012fe6d7df-profile_image-150x150.png?imenable=1&impolicy=user-profile-picture&imwidth=100","5535","DynamicSkillsTv","13980","7350","11","1","27911","65","91","false","true","English","DynamicSkillsTv"
"https://static-cdn.jtvnw.net/jtv_user_pictures/c759634e-9b45-429c-b065-a76ef6b347bd-profile_image-150x150.png?imenable=1&impolicy=user-profile-picture&imwidth=100","5536","Marc","120","120","1","1","27911","0","0","true","false","English","Marc"
"https://static-cdn.jtvnw.net/jtv_user_pictures/couchteamgaming-profile_image-14c5fbf10200d787-150x150.png?imenable=1&impolicy=user-profile-picture&imwidth=100","5537","CouchTeamGaming","882870","8625","530","101","27899","634","2925","true","false","English","CouchTeamGaming"
"https://static-cdn.jtvnw.net/jtv_user_pictures/dalek_cookie-profile_image-b767ee28f295697f-150x150.png?imenable=1&impolicy=user-profile-picture&imwidth=100","5538","Dalek_Cookie","1588140","6900","970","229","27894","1132","10671","true","false","English","Dalek_Cookie"
"https://static-cdn.jtvnw.net/jtv_user_pictures/d184b24c-0776-4930-839c-656c805a5239-profile_image-150x150.png?imenable=1&impolicy=user-profile-picture&imwidth=100","5539","Cheesewiz","216615","5970","130","35","27885","356","837","true","true","English","Cheesewiz"
"https://static-cdn.jtvnw.net/jtv_user_pictures/7ca6f193-e601-454a-8fd4-2b8241a80548-profile_image-150x150.png?imenable=1&impolicy=user-profile-picture&imwidth=100","5540","ily_blush","463155","8610","748","53","27883","2480","2810","true","true","English","ily_blush"
"https://static-cdn.jtvnw.net/jtv_user_pictures/d1357acd-77a4-4239-ba8f-f2ceeede8c5b-profile_image-150x150.png?imenable=1&impolicy=user-profile-picture&imwidth=100","5541","Barragan","0","15","0","0","27881","0","0","true","false","Spanish","Barragan"
"https://static-cdn.jtvnw.net/jtv_user_pictures/02d7d3f6-f7f8-4669-a683-b04d5feaa889-profile_image-150x150.png?imenable=1&impolicy=user-profile-picture&imwidth=100","5542","OvermasterFR","9330","1320","21","6","27881","-2974","89808","true","false","French","OvermasterFR"
"https://static-cdn.jtvnw.net/jtv_user_pictures/knitehawk-profile_image-cdb63f54362991d2-150x150.png?imenable=1&impolicy=user-profile-picture&imwidth=100","5543","Knitehawk","151770","5610","58","26","27877","603","1003","true","true","English","Knitehawk"
"https://static-cdn.jtvnw.net/jtv_user_pictures/gleichmitte-profile_image-e79d0efba49358c7-150x150.png?imenable=1&impolicy=user-profile-picture&imwidth=100","5544","GleichMitte","29760","990","77","29","27865","503","647","true","false","German","GleichMitte"
"https://static-cdn.jtvnw.net/jtv_user_pictures/shiryouko_channel-profile_image-205fa6900f38e16d-150x150.png?imenable=1&impolicy=user-profile-picture&imwidth=100","5545","SHIRYOUKO_CHANNEL","1463190","5580","2468","261","27854","1268","81396","true","false","Chinese","SHIRYOUKO_CHANNEL"
"https://static-cdn.jtvnw.net/jtv_user_pictures/c828c834-bc41-47ac-961c-bdaa7389a16a-profile_image-150x150.png?imenable=1&impolicy=user-profile-picture&imwidth=100","5546","YoungGoobyLoL","591825","2370","945","249","27851","-47","2075","false","false","English","YoungGoobyLoL"
"https://static-cdn.jtvnw.net/jtv_user_pictures/7aaf56e1-eea2-4504-9841-2899f8d4c9d9-profile_image-150x150.png?imenable=1&impolicy=user-profile-picture&imwidth=100","5547","Nina","424875","9225","154","45","27844","1148","13810","true","true","English","Nina"
"https://static-cdn.jtvnw.net/jtv_user_pictures/ee1b6db294960d32-profile_image-150x150.jpeg?imenable=1&impolicy=user-profile-picture&imwidth=100","5548","CallumTheShogun","405","75","8","5","27838","0","0","true","false","English","CallumTheShogun"
"https://static-cdn.jtvnw.net/jtv_user_pictures/71b57be8-ab37-435c-a49c-7a24632a73db-profile_image-150x150.jpg?imenable=1&impolicy=user-profile-picture&imwidth=100","5549","ChaseEagleson","101505","2715","156","37","27833","751","1169","true","false","English","ChaseEagleson"
"https://static-cdn.jtvnw.net/jtv_user_pictures/bc0bd588-3f14-484c-abd1-75f0015c67b5-profile_image-150x150.png?imenable=1&impolicy=user-profile-picture&imwidth=100","5550","foggywc3","1038840","12510","265","82","27828","387","15988","false","false","Russian","foggywc3"